id,source_id,edition,published,url
envisioning-technology-2011,envisioning-technology,2011,2011-08,https://www.envisioning.com/work/2011
envisioning-technology-2012,envisioning-technology,2012,2012-02-10,https://www.envisioning.com/work/2012
envisioning-education-2012,envisioning-education,2012,2012-06-26,https://www.envisioning.com/work/education
envisioning-health-2012,envisioning-health,2012,2012-09,http://web.archive.org/web/20140707062332/http://envisioningtech.com:80/health/
envisioning-horizons-2014,envisioning-horizons,2014,2014-04,https://www.envisioning.com/work/policy-horizons-canada
gartner-hype-cycle-1995,gartner-hype-cycle,1995,1995-01-11,https://www.birmingham.ac.uk/documents/college-eps/eece/research/bob-stone/human-factors-guidelines.pdf
gartner-hype-cycle-1996,gartner-hype-cycle,1996,1996,https://in.pinterest.com/pin/253186810279135270/
gartner-hype-cycle-1997,gartner-hype-cycle,1997,1997,https://in.pinterest.com/pin/253186810279135273/
gartner-hype-cycle-1998,gartner-hype-cycle,1998,1998,https://in.pinterest.com/pin/253186810279135277/
gartner-hype-cycle-1999,gartner-hype-cycle,1999,1999,https://in.pinterest.com/pin/253186810279135279/
gartner-hype-cycle-2000,gartner-hype-cycle,2000,2000-06-05,https://in.pinterest.com/pin/253186810279135283/
gartner-hype-cycle-2001,gartner-hype-cycle,2001,2001-07-02,https://in.pinterest.com/pin/253186810279135284/
gartner-hype-cycle-2002,gartner-hype-cycle,2002,2002-05-28,https://in.pinterest.com/pin/253186810279135285/
gartner-hype-cycle-2003,gartner-hype-cycle,2003,2003-07-02,https://in.pinterest.com/pin/253186810279135286/
gartner-hype-cycle-2004,gartner-hype-cycle,2004,2004-07-30,https://in.pinterest.com/pin/253186810279135288/
gartner-hype-cycle-2005,gartner-hype-cycle,2005,2005,
gartner-hype-cycle-2006,gartner-hype-cycle,2006,2006,
gartner-hype-cycle-2007,gartner-hype-cycle,2007,2007,
gartner-hype-cycle-2008,gartner-hype-cycle,2008,2008,
gartner-hype-cycle-2009,gartner-hype-cycle,2009,2009,
gartner-hype-cycle-2010,gartner-hype-cycle,2010,2010,
gartner-hype-cycle-2011,gartner-hype-cycle,2011,2011,
gartner-hype-cycle-2012,gartner-hype-cycle,2012,2012,
gartner-hype-cycle-2013,gartner-hype-cycle,2013,2013,
gartner-hype-cycle-2014,gartner-hype-cycle,2014,2014,
gartner-hype-cycle-2015,gartner-hype-cycle,2015,2015,
gartner-hype-cycle-2016,gartner-hype-cycle,2016,2016-08,https://www.gartner.com/en/newsroom/press-releases/2016-08-16-gartners-2016-hype-cycle-for-emerging-technologies-identifies-three-key-trends-that-organizations-must-track-to-gain-competitive-advantage
gartner-hype-cycle-2017,gartner-hype-cycle,2017,2017,
gartner-hype-cycle-2018,gartner-hype-cycle,2018,2018-08,https://cloud.tencent.com/developer/news/304533
gartner-hype-cycle-2019,gartner-hype-cycle,2019,2019-08,https://cxotoday.com/research/gartner-identifies-5-emerging-tech-trends-with-transformational-impact/
gartner-hype-cycle-2020,gartner-hype-cycle,2020,2020-08,https://www.gartner.com/en/newsroom/press-releases/2020-08-18-gartner-identifies-five-emerging-trends-that-will-drive-technology-innovation-for-the-next-decade
gartner-hype-cycle-2021,gartner-hype-cycle,2021,2021-08,https://www.gartner.com/en/newsroom/press-releases/2021-08-23-gartner-identifies-key-emerging-technologies-spurring-innovation-through-trust-growth-and-change
gartner-hype-cycle-2022,gartner-hype-cycle,2022,2022-08,https://www.gartner.com/en/newsroom/press-releases/2022-08-10-gartner-identifies-key-emerging-technologies-expanding-immersive-experiences-accelerating-ai-automation-and-optimizing-technologist-delivery
gartner-hype-cycle-2023,gartner-hype-cycle,2023,2023-08,https://www.gartner.com/en/newsroom/press-releases/2023-08-16-gartner-places-generative-ai-on-the-peak-of-inflated-expectations-on-the-2023-hype-cycle-for-emerging-technologies
gartner-hype-cycle-2024,gartner-hype-cycle,2024,2024-08,https://www.gartner.com/en/newsroom/press-releases/2024-08-21-gartner-2024-hype-cycle-for-emerging-technologies-highlights-developer-productivity-total-experience-ai-and-security
gartner-hype-cycle-2025,gartner-hype-cycle,2025,2025-08,https://www.gartner.com/en/newsroom/press-releases/2025-09-10-gartner-unveils-top-emerging-technologies-to-support-autonomous-business
mit-tr-10-breakthrough-2001,mit-tr-10-breakthrough,2001,2001-02,https://www.technologyreview.com/10-breakthrough-technologies/2001/
mit-tr-10-breakthrough-2003,mit-tr-10-breakthrough,2003,2003-02,https://www.technologyreview.com/10-breakthrough-technologies/2003/
mit-tr-10-breakthrough-2004,mit-tr-10-breakthrough,2004,2004-02,https://www.technologyreview.com/10-breakthrough-technologies/2004/
mit-tr-10-breakthrough-2005,mit-tr-10-breakthrough,2005,2005-05,https://www.technologyreview.com/10-breakthrough-technologies/2005/
mit-tr-10-breakthrough-2006,mit-tr-10-breakthrough,2006,2006-03,https://www.technologyreview.com/10-breakthrough-technologies/2006/
mit-tr-10-breakthrough-2007,mit-tr-10-breakthrough,2007,2007-03,https://www.technologyreview.com/10-breakthrough-technologies/2007/
mit-tr-10-breakthrough-2008,mit-tr-10-breakthrough,2008,2008-02-19,https://www.technologyreview.com/10-breakthrough-technologies/2008/
mit-tr-10-breakthrough-2009,mit-tr-10-breakthrough,2009,2009-02-24,https://www.technologyreview.com/10-breakthrough-technologies/2009/
mit-tr-10-breakthrough-2010,mit-tr-10-breakthrough,2010,2010-04-20,https://www.technologyreview.com/10-breakthrough-technologies/2010/
mit-tr-10-breakthrough-2011,mit-tr-10-breakthrough,2011,2011-04-19,https://www.technologyreview.com/10-breakthrough-technologies/2011/
mit-tr-10-breakthrough-2012,mit-tr-10-breakthrough,2012,2012-04-25,https://www.technologyreview.com/10-breakthrough-technologies/2012/
mit-tr-10-breakthrough-2013,mit-tr-10-breakthrough,2013,2013-04-23,https://www.technologyreview.com/10-breakthrough-technologies/2013/
mit-tr-10-breakthrough-2014,mit-tr-10-breakthrough,2014,2014-04-23,https://www.technologyreview.com/10-breakthrough-technologies/2014/
mit-tr-10-breakthrough-2015,mit-tr-10-breakthrough,2015,2015-02-18,https://www.technologyreview.com/10-breakthrough-technologies/2015/
mit-tr-10-breakthrough-2016,mit-tr-10-breakthrough,2016,2016-02-23,https://www.technologyreview.com/10-breakthrough-technologies/2016/
mit-tr-10-breakthrough-2017,mit-tr-10-breakthrough,2017,2017-02-22,https://www.technologyreview.com/10-breakthrough-technologies/2017/
mit-tr-10-breakthrough-2018,mit-tr-10-breakthrough,2018,2018-02-21,https://www.technologyreview.com/10-breakthrough-technologies/2018/
mit-tr-10-breakthrough-2019,mit-tr-10-breakthrough,2019,2019-02-27,https://www.technologyreview.com/10-breakthrough-technologies/2019/
mit-tr-10-breakthrough-2020,mit-tr-10-breakthrough,2020,2020-02-26,https://www.technologyreview.com/10-breakthrough-technologies/2020/
mit-tr-10-breakthrough-2021,mit-tr-10-breakthrough,2021,2021-02-24,https://www.technologyreview.com/2021/02/24/1014369/10-breakthrough-technologies-2021/
mit-tr-10-breakthrough-2022,mit-tr-10-breakthrough,2022,2022-02-23,https://www.technologyreview.com/2022/02/23/1045416/10-breakthrough-technologies-2022/
mit-tr-10-breakthrough-2023,mit-tr-10-breakthrough,2023,2023-01-09,https://www.technologyreview.com/2023/01/09/1066394/10-breakthrough-technologies-2023/
mit-tr-10-breakthrough-2024,mit-tr-10-breakthrough,2024,2024-01-08,https://www.technologyreview.com/2024/01/08/1085094/10-breakthrough-technologies-2024/
mit-tr-10-breakthrough-2025,mit-tr-10-breakthrough,2025,2025-01-03,https://www.technologyreview.com/2025/01/03/1109178/10-breakthrough-technologies-2025/
mit-tr-10-breakthrough-2026,mit-tr-10-breakthrough,2026,2026-01-12,https://www.technologyreview.com/2026/01/12/1130697/10-breakthrough-technologies-2026/
gartner-strategic-predictions-2004,gartner-strategic-predictions,2004,2004-11,https://www.markwilson.co.uk/blog/2005/01/gartners-top-predictions-for-2005-and.htm
gartner-strategic-predictions-2006,gartner-strategic-predictions,2006,2006-12-13,https://www.insurance-canada.ca/2006/12/13/gartner-highlights-key-predictions-for-it-organizations-in-2007-and-beyond/
gartner-strategic-predictions-2008,gartner-strategic-predictions,2008,2008-01-31,http://www.gartner.com/it/page.jsp?id=593207
gartner-strategic-predictions-2009,gartner-strategic-predictions,2009,2009-02-06,http://www.gartner.com/it/page.jsp?id=876512
gartner-strategic-predictions-2010-01,gartner-strategic-predictions,2010-01,2010-01-13,http://www.gartner.com/it/page.jsp?id=1278413
gartner-strategic-predictions-2010-11,gartner-strategic-predictions,2010-11,2010-11-30,http://www.gartner.com/newsroom/id/1480514
gartner-strategic-predictions-2011,gartner-strategic-predictions,2011,2011-12-01,http://www.gartner.com/newsroom/id/1862714
gartner-strategic-predictions-2012,gartner-strategic-predictions,2012,2012-10-24,http://www.gartner.com/newsroom/id/2211115
gartner-strategic-predictions-2013,gartner-strategic-predictions,2013,2013-10-08,http://www.gartner.com/newsroom/id/2603215
gartner-strategic-predictions-2014,gartner-strategic-predictions,2014,2014-10-07,https://www.gartner.com/en/newsroom/press-releases/2014-10-07-gartner-reveals-top-predictions-for-it-organizations-and-users-for-2015-and-beyond
gartner-strategic-predictions-2015,gartner-strategic-predictions,2015,2015-10-06,https://www.gartner.com/en/newsroom/press-releases/2015-10-06-gartner-reveals-top-predictions-for-it-organizations-and-users-for-2016-and-beyond
gartner-strategic-predictions-2016,gartner-strategic-predictions,2016,2016-10-18,https://www.gartner.com/en/newsroom/press-releases/2016-10-18-gartner-reveals-top-predictions-for-it-organizations-and-users-in-2017-and-beyond
gartner-strategic-predictions-2017,gartner-strategic-predictions,2017,2017-10-03,https://www.gartner.com/en/newsroom/press-releases/2017-10-03-gartner-reveals-top-predictions-for-it-organizations-and-users-in-2018-and-beyond
gartner-strategic-predictions-2018,gartner-strategic-predictions,2018,2018-10-16,https://www.gartner.com/en/newsroom/press-releases/2018-10-16-gartner-unveils-top-predictions-for-it-organizations-and-users-in-2019-and-beyond
gartner-strategic-predictions-2019,gartner-strategic-predictions,2019,2019-10-22,https://www.gartner.com/en/newsroom/press-releases/2019-22-10-gartner-unveils-top-predictions-for-it-organizations-and-users-in-2020-and-beyond
gartner-strategic-predictions-2020,gartner-strategic-predictions,2020,2020-10-21,https://www.gartner.com/en/newsroom/press-releases/2020-10-21-gartner-unveils-top-predictions-for-it-organizations-and-users-in-2021-and-beyond
gartner-strategic-predictions-2021,gartner-strategic-predictions,2021,2021-10-19,https://www.gartner.com/en/newsroom/press-releases/2021-10-19-gartner-unveils-top-predictions-for-it-organizations-and-users-in-2022-and-beyond
gartner-strategic-predictions-2022,gartner-strategic-predictions,2022,2022-10-18,https://www.gartner.com/en/newsroom/press-releases/2022-10-18-gartner-unveils-top-predictions-for-it-organizations-and-users-in-2023-and-beyond
gartner-strategic-predictions-2023,gartner-strategic-predictions,2023,2023-10-17,https://www.gartner.com/en/newsroom/press-releases/2023-10-17-gartner-unveils-top-predictions-for-it-organizations-and-users-in-2024-and-byond
gartner-strategic-predictions-2024,gartner-strategic-predictions,2024,2024-10-22,https://www.gartner.com/en/newsroom/press-releases/2024-10-22-gartner-unveils-top-predictions-for-it-organizations-and-users-in-2025-and-beyond
gartner-strategic-predictions-2025,gartner-strategic-predictions,2025,2025-10-21,https://www.gartner.com/en/newsroom/press-releases/2025-10-21-gartner-unveils-top-predictions-for-it-organizations-and-users-in-2026-and-beyond
deloitte-tmt-predictions-2002,deloitte-tmt-predictions,2002,2002-01,https://web.archive.org/web/20020129232331/http://www.dc.com:80/obx/library/pdf/m-predictions2002.pdf
deloitte-tmt-predictions-2003,deloitte-tmt-predictions,2003,2003-01-09,https://web.archive.org/web/20030629000420/http://www.dc.com:80/AboutUs/pressroom/mpredictions03.asp
deloitte-tmt-predictions-2004,deloitte-tmt-predictions,2004,2004-01-27,https://web.archive.org/web/20050504075144/http://www.deloitte.com:80/dtt/cda/doc/content/Mobile%20and%20Wireless%20Predictions%202004%281%29.pdf
deloitte-tmt-predictions-2005,deloitte-tmt-predictions,2005,2005-01,https://www.mondaq.com/uk/technology/30791/tmt-trends-predictions-2005--a-focus-on-the-technology-sector
deloitte-tmt-predictions-2006,deloitte-tmt-predictions,2006,2006-01,http://www.mondaq.com/uk/x/37566/Telecommunications+Mobile+Cable+Communications/TMT+Trends+Predictions+2006+A+Focus+on+the+Technology+Sector
deloitte-tmt-predictions-2007,deloitte-tmt-predictions,2007,2007-01,https://www.mondaq.com/uk/technology/45660/technology-predictions-tmt-trends-2007-part-one
deloitte-tmt-predictions-2008,deloitte-tmt-predictions,2008,2008-01,https://www.mondaq.com/uk/music-and-the-arts/56410/media-predictions--tmt-trends-2008-part-1
deloitte-tmt-predictions-2009,deloitte-tmt-predictions,2009,2009-01,https://www.mondaq.com/uk/new-media/73116/technology-predictions-tmt-trends-2009-part-one
deloitte-tmt-predictions-2010,deloitte-tmt-predictions,2010,2010-01,https://media.hotnews.ro/assets/document/2010/01/19/6828395-0.pdf
deloitte-tmt-predictions-2011,deloitte-tmt-predictions,2011,2011-01,https://www.deloitte.com/content/dam/assets-shared/legacy/docs/perspectives/2022/gx-tmt-predictions2011.pdf
deloitte-tmt-predictions-2012,deloitte-tmt-predictions,2012,2012-01,https://www.deloitte.com/content/dam/assets-shared/legacy/docs/perspectives/2022/gx-tmt-predictions-2012.pdf
deloitte-tmt-predictions-2013,deloitte-tmt-predictions,2013,2013-01,https://www.deloitte.com/content/dam/assets-shared/legacy/docs/perspectives/2022/gx-TMT-Predictions2013-Final.pdf
deloitte-tmt-predictions-2014,deloitte-tmt-predictions,2014,2014-01-14,https://www2.deloitte.com/content/dam/Deloitte/global/Documents/Technology-Media-Telecommunications/dttl_TMT_Predictions-2014-lc2.pdf
deloitte-tmt-predictions-2015,deloitte-tmt-predictions,2015,2015-01,https://www.deloitte.com/content/dam/assets-shared/legacy/docs/perspectives/2022/gx-tmt-pred15-full-report.pdf
deloitte-tmt-predictions-2016,deloitte-tmt-predictions,2016,2016-01,https://www.deloitte.com/content/dam/assets-shared/legacy/docs/perspectives/2022/gx-tmt-prediction-2016-full-report.pdf
deloitte-tmt-predictions-2017,deloitte-tmt-predictions,2017,2017-01,https://www.deloitte.com/content/dam/assets-shared/legacy/docs/perspectives/2022/gx-deloitte-2017-tmt-predictions.pdf
deloitte-tmt-predictions-2018,deloitte-tmt-predictions,2018,2017-12,https://www.deloitte.com/content/dam/assets-shared/legacy/docs/perspectives/2022/gx-deloitte-tmt-2018-predictions-full-report.pdf
deloitte-tmt-predictions-2019,deloitte-tmt-predictions,2019,2018-12,https://www.deloitte.com/content/dam/insights/articles/2019/tmt-predictions_2019/di-tmt-predictions-2019.pdf
deloitte-tmt-predictions-2020,deloitte-tmt-predictions,2020,2019-12-10,https://www.deloitte.com/us/en/insights/industry/technology/technology-media-and-telecom-predictions/2020.html
deloitte-tmt-predictions-2021,deloitte-tmt-predictions,2021,2020-12-08,https://www.deloitte.com/us/en/insights/industry/technology/technology-media-and-telecom-predictions/2021.html
deloitte-tmt-predictions-2022,deloitte-tmt-predictions,2022,2021-12,https://www.deloitte.com/us/en/insights/industry/technology/technology-media-and-telecom-predictions/2022.html
deloitte-tmt-predictions-2023,deloitte-tmt-predictions,2023,2022-11,https://www.deloitte.com/us/en/insights/industry/technology/technology-media-and-telecom-predictions/2023.html
deloitte-tmt-predictions-2024,deloitte-tmt-predictions,2024,2023-11,https://www.deloitte.com/us/en/insights/industry/technology/technology-media-and-telecom-predictions/2024.html
deloitte-tmt-predictions-2025,deloitte-tmt-predictions,2025,2024-11-18,https://www.deloitte.com/us/en/insights/industry/technology/technology-media-and-telecom-predictions/2025/tmt-predictions-introduction.html
deloitte-tmt-predictions-2026,deloitte-tmt-predictions,2026,2025-11-16,https://www.deloitte.com/us/en/insights/industry/technology/technology-media-and-telecom-predictions.html
idc-futurescape-2014,idc-futurescape,2014,2014-10,https://businesswire.com/news/home/20141029006429/en/IDC-Reveals-CIO-Agenda-Predictions-2015
idc-futurescape-2015,idc-futurescape,2015,2015-11,https://www.businesswire.com/news/home/20151104005180/en/IDC-Predicts-Emergence-DX-Economy-Critical-Period
idc-futurescape-2016,idc-futurescape,2016,2016-11,https://www.businesswire.com/news/home/20161102005206/en/IDC-Reveals-Worldwide-CIO-Agenda-2017-Predictions
idc-futurescape-2017,idc-futurescape,2017,2017-10,https://infotechlead.com/cio/cio-predictions-2018-ahead-digital-transformation-idc-51850
idc-futurescape-2018,idc-futurescape,2018,2018-10,https://www.businesswire.com/news/home/20181031005201/en/IDC-Reveals-Worldwide-CIO-Agenda-2019-Predictions
idc-futurescape-2019,idc-futurescape,2019,2019-10,https://keyvatech.com/wp-content/uploads/2020/01/IDC-2020-Futures.pdf
idc-futurescape-2020,idc-futurescape,2020,2020-10,https://www.businesswire.com/news/home/20201027005274/en/IDC-FutureScape-Highlights-What-Will-Happen-Next-as-Enterprises-and-the-IT-Industry-Respond-to-the-Disruptions-Caused-by-COVID-19
idc-futurescape-2021,idc-futurescape,2021,2021-10,https://www.businesswire.com/news/home/20211027005081/en/IDC-Unveils-Worldwide-CIO-Agenda-2022-Predictions
idc-futurescape-2022,idc-futurescape,2022,2022-10,https://www.idc.com/getdoc.jsp?containerId=US49563122
idc-futurescape-2023,idc-futurescape,2023,2023-10,https://www.idc.com/getdoc.jsp?containerId=US50435423
idc-futurescape-2024,idc-futurescape,2024,2024-10,https://www.idc.com/getdoc.jsp?containerId=US51736824
idc-futurescape-2025,idc-futurescape,2025,2025-10,https://my.idc.com/getdoc.jsp?containerId=US53858725
ark-big-ideas-2017,ark-big-ideas,2017,2017,https://assets.arkinvest.com/media-8e522a83-1b23-4d58-a202-792712f8d2d3/30ebc53a-c5d0-479f-8bea-63f1a9fbdc70/big-ideas-2017.pdf
ark-big-ideas-2018,ark-big-ideas,2018,2018,https://research.ark-invest.com/hubfs/1_Download_Files_ARK-Invest/Infographics/Big%20Ideas%202018%20-%20ARK%20Invest.pdf
ark-big-ideas-2019,ark-big-ideas,2019,2019-01-14,https://research.ark-invest.com/hubfs/1_Download_Files_ARK-Invest/White_Papers/Big-Ideas-2019-ARKInvest.pdf
ark-big-ideas-2020,ark-big-ideas,2020,2020-02-06,https://research.ark-invest.com/hubfs/1_Download_Files_ARK-Invest/White_Papers/Big%20Ideas%202020-Final_011020.pdf
ark-big-ideas-2021,ark-big-ideas,2021,2021-01-26,https://research.ark-invest.com/hubfs/1_Download_Files_ARK-Invest/White_Papers/ARK%E2%80%93Invest_BigIdeas_2021.pdf
ark-big-ideas-2022,ark-big-ideas,2022,2022-01-25,https://research.ark-invest.com/hubfs/1_Download_Files_ARK-Invest/White_Papers/ARK_BigIdeas2022.pdf
ark-big-ideas-2023,ark-big-ideas,2023,2023-01-31,https://research.ark-invest.com/hubfs/1_Download_Files_ARK-Invest/Big_Ideas/ARK%20Invest_013123_Presentation_Big%20Ideas%202023_Final.pdf
ark-big-ideas-2024,ark-big-ideas,2024,2024-01-31,https://assets.arkinvest.com/media-8e522a83-1b23-4d58-a202-792712f8d2d3/8cea086f-21b4-47bf-8ac6-666b96a84a04/ARK-Invest_Big-Ideas-2024.pdf
ark-big-ideas-2025,ark-big-ideas,2025,2025-02-04,https://europe.ark-funds.com/wp-content/uploads/2025/02/ARK-Invest-Big-Ideas-2025.pdf
ark-big-ideas-2026,ark-big-ideas,2026,2026-01-21,https://research.ark-invest.com/hubfs/1_Download_Files_ARK-Invest/Big_Ideas/ARKInvest%20BigIdeas2026.pdf
bnef-evo-2016,bnef-evo,2016,2016-02-25,https://about.bnef.com/insights/clean-transport/electric-vehicles-to-be-35-of-global-new-car-sales-by-2040/
bnef-evo-2017,bnef-evo,2017,2017-07-06,https://about.bnef.com/insights/clean-transport/electric-vehicles-accelerate-54-new-car-sales-2040/
bnef-evo-2018,bnef-evo,2018,2018-05-21,https://about.bnef.com/insights/clean-transport/e-buses-surge-even-faster-evs-conventional-vehicles-fade/
bnef-evo-2019,bnef-evo,2019,2019-05-15,https://legacy-assets.eenews.net/open_files/assets/2019/05/15/document_ew_02.pdf
bnef-evo-2020,bnef-evo,2020,2020-05-19,https://about.bnef.com/insights/clean-transport/electric-vehicle-sales-to-fall-18-in-2020-but-long-term-prospects-remain-undimmed/
bnef-evo-2021,bnef-evo,2021,2021-06-10,https://greentechlead.com/electric-vehicle/latest-annual-electric-vehicle-outlook-from-bloombergnef-37613
bnef-evo-2022,bnef-evo,2022,2022-06-01,https://about.bnef.com/insights/clean-transport/net-zero-road-transport-by-2050-still-possible-as-electric-vehicles-set-to-quintuple-by-2025/
bnef-evo-2023,bnef-evo,2023,2023-06-08,https://about.bnef.com/insights/clean-transport/electric-vehicle-fleet-set-to-hit-100-million-by-2026-but-stronger-push-needed-to-stay-on-track-for-net-zero/
bnef-evo-2024,bnef-evo,2024,2024-06-12,https://about.bnef.com/insights/clean-transport/electric-vehicle-sales-headed-for-record-year-but-growth-slowdown-puts-climate-targets-at-risk-according-to-bloombergnef-report/
bnef-evo-2025,bnef-evo,2025,2025-06-18,https://about.bnef.com/insights/clean-transport/global-electric-vehicle-sales-set-for-record-breaking-year-even-as-us-market-slows-sharply-bloombergnef-finds/
bnef-evo-2026,bnef-evo,2026,2026-06-16,https://about.bnef.com/insights/clean-transport/bloombergnefs-electric-vehicle-outlook-2026-global-ev-sales-set-for-another-record-breaking-year-but-growth-in-some-major-markets-slows/
wef-global-risks-2006,wef-global-risks,2006,2006-01,https://www3.weforum.org/docs/WEF_Global_Risks_Report_2006.pdf
wef-global-risks-2007,wef-global-risks,2007,2007-01,https://www3.weforum.org/docs/WEF_GlobalRisks_Report_2014.pdf
wef-global-risks-2008,wef-global-risks,2008,2008-01,https://www3.weforum.org/docs/WEF_GlobalRisks_Report_2014.pdf
wef-global-risks-2009,wef-global-risks,2009,2009-01,https://www3.weforum.org/docs/WEF_GlobalRisks_Report_2014.pdf
wef-global-risks-2010,wef-global-risks,2010,2010-01,https://www3.weforum.org/docs/WEF_GlobalRisks_Report_2014.pdf
wef-global-risks-2011,wef-global-risks,2011,2011-01,https://www3.weforum.org/docs/WEF_GlobalRisks_Report_2014.pdf
wef-global-risks-2012,wef-global-risks,2012,2012-01,https://www3.weforum.org/docs/WEF_GlobalRisks_Report_2014.pdf
wef-global-risks-2013,wef-global-risks,2013,2013-01,https://www3.weforum.org/docs/WEF_GlobalRisks_Report_2014.pdf
wef-global-risks-2014,wef-global-risks,2014,2014-01,https://www3.weforum.org/docs/WEF_GlobalRisks_Report_2014.pdf
wef-global-risks-2015,wef-global-risks,2015,2015-01,https://www3.weforum.org/docs/WEF_Global_Risk_Report_2020.pdf
wef-global-risks-2016,wef-global-risks,2016,2016-01,https://www3.weforum.org/docs/WEF_Global_Risk_Report_2020.pdf
wef-global-risks-2017,wef-global-risks,2017,2017-01,https://www3.weforum.org/docs/WEF_Global_Risk_Report_2020.pdf
wef-global-risks-2018,wef-global-risks,2018,2018-01,https://www3.weforum.org/docs/WEF_Global_Risk_Report_2020.pdf
wef-global-risks-2019,wef-global-risks,2019,2019-01,https://www3.weforum.org/docs/WEF_Global_Risk_Report_2020.pdf
wef-global-risks-2020,wef-global-risks,2020,2020-01,https://www3.weforum.org/docs/WEF_Global_Risk_Report_2020.pdf
wef-global-risks-2021,wef-global-risks,2021,2021-01,https://www3.weforum.org/docs/WEF_The_Global_Risks_Report_2021.pdf
wef-global-risks-2022,wef-global-risks,2022,2022-01,https://www3.weforum.org/docs/WEF_The_Global_Risks_Report_2022.pdf
wef-global-risks-2023,wef-global-risks,2023,2023-01,https://www3.weforum.org/docs/WEF_Global_Risks_Report_2023.pdf
wef-global-risks-2024,wef-global-risks,2024,2024-01,https://www3.weforum.org/docs/WEF_The_Global_Risks_Report_2024.pdf
wef-global-risks-2025,wef-global-risks,2025,2025-01,https://www3.weforum.org/docs/WEF_Global_Risks_Report_2025.pdf
wef-global-risks-2026,wef-global-risks,2026,2026-01,https://www3.weforum.org/docs/WEF_Global_Risks_Report_2026.pdf
imf-weo-1990-04,imf-weo,1990-04,1990-05,https://www.imf.org/-/media/files/publications/weo/weo-database/2025/april/weohistorical.xlsx
imf-weo-1990-10,imf-weo,1990-10,1990-10,https://www.imf.org/-/media/files/publications/weo/weo-database/2025/april/weohistorical.xlsx
imf-weo-1991-04,imf-weo,1991-04,1991-05,https://www.imf.org/-/media/files/publications/weo/weo-database/2025/april/weohistorical.xlsx
imf-weo-1991-10,imf-weo,1991-10,1991-10,https://www.imf.org/-/media/files/publications/weo/weo-database/2025/april/weohistorical.xlsx
imf-weo-1992-04,imf-weo,1992-04,1992-05,https://www.imf.org/-/media/files/publications/weo/weo-database/2025/april/weohistorical.xlsx
imf-weo-1992-10,imf-weo,1992-10,1992-10,https://www.imf.org/-/media/files/publications/weo/weo-database/2025/april/weohistorical.xlsx
imf-weo-1993-04,imf-weo,1993-04,1993-05,https://www.imf.org/-/media/files/publications/weo/weo-database/2025/april/weohistorical.xlsx
imf-weo-1993-10,imf-weo,1993-10,1993-10,https://www.imf.org/-/media/files/publications/weo/weo-database/2025/april/weohistorical.xlsx
imf-weo-1994-04,imf-weo,1994-04,1994-05,https://www.imf.org/-/media/files/publications/weo/weo-database/2025/april/weohistorical.xlsx
imf-weo-1994-10,imf-weo,1994-10,1994-10,https://www.imf.org/-/media/files/publications/weo/weo-database/2025/april/weohistorical.xlsx
imf-weo-1995-04,imf-weo,1995-04,1995-05,https://www.imf.org/-/media/files/publications/weo/weo-database/2025/april/weohistorical.xlsx
imf-weo-1995-10,imf-weo,1995-10,1995-10,https://www.imf.org/-/media/files/publications/weo/weo-database/2025/april/weohistorical.xlsx
imf-weo-1996-04,imf-weo,1996-04,1996-05,https://www.imf.org/-/media/files/publications/weo/weo-database/2025/april/weohistorical.xlsx
imf-weo-1996-10,imf-weo,1996-10,1996-10,https://www.imf.org/-/media/files/publications/weo/weo-database/2025/april/weohistorical.xlsx
imf-weo-1997-04,imf-weo,1997-04,1997-05,https://www.imf.org/-/media/files/publications/weo/weo-database/2025/april/weohistorical.xlsx
imf-weo-1997-10,imf-weo,1997-10,1997-10,https://www.imf.org/-/media/files/publications/weo/weo-database/2025/april/weohistorical.xlsx
imf-weo-1998-04,imf-weo,1998-04,1998-05,https://www.imf.org/-/media/files/publications/weo/weo-database/2025/april/weohistorical.xlsx
imf-weo-1998-10,imf-weo,1998-10,1998-10,https://www.imf.org/-/media/files/publications/weo/weo-database/2025/april/weohistorical.xlsx
imf-weo-1999-04,imf-weo,1999-04,1999-05,https://www.imf.org/-/media/files/publications/weo/weo-database/2025/april/weohistorical.xlsx
imf-weo-1999-10,imf-weo,1999-10,1999-10,https://www.imf.org/-/media/files/publications/weo/weo-database/2025/april/weohistorical.xlsx
imf-weo-2000-04,imf-weo,2000-04,2000-05,https://www.imf.org/-/media/files/publications/weo/weo-database/2025/april/weohistorical.xlsx
imf-weo-2000-10,imf-weo,2000-10,2000-10,https://www.imf.org/-/media/files/publications/weo/weo-database/2025/april/weohistorical.xlsx
imf-weo-2001-04,imf-weo,2001-04,2001-05,https://www.imf.org/-/media/files/publications/weo/weo-database/2025/april/weohistorical.xlsx
imf-weo-2001-10,imf-weo,2001-10,2001-10,https://www.imf.org/-/media/files/publications/weo/weo-database/2025/april/weohistorical.xlsx
imf-weo-2002-04,imf-weo,2002-04,2002-04,https://www.imf.org/-/media/files/publications/weo/weo-database/2025/april/weohistorical.xlsx
imf-weo-2002-10,imf-weo,2002-10,2002-10,https://www.imf.org/-/media/files/publications/weo/weo-database/2025/april/weohistorical.xlsx
imf-weo-2003-04,imf-weo,2003-04,2003-04,https://www.imf.org/-/media/files/publications/weo/weo-database/2025/april/weohistorical.xlsx
imf-weo-2003-10,imf-weo,2003-10,2003-09,https://www.imf.org/-/media/files/publications/weo/weo-database/2025/april/weohistorical.xlsx
imf-weo-2004-04,imf-weo,2004-04,2004-04,https://www.imf.org/-/media/files/publications/weo/weo-database/2025/april/weohistorical.xlsx
imf-weo-2004-10,imf-weo,2004-10,2004-09,https://www.imf.org/-/media/files/publications/weo/weo-database/2025/april/weohistorical.xlsx
imf-weo-2005-04,imf-weo,2005-04,2005-04,https://www.imf.org/-/media/files/publications/weo/weo-database/2025/april/weohistorical.xlsx
imf-weo-2005-10,imf-weo,2005-10,2005-09,https://www.imf.org/-/media/files/publications/weo/weo-database/2025/april/weohistorical.xlsx
imf-weo-2006-04,imf-weo,2006-04,2006-04,https://www.imf.org/-/media/files/publications/weo/weo-database/2025/april/weohistorical.xlsx
imf-weo-2006-10,imf-weo,2006-10,2006-09,https://www.imf.org/-/media/files/publications/weo/weo-database/2025/april/weohistorical.xlsx
imf-weo-2007-04,imf-weo,2007-04,2007-04,https://www.imf.org/-/media/files/publications/weo/weo-database/2025/april/weohistorical.xlsx
imf-weo-2007-10,imf-weo,2007-10,2007-10,https://www.imf.org/-/media/files/publications/weo/weo-database/2025/april/weohistorical.xlsx
imf-weo-2008-04,imf-weo,2008-04,2008-04,https://www.imf.org/-/media/files/publications/weo/weo-database/2025/april/weohistorical.xlsx
imf-weo-2008-10,imf-weo,2008-10,2008-10,https://www.imf.org/-/media/files/publications/weo/weo-database/2025/april/weohistorical.xlsx
imf-weo-2009-04,imf-weo,2009-04,2009-04,https://www.imf.org/-/media/files/publications/weo/weo-database/2025/april/weohistorical.xlsx
imf-weo-2009-10,imf-weo,2009-10,2009-10,https://www.imf.org/-/media/files/publications/weo/weo-database/2025/april/weohistorical.xlsx
imf-weo-2010-04,imf-weo,2010-04,2010-04,https://www.imf.org/-/media/files/publications/weo/weo-database/2025/april/weohistorical.xlsx
imf-weo-2010-10,imf-weo,2010-10,2010-10,https://www.imf.org/-/media/files/publications/weo/weo-database/2025/april/weohistorical.xlsx
imf-weo-2011-04,imf-weo,2011-04,2011-04,https://www.imf.org/-/media/files/publications/weo/weo-database/2025/april/weohistorical.xlsx
imf-weo-2011-10,imf-weo,2011-10,2011-09,https://www.imf.org/-/media/files/publications/weo/weo-database/2025/april/weohistorical.xlsx
imf-weo-2012-04,imf-weo,2012-04,2012-04,https://www.imf.org/-/media/files/publications/weo/weo-database/2025/april/weohistorical.xlsx
imf-weo-2012-10,imf-weo,2012-10,2012-10,https://www.imf.org/-/media/files/publications/weo/weo-database/2025/april/weohistorical.xlsx
imf-weo-2013-04,imf-weo,2013-04,2013-04,https://www.imf.org/-/media/files/publications/weo/weo-database/2025/april/weohistorical.xlsx
imf-weo-2013-10,imf-weo,2013-10,2013-10,https://www.imf.org/-/media/files/publications/weo/weo-database/2025/april/weohistorical.xlsx
imf-weo-2014-04,imf-weo,2014-04,2014-04,https://www.imf.org/-/media/files/publications/weo/weo-database/2025/april/weohistorical.xlsx
imf-weo-2014-10,imf-weo,2014-10,2014-10,https://www.imf.org/-/media/files/publications/weo/weo-database/2025/april/weohistorical.xlsx
imf-weo-2015-04,imf-weo,2015-04,2015-04,https://www.imf.org/-/media/files/publications/weo/weo-database/2025/april/weohistorical.xlsx
imf-weo-2015-10,imf-weo,2015-10,2015-10,https://www.imf.org/-/media/files/publications/weo/weo-database/2025/april/weohistorical.xlsx
imf-weo-2016-04,imf-weo,2016-04,2016-04,https://www.imf.org/-/media/files/publications/weo/weo-database/2025/april/weohistorical.xlsx
imf-weo-2016-10,imf-weo,2016-10,2016-10,https://www.imf.org/-/media/files/publications/weo/weo-database/2025/april/weohistorical.xlsx
imf-weo-2017-04,imf-weo,2017-04,2017-04,https://www.imf.org/-/media/files/publications/weo/weo-database/2025/april/weohistorical.xlsx
imf-weo-2017-10,imf-weo,2017-10,2017-10,https://www.imf.org/-/media/files/publications/weo/weo-database/2025/april/weohistorical.xlsx
imf-weo-2018-04,imf-weo,2018-04,2018-04,https://www.imf.org/-/media/files/publications/weo/weo-database/2025/april/weohistorical.xlsx
imf-weo-2018-10,imf-weo,2018-10,2018-10,https://www.imf.org/-/media/files/publications/weo/weo-database/2025/april/weohistorical.xlsx
imf-weo-2019-04,imf-weo,2019-04,2019-04,https://www.imf.org/-/media/files/publications/weo/weo-database/2025/april/weohistorical.xlsx
imf-weo-2019-10,imf-weo,2019-10,2019-10,https://www.imf.org/-/media/files/publications/weo/weo-database/2025/april/weohistorical.xlsx
imf-weo-2020-04,imf-weo,2020-04,2020-04,https://www.imf.org/-/media/files/publications/weo/weo-database/2025/april/weohistorical.xlsx
imf-weo-2020-10,imf-weo,2020-10,2020-10,https://www.imf.org/-/media/files/publications/weo/weo-database/2025/april/weohistorical.xlsx
imf-weo-2021-04,imf-weo,2021-04,2021-04,https://www.imf.org/-/media/files/publications/weo/weo-database/2025/april/weohistorical.xlsx
imf-weo-2021-10,imf-weo,2021-10,2021-10,https://www.imf.org/-/media/files/publications/weo/weo-database/2025/april/weohistorical.xlsx
imf-weo-2022-04,imf-weo,2022-04,2022-04,https://www.imf.org/-/media/files/publications/weo/weo-database/2025/april/weohistorical.xlsx
imf-weo-2022-10,imf-weo,2022-10,2022-10,https://www.imf.org/-/media/files/publications/weo/weo-database/2025/april/weohistorical.xlsx
imf-weo-2023-04,imf-weo,2023-04,2023-04,https://www.imf.org/-/media/files/publications/weo/weo-database/2025/april/weohistorical.xlsx
imf-weo-2023-10,imf-weo,2023-10,2023-10,https://www.imf.org/-/media/files/publications/weo/weo-database/2025/april/weohistorical.xlsx
imf-weo-2024-04,imf-weo,2024-04,2024-04,https://www.imf.org/-/media/files/publications/weo/weo-database/2025/april/weohistorical.xlsx
imf-weo-2024-10,imf-weo,2024-10,2024-10,https://www.imf.org/-/media/files/publications/weo/weo-database/2025/april/weohistorical.xlsx
imf-weo-2025-04,imf-weo,2025-04,2025-04,https://www.imf.org/-/media/files/publications/weo/weo-database/2025/april/weohistorical.xlsx
imf-weo-2025-10,imf-weo,2025-10,2025-10,https://api.imf.org/external/sdmx/3.0/data/dataflow/IMF.RES/WEO_2025_OCT_VINTAGE/+/*.NGDP_RPCH.A
imf-weo-2026-04,imf-weo,2026-04,2026-04,https://www.imf.org/external/datamapper/api/v1/NGDP_RPCH
iea-weo-2000,iea-weo,2000,2000-11,https://iea.blob.core.windows.net/assets/ecbb1607-2c53-4b72-b2c2-bdd2d2fedf48/WorldEnergyOutlook2000.pdf
iea-weo-2001,iea-weo,2001,2001-11,https://iea.blob.core.windows.net/assets/3e3fcda4-e33c-4319-a987-179a0372b035/WorldEnergyOutlook2001-AssessingTodaysSuppliestoFuelTomorrowsGrowth.pdf
iea-weo-2002,iea-weo,2002,2002-09,https://iea.blob.core.windows.net/assets/11bc7b29-db2a-46fb-a515-1f5e7d2c7dfd/WorldEnergyOutlook2002.pdf
iea-weo-2003,iea-weo,2003,2003-11,https://iea.blob.core.windows.net/assets/716b548d-60b7-4162-939a-4bf2a8f6156a/WorldEnergyOutlook2003.pdf
iea-weo-2004,iea-weo,2004,2004-10,https://iea.blob.core.windows.net/assets/e2be51f1-b04c-433f-9a68-93bfd46c7ad4/WorldEnergyOutlook2004.pdf
iea-weo-2005,iea-weo,2005,2005-11,https://iea.blob.core.windows.net/assets/5516c403-58ef-4b4f-92e6-95161a1a5f34/WorldEnergyOutlook2005-MiddleEastandNorthAfricaInsights.pdf
iea-weo-2006,iea-weo,2006,2006-11,https://iea.blob.core.windows.net/assets/390482d0-149a-48c0-959b-d5104ea308ca/weo2006.pdf
iea-weo-2007,iea-weo,2007,2007-11,https://iea.blob.core.windows.net/assets/86acf56d-d8cc-4b73-b560-259f061264ad/WorldEnergyOutlook2007.pdf
iea-weo-2008,iea-weo,2008,2008-11,https://iea.blob.core.windows.net/assets/89d1f68c-f4bf-4597-805f-901cfa6ce889/weo2008.pdf
iea-weo-2009,iea-weo,2009,2009-11,https://iea.blob.core.windows.net/assets/ac80b701-bdfc-48cf-ac4c-00e60e1246a0/weo2009.pdf
iea-weo-2010,iea-weo,2010,2010-11,https://iea.blob.core.windows.net/assets/1b090169-1c58-4f5d-9451-ee838f6f00e5/weo2010.pdf
iea-weo-2011,iea-weo,2011,2011-11,https://iea.blob.core.windows.net/assets/cc401107-a401-40cb-b6ce-c9832bb88d85/WorldEnergyOutlook2011.pdf
iea-weo-2012,iea-weo,2012,2012-11,https://iea.blob.core.windows.net/assets/ebe15dfb-30c8-42cf-8733-672b3500aed7/WEO2012_free.pdf
iea-weo-2013,iea-weo,2013,2013-11,https://iea.blob.core.windows.net/assets/a22dedb8-c2c3-448c-b104-051236618b38/WEO2013.pdf
iea-weo-2014,iea-weo,2014,2014-11,https://iea.blob.core.windows.net/assets/e6f58562-203e-474c-97a3-486f409aa7ff/WEO2014.pdf
iea-weo-2015,iea-weo,2015,2015-11,https://iea.blob.core.windows.net/assets/5a314029-69c2-42a9-98ac-d1c5deeb59b3/WEO2015.pdf
iea-weo-2016,iea-weo,2016,2016-11,https://iea.blob.core.windows.net/assets/680c05c8-1d6e-42ae-b953-68e0420d46d5/WEO2016.pdf
iea-weo-2017,iea-weo,2017,2017-11,https://iea.blob.core.windows.net/assets/4a50d774-5e8c-457e-bcc9-513357f9b2fb/World_Energy_Outlook_2017.pdf
iea-weo-2018,iea-weo,2018,2018-11,https://iea.blob.core.windows.net/assets/77ecf96c-5f4b-4d0d-9d93-d81b938217cb/World_Energy_Outlook_2018.pdf
iea-weo-2019,iea-weo,2019,2019-11,https://iea.blob.core.windows.net/assets/98909c1b-aabc-4797-9926-35307b418cdb/WEO2019-free.pdf
iea-weo-2020,iea-weo,2020,2020-10,https://iea.blob.core.windows.net/assets/a72d8abf-de08-4385-8711-b8a062d6124a/WEO2020.pdf
iea-weo-2021,iea-weo,2021,2021-10,https://iea.blob.core.windows.net/assets/4ed140c1-c3f3-4fd9-acae-789a4e14a23c/WorldEnergyOutlook2021.pdf
iea-weo-2022,iea-weo,2022,2022-10,https://iea.blob.core.windows.net/assets/830fe099-5530-48f2-a7c1-11f35d510983/WorldEnergyOutlook2022.pdf
iea-weo-2023,iea-weo,2023,2023-10,https://iea.blob.core.windows.net/assets/86ede39e-4436-42d7-ba2a-edf61467e070/WorldEnergyOutlook2023.pdf
iea-weo-2024,iea-weo,2024,2024-10,https://iea.blob.core.windows.net/assets/140a0470-5b90-4922-a0e9-838b3ac6918c/WorldEnergyOutlook2024.pdf
iea-weo-2025,iea-weo,2025,2025-11-12,https://iea.blob.core.windows.net/assets/9753df19-0a71-422a-b725-012c555763b3/WorldEnergyOutlook2025.pdf
eia-aeo-1982,eia-aeo,1982,1983,https://www.eia.gov/outlooks/aeo/archive.php
eia-aeo-1983,eia-aeo,1983,1984-05,https://www.eia.gov/outlooks/aeo/archive.php
eia-aeo-1984,eia-aeo,1984,1985,https://www.eia.gov/outlooks/aeo/archive.php
eia-aeo-1985,eia-aeo,1985,1986-02,https://www.eia.gov/outlooks/aeo/archive.php
eia-aeo-1986,eia-aeo,1986,1987,https://www.eia.gov/outlooks/aeo/archive.php
eia-aeo-1987,eia-aeo,1987,1988,https://www.eia.gov/outlooks/aeo/archive.php
eia-aeo-1989,eia-aeo,1989,1989,https://www.eia.gov/outlooks/aeo/archive.php
eia-aeo-1990,eia-aeo,1990,1990,https://www.eia.gov/outlooks/aeo/archive.php
eia-aeo-1991,eia-aeo,1991,1991,https://www.eia.gov/outlooks/aeo/archive.php
eia-aeo-1992,eia-aeo,1992,1992,https://www.eia.gov/outlooks/aeo/archive.php
eia-aeo-1993,eia-aeo,1993,1993,https://www.eia.gov/outlooks/aeo/archive.php
eia-aeo-1994,eia-aeo,1994,1994,https://www.eia.gov/outlooks/aeo/archive.php
eia-aeo-1995,eia-aeo,1995,1995,https://www.eia.gov/outlooks/aeo/archive.php
eia-aeo-1996,eia-aeo,1996,1996,https://www.eia.gov/outlooks/aeo/archive.php
eia-aeo-1997,eia-aeo,1997,1997,https://www.eia.gov/outlooks/aeo/archive.php
eia-aeo-1998,eia-aeo,1998,1998,https://www.eia.gov/outlooks/aeo/archive.php
eia-aeo-1999,eia-aeo,1999,1999,https://www.eia.gov/outlooks/aeo/archive.php
eia-aeo-2000,eia-aeo,2000,2000,https://www.eia.gov/outlooks/aeo/archive.php
eia-aeo-2001,eia-aeo,2001,2001,https://www.eia.gov/outlooks/aeo/archive.php
eia-aeo-2002,eia-aeo,2002,2002,https://www.eia.gov/outlooks/aeo/archive.php
eia-aeo-2003,eia-aeo,2003,2003,https://www.eia.gov/outlooks/aeo/archive.php
eia-aeo-2004,eia-aeo,2004,2004,https://www.eia.gov/outlooks/aeo/archive.php
eia-aeo-2005,eia-aeo,2005,2005,https://www.eia.gov/outlooks/aeo/archive.php
eia-aeo-2006,eia-aeo,2006,2006,https://www.eia.gov/outlooks/aeo/archive.php
eia-aeo-2007,eia-aeo,2007,2007,https://www.eia.gov/outlooks/aeo/archive.php
eia-aeo-2008,eia-aeo,2008,2008,https://www.eia.gov/outlooks/aeo/archive.php
eia-aeo-2009,eia-aeo,2009,2009,https://www.eia.gov/outlooks/aeo/archive.php
eia-aeo-2010,eia-aeo,2010,2010,https://www.eia.gov/outlooks/aeo/archive.php
eia-aeo-2011,eia-aeo,2011,2011,https://www.eia.gov/outlooks/aeo/archive.php
eia-aeo-2012,eia-aeo,2012,2012,https://www.eia.gov/outlooks/aeo/archive.php
eia-aeo-2013,eia-aeo,2013,2013,https://www.eia.gov/outlooks/aeo/archive.php
eia-aeo-2014,eia-aeo,2014,2014,https://www.eia.gov/outlooks/aeo/archive.php
eia-aeo-2015,eia-aeo,2015,2015,https://www.eia.gov/outlooks/aeo/archive.php
eia-aeo-2016,eia-aeo,2016,2016,https://www.eia.gov/outlooks/aeo/archive.php
eia-aeo-2017,eia-aeo,2017,2017,https://www.eia.gov/outlooks/aeo/archive.php
eia-aeo-2018,eia-aeo,2018,2018,https://www.eia.gov/outlooks/aeo/archive.php
eia-aeo-2019,eia-aeo,2019,2019,https://www.eia.gov/outlooks/aeo/archive.php
eia-aeo-2020,eia-aeo,2020,2020,https://www.eia.gov/outlooks/aeo/archive.php
eia-aeo-2021,eia-aeo,2021,2021,https://www.eia.gov/outlooks/aeo/archive.php
eia-aeo-2022,eia-aeo,2022,2022,https://www.eia.gov/outlooks/aeo/archive.php
eia-aeo-2023,eia-aeo,2023,2023,https://www.eia.gov/outlooks/aeo/archive.php
eia-aeo-2025,eia-aeo,2025,2025,https://www.eia.gov/outlooks/aeo/archive.php
eia-aeo-2026,eia-aeo,2026,2026-04-08,https://www.eia.gov/outlooks/aeo/archive.php
bcb-focus-1999-09,bcb-focus,1999-09,1999-09-30,https://olinda.bcb.gov.br/olinda/servico/Expectativas/versao/v1/odata/ExpectativasMercadoAnuais
bcb-focus-1999-12,bcb-focus,1999-12,1999-12-30,https://olinda.bcb.gov.br/olinda/servico/Expectativas/versao/v1/odata/ExpectativasMercadoAnuais
bcb-focus-2000-03,bcb-focus,2000-03,2000-03-31,https://olinda.bcb.gov.br/olinda/servico/Expectativas/versao/v1/odata/ExpectativasMercadoAnuais
bcb-focus-2000-06,bcb-focus,2000-06,2000-06-30,https://olinda.bcb.gov.br/olinda/servico/Expectativas/versao/v1/odata/ExpectativasMercadoAnuais
bcb-focus-2000-09,bcb-focus,2000-09,2000-09-29,https://olinda.bcb.gov.br/olinda/servico/Expectativas/versao/v1/odata/ExpectativasMercadoAnuais
bcb-focus-2000-12,bcb-focus,2000-12,2000-12-29,https://olinda.bcb.gov.br/olinda/servico/Expectativas/versao/v1/odata/ExpectativasMercadoAnuais
bcb-focus-2001-03,bcb-focus,2001-03,2001-03-30,https://olinda.bcb.gov.br/olinda/servico/Expectativas/versao/v1/odata/ExpectativasMercadoAnuais
bcb-focus-2001-06,bcb-focus,2001-06,2001-06-30,https://olinda.bcb.gov.br/olinda/servico/Expectativas/versao/v1/odata/ExpectativasMercadoAnuais
bcb-focus-2001-09,bcb-focus,2001-09,2001-09-28,https://olinda.bcb.gov.br/olinda/servico/Expectativas/versao/v1/odata/ExpectativasMercadoAnuais
bcb-focus-2001-12,bcb-focus,2001-12,2001-12-31,https://olinda.bcb.gov.br/olinda/servico/Expectativas/versao/v1/odata/ExpectativasMercadoAnuais
bcb-focus-2002-03,bcb-focus,2002-03,2002-03-28,https://olinda.bcb.gov.br/olinda/servico/Expectativas/versao/v1/odata/ExpectativasMercadoAnuais
bcb-focus-2002-06,bcb-focus,2002-06,2002-06-28,https://olinda.bcb.gov.br/olinda/servico/Expectativas/versao/v1/odata/ExpectativasMercadoAnuais
bcb-focus-2002-09,bcb-focus,2002-09,2002-09-30,https://olinda.bcb.gov.br/olinda/servico/Expectativas/versao/v1/odata/ExpectativasMercadoAnuais
bcb-focus-2002-12,bcb-focus,2002-12,2002-12-31,https://olinda.bcb.gov.br/olinda/servico/Expectativas/versao/v1/odata/ExpectativasMercadoAnuais
bcb-focus-2003-03,bcb-focus,2003-03,2003-03-31,https://olinda.bcb.gov.br/olinda/servico/Expectativas/versao/v1/odata/ExpectativasMercadoAnuais
bcb-focus-2003-06,bcb-focus,2003-06,2003-06-30,https://olinda.bcb.gov.br/olinda/servico/Expectativas/versao/v1/odata/ExpectativasMercadoAnuais
bcb-focus-2003-09,bcb-focus,2003-09,2003-09-30,https://olinda.bcb.gov.br/olinda/servico/Expectativas/versao/v1/odata/ExpectativasMercadoAnuais
bcb-focus-2003-12,bcb-focus,2003-12,2003-12-30,https://olinda.bcb.gov.br/olinda/servico/Expectativas/versao/v1/odata/ExpectativasMercadoAnuais
bcb-focus-2004-03,bcb-focus,2004-03,2004-03-31,https://olinda.bcb.gov.br/olinda/servico/Expectativas/versao/v1/odata/ExpectativasMercadoAnuais
bcb-focus-2004-06,bcb-focus,2004-06,2004-06-30,https://olinda.bcb.gov.br/olinda/servico/Expectativas/versao/v1/odata/ExpectativasMercadoAnuais
bcb-focus-2004-09,bcb-focus,2004-09,2004-09-30,https://olinda.bcb.gov.br/olinda/servico/Expectativas/versao/v1/odata/ExpectativasMercadoAnuais
bcb-focus-2004-12,bcb-focus,2004-12,2004-12-30,https://olinda.bcb.gov.br/olinda/servico/Expectativas/versao/v1/odata/ExpectativasMercadoAnuais
bcb-focus-2005-03,bcb-focus,2005-03,2005-03-31,https://olinda.bcb.gov.br/olinda/servico/Expectativas/versao/v1/odata/ExpectativasMercadoAnuais
bcb-focus-2005-06,bcb-focus,2005-06,2005-06-30,https://olinda.bcb.gov.br/olinda/servico/Expectativas/versao/v1/odata/ExpectativasMercadoAnuais
bcb-focus-2005-09,bcb-focus,2005-09,2005-09-30,https://olinda.bcb.gov.br/olinda/servico/Expectativas/versao/v1/odata/ExpectativasMercadoAnuais
bcb-focus-2005-12,bcb-focus,2005-12,2005-12-30,https://olinda.bcb.gov.br/olinda/servico/Expectativas/versao/v1/odata/ExpectativasMercadoAnuais
bcb-focus-2006-03,bcb-focus,2006-03,2006-03-31,https://olinda.bcb.gov.br/olinda/servico/Expectativas/versao/v1/odata/ExpectativasMercadoAnuais
bcb-focus-2006-06,bcb-focus,2006-06,2006-06-30,https://olinda.bcb.gov.br/olinda/servico/Expectativas/versao/v1/odata/ExpectativasMercadoAnuais
bcb-focus-2006-09,bcb-focus,2006-09,2006-09-29,https://olinda.bcb.gov.br/olinda/servico/Expectativas/versao/v1/odata/ExpectativasMercadoAnuais
bcb-focus-2006-12,bcb-focus,2006-12,2006-12-29,https://olinda.bcb.gov.br/olinda/servico/Expectativas/versao/v1/odata/ExpectativasMercadoAnuais
bcb-focus-2007-03,bcb-focus,2007-03,2007-03-30,https://olinda.bcb.gov.br/olinda/servico/Expectativas/versao/v1/odata/ExpectativasMercadoAnuais
bcb-focus-2007-06,bcb-focus,2007-06,2007-06-29,https://olinda.bcb.gov.br/olinda/servico/Expectativas/versao/v1/odata/ExpectativasMercadoAnuais
bcb-focus-2007-09,bcb-focus,2007-09,2007-09-28,https://olinda.bcb.gov.br/olinda/servico/Expectativas/versao/v1/odata/ExpectativasMercadoAnuais
bcb-focus-2007-12,bcb-focus,2007-12,2007-12-31,https://olinda.bcb.gov.br/olinda/servico/Expectativas/versao/v1/odata/ExpectativasMercadoAnuais
bcb-focus-2008-03,bcb-focus,2008-03,2008-03-31,https://olinda.bcb.gov.br/olinda/servico/Expectativas/versao/v1/odata/ExpectativasMercadoAnuais
bcb-focus-2008-06,bcb-focus,2008-06,2008-06-30,https://olinda.bcb.gov.br/olinda/servico/Expectativas/versao/v1/odata/ExpectativasMercadoAnuais
bcb-focus-2008-09,bcb-focus,2008-09,2008-09-30,https://olinda.bcb.gov.br/olinda/servico/Expectativas/versao/v1/odata/ExpectativasMercadoAnuais
bcb-focus-2008-12,bcb-focus,2008-12,2008-12-31,https://olinda.bcb.gov.br/olinda/servico/Expectativas/versao/v1/odata/ExpectativasMercadoAnuais
bcb-focus-2009-03,bcb-focus,2009-03,2009-03-31,https://olinda.bcb.gov.br/olinda/servico/Expectativas/versao/v1/odata/ExpectativasMercadoAnuais
bcb-focus-2009-06,bcb-focus,2009-06,2009-06-30,https://olinda.bcb.gov.br/olinda/servico/Expectativas/versao/v1/odata/ExpectativasMercadoAnuais
bcb-focus-2009-09,bcb-focus,2009-09,2009-09-30,https://olinda.bcb.gov.br/olinda/servico/Expectativas/versao/v1/odata/ExpectativasMercadoAnuais
bcb-focus-2009-12,bcb-focus,2009-12,2009-12-31,https://olinda.bcb.gov.br/olinda/servico/Expectativas/versao/v1/odata/ExpectativasMercadoAnuais
bcb-focus-2010-03,bcb-focus,2010-03,2010-03-31,https://olinda.bcb.gov.br/olinda/servico/Expectativas/versao/v1/odata/ExpectativasMercadoAnuais
bcb-focus-2010-06,bcb-focus,2010-06,2010-06-30,https://olinda.bcb.gov.br/olinda/servico/Expectativas/versao/v1/odata/ExpectativasMercadoAnuais
bcb-focus-2010-09,bcb-focus,2010-09,2010-09-30,https://olinda.bcb.gov.br/olinda/servico/Expectativas/versao/v1/odata/ExpectativasMercadoAnuais
bcb-focus-2010-12,bcb-focus,2010-12,2010-12-31,https://olinda.bcb.gov.br/olinda/servico/Expectativas/versao/v1/odata/ExpectativasMercadoAnuais
bcb-focus-2011-03,bcb-focus,2011-03,2011-03-31,https://olinda.bcb.gov.br/olinda/servico/Expectativas/versao/v1/odata/ExpectativasMercadoAnuais
bcb-focus-2011-06,bcb-focus,2011-06,2011-06-30,https://olinda.bcb.gov.br/olinda/servico/Expectativas/versao/v1/odata/ExpectativasMercadoAnuais
bcb-focus-2011-09,bcb-focus,2011-09,2011-09-30,https://olinda.bcb.gov.br/olinda/servico/Expectativas/versao/v1/odata/ExpectativasMercadoAnuais
bcb-focus-2011-12,bcb-focus,2011-12,2011-12-30,https://olinda.bcb.gov.br/olinda/servico/Expectativas/versao/v1/odata/ExpectativasMercadoAnuais
bcb-focus-2012-03,bcb-focus,2012-03,2012-03-30,https://olinda.bcb.gov.br/olinda/servico/Expectativas/versao/v1/odata/ExpectativasMercadoAnuais
bcb-focus-2012-06,bcb-focus,2012-06,2012-06-29,https://olinda.bcb.gov.br/olinda/servico/Expectativas/versao/v1/odata/ExpectativasMercadoAnuais
bcb-focus-2012-09,bcb-focus,2012-09,2012-09-28,https://olinda.bcb.gov.br/olinda/servico/Expectativas/versao/v1/odata/ExpectativasMercadoAnuais
bcb-focus-2012-12,bcb-focus,2012-12,2012-12-31,https://olinda.bcb.gov.br/olinda/servico/Expectativas/versao/v1/odata/ExpectativasMercadoAnuais
bcb-focus-2013-03,bcb-focus,2013-03,2013-03-28,https://olinda.bcb.gov.br/olinda/servico/Expectativas/versao/v1/odata/ExpectativasMercadoAnuais
bcb-focus-2013-06,bcb-focus,2013-06,2013-06-28,https://olinda.bcb.gov.br/olinda/servico/Expectativas/versao/v1/odata/ExpectativasMercadoAnuais
bcb-focus-2013-09,bcb-focus,2013-09,2013-09-30,https://olinda.bcb.gov.br/olinda/servico/Expectativas/versao/v1/odata/ExpectativasMercadoAnuais
bcb-focus-2013-12,bcb-focus,2013-12,2013-12-31,https://olinda.bcb.gov.br/olinda/servico/Expectativas/versao/v1/odata/ExpectativasMercadoAnuais
bcb-focus-2014-03,bcb-focus,2014-03,2014-03-31,https://olinda.bcb.gov.br/olinda/servico/Expectativas/versao/v1/odata/ExpectativasMercadoAnuais
bcb-focus-2014-06,bcb-focus,2014-06,2014-06-30,https://olinda.bcb.gov.br/olinda/servico/Expectativas/versao/v1/odata/ExpectativasMercadoAnuais
bcb-focus-2014-09,bcb-focus,2014-09,2014-09-30,https://olinda.bcb.gov.br/olinda/servico/Expectativas/versao/v1/odata/ExpectativasMercadoAnuais
bcb-focus-2014-12,bcb-focus,2014-12,2014-12-31,https://olinda.bcb.gov.br/olinda/servico/Expectativas/versao/v1/odata/ExpectativasMercadoAnuais
bcb-focus-2015-03,bcb-focus,2015-03,2015-03-31,https://olinda.bcb.gov.br/olinda/servico/Expectativas/versao/v1/odata/ExpectativasMercadoAnuais
bcb-focus-2015-06,bcb-focus,2015-06,2015-06-30,https://olinda.bcb.gov.br/olinda/servico/Expectativas/versao/v1/odata/ExpectativasMercadoAnuais
bcb-focus-2015-09,bcb-focus,2015-09,2015-09-30,https://olinda.bcb.gov.br/olinda/servico/Expectativas/versao/v1/odata/ExpectativasMercadoAnuais
bcb-focus-2015-12,bcb-focus,2015-12,2015-12-31,https://olinda.bcb.gov.br/olinda/servico/Expectativas/versao/v1/odata/ExpectativasMercadoAnuais
bcb-focus-2016-03,bcb-focus,2016-03,2016-03-31,https://olinda.bcb.gov.br/olinda/servico/Expectativas/versao/v1/odata/ExpectativasMercadoAnuais
bcb-focus-2016-06,bcb-focus,2016-06,2016-06-30,https://olinda.bcb.gov.br/olinda/servico/Expectativas/versao/v1/odata/ExpectativasMercadoAnuais
bcb-focus-2016-09,bcb-focus,2016-09,2016-09-30,https://olinda.bcb.gov.br/olinda/servico/Expectativas/versao/v1/odata/ExpectativasMercadoAnuais
bcb-focus-2016-12,bcb-focus,2016-12,2016-12-30,https://olinda.bcb.gov.br/olinda/servico/Expectativas/versao/v1/odata/ExpectativasMercadoAnuais
bcb-focus-2017-03,bcb-focus,2017-03,2017-03-31,https://olinda.bcb.gov.br/olinda/servico/Expectativas/versao/v1/odata/ExpectativasMercadoAnuais
bcb-focus-2017-06,bcb-focus,2017-06,2017-06-30,https://olinda.bcb.gov.br/olinda/servico/Expectativas/versao/v1/odata/ExpectativasMercadoAnuais
bcb-focus-2017-09,bcb-focus,2017-09,2017-09-29,https://olinda.bcb.gov.br/olinda/servico/Expectativas/versao/v1/odata/ExpectativasMercadoAnuais
bcb-focus-2017-12,bcb-focus,2017-12,2017-12-29,https://olinda.bcb.gov.br/olinda/servico/Expectativas/versao/v1/odata/ExpectativasMercadoAnuais
bcb-focus-2018-03,bcb-focus,2018-03,2018-03-29,https://olinda.bcb.gov.br/olinda/servico/Expectativas/versao/v1/odata/ExpectativasMercadoAnuais
bcb-focus-2018-06,bcb-focus,2018-06,2018-06-29,https://olinda.bcb.gov.br/olinda/servico/Expectativas/versao/v1/odata/ExpectativasMercadoAnuais
bcb-focus-2018-09,bcb-focus,2018-09,2018-09-28,https://olinda.bcb.gov.br/olinda/servico/Expectativas/versao/v1/odata/ExpectativasMercadoAnuais
bcb-focus-2018-12,bcb-focus,2018-12,2018-12-31,https://olinda.bcb.gov.br/olinda/servico/Expectativas/versao/v1/odata/ExpectativasMercadoAnuais
bcb-focus-2019-03,bcb-focus,2019-03,2019-03-29,https://olinda.bcb.gov.br/olinda/servico/Expectativas/versao/v1/odata/ExpectativasMercadoAnuais
bcb-focus-2019-06,bcb-focus,2019-06,2019-06-28,https://olinda.bcb.gov.br/olinda/servico/Expectativas/versao/v1/odata/ExpectativasMercadoAnuais
bcb-focus-2019-09,bcb-focus,2019-09,2019-09-30,https://olinda.bcb.gov.br/olinda/servico/Expectativas/versao/v1/odata/ExpectativasMercadoAnuais
bcb-focus-2019-12,bcb-focus,2019-12,2019-12-31,https://olinda.bcb.gov.br/olinda/servico/Expectativas/versao/v1/odata/ExpectativasMercadoAnuais
bcb-focus-2020-03,bcb-focus,2020-03,2020-03-31,https://olinda.bcb.gov.br/olinda/servico/Expectativas/versao/v1/odata/ExpectativasMercadoAnuais
bcb-focus-2020-06,bcb-focus,2020-06,2020-06-30,https://olinda.bcb.gov.br/olinda/servico/Expectativas/versao/v1/odata/ExpectativasMercadoAnuais
bcb-focus-2020-09,bcb-focus,2020-09,2020-09-30,https://olinda.bcb.gov.br/olinda/servico/Expectativas/versao/v1/odata/ExpectativasMercadoAnuais
bcb-focus-2020-12,bcb-focus,2020-12,2020-12-31,https://olinda.bcb.gov.br/olinda/servico/Expectativas/versao/v1/odata/ExpectativasMercadoAnuais
bcb-focus-2021-03,bcb-focus,2021-03,2021-03-31,https://olinda.bcb.gov.br/olinda/servico/Expectativas/versao/v1/odata/ExpectativasMercadoAnuais
bcb-focus-2021-06,bcb-focus,2021-06,2021-06-30,https://olinda.bcb.gov.br/olinda/servico/Expectativas/versao/v1/odata/ExpectativasMercadoAnuais
bcb-focus-2021-09,bcb-focus,2021-09,2021-09-30,https://olinda.bcb.gov.br/olinda/servico/Expectativas/versao/v1/odata/ExpectativasMercadoAnuais
bcb-focus-2021-12,bcb-focus,2021-12,2021-12-31,https://olinda.bcb.gov.br/olinda/servico/Expectativas/versao/v1/odata/ExpectativasMercadoAnuais
bcb-focus-2022-03,bcb-focus,2022-03,2022-03-31,https://olinda.bcb.gov.br/olinda/servico/Expectativas/versao/v1/odata/ExpectativasMercadoAnuais
bcb-focus-2022-06,bcb-focus,2022-06,2022-06-30,https://olinda.bcb.gov.br/olinda/servico/Expectativas/versao/v1/odata/ExpectativasMercadoAnuais
bcb-focus-2022-09,bcb-focus,2022-09,2022-09-30,https://olinda.bcb.gov.br/olinda/servico/Expectativas/versao/v1/odata/ExpectativasMercadoAnuais
bcb-focus-2022-12,bcb-focus,2022-12,2022-12-30,https://olinda.bcb.gov.br/olinda/servico/Expectativas/versao/v1/odata/ExpectativasMercadoAnuais
bcb-focus-2023-03,bcb-focus,2023-03,2023-03-31,https://olinda.bcb.gov.br/olinda/servico/Expectativas/versao/v1/odata/ExpectativasMercadoAnuais
bcb-focus-2023-06,bcb-focus,2023-06,2023-06-30,https://olinda.bcb.gov.br/olinda/servico/Expectativas/versao/v1/odata/ExpectativasMercadoAnuais
bcb-focus-2023-09,bcb-focus,2023-09,2023-09-29,https://olinda.bcb.gov.br/olinda/servico/Expectativas/versao/v1/odata/ExpectativasMercadoAnuais
bcb-focus-2023-12,bcb-focus,2023-12,2023-12-29,https://olinda.bcb.gov.br/olinda/servico/Expectativas/versao/v1/odata/ExpectativasMercadoAnuais
bcb-focus-2024-03,bcb-focus,2024-03,2024-03-28,https://olinda.bcb.gov.br/olinda/servico/Expectativas/versao/v1/odata/ExpectativasMercadoAnuais
bcb-focus-2024-06,bcb-focus,2024-06,2024-06-28,https://olinda.bcb.gov.br/olinda/servico/Expectativas/versao/v1/odata/ExpectativasMercadoAnuais
bcb-focus-2024-09,bcb-focus,2024-09,2024-09-30,https://olinda.bcb.gov.br/olinda/servico/Expectativas/versao/v1/odata/ExpectativasMercadoAnuais
bcb-focus-2024-12,bcb-focus,2024-12,2024-12-31,https://olinda.bcb.gov.br/olinda/servico/Expectativas/versao/v1/odata/ExpectativasMercadoAnuais
bcb-focus-2025-03,bcb-focus,2025-03,2025-03-31,https://olinda.bcb.gov.br/olinda/servico/Expectativas/versao/v1/odata/ExpectativasMercadoAnuais
bcb-focus-2025-06,bcb-focus,2025-06,2025-06-30,https://olinda.bcb.gov.br/olinda/servico/Expectativas/versao/v1/odata/ExpectativasMercadoAnuais
bcb-focus-2025-09,bcb-focus,2025-09,2025-09-30,https://olinda.bcb.gov.br/olinda/servico/Expectativas/versao/v1/odata/ExpectativasMercadoAnuais
bcb-focus-2025-12,bcb-focus,2025-12,2025-12-31,https://olinda.bcb.gov.br/olinda/servico/Expectativas/versao/v1/odata/ExpectativasMercadoAnuais
bcb-focus-2026-03,bcb-focus,2026-03,2026-03-31,https://olinda.bcb.gov.br/olinda/servico/Expectativas/versao/v1/odata/ExpectativasMercadoAnuais
bcb-focus-2026-06,bcb-focus,2026-06,2026-06-30,https://olinda.bcb.gov.br/olinda/servico/Expectativas/versao/v1/odata/ExpectativasMercadoAnuais
oecd-economic-outlook-1996-12,oecd-economic-outlook,1996-12,1996-12,https://web.archive.org/web/19970802180925/http://www.oecd.org:80/eco/out/tab1.gif
oecd-economic-outlook-1997-12,oecd-economic-outlook,1997-12,1997-12,https://web.archive.org/web/19980210062352/http://www.oecd.org:80/eco/out/eo.htm
oecd-economic-outlook-1998-06,oecd-economic-outlook,1998-06,1998-06,https://webdoc.sub.gwdg.de/edoc/lm/ingenta/sourceoecd/63.pdf
oecd-economic-outlook-1998-12,oecd-economic-outlook,1998-12,1998-12,https://webdoc.sub.gwdg.de/edoc/lm/ingenta/sourceoecd/64.pdf
oecd-economic-outlook-1999-06,oecd-economic-outlook,1999-06,1999-06,https://webdoc.sub.gwdg.de/edoc/lm/ingenta/sourceoecd/65.pdf
oecd-economic-outlook-1999-12,oecd-economic-outlook,1999-12,1999-12,https://webdoc.sub.gwdg.de/edoc/lm/ingenta/sourceoecd/66.pdf
oecd-economic-outlook-2000-06,oecd-economic-outlook,2000-06,2000-06,https://webdoc.sub.gwdg.de/edoc/lm/ingenta/sourceoecd/67.pdf
oecd-economic-outlook-2000-11,oecd-economic-outlook,2000-11,2000-11,https://webdoc.sub.gwdg.de/edoc/lm/ingenta/sourceoecd/68.pdf
oecd-economic-outlook-2001-12,oecd-economic-outlook,2001-12,2001-12,https://www.oecd.org/content/dam/oecd/en/publications/reports/2001/12/oecd-economic-outlook-volume-2001-issue-2_g1ghg828/eco_outlook-v2001-2-en.pdf
oecd-economic-outlook-2002-12,oecd-economic-outlook,2002-12,2002-12,https://web.archive.org/web/20030724145620id_/http://www.oecd.org:80/dataoecd/6/27/2483806.xls
oecd-economic-outlook-2003-12,oecd-economic-outlook,2003-12,2003-12,https://web.archive.org/web/20040205041642id_/http://www.oecd.org:80/dataoecd/6/27/2483806.xls
oecd-economic-outlook-2004-06,oecd-economic-outlook,2004-06,2004-06,https://web.archive.org/web/20040804085215id_/http://www.oecd.org:80/dataoecd/6/27/2483806.xls
oecd-economic-outlook-2004-12,oecd-economic-outlook,2004-12,2004-12,https://web.archive.org/web/20050208141310id_/http://www.oecd.org:80/dataoecd/6/27/2483806.xls
oecd-economic-outlook-2005-06,oecd-economic-outlook,2005-06,2005-06,https://web.archive.org/web/20051031055108id_/http://www.oecd.org:80/dataoecd/6/27/2483806.xls
oecd-economic-outlook-2005-11,oecd-economic-outlook,2005-11,2005-11,https://web.archive.org/web/20051227224550id_/http://www.oecd.org:80/dataoecd/6/27/2483806.xls
oecd-economic-outlook-2006-06,oecd-economic-outlook,2006-06,2006-06,https://web.archive.org/web/20060822034745id_/http://www.oecd.org:80/dataoecd/6/27/2483806.xls
oecd-economic-outlook-2006-12,oecd-economic-outlook,2006-12,2006-12,https://web.archive.org/web/20070303103444id_/http://www.oecd.org:80/dataoecd/6/27/2483806.xls
oecd-economic-outlook-2007-05,oecd-economic-outlook,2007-05,2007-05,https://web.archive.org/web/20071026204033id_/http://www.oecd.org/dataoecd/18/26/2713584.xls
oecd-economic-outlook-2008-06,oecd-economic-outlook,2008-06,2008-06,https://web.archive.org/web/20081009030653id_/http://www.oecd.org/dataoecd/18/26/2713584.xls
oecd-economic-outlook-2008-11,oecd-economic-outlook,2008-11,2008-11,https://web.archive.org/web/20081205183937id_/http://www.oecd.org/dataoecd/18/26/2713584.xls
oecd-economic-outlook-2009-06,oecd-economic-outlook,2009-06,2009-06,https://web.archive.org/web/20091128064455id_/http://www.oecd.org:80/dataoecd/6/27/2483806.xls
oecd-economic-outlook-2009-11,oecd-economic-outlook,2009-11,2009-11,https://web.archive.org/web/20110805175552id_/http://www.oecd.org/dataoecd/18/26/2713584.xls
oecd-economic-outlook-2010-05,oecd-economic-outlook,2010-05,2010-05,https://web.archive.org/web/20100722051540id_/http://www.oecd.org:80/dataoecd/6/27/2483806.xls
oecd-economic-outlook-2010-11,oecd-economic-outlook,2010-11,2010-11,https://web.archive.org/web/20101208072329id_/http://www.oecd.org:80/dataoecd/6/27/2483806.xls
oecd-economic-outlook-2011-05,oecd-economic-outlook,2011-05,2011-05,https://web.archive.org/web/20110608162738id_/http://www.oecd.org:80/dataoecd/6/27/2483806.xls
oecd-economic-outlook-2011-11,oecd-economic-outlook,2011-11,2011-11,https://web.archive.org/web/20120105062704id_/http://www.oecd.org:80/dataoecd/6/27/2483806.xls
oecd-economic-outlook-2013-05,oecd-economic-outlook,2013-05,2013-05,https://web.archive.org/web/20131016150847id_/http://www.oecd.org/eco/outlook/Demand%20and%20Output.xls
oecd-economic-outlook-2013-11,oecd-economic-outlook,2013-11,2013-11,https://web.archive.org/web/20140407105600id_/http://www.oecd.org/eco/outlook/Demand-and-Output.xls
oecd-economic-outlook-2014-05,oecd-economic-outlook,2014-05,2014-05,https://web.archive.org/web/20140823025542id_/http://www.oecd.org/eco/outlook/Demand-and-Output.xls
oecd-economic-outlook-2014-11,oecd-economic-outlook,2014-11,2014-11,https://web.archive.org/web/20150318183337id_/http://www.oecd.org/eco/outlook/Demand%20and%20Output.xls
oecd-economic-outlook-2015-06,oecd-economic-outlook,2015-06,2015-06,https://web.archive.org/web/20150906094541id_/http://www.oecd.org/eco/outlook/Demand%20and%20Output.xls
oecd-economic-outlook-2015-11,oecd-economic-outlook,2015-11,2015-11,https://web.archive.org/web/20160313203848id_/http://www.oecd.org/eco/outlook/Demand-and-Output.xls
oecd-economic-outlook-2016-06,oecd-economic-outlook,2016-06,2016-06,https://web.archive.org/web/20210126002222/http://www.oecd.org/economy/outlook/OECD-Economic-Outlook-June-2016-ststistical-annex.pdf
oecd-economic-outlook-2016-11,oecd-economic-outlook,2016-11,2016-11,https://web.archive.org/web/20201124211425/http://www.oecd.org/economy/outlook/statistical-annexes-oecd-economic-outlook-november-2016.pdf
oecd-economic-outlook-2017-06,oecd-economic-outlook,2017-06,2017-06,https://web.archive.org/web/20210924133600/https://www.oecd.org/economy/outlook/statistical-annex-oecd-economic-outlook-june-2017.pdf
oecd-economic-outlook-2017-11,oecd-economic-outlook,2017-11,2017-11,https://git.nomics.world/dbnomics-json-data/oecd-json-data/-/tree/3dcfca01e5dd7a2135128a73084660987c346573/EO
oecd-economic-outlook-2018-05,oecd-economic-outlook,2018-05,2018-05,https://git.nomics.world/dbnomics-json-data/oecd-json-data/-/tree/394947857d39da206b450eda716a1741997535a3/EO
oecd-economic-outlook-2018-11,oecd-economic-outlook,2018-11,2018-11,https://git.nomics.world/dbnomics-json-data/oecd-json-data/-/tree/4e2614df8a1d1735df072a463da0b3d961401a48/EO
oecd-economic-outlook-2019-05,oecd-economic-outlook,2019-05,2019-05,https://git.nomics.world/dbnomics-json-data/oecd-json-data/-/tree/4782e944f1af73fda24eb42880b073e89ae82741/EO
oecd-economic-outlook-2019-11,oecd-economic-outlook,2019-11,2019-11,https://git.nomics.world/dbnomics-json-data/oecd-json-data/-/tree/fb707cc71e4f2089e4b80eafed2cc280adeba817/EO
oecd-economic-outlook-2020-06,oecd-economic-outlook,2020-06,2020-06,https://git.nomics.world/dbnomics-json-data/oecd-json-data/-/tree/dfdaa5ff7ef03e662234dcc84ed891537370e1be/EO
oecd-economic-outlook-2020-12,oecd-economic-outlook,2020-12,2020-12,https://git.nomics.world/dbnomics-json-data/oecd-json-data/-/tree/0ae9308c3e0fdc0d0f782ba6ec21a0891f5794c7/EO
oecd-economic-outlook-2021-05,oecd-economic-outlook,2021-05,2021-05,https://git.nomics.world/dbnomics-json-data/oecd-json-data/-/tree/0e58e5a49d0b6d500e87a52d446c117650b457f1/EO
oecd-economic-outlook-2021-12,oecd-economic-outlook,2021-12,2021-12,https://git.nomics.world/dbnomics-json-data/oecd-json-data/-/tree/c58b6e3bc6b2df819f41736ddc9452e61ca0ff2f/EO
oecd-economic-outlook-2022-06,oecd-economic-outlook,2022-06,2022-06,https://git.nomics.world/dbnomics-json-data/oecd-json-data/-/tree/0ab3e12dbf874a097ba2a14825738d910f3cf241/EO
oecd-economic-outlook-2022-11,oecd-economic-outlook,2022-11,2022-11,https://git.nomics.world/dbnomics-json-data/oecd-json-data/-/tree/2991af9630e260144f7630cf24b8671763aa3cbf/EO
oecd-economic-outlook-2023-06,oecd-economic-outlook,2023-06,2023-06,https://git.nomics.world/dbnomics-json-data/oecd-json-data/-/tree/7dd852a5679e8073f4f7404d5aaa7e7f98bec9df/EO
oecd-economic-outlook-2023-11,oecd-economic-outlook,2023-11,2023-11,"https://sdmx.oecd.org/public/rest/data/OECD.ECO.MAD,DSD_EO_114@DF_EO_114,/OECD+USA+EA17+JPN+DEU+GBR+CHN+IND+BRA.GDPV_ANNPCT.A?startPeriod=1990&format=csvfilewithlabels"
oecd-economic-outlook-2024-05,oecd-economic-outlook,2024-05,2024-05,"https://sdmx.oecd.org/public/rest/data/OECD.ECO.MAD,DSD_EO_115@DF_EO_115,/OECD+USA+EA17+JPN+DEU+GBR+CHN+IND+BRA.GDPV_ANNPCT.A?startPeriod=1990&format=csvfilewithlabels"
oecd-economic-outlook-2024-12,oecd-economic-outlook,2024-12,2024-12,"https://sdmx.oecd.org/public/rest/data/OECD.ECO.MAD,DSD_EO_116@DF_EO_116,/OECD+USA+EA17+JPN+DEU+GBR+CHN+IND+BRA.GDPV_ANNPCT.A?startPeriod=1990&format=csvfilewithlabels"
oecd-economic-outlook-2025-06,oecd-economic-outlook,2025-06,2025-06,"https://sdmx.oecd.org/public/rest/data/OECD.ECO.MAD,DSD_EO_117@DF_EO_117,/OECD+USA+EA17+JPN+DEU+GBR+CHN+IND+BRA.GDPV_ANNPCT.A?startPeriod=1990&format=csvfilewithlabels"
oecd-economic-outlook-2025-12,oecd-economic-outlook,2025-12,2025-12,"https://sdmx.oecd.org/public/rest/data/OECD.ECO.MAD,DSD_EO_118@DF_EO_118,/OECD+USA+EA17+JPN+DEU+GBR+CHN+IND+BRA.GDPV_ANNPCT.A?startPeriod=1990&format=csvfilewithlabels"
oecd-economic-outlook-2026-06,oecd-economic-outlook,2026-06,2026-06,"https://sdmx.oecd.org/public/rest/data/OECD.ECO.MAD,DSD_EO@DF_EO,/OECD+USA+EA17+JPN+DEU+GBR+CHN+IND+BRA.GDPV_ANNPCT.A?startPeriod=1990&format=csvfilewithlabels"
world-bank-gep-1991-05,world-bank-gep,1991-05,1991-05,https://documents.worldbank.org/curated/en/165281468765552221/pdf/Global-economic-prospects-and-the-developing-countries-1991.pdf#page=41
world-bank-gep-1992-04,world-bank-gep,1992-04,1992-04,https://documents.worldbank.org/curated/en/875251468762297323/pdf/Global-economic-prospects-and-the-developing-countries-1992.pdf#page=18
world-bank-gep-1995-08,world-bank-gep,1995-08,1995-08,https://documents.worldbank.org/curated/en/446141492622943161/pdf/multi0page.pdf#page=49
world-bank-gep-1996-08,world-bank-gep,1996-08,1996-08,https://documents.worldbank.org/curated/en/324381492624417285/pdf/multi0page.pdf#page=39
world-bank-gep-1998-12,world-bank-gep,1998-12,1998-12,https://documents.worldbank.org/curated/en/739741468175437049/pdf/187770REPLACEM11500514207100CHINESE.pdf#page=25
world-bank-gep-1999-12,world-bank-gep,1999-12,1999-12,https://thedocs.worldbank.org/en/doc/2d83dc6f2b64291e7c6943d1b6a2eea9-0350012021/related/GEP-GDP-growth-2000-2004.zip
world-bank-gep-2000-12,world-bank-gep,2000-12,2000-12,https://thedocs.worldbank.org/en/doc/2d83dc6f2b64291e7c6943d1b6a2eea9-0350012021/related/GEP-GDP-growth-2000-2004.zip
world-bank-gep-2002-01,world-bank-gep,2002-01,2002-01,https://thedocs.worldbank.org/en/doc/2d83dc6f2b64291e7c6943d1b6a2eea9-0350012021/related/GEP-GDP-growth-2000-2004.zip
world-bank-gep-2003-01,world-bank-gep,2003-01,2003-01,https://thedocs.worldbank.org/en/doc/2d83dc6f2b64291e7c6943d1b6a2eea9-0350012021/related/GEP-GDP-growth-2000-2004.zip
world-bank-gep-2003-09,world-bank-gep,2003-09,2003-09,https://thedocs.worldbank.org/en/doc/2d83dc6f2b64291e7c6943d1b6a2eea9-0350012021/related/GEP-GDP-growth-2000-2004.zip
world-bank-gep-2004-11,world-bank-gep,2004-11,2004-11,https://thedocs.worldbank.org/en/doc/2d83dc6f2b64291e7c6943d1b6a2eea9-0350012021/related/GEP-GDP-growth-2005-2009.zip
world-bank-gep-2005-11,world-bank-gep,2005-11,2005-11,https://thedocs.worldbank.org/en/doc/2d83dc6f2b64291e7c6943d1b6a2eea9-0350012021/related/GEP-GDP-growth-2005-2009.zip
world-bank-gep-2006-12,world-bank-gep,2006-12,2006-12,https://thedocs.worldbank.org/en/doc/2d83dc6f2b64291e7c6943d1b6a2eea9-0350012021/related/GEP-GDP-growth-2005-2009.zip
world-bank-gep-2008-01,world-bank-gep,2008-01,2008-01,https://thedocs.worldbank.org/en/doc/2d83dc6f2b64291e7c6943d1b6a2eea9-0350012021/related/GEP-GDP-growth-2005-2009.zip
world-bank-gep-2008-12,world-bank-gep,2008-12,2008-12,https://thedocs.worldbank.org/en/doc/2d83dc6f2b64291e7c6943d1b6a2eea9-0350012021/related/GEP-GDP-growth-2005-2009.zip
world-bank-gep-2010-01,world-bank-gep,2010-01,2010-01,https://thedocs.worldbank.org/en/doc/2d83dc6f2b64291e7c6943d1b6a2eea9-0350012021/related/GEP-GDP-growth-2010-2014.zip
world-bank-gep-2010-06,world-bank-gep,2010-06,2010-06,https://thedocs.worldbank.org/en/doc/2d83dc6f2b64291e7c6943d1b6a2eea9-0350012021/related/GEP-GDP-growth-2010-2014.zip
world-bank-gep-2011-01,world-bank-gep,2011-01,2011-01,https://thedocs.worldbank.org/en/doc/2d83dc6f2b64291e7c6943d1b6a2eea9-0350012021/related/GEP-GDP-growth-2010-2014.zip
world-bank-gep-2011-06,world-bank-gep,2011-06,2011-06,https://thedocs.worldbank.org/en/doc/2d83dc6f2b64291e7c6943d1b6a2eea9-0350012021/related/GEP-GDP-growth-2010-2014.zip
world-bank-gep-2012-01,world-bank-gep,2012-01,2012-01,https://thedocs.worldbank.org/en/doc/2d83dc6f2b64291e7c6943d1b6a2eea9-0350012021/related/GEP-GDP-growth-2010-2014.zip
world-bank-gep-2012-06,world-bank-gep,2012-06,2012-06,https://thedocs.worldbank.org/en/doc/2d83dc6f2b64291e7c6943d1b6a2eea9-0350012021/related/GEP-GDP-growth-2010-2014.zip
world-bank-gep-2013-01,world-bank-gep,2013-01,2013-01,https://thedocs.worldbank.org/en/doc/2d83dc6f2b64291e7c6943d1b6a2eea9-0350012021/related/GEP-GDP-growth-2010-2014.zip
world-bank-gep-2013-06,world-bank-gep,2013-06,2013-06,https://thedocs.worldbank.org/en/doc/2d83dc6f2b64291e7c6943d1b6a2eea9-0350012021/related/GEP-GDP-growth-2010-2014.zip
world-bank-gep-2014-01,world-bank-gep,2014-01,2014-01,https://thedocs.worldbank.org/en/doc/2d83dc6f2b64291e7c6943d1b6a2eea9-0350012021/related/GEP-GDP-growth-2010-2014.zip
world-bank-gep-2014-06,world-bank-gep,2014-06,2014-06,https://thedocs.worldbank.org/en/doc/2d83dc6f2b64291e7c6943d1b6a2eea9-0350012021/related/GEP-GDP-growth-2010-2014.zip
world-bank-gep-2015-01,world-bank-gep,2015-01,2015-01,https://thedocs.worldbank.org/en/doc/2d83dc6f2b64291e7c6943d1b6a2eea9-0350012021/related/GEP-GDP-growth-2015-2019.zip
world-bank-gep-2015-06,world-bank-gep,2015-06,2015-06,https://thedocs.worldbank.org/en/doc/2d83dc6f2b64291e7c6943d1b6a2eea9-0350012021/related/GEP-GDP-growth-2015-2019.zip
world-bank-gep-2016-01,world-bank-gep,2016-01,2016-01,https://thedocs.worldbank.org/en/doc/2d83dc6f2b64291e7c6943d1b6a2eea9-0350012021/related/GEP-GDP-growth-2015-2019.zip
world-bank-gep-2016-06,world-bank-gep,2016-06,2016-06,https://thedocs.worldbank.org/en/doc/2d83dc6f2b64291e7c6943d1b6a2eea9-0350012021/related/GEP-GDP-growth-2015-2019.zip
world-bank-gep-2017-01,world-bank-gep,2017-01,2017-01,https://thedocs.worldbank.org/en/doc/2d83dc6f2b64291e7c6943d1b6a2eea9-0350012021/related/GEP-GDP-growth-2015-2019.zip
world-bank-gep-2017-06,world-bank-gep,2017-06,2017-06,https://thedocs.worldbank.org/en/doc/2d83dc6f2b64291e7c6943d1b6a2eea9-0350012021/related/GEP-GDP-growth-2015-2019.zip
world-bank-gep-2018-01,world-bank-gep,2018-01,2018-01,https://thedocs.worldbank.org/en/doc/2d83dc6f2b64291e7c6943d1b6a2eea9-0350012021/related/GEP-GDP-growth-2015-2019.zip
world-bank-gep-2018-06,world-bank-gep,2018-06,2018-06,https://thedocs.worldbank.org/en/doc/2d83dc6f2b64291e7c6943d1b6a2eea9-0350012021/related/GEP-GDP-growth-2015-2019.zip
world-bank-gep-2019-01,world-bank-gep,2019-01,2019-01,https://thedocs.worldbank.org/en/doc/2d83dc6f2b64291e7c6943d1b6a2eea9-0350012021/related/GEP-GDP-growth-2015-2019.zip
world-bank-gep-2019-06,world-bank-gep,2019-06,2019-06,https://thedocs.worldbank.org/en/doc/2d83dc6f2b64291e7c6943d1b6a2eea9-0350012021/related/GEP-GDP-growth-2015-2019.zip
world-bank-gep-2020-01,world-bank-gep,2020-01,2020-01,https://thedocs.worldbank.org/en/doc/2b672b3b0415d6b66c45b66579db4ef5-0050012026/related/GEP-GDP-growth-2020-2024.zip
world-bank-gep-2020-06,world-bank-gep,2020-06,2020-06,https://thedocs.worldbank.org/en/doc/2b672b3b0415d6b66c45b66579db4ef5-0050012026/related/GEP-GDP-growth-2020-2024.zip
world-bank-gep-2021-01,world-bank-gep,2021-01,2021-01,https://thedocs.worldbank.org/en/doc/2b672b3b0415d6b66c45b66579db4ef5-0050012026/related/GEP-GDP-growth-2020-2024.zip
world-bank-gep-2021-06,world-bank-gep,2021-06,2021-06,https://thedocs.worldbank.org/en/doc/2b672b3b0415d6b66c45b66579db4ef5-0050012026/related/GEP-GDP-growth-2020-2024.zip
world-bank-gep-2022-01,world-bank-gep,2022-01,2022-01,https://thedocs.worldbank.org/en/doc/2b672b3b0415d6b66c45b66579db4ef5-0050012026/related/GEP-GDP-growth-2020-2024.zip
world-bank-gep-2022-06,world-bank-gep,2022-06,2022-06,https://thedocs.worldbank.org/en/doc/2b672b3b0415d6b66c45b66579db4ef5-0050012026/related/GEP-GDP-growth-2020-2024.zip
world-bank-gep-2023-01,world-bank-gep,2023-01,2023-01,https://thedocs.worldbank.org/en/doc/2b672b3b0415d6b66c45b66579db4ef5-0050012026/related/GEP-GDP-growth-2020-2024.zip
world-bank-gep-2023-06,world-bank-gep,2023-06,2023-06,https://thedocs.worldbank.org/en/doc/2b672b3b0415d6b66c45b66579db4ef5-0050012026/related/GEP-GDP-growth-2020-2024.zip
world-bank-gep-2024-01,world-bank-gep,2024-01,2024-01,https://thedocs.worldbank.org/en/doc/2b672b3b0415d6b66c45b66579db4ef5-0050012026/related/GEP-GDP-growth-2020-2024.zip
world-bank-gep-2024-06,world-bank-gep,2024-06,2024-06,https://thedocs.worldbank.org/en/doc/2b672b3b0415d6b66c45b66579db4ef5-0050012026/related/GEP-GDP-growth-2020-2024.zip
world-bank-gep-2025-01,world-bank-gep,2025-01,2025-01,https://thedocs.worldbank.org/en/doc/c50bc3c87bc2666b9e5fa6699b0b2849-0050012025/related/GEP-January-2025-gdp-growth.pdf
world-bank-gep-2025-06,world-bank-gep,2025-06,2025-06,https://thedocs.worldbank.org/en/doc/8bf0b62ec6bcb886d97295ad930059e9-0050012025/related/GEP-June-2025-gdp-growth.pdf
world-bank-gep-2026-01,world-bank-gep,2026-01,2026-01,https://thedocs.worldbank.org/en/doc/7ce50b5aa95bef66048680bba9926ec8-0050012026/related/GEP-Jan-2026-gdp-growth.pdf
world-bank-gep-2026-06,world-bank-gep,2026-06,2026-06,https://thedocs.worldbank.org/en/doc/2b672b3b0415d6b66c45b66579db4ef5-0050012026/related/GEP-Jun-2026-gdp-growth.pdf
fed-sep-2007-10,fed-sep,2007-10,2007-11-20,https://alfred.stlouisfed.org/graph/alfredgraph.csv?id=GDPC1CTH&vintage_date=2007-11-20
fed-sep-2008-01,fed-sep,2008-01,2008-02-20,https://alfred.stlouisfed.org/graph/alfredgraph.csv?id=GDPC1CTH&vintage_date=2008-02-20
fed-sep-2008-04,fed-sep,2008-04,2008-05-21,https://alfred.stlouisfed.org/graph/alfredgraph.csv?id=GDPC1CTH&vintage_date=2008-05-21
fed-sep-2008-06,fed-sep,2008-06,2008-07-16,https://alfred.stlouisfed.org/graph/alfredgraph.csv?id=GDPC1CTH&vintage_date=2008-07-16
fed-sep-2008-10,fed-sep,2008-10,2008-11-19,https://alfred.stlouisfed.org/graph/alfredgraph.csv?id=GDPC1CTH&vintage_date=2008-11-19
fed-sep-2009-01,fed-sep,2009-01,2009-02-18,https://alfred.stlouisfed.org/graph/alfredgraph.csv?id=GDPC1CTH&vintage_date=2009-02-18
fed-sep-2009-04,fed-sep,2009-04,2009-05-20,https://alfred.stlouisfed.org/graph/alfredgraph.csv?id=GDPC1CTH&vintage_date=2009-05-20
fed-sep-2009-06,fed-sep,2009-06,2009-07-15,https://alfred.stlouisfed.org/graph/alfredgraph.csv?id=GDPC1CTH&vintage_date=2009-07-15
fed-sep-2009-11,fed-sep,2009-11,2009-11-24,https://alfred.stlouisfed.org/graph/alfredgraph.csv?id=GDPC1CTH&vintage_date=2009-11-24
fed-sep-2010-01,fed-sep,2010-01,2010-02-17,https://alfred.stlouisfed.org/graph/alfredgraph.csv?id=GDPC1CTH&vintage_date=2010-02-17
fed-sep-2010-04,fed-sep,2010-04,2010-05-19,https://alfred.stlouisfed.org/graph/alfredgraph.csv?id=GDPC1CTH&vintage_date=2010-05-19
fed-sep-2010-06,fed-sep,2010-06,2010-07-14,https://alfred.stlouisfed.org/graph/alfredgraph.csv?id=GDPC1CTH&vintage_date=2010-07-14
fed-sep-2010-11,fed-sep,2010-11,2010-11-23,https://alfred.stlouisfed.org/graph/alfredgraph.csv?id=GDPC1CTH&vintage_date=2010-11-23
fed-sep-2011-01,fed-sep,2011-01,2011-02-16,https://alfred.stlouisfed.org/graph/alfredgraph.csv?id=GDPC1CTH&vintage_date=2011-02-16
fed-sep-2011-04,fed-sep,2011-04,2011-04-27,https://alfred.stlouisfed.org/graph/alfredgraph.csv?id=GDPC1CTH&vintage_date=2011-04-27
fed-sep-2011-06,fed-sep,2011-06,2011-06-22,https://alfred.stlouisfed.org/graph/alfredgraph.csv?id=GDPC1CTH&vintage_date=2011-06-22
fed-sep-2011-11,fed-sep,2011-11,2011-11-02,https://alfred.stlouisfed.org/graph/alfredgraph.csv?id=GDPC1CTH&vintage_date=2011-11-02
fed-sep-2012-01,fed-sep,2012-01,2012-01-25,https://alfred.stlouisfed.org/graph/alfredgraph.csv?id=GDPC1CTH&vintage_date=2012-01-25
fed-sep-2012-04,fed-sep,2012-04,2012-04-25,https://alfred.stlouisfed.org/graph/alfredgraph.csv?id=GDPC1CTH&vintage_date=2012-04-25
fed-sep-2012-06,fed-sep,2012-06,2012-06-20,https://alfred.stlouisfed.org/graph/alfredgraph.csv?id=GDPC1CTH&vintage_date=2012-06-20
fed-sep-2012-09,fed-sep,2012-09,2012-09-13,https://alfred.stlouisfed.org/graph/alfredgraph.csv?id=GDPC1CTH&vintage_date=2012-09-13
fed-sep-2012-12,fed-sep,2012-12,2012-12-12,https://alfred.stlouisfed.org/graph/alfredgraph.csv?id=GDPC1CTH&vintage_date=2012-12-12
fed-sep-2013-03,fed-sep,2013-03,2013-03-20,https://alfred.stlouisfed.org/graph/alfredgraph.csv?id=GDPC1CTH&vintage_date=2013-03-20
fed-sep-2013-06,fed-sep,2013-06,2013-06-19,https://alfred.stlouisfed.org/graph/alfredgraph.csv?id=GDPC1CTH&vintage_date=2013-06-19
fed-sep-2013-09,fed-sep,2013-09,2013-09-18,https://alfred.stlouisfed.org/graph/alfredgraph.csv?id=GDPC1CTH&vintage_date=2013-09-18
fed-sep-2013-12,fed-sep,2013-12,2013-12-18,https://alfred.stlouisfed.org/graph/alfredgraph.csv?id=GDPC1CTH&vintage_date=2013-12-18
fed-sep-2014-03,fed-sep,2014-03,2014-03-19,https://alfred.stlouisfed.org/graph/alfredgraph.csv?id=GDPC1CTH&vintage_date=2014-03-19
fed-sep-2014-06,fed-sep,2014-06,2014-06-18,https://alfred.stlouisfed.org/graph/alfredgraph.csv?id=GDPC1CTH&vintage_date=2014-06-18
fed-sep-2014-09,fed-sep,2014-09,2014-09-17,https://alfred.stlouisfed.org/graph/alfredgraph.csv?id=GDPC1CTH&vintage_date=2014-09-17
fed-sep-2014-12,fed-sep,2014-12,2014-12-17,https://alfred.stlouisfed.org/graph/alfredgraph.csv?id=GDPC1CTH&vintage_date=2014-12-17
fed-sep-2015-03,fed-sep,2015-03,2015-03-18,https://alfred.stlouisfed.org/graph/alfredgraph.csv?id=GDPC1CTH&vintage_date=2015-03-18
fed-sep-2015-06,fed-sep,2015-06,2015-06-17,https://alfred.stlouisfed.org/graph/alfredgraph.csv?id=GDPC1CTH&vintage_date=2015-06-17
fed-sep-2015-09,fed-sep,2015-09,2015-09-17,https://www.federalreserve.gov/monetarypolicy/fomcprojtabl20150917.htm
fed-sep-2015-12,fed-sep,2015-12,2015-12-16,https://alfred.stlouisfed.org/graph/alfredgraph.csv?id=FEDTARMD&vintage_date=2015-12-16
fed-sep-2016-03,fed-sep,2016-03,2016-03-16,https://alfred.stlouisfed.org/graph/alfredgraph.csv?id=FEDTARMD&vintage_date=2016-03-16
fed-sep-2016-06,fed-sep,2016-06,2016-06-15,https://alfred.stlouisfed.org/graph/alfredgraph.csv?id=FEDTARMD&vintage_date=2016-06-15
fed-sep-2016-09,fed-sep,2016-09,2016-09-21,https://alfred.stlouisfed.org/graph/alfredgraph.csv?id=FEDTARMD&vintage_date=2016-09-21
fed-sep-2016-12,fed-sep,2016-12,2016-12-14,https://alfred.stlouisfed.org/graph/alfredgraph.csv?id=FEDTARMD&vintage_date=2016-12-14
fed-sep-2017-03,fed-sep,2017-03,2017-03-15,https://alfred.stlouisfed.org/graph/alfredgraph.csv?id=FEDTARMD&vintage_date=2017-03-15
fed-sep-2017-06,fed-sep,2017-06,2017-06-14,https://alfred.stlouisfed.org/graph/alfredgraph.csv?id=FEDTARMD&vintage_date=2017-06-14
fed-sep-2017-09,fed-sep,2017-09,2017-09-20,https://alfred.stlouisfed.org/graph/alfredgraph.csv?id=FEDTARMD&vintage_date=2017-09-20
fed-sep-2017-12,fed-sep,2017-12,2017-12-13,https://alfred.stlouisfed.org/graph/alfredgraph.csv?id=FEDTARMD&vintage_date=2017-12-13
fed-sep-2018-03,fed-sep,2018-03,2018-03-21,https://alfred.stlouisfed.org/graph/alfredgraph.csv?id=FEDTARMD&vintage_date=2018-03-21
fed-sep-2018-06,fed-sep,2018-06,2018-06-13,https://alfred.stlouisfed.org/graph/alfredgraph.csv?id=FEDTARMD&vintage_date=2018-06-13
fed-sep-2018-09,fed-sep,2018-09,2018-09-26,https://alfred.stlouisfed.org/graph/alfredgraph.csv?id=FEDTARMD&vintage_date=2018-09-26
fed-sep-2018-12,fed-sep,2018-12,2018-12-19,https://alfred.stlouisfed.org/graph/alfredgraph.csv?id=FEDTARMD&vintage_date=2018-12-19
fed-sep-2019-03,fed-sep,2019-03,2019-03-20,https://alfred.stlouisfed.org/graph/alfredgraph.csv?id=FEDTARMD&vintage_date=2019-03-20
fed-sep-2019-06,fed-sep,2019-06,2019-06-19,https://alfred.stlouisfed.org/graph/alfredgraph.csv?id=FEDTARMD&vintage_date=2019-06-19
fed-sep-2019-09,fed-sep,2019-09,2019-09-18,https://alfred.stlouisfed.org/graph/alfredgraph.csv?id=FEDTARMD&vintage_date=2019-09-18
fed-sep-2019-12,fed-sep,2019-12,2019-12-11,https://alfred.stlouisfed.org/graph/alfredgraph.csv?id=FEDTARMD&vintage_date=2019-12-11
fed-sep-2020-06,fed-sep,2020-06,2020-06-10,https://alfred.stlouisfed.org/graph/alfredgraph.csv?id=FEDTARMD&vintage_date=2020-06-10
fed-sep-2020-09,fed-sep,2020-09,2020-09-16,https://alfred.stlouisfed.org/graph/alfredgraph.csv?id=FEDTARMD&vintage_date=2020-09-16
fed-sep-2020-12,fed-sep,2020-12,2020-12-16,https://alfred.stlouisfed.org/graph/alfredgraph.csv?id=FEDTARMD&vintage_date=2020-12-16
fed-sep-2021-03,fed-sep,2021-03,2021-03-17,https://alfred.stlouisfed.org/graph/alfredgraph.csv?id=FEDTARMD&vintage_date=2021-03-17
fed-sep-2021-06,fed-sep,2021-06,2021-06-16,https://alfred.stlouisfed.org/graph/alfredgraph.csv?id=FEDTARMD&vintage_date=2021-06-16
fed-sep-2021-09,fed-sep,2021-09,2021-09-22,https://alfred.stlouisfed.org/graph/alfredgraph.csv?id=FEDTARMD&vintage_date=2021-09-22
fed-sep-2021-12,fed-sep,2021-12,2021-12-15,https://alfred.stlouisfed.org/graph/alfredgraph.csv?id=FEDTARMD&vintage_date=2021-12-15
fed-sep-2022-03,fed-sep,2022-03,2022-03-16,https://alfred.stlouisfed.org/graph/alfredgraph.csv?id=FEDTARMD&vintage_date=2022-03-16
fed-sep-2022-06,fed-sep,2022-06,2022-06-15,https://alfred.stlouisfed.org/graph/alfredgraph.csv?id=FEDTARMD&vintage_date=2022-06-15
fed-sep-2022-09,fed-sep,2022-09,2022-09-21,https://alfred.stlouisfed.org/graph/alfredgraph.csv?id=FEDTARMD&vintage_date=2022-09-21
fed-sep-2022-12,fed-sep,2022-12,2022-12-14,https://alfred.stlouisfed.org/graph/alfredgraph.csv?id=FEDTARMD&vintage_date=2022-12-14
fed-sep-2023-03,fed-sep,2023-03,2023-03-22,https://alfred.stlouisfed.org/graph/alfredgraph.csv?id=FEDTARMD&vintage_date=2023-03-22
fed-sep-2023-06,fed-sep,2023-06,2023-06-14,https://alfred.stlouisfed.org/graph/alfredgraph.csv?id=FEDTARMD&vintage_date=2023-06-14
fed-sep-2023-09,fed-sep,2023-09,2023-09-20,https://alfred.stlouisfed.org/graph/alfredgraph.csv?id=FEDTARMD&vintage_date=2023-09-20
fed-sep-2023-12,fed-sep,2023-12,2023-12-13,https://alfred.stlouisfed.org/graph/alfredgraph.csv?id=FEDTARMD&vintage_date=2023-12-13
fed-sep-2024-03,fed-sep,2024-03,2024-03-20,https://alfred.stlouisfed.org/graph/alfredgraph.csv?id=FEDTARMD&vintage_date=2024-03-20
fed-sep-2024-06,fed-sep,2024-06,2024-06-12,https://alfred.stlouisfed.org/graph/alfredgraph.csv?id=FEDTARMD&vintage_date=2024-06-12
fed-sep-2024-09,fed-sep,2024-09,2024-09-18,https://alfred.stlouisfed.org/graph/alfredgraph.csv?id=FEDTARMD&vintage_date=2024-09-18
fed-sep-2024-12,fed-sep,2024-12,2024-12-18,https://alfred.stlouisfed.org/graph/alfredgraph.csv?id=FEDTARMD&vintage_date=2024-12-18
fed-sep-2025-03,fed-sep,2025-03,2025-03-19,https://alfred.stlouisfed.org/graph/alfredgraph.csv?id=FEDTARMD&vintage_date=2025-03-19
fed-sep-2025-06,fed-sep,2025-06,2025-06-18,https://alfred.stlouisfed.org/graph/alfredgraph.csv?id=FEDTARMD&vintage_date=2025-06-18
fed-sep-2025-09,fed-sep,2025-09,2025-09-17,https://alfred.stlouisfed.org/graph/alfredgraph.csv?id=FEDTARMD&vintage_date=2025-09-17
fed-sep-2025-12,fed-sep,2025-12,2025-12-10,https://alfred.stlouisfed.org/graph/alfredgraph.csv?id=FEDTARMD&vintage_date=2025-12-10
fed-sep-2026-03,fed-sep,2026-03,2026-03-18,https://alfred.stlouisfed.org/graph/alfredgraph.csv?id=FEDTARMD&vintage_date=2026-03-18
fed-sep-2026-06,fed-sep,2026-06,2026-06-17,https://alfred.stlouisfed.org/graph/alfredgraph.csv?id=FEDTARMD&vintage_date=2026-06-17
fed-sep-2026-09,fed-sep,2026-09,2026-09-16,https://alfred.stlouisfed.org/graph/alfredgraph.csv?id=FEDTARMD&vintage_date=2026-09-16
ecb-projections-2000-12,ecb-projections,2000-12,2000-12,https://www.ecb.europa.eu/mopo/devel/ecana/html/table.en.html
ecb-projections-2001-03,ecb-projections,2001-03,2001-03,https://www.ecb.europa.eu/mopo/devel/ecana/html/table.en.html
ecb-projections-2001-06,ecb-projections,2001-06,2001-06,https://www.ecb.europa.eu/mopo/devel/ecana/html/table.en.html
ecb-projections-2001-09,ecb-projections,2001-09,2001-09,https://www.ecb.europa.eu/mopo/devel/ecana/html/table.en.html
ecb-projections-2001-12,ecb-projections,2001-12,2001-12,https://www.ecb.europa.eu/mopo/devel/ecana/html/table.en.html
ecb-projections-2002-03,ecb-projections,2002-03,2002-03,https://www.ecb.europa.eu/mopo/devel/ecana/html/table.en.html
ecb-projections-2002-06,ecb-projections,2002-06,2002-06,https://www.ecb.europa.eu/mopo/devel/ecana/html/table.en.html
ecb-projections-2002-09,ecb-projections,2002-09,2002-09,https://www.ecb.europa.eu/mopo/devel/ecana/html/table.en.html
ecb-projections-2002-12,ecb-projections,2002-12,2002-12,https://www.ecb.europa.eu/mopo/devel/ecana/html/table.en.html
ecb-projections-2003-03,ecb-projections,2003-03,2003-03,https://www.ecb.europa.eu/mopo/devel/ecana/html/table.en.html
ecb-projections-2003-06,ecb-projections,2003-06,2003-06,https://www.ecb.europa.eu/mopo/devel/ecana/html/table.en.html
ecb-projections-2003-09,ecb-projections,2003-09,2003-09,https://www.ecb.europa.eu/mopo/devel/ecana/html/table.en.html
ecb-projections-2003-12,ecb-projections,2003-12,2003-12,https://www.ecb.europa.eu/mopo/devel/ecana/html/table.en.html
ecb-projections-2004-03,ecb-projections,2004-03,2004-03,https://www.ecb.europa.eu/mopo/devel/ecana/html/table.en.html
ecb-projections-2004-06,ecb-projections,2004-06,2004-06,https://www.ecb.europa.eu/mopo/devel/ecana/html/table.en.html
ecb-projections-2004-09,ecb-projections,2004-09,2004-09,https://www.ecb.europa.eu/mopo/devel/ecana/html/table.en.html
ecb-projections-2004-12,ecb-projections,2004-12,2004-12,https://www.ecb.europa.eu/mopo/devel/ecana/html/table.en.html
ecb-projections-2005-03,ecb-projections,2005-03,2005-03,https://www.ecb.europa.eu/mopo/devel/ecana/html/table.en.html
ecb-projections-2005-06,ecb-projections,2005-06,2005-06,https://www.ecb.europa.eu/mopo/devel/ecana/html/table.en.html
ecb-projections-2005-09,ecb-projections,2005-09,2005-09,https://www.ecb.europa.eu/mopo/devel/ecana/html/table.en.html
ecb-projections-2005-12,ecb-projections,2005-12,2005-12,https://www.ecb.europa.eu/mopo/devel/ecana/html/table.en.html
ecb-projections-2006-03,ecb-projections,2006-03,2006-03,https://www.ecb.europa.eu/mopo/devel/ecana/html/table.en.html
ecb-projections-2006-06,ecb-projections,2006-06,2006-06,https://www.ecb.europa.eu/mopo/devel/ecana/html/table.en.html
ecb-projections-2006-09,ecb-projections,2006-09,2006-09,https://www.ecb.europa.eu/mopo/devel/ecana/html/table.en.html
ecb-projections-2006-12,ecb-projections,2006-12,2006-12,https://www.ecb.europa.eu/mopo/devel/ecana/html/table.en.html
ecb-projections-2007-03,ecb-projections,2007-03,2007-03,https://www.ecb.europa.eu/mopo/devel/ecana/html/table.en.html
ecb-projections-2007-06,ecb-projections,2007-06,2007-06,https://www.ecb.europa.eu/mopo/devel/ecana/html/table.en.html
ecb-projections-2007-09,ecb-projections,2007-09,2007-09,https://www.ecb.europa.eu/mopo/devel/ecana/html/table.en.html
ecb-projections-2007-12,ecb-projections,2007-12,2007-12,https://www.ecb.europa.eu/mopo/devel/ecana/html/table.en.html
ecb-projections-2008-03,ecb-projections,2008-03,2008-03,https://www.ecb.europa.eu/mopo/devel/ecana/html/table.en.html
ecb-projections-2008-06,ecb-projections,2008-06,2008-06,https://www.ecb.europa.eu/mopo/devel/ecana/html/table.en.html
ecb-projections-2008-09,ecb-projections,2008-09,2008-09,https://www.ecb.europa.eu/mopo/devel/ecana/html/table.en.html
ecb-projections-2008-12,ecb-projections,2008-12,2008-12,https://www.ecb.europa.eu/mopo/devel/ecana/html/table.en.html
ecb-projections-2009-03,ecb-projections,2009-03,2009-03,https://www.ecb.europa.eu/mopo/devel/ecana/html/table.en.html
ecb-projections-2009-06,ecb-projections,2009-06,2009-06,https://www.ecb.europa.eu/mopo/devel/ecana/html/table.en.html
ecb-projections-2009-09,ecb-projections,2009-09,2009-09,https://www.ecb.europa.eu/mopo/devel/ecana/html/table.en.html
ecb-projections-2009-12,ecb-projections,2009-12,2009-12,https://www.ecb.europa.eu/mopo/devel/ecana/html/table.en.html
ecb-projections-2010-03,ecb-projections,2010-03,2010-03,https://www.ecb.europa.eu/mopo/devel/ecana/html/table.en.html
ecb-projections-2010-06,ecb-projections,2010-06,2010-06,https://www.ecb.europa.eu/mopo/devel/ecana/html/table.en.html
ecb-projections-2010-09,ecb-projections,2010-09,2010-09,https://www.ecb.europa.eu/mopo/devel/ecana/html/table.en.html
ecb-projections-2010-12,ecb-projections,2010-12,2010-12,https://www.ecb.europa.eu/mopo/devel/ecana/html/table.en.html
ecb-projections-2011-03,ecb-projections,2011-03,2011-03,https://www.ecb.europa.eu/mopo/devel/ecana/html/table.en.html
ecb-projections-2011-06,ecb-projections,2011-06,2011-06,https://www.ecb.europa.eu/mopo/devel/ecana/html/table.en.html
ecb-projections-2011-09,ecb-projections,2011-09,2011-09,https://www.ecb.europa.eu/mopo/devel/ecana/html/table.en.html
ecb-projections-2011-12,ecb-projections,2011-12,2011-12,https://www.ecb.europa.eu/mopo/devel/ecana/html/table.en.html
ecb-projections-2012-03,ecb-projections,2012-03,2012-03,https://www.ecb.europa.eu/mopo/devel/ecana/html/table.en.html
ecb-projections-2012-06,ecb-projections,2012-06,2012-06,https://www.ecb.europa.eu/mopo/devel/ecana/html/table.en.html
ecb-projections-2012-09,ecb-projections,2012-09,2012-09,https://www.ecb.europa.eu/mopo/devel/ecana/html/table.en.html
ecb-projections-2012-12,ecb-projections,2012-12,2012-12,https://www.ecb.europa.eu/mopo/devel/ecana/html/table.en.html
ecb-projections-2013-03,ecb-projections,2013-03,2013-03,https://www.ecb.europa.eu/mopo/devel/ecana/html/table.en.html
ecb-projections-2013-06,ecb-projections,2013-06,2013-06,https://www.ecb.europa.eu/mopo/devel/ecana/html/table.en.html
ecb-projections-2013-09,ecb-projections,2013-09,2013-09,https://www.ecb.europa.eu/mopo/devel/ecana/html/table.en.html
ecb-projections-2013-12,ecb-projections,2013-12,2013-12,https://www.ecb.europa.eu/mopo/devel/ecana/html/table.en.html
ecb-projections-2014-03,ecb-projections,2014-03,2014-03,https://www.ecb.europa.eu/mopo/devel/ecana/html/table.en.html
ecb-projections-2014-06,ecb-projections,2014-06,2014-06,https://www.ecb.europa.eu/mopo/devel/ecana/html/table.en.html
ecb-projections-2014-09,ecb-projections,2014-09,2014-09,https://www.ecb.europa.eu/mopo/devel/ecana/html/table.en.html
ecb-projections-2014-12,ecb-projections,2014-12,2014-12,https://www.ecb.europa.eu/mopo/devel/ecana/html/table.en.html
ecb-projections-2015-03,ecb-projections,2015-03,2015-03,https://www.ecb.europa.eu/mopo/devel/ecana/html/table.en.html
ecb-projections-2015-06,ecb-projections,2015-06,2015-06,https://www.ecb.europa.eu/mopo/devel/ecana/html/table.en.html
ecb-projections-2015-09,ecb-projections,2015-09,2015-09,https://www.ecb.europa.eu/mopo/devel/ecana/html/table.en.html
ecb-projections-2015-12,ecb-projections,2015-12,2015-12,https://www.ecb.europa.eu/mopo/devel/ecana/html/table.en.html
ecb-projections-2016-03,ecb-projections,2016-03,2016-03,https://www.ecb.europa.eu/mopo/devel/ecana/html/table.en.html
ecb-projections-2016-06,ecb-projections,2016-06,2016-06,https://www.ecb.europa.eu/mopo/devel/ecana/html/table.en.html
ecb-projections-2016-09,ecb-projections,2016-09,2016-09,https://www.ecb.europa.eu/mopo/devel/ecana/html/table.en.html
ecb-projections-2016-12,ecb-projections,2016-12,2016-12,https://www.ecb.europa.eu/mopo/devel/ecana/html/table.en.html
ecb-projections-2017-03,ecb-projections,2017-03,2017-03,https://www.ecb.europa.eu/mopo/devel/ecana/html/table.en.html
ecb-projections-2017-06,ecb-projections,2017-06,2017-06,https://www.ecb.europa.eu/mopo/devel/ecana/html/table.en.html
ecb-projections-2017-09,ecb-projections,2017-09,2017-09,https://www.ecb.europa.eu/mopo/devel/ecana/html/table.en.html
ecb-projections-2017-12,ecb-projections,2017-12,2017-12,https://www.ecb.europa.eu/mopo/devel/ecana/html/table.en.html
ecb-projections-2018-03,ecb-projections,2018-03,2018-03,https://www.ecb.europa.eu/mopo/devel/ecana/html/table.en.html
ecb-projections-2018-06,ecb-projections,2018-06,2018-06,https://www.ecb.europa.eu/mopo/devel/ecana/html/table.en.html
ecb-projections-2018-09,ecb-projections,2018-09,2018-09,https://www.ecb.europa.eu/mopo/devel/ecana/html/table.en.html
ecb-projections-2018-12,ecb-projections,2018-12,2018-12,https://www.ecb.europa.eu/mopo/devel/ecana/html/table.en.html
ecb-projections-2019-03,ecb-projections,2019-03,2019-03,https://www.ecb.europa.eu/mopo/devel/ecana/html/table.en.html
ecb-projections-2019-06,ecb-projections,2019-06,2019-06,https://www.ecb.europa.eu/mopo/devel/ecana/html/table.en.html
ecb-projections-2019-09,ecb-projections,2019-09,2019-09,https://www.ecb.europa.eu/mopo/devel/ecana/html/table.en.html
ecb-projections-2019-12,ecb-projections,2019-12,2019-12,https://www.ecb.europa.eu/mopo/devel/ecana/html/table.en.html
ecb-projections-2020-03,ecb-projections,2020-03,2020-03,https://www.ecb.europa.eu/mopo/devel/ecana/html/table.en.html
ecb-projections-2020-06,ecb-projections,2020-06,2020-06,https://www.ecb.europa.eu/mopo/devel/ecana/html/table.en.html
ecb-projections-2020-09,ecb-projections,2020-09,2020-09,https://www.ecb.europa.eu/mopo/devel/ecana/html/table.en.html
ecb-projections-2020-12,ecb-projections,2020-12,2020-12,https://www.ecb.europa.eu/mopo/devel/ecana/html/table.en.html
ecb-projections-2021-03,ecb-projections,2021-03,2021-03,https://www.ecb.europa.eu/mopo/devel/ecana/html/table.en.html
ecb-projections-2021-06,ecb-projections,2021-06,2021-06,https://www.ecb.europa.eu/mopo/devel/ecana/html/table.en.html
ecb-projections-2021-09,ecb-projections,2021-09,2021-09,https://www.ecb.europa.eu/mopo/devel/ecana/html/table.en.html
ecb-projections-2021-12,ecb-projections,2021-12,2021-12,https://www.ecb.europa.eu/mopo/devel/ecana/html/table.en.html
ecb-projections-2022-03,ecb-projections,2022-03,2022-03,https://www.ecb.europa.eu/mopo/devel/ecana/html/table.en.html
ecb-projections-2022-06,ecb-projections,2022-06,2022-06,https://www.ecb.europa.eu/mopo/devel/ecana/html/table.en.html
ecb-projections-2022-09,ecb-projections,2022-09,2022-09,https://www.ecb.europa.eu/mopo/devel/ecana/html/table.en.html
ecb-projections-2022-12,ecb-projections,2022-12,2022-12,https://www.ecb.europa.eu/mopo/devel/ecana/html/table.en.html
ecb-projections-2023-03,ecb-projections,2023-03,2023-03,https://www.ecb.europa.eu/mopo/devel/ecana/html/table.en.html
ecb-projections-2023-06,ecb-projections,2023-06,2023-06,https://www.ecb.europa.eu/mopo/devel/ecana/html/table.en.html
ecb-projections-2023-09,ecb-projections,2023-09,2023-09,https://www.ecb.europa.eu/mopo/devel/ecana/html/table.en.html
ecb-projections-2023-12,ecb-projections,2023-12,2023-12,https://www.ecb.europa.eu/mopo/devel/ecana/html/table.en.html
ecb-projections-2024-03,ecb-projections,2024-03,2024-03,https://www.ecb.europa.eu/mopo/devel/ecana/html/table.en.html
ecb-projections-2024-06,ecb-projections,2024-06,2024-06,https://www.ecb.europa.eu/mopo/devel/ecana/html/table.en.html
ecb-projections-2024-09,ecb-projections,2024-09,2024-09,https://www.ecb.europa.eu/mopo/devel/ecana/html/table.en.html
ecb-projections-2024-12,ecb-projections,2024-12,2024-12,https://www.ecb.europa.eu/mopo/devel/ecana/html/table.en.html
ecb-projections-2025-03,ecb-projections,2025-03,2025-03,https://www.ecb.europa.eu/mopo/devel/ecana/html/table.en.html
ecb-projections-2025-06,ecb-projections,2025-06,2025-06,https://www.ecb.europa.eu/mopo/devel/ecana/html/table.en.html
ecb-projections-2025-09,ecb-projections,2025-09,2025-09,https://www.ecb.europa.eu/mopo/devel/ecana/html/table.en.html
ecb-projections-2025-12,ecb-projections,2025-12,2025-12,https://www.ecb.europa.eu/mopo/devel/ecana/html/table.en.html
ecb-projections-2026-03,ecb-projections,2026-03,2026-03,https://www.ecb.europa.eu/mopo/devel/ecana/html/table.en.html
ecb-projections-2026-06,ecb-projections,2026-06,2026-06,https://www.ecb.europa.eu/mopo/devel/ecana/html/table.en.html
ecb-projections-2026-09,ecb-projections,2026-09,2026-09,https://www.ecb.europa.eu/mopo/devel/ecana/html/table.en.html
cbo-projections-1976,cbo-projections,1976,1976,https://www.cbo.gov/system/files/115th-congress-2017-2018/reports/53090-supplementarytables.xlsx
cbo-projections-1977,cbo-projections,1977,1977,https://www.cbo.gov/system/files/115th-congress-2017-2018/reports/53090-supplementarytables.xlsx
cbo-projections-1978,cbo-projections,1978,1978,https://www.cbo.gov/system/files/115th-congress-2017-2018/reports/53090-supplementarytables.xlsx
cbo-projections-1979,cbo-projections,1979,1979,https://www.cbo.gov/system/files/115th-congress-2017-2018/reports/53090-supplementarytables.xlsx
cbo-projections-1980,cbo-projections,1980,1980,https://www.cbo.gov/system/files/115th-congress-2017-2018/reports/53090-supplementarytables.xlsx
cbo-projections-1981,cbo-projections,1981,1981,https://www.cbo.gov/system/files/115th-congress-2017-2018/reports/53090-supplementarytables.xlsx
cbo-projections-1982,cbo-projections,1982,1982,https://www.cbo.gov/system/files/115th-congress-2017-2018/reports/53090-supplementarytables.xlsx
cbo-projections-1983,cbo-projections,1983,1983,https://www.cbo.gov/system/files/115th-congress-2017-2018/reports/53090-supplementarytables.xlsx
cbo-projections-1984-02,cbo-projections,1984-02,1984-02,https://github.com/US-CBO/eval-projections/blob/main/input_data/baselines.csv
cbo-projections-1985-02,cbo-projections,1985-02,1985-02,https://github.com/US-CBO/eval-projections/blob/main/input_data/baselines.csv
cbo-projections-1986-02,cbo-projections,1986-02,1986-02,https://github.com/US-CBO/eval-projections/blob/main/input_data/baselines.csv
cbo-projections-1987-02,cbo-projections,1987-02,1987-02,https://github.com/US-CBO/eval-projections/blob/main/input_data/baselines.csv
cbo-projections-1988-03,cbo-projections,1988-03,1988-03,https://github.com/US-CBO/eval-projections/blob/main/input_data/baselines.csv
cbo-projections-1989-02,cbo-projections,1989-02,1989-02,https://github.com/US-CBO/eval-projections/blob/main/input_data/baselines.csv
cbo-projections-1990-03,cbo-projections,1990-03,1990-03,https://github.com/US-CBO/eval-projections/blob/main/input_data/baselines.csv
cbo-projections-1991-03,cbo-projections,1991-03,1991-03,https://github.com/US-CBO/eval-projections/blob/main/input_data/baselines.csv
cbo-projections-1992-01,cbo-projections,1992-01,1992-01,https://github.com/US-CBO/eval-projections/blob/main/input_data/baselines.csv
cbo-projections-1992-03,cbo-projections,1992-03,1992-03,https://github.com/US-CBO/eval-projections/blob/main/input_data/baselines.csv
cbo-projections-1992-08,cbo-projections,1992-08,1992-08,https://github.com/US-CBO/eval-projections/blob/main/input_data/baselines.csv
cbo-projections-1993-01,cbo-projections,1993-01,1993-01,https://github.com/US-CBO/eval-projections/blob/main/input_data/baselines.csv
cbo-projections-1993-03,cbo-projections,1993-03,1993-03,https://github.com/US-CBO/eval-projections/blob/main/input_data/baselines.csv
cbo-projections-1993-09,cbo-projections,1993-09,1993-09,https://github.com/US-CBO/eval-projections/blob/main/input_data/baselines.csv
cbo-projections-1994-01,cbo-projections,1994-01,1994-01,https://github.com/US-CBO/eval-projections/blob/main/input_data/baselines.csv
cbo-projections-1994-04,cbo-projections,1994-04,1994-04,https://github.com/US-CBO/eval-projections/blob/main/input_data/baselines.csv
cbo-projections-1994-08,cbo-projections,1994-08,1994-08,https://github.com/US-CBO/eval-projections/blob/main/input_data/baselines.csv
cbo-projections-1995-01,cbo-projections,1995-01,1995-01,https://github.com/US-CBO/eval-projections/blob/main/input_data/baselines.csv
cbo-projections-1995-04,cbo-projections,1995-04,1995-04,https://github.com/US-CBO/eval-projections/blob/main/input_data/baselines.csv
cbo-projections-1995-08,cbo-projections,1995-08,1995-08,https://github.com/US-CBO/eval-projections/blob/main/input_data/baselines.csv
cbo-projections-1995-12,cbo-projections,1995-12,1995-12,https://github.com/US-CBO/eval-projections/blob/main/input_data/baselines.csv
cbo-projections-1996-05,cbo-projections,1996-05,1996-05,https://github.com/US-CBO/eval-projections/blob/main/input_data/baselines.csv
cbo-projections-1997-01,cbo-projections,1997-01,1997-01,https://github.com/US-CBO/eval-projections/blob/main/input_data/baselines.csv
cbo-projections-1997-03,cbo-projections,1997-03,1997-03,https://github.com/US-CBO/eval-projections/blob/main/input_data/baselines.csv
cbo-projections-1997-09,cbo-projections,1997-09,1997-09,https://github.com/US-CBO/eval-projections/blob/main/input_data/baselines.csv
cbo-projections-1998-01,cbo-projections,1998-01,1998-01,https://github.com/US-CBO/eval-projections/blob/main/input_data/baselines.csv
cbo-projections-1998-03,cbo-projections,1998-03,1998-03,https://github.com/US-CBO/eval-projections/blob/main/input_data/baselines.csv
cbo-projections-1998-08,cbo-projections,1998-08,1998-08,https://github.com/US-CBO/eval-projections/blob/main/input_data/baselines.csv
cbo-projections-1999-01,cbo-projections,1999-01,1999-01,https://github.com/US-CBO/eval-projections/blob/main/input_data/baselines.csv
cbo-projections-1999-04,cbo-projections,1999-04,1999-04,https://github.com/US-CBO/eval-projections/blob/main/input_data/baselines.csv
cbo-projections-1999-07,cbo-projections,1999-07,1999-07,https://github.com/US-CBO/eval-projections/blob/main/input_data/baselines.csv
cbo-projections-2000-01,cbo-projections,2000-01,2000-01,https://github.com/US-CBO/eval-projections/blob/main/input_data/baselines.csv
cbo-projections-2000-04,cbo-projections,2000-04,2000-04,https://github.com/US-CBO/eval-projections/blob/main/input_data/baselines.csv
cbo-projections-2000-07,cbo-projections,2000-07,2000-07,https://github.com/US-CBO/eval-projections/blob/main/input_data/baselines.csv
cbo-projections-2001-01,cbo-projections,2001-01,2001-01,https://github.com/US-CBO/eval-projections/blob/main/input_data/baselines.csv
cbo-projections-2001-05,cbo-projections,2001-05,2001-05,https://github.com/US-CBO/eval-projections/blob/main/input_data/baselines.csv
cbo-projections-2001-08,cbo-projections,2001-08,2001-08,https://github.com/US-CBO/eval-projections/blob/main/input_data/baselines.csv
cbo-projections-2002-01,cbo-projections,2002-01,2002-01,https://github.com/US-CBO/eval-projections/blob/main/input_data/baselines.csv
cbo-projections-2002-03,cbo-projections,2002-03,2002-03,https://github.com/US-CBO/eval-projections/blob/main/input_data/baselines.csv
cbo-projections-2002-08,cbo-projections,2002-08,2002-08,https://github.com/US-CBO/eval-projections/blob/main/input_data/baselines.csv
cbo-projections-2003-01,cbo-projections,2003-01,2003-01,https://github.com/US-CBO/eval-projections/blob/main/input_data/baselines.csv
cbo-projections-2003-03,cbo-projections,2003-03,2003-03,https://github.com/US-CBO/eval-projections/blob/main/input_data/baselines.csv
cbo-projections-2003-08,cbo-projections,2003-08,2003-08,https://github.com/US-CBO/eval-projections/blob/main/input_data/baselines.csv
cbo-projections-2004-01,cbo-projections,2004-01,2004-01,https://github.com/US-CBO/eval-projections/blob/main/input_data/baselines.csv
cbo-projections-2004-03,cbo-projections,2004-03,2004-03,https://github.com/US-CBO/eval-projections/blob/main/input_data/baselines.csv
cbo-projections-2004-09,cbo-projections,2004-09,2004-09,https://github.com/US-CBO/eval-projections/blob/main/input_data/baselines.csv
cbo-projections-2005-01,cbo-projections,2005-01,2005-01,https://github.com/US-CBO/eval-projections/blob/main/input_data/baselines.csv
cbo-projections-2005-03,cbo-projections,2005-03,2005-03,https://github.com/US-CBO/eval-projections/blob/main/input_data/baselines.csv
cbo-projections-2005-08,cbo-projections,2005-08,2005-08,https://github.com/US-CBO/eval-projections/blob/main/input_data/baselines.csv
cbo-projections-2006-01,cbo-projections,2006-01,2006-01,https://github.com/US-CBO/eval-projections/blob/main/input_data/baselines.csv
cbo-projections-2006-03,cbo-projections,2006-03,2006-03,https://github.com/US-CBO/eval-projections/blob/main/input_data/baselines.csv
cbo-projections-2006-08,cbo-projections,2006-08,2006-08,https://github.com/US-CBO/eval-projections/blob/main/input_data/baselines.csv
cbo-projections-2007-01,cbo-projections,2007-01,2007-01,https://github.com/US-CBO/eval-projections/blob/main/input_data/baselines.csv
cbo-projections-2007-03,cbo-projections,2007-03,2007-03,https://github.com/US-CBO/eval-projections/blob/main/input_data/baselines.csv
cbo-projections-2007-08,cbo-projections,2007-08,2007-08,https://github.com/US-CBO/eval-projections/blob/main/input_data/baselines.csv
cbo-projections-2008-01,cbo-projections,2008-01,2008-01,https://github.com/US-CBO/eval-projections/blob/main/input_data/baselines.csv
cbo-projections-2008-03,cbo-projections,2008-03,2008-03,https://github.com/US-CBO/eval-projections/blob/main/input_data/baselines.csv
cbo-projections-2008-09,cbo-projections,2008-09,2008-09,https://github.com/US-CBO/eval-projections/blob/main/input_data/baselines.csv
cbo-projections-2009-01,cbo-projections,2009-01,2009-01,https://github.com/US-CBO/eval-projections/blob/main/input_data/baselines.csv
cbo-projections-2009-03,cbo-projections,2009-03,2009-03,https://github.com/US-CBO/eval-projections/blob/main/input_data/baselines.csv
cbo-projections-2009-08,cbo-projections,2009-08,2009-08,https://github.com/US-CBO/eval-projections/blob/main/input_data/baselines.csv
cbo-projections-2010-01,cbo-projections,2010-01,2010-01,https://github.com/US-CBO/eval-projections/blob/main/input_data/baselines.csv
cbo-projections-2010-03,cbo-projections,2010-03,2010-03,https://github.com/US-CBO/eval-projections/blob/main/input_data/baselines.csv
cbo-projections-2010-08,cbo-projections,2010-08,2010-08,https://github.com/US-CBO/eval-projections/blob/main/input_data/baselines.csv
cbo-projections-2011-01,cbo-projections,2011-01,2011-01,https://github.com/US-CBO/eval-projections/blob/main/input_data/baselines.csv
cbo-projections-2011-03,cbo-projections,2011-03,2011-03,https://github.com/US-CBO/eval-projections/blob/main/input_data/baselines.csv
cbo-projections-2011-08,cbo-projections,2011-08,2011-08,https://github.com/US-CBO/eval-projections/blob/main/input_data/baselines.csv
cbo-projections-2012-01,cbo-projections,2012-01,2012-01,https://github.com/US-CBO/eval-projections/blob/main/input_data/baselines.csv
cbo-projections-2012-03,cbo-projections,2012-03,2012-03,https://github.com/US-CBO/eval-projections/blob/main/input_data/baselines.csv
cbo-projections-2012-08,cbo-projections,2012-08,2012-08,https://github.com/US-CBO/eval-projections/blob/main/input_data/baselines.csv
cbo-projections-2013-02,cbo-projections,2013-02,2013-02,https://github.com/US-CBO/eval-projections/blob/main/input_data/baselines.csv
cbo-projections-2013-05,cbo-projections,2013-05,2013-05,https://github.com/US-CBO/eval-projections/blob/main/input_data/baselines.csv
cbo-projections-2014-02,cbo-projections,2014-02,2014-02,https://github.com/US-CBO/eval-projections/blob/main/input_data/baselines.csv
cbo-projections-2014-04,cbo-projections,2014-04,2014-04,https://github.com/US-CBO/eval-projections/blob/main/input_data/baselines.csv
cbo-projections-2014-08,cbo-projections,2014-08,2014-08,https://github.com/US-CBO/eval-projections/blob/main/input_data/baselines.csv
cbo-projections-2015-01,cbo-projections,2015-01,2015-01,https://github.com/US-CBO/eval-projections/blob/main/input_data/baselines.csv
cbo-projections-2015-03,cbo-projections,2015-03,2015-03,https://github.com/US-CBO/eval-projections/blob/main/input_data/baselines.csv
cbo-projections-2015-08,cbo-projections,2015-08,2015-08,https://github.com/US-CBO/eval-projections/blob/main/input_data/baselines.csv
cbo-projections-2016-01,cbo-projections,2016-01,2016-01,https://github.com/US-CBO/eval-projections/blob/main/input_data/baselines.csv
cbo-projections-2016-03,cbo-projections,2016-03,2016-03,https://github.com/US-CBO/eval-projections/blob/main/input_data/baselines.csv
cbo-projections-2016-08,cbo-projections,2016-08,2016-08,https://github.com/US-CBO/eval-projections/blob/main/input_data/baselines.csv
cbo-projections-2017-01,cbo-projections,2017-01,2017-01,https://github.com/US-CBO/eval-projections/blob/main/input_data/baselines.csv
cbo-projections-2017-06,cbo-projections,2017-06,2017-06,https://github.com/US-CBO/eval-projections/blob/main/input_data/baselines.csv
cbo-projections-2018-04,cbo-projections,2018-04,2018-04,https://github.com/US-CBO/eval-projections/blob/main/input_data/baselines.csv
cbo-projections-2018-05,cbo-projections,2018-05,2018-05,https://github.com/US-CBO/eval-projections/blob/main/input_data/baselines.csv
cbo-projections-2018-08,cbo-projections,2018-08,2018-08,https://www.cbo.gov/system/files/2018-08/51135-2018-08-economicprojections.xlsx
cbo-projections-2019-01,cbo-projections,2019-01,2019-01,https://github.com/US-CBO/eval-projections/blob/main/input_data/baselines.csv
cbo-projections-2019-05,cbo-projections,2019-05,2019-05,https://github.com/US-CBO/eval-projections/blob/main/input_data/baselines.csv
cbo-projections-2019-08,cbo-projections,2019-08,2019-08,https://github.com/US-CBO/eval-projections/blob/main/input_data/baselines.csv
cbo-projections-2020-01,cbo-projections,2020-01,2020-01,https://github.com/US-CBO/eval-projections/blob/main/input_data/baselines.csv
cbo-projections-2020-03,cbo-projections,2020-03,2020-03,https://github.com/US-CBO/eval-projections/blob/main/input_data/baselines.csv
cbo-projections-2020-07,cbo-projections,2020-07,2020-07,https://www.cbo.gov/system/files/2020-07/51135-2020-07-economicprojections.xlsx
cbo-projections-2020-09,cbo-projections,2020-09,2020-09,https://github.com/US-CBO/eval-projections/blob/main/input_data/baselines.csv
cbo-projections-2021-02,cbo-projections,2021-02,2021-02,https://github.com/US-CBO/eval-projections/blob/main/input_data/baselines.csv
cbo-projections-2021-07,cbo-projections,2021-07,2021-07,https://github.com/US-CBO/eval-projections/blob/main/input_data/baselines.csv
cbo-projections-2022-05,cbo-projections,2022-05,2022-05,https://github.com/US-CBO/eval-projections/blob/main/input_data/baselines.csv
cbo-projections-2023-02,cbo-projections,2023-02,2023-02,https://github.com/US-CBO/eval-projections/blob/main/input_data/baselines.csv
cbo-projections-2023-05,cbo-projections,2023-05,2023-05,https://github.com/US-CBO/eval-projections/blob/main/input_data/baselines.csv
cbo-projections-2023-07,cbo-projections,2023-07,2023-07,https://www.cbo.gov/system/files/2023-07/51135-2023-07-Economic-Projections.xlsx
cbo-projections-2024-02,cbo-projections,2024-02,2024-02,https://github.com/US-CBO/eval-projections/blob/main/input_data/baselines.csv
cbo-projections-2024-06,cbo-projections,2024-06,2024-06,https://github.com/US-CBO/eval-projections/blob/main/input_data/baselines.csv
cbo-projections-2025-01,cbo-projections,2025-01,2025-01,https://github.com/US-CBO/eval-projections/blob/main/input_data/baselines.csv
cbo-projections-2025-09,cbo-projections,2025-09,2025-09,https://www.cbo.gov/system/files/2025-09/51135-2025-09-Economic-Projections.xlsx
cbo-projections-2026-02,cbo-projections,2026-02,2026-02,https://github.com/US-CBO/eval-projections/blob/main/input_data/baselines.csv
obr-forecasts-2010-06,obr-forecasts,2010-06,2010-06,https://obr.uk/docs/dlm_uploads/Historical_official_forecasts_database_Spring_2026.xlsx
obr-forecasts-2010-11,obr-forecasts,2010-11,2010-11,https://obr.uk/docs/dlm_uploads/Historical_official_forecasts_database_Spring_2026.xlsx
obr-forecasts-2011-03,obr-forecasts,2011-03,2011-03,https://obr.uk/docs/dlm_uploads/Historical_official_forecasts_database_Spring_2026.xlsx
obr-forecasts-2011-11,obr-forecasts,2011-11,2011-11,https://obr.uk/docs/dlm_uploads/Historical_official_forecasts_database_Spring_2026.xlsx
obr-forecasts-2012-03,obr-forecasts,2012-03,2012-03,https://obr.uk/docs/dlm_uploads/Historical_official_forecasts_database_Spring_2026.xlsx
obr-forecasts-2012-12,obr-forecasts,2012-12,2012-12,https://obr.uk/docs/dlm_uploads/Historical_official_forecasts_database_Spring_2026.xlsx
obr-forecasts-2013-03,obr-forecasts,2013-03,2013-03,https://obr.uk/docs/dlm_uploads/Historical_official_forecasts_database_Spring_2026.xlsx
obr-forecasts-2013-12,obr-forecasts,2013-12,2013-12,https://obr.uk/docs/dlm_uploads/Historical_official_forecasts_database_Spring_2026.xlsx
obr-forecasts-2014-03,obr-forecasts,2014-03,2014-03,https://obr.uk/docs/dlm_uploads/Historical_official_forecasts_database_Spring_2026.xlsx
obr-forecasts-2014-12,obr-forecasts,2014-12,2014-12,https://obr.uk/docs/dlm_uploads/Historical_official_forecasts_database_Spring_2026.xlsx
obr-forecasts-2015-03,obr-forecasts,2015-03,2015-03,https://obr.uk/docs/dlm_uploads/Historical_official_forecasts_database_Spring_2026.xlsx
obr-forecasts-2015-07,obr-forecasts,2015-07,2015-07,https://obr.uk/docs/dlm_uploads/Historical_official_forecasts_database_Spring_2026.xlsx
obr-forecasts-2015-11,obr-forecasts,2015-11,2015-11,https://obr.uk/docs/dlm_uploads/Historical_official_forecasts_database_Spring_2026.xlsx
obr-forecasts-2016-03,obr-forecasts,2016-03,2016-03,https://obr.uk/docs/dlm_uploads/Historical_official_forecasts_database_Spring_2026.xlsx
obr-forecasts-2016-11,obr-forecasts,2016-11,2016-11,https://obr.uk/docs/dlm_uploads/Historical_official_forecasts_database_Spring_2026.xlsx
obr-forecasts-2017-03,obr-forecasts,2017-03,2017-03,https://obr.uk/docs/dlm_uploads/Historical_official_forecasts_database_Spring_2026.xlsx
obr-forecasts-2017-11,obr-forecasts,2017-11,2017-11,https://obr.uk/docs/dlm_uploads/Historical_official_forecasts_database_Spring_2026.xlsx
obr-forecasts-2018-03,obr-forecasts,2018-03,2018-03,https://obr.uk/docs/dlm_uploads/Historical_official_forecasts_database_Spring_2026.xlsx
obr-forecasts-2018-10,obr-forecasts,2018-10,2018-10,https://obr.uk/docs/dlm_uploads/Historical_official_forecasts_database_Spring_2026.xlsx
obr-forecasts-2019-03,obr-forecasts,2019-03,2019-03,https://obr.uk/docs/dlm_uploads/Historical_official_forecasts_database_Spring_2026.xlsx
obr-forecasts-2020-03,obr-forecasts,2020-03,2020-03,https://obr.uk/docs/dlm_uploads/Historical_official_forecasts_database_Spring_2026.xlsx
obr-forecasts-2020-11,obr-forecasts,2020-11,2020-11,https://obr.uk/docs/dlm_uploads/Historical_official_forecasts_database_Spring_2026.xlsx
obr-forecasts-2021-03,obr-forecasts,2021-03,2021-03,https://obr.uk/docs/dlm_uploads/Historical_official_forecasts_database_Spring_2026.xlsx
obr-forecasts-2021-10,obr-forecasts,2021-10,2021-10,https://obr.uk/docs/dlm_uploads/Historical_official_forecasts_database_Spring_2026.xlsx
obr-forecasts-2022-03,obr-forecasts,2022-03,2022-03,https://obr.uk/docs/dlm_uploads/Historical_official_forecasts_database_Spring_2026.xlsx
obr-forecasts-2022-11,obr-forecasts,2022-11,2022-11,https://obr.uk/docs/dlm_uploads/Historical_official_forecasts_database_Spring_2026.xlsx
obr-forecasts-2023-03,obr-forecasts,2023-03,2023-03,https://obr.uk/docs/dlm_uploads/Historical_official_forecasts_database_Spring_2026.xlsx
obr-forecasts-2023-11,obr-forecasts,2023-11,2023-11,https://obr.uk/docs/dlm_uploads/Historical_official_forecasts_database_Spring_2026.xlsx
obr-forecasts-2024-03,obr-forecasts,2024-03,2024-03,https://obr.uk/docs/dlm_uploads/Historical_official_forecasts_database_Spring_2026.xlsx
obr-forecasts-2024-10,obr-forecasts,2024-10,2024-10,https://obr.uk/docs/dlm_uploads/Historical_official_forecasts_database_Spring_2026.xlsx
obr-forecasts-2025-03,obr-forecasts,2025-03,2025-03,https://obr.uk/docs/dlm_uploads/Historical_official_forecasts_database_Spring_2026.xlsx
obr-forecasts-2025-11,obr-forecasts,2025-11,2025-11,https://obr.uk/docs/dlm_uploads/Historical_official_forecasts_database_Spring_2026.xlsx
obr-forecasts-2026-03,obr-forecasts,2026-03,2026-03,https://obr.uk/docs/dlm_uploads/Historical_official_forecasts_database_Spring_2026.xlsx
bp-energy-outlook-2011,bp-energy-outlook,2011,2011-01-19,https://www.bp.com/api/files/6cqieuqhq4no/master/2gET6QcLCPYt2fJoZp8H1R/7c3a2989b7a2fd9985758a4629256266/bp-energy-outlook-2011.pdf
bp-energy-outlook-2012,bp-energy-outlook,2012,2012-01-18,https://www.bp.com/api/files/6cqieuqhq4no/master/4aXZGraUsc6z4h0lHuh1H8/ee8e7dfa53f91271ff72ca63a43fe1d9/bp-energy-outlook-2012.pdf
bp-energy-outlook-2013,bp-energy-outlook,2013,2013-01-16,https://www.bp.com/api/files/6cqieuqhq4no/master/S3NhiQ8YjQ00MsAkU18w7/d64aeeefe62cf48a3f4c7e1fe0e417ea/bp-energy-outlook-2013.pdf
bp-energy-outlook-2014,bp-energy-outlook,2014,2014-01-15,https://www.bp.com/api/files/6cqieuqhq4no/master/4h1ggwVhMywIYD98483GHZ/071f4dbd892eafc1ab9e7b3206a041af/bp-energy-outlook-2014.pdf
bp-energy-outlook-2015,bp-energy-outlook,2015,2015-02-17,https://www.bp.com/api/files/6cqieuqhq4no/master/33acZxTiOHckYHCoeewC3i/3d3b874bbe143873378ef1694e7f5795/bp-energy-outlook-2015.pdf
bp-energy-outlook-2016,bp-energy-outlook,2016,2016-02-10,https://www.bp.com/api/files/6cqieuqhq4no/master/1mt6a4iKIC0PF6D3azvY1c/b11b05cea9110e1eba730f07f04543fb/bp-energy-outlook-2016.pdf
bp-energy-outlook-2017,bp-energy-outlook,2017,2017-01-25,https://www.bp.com/api/files/6cqieuqhq4no/master/7oczyk9cigGhoviNff63qi/fa8c19a8d363395520b5cb333c53ecb7/bp-energy-outlook-2017.pdf
bp-energy-outlook-2018,bp-energy-outlook,2018,2018-02-20,https://www.bp.com/api/files/6cqieuqhq4no/master/4SIWy8vvCkGac2AVvPT5UY/ab3720401defb91cc3e91a1553ede955/bp-energy-outlook-2018.pdf
bp-energy-outlook-2019,bp-energy-outlook,2019,2019-02-14,https://www.bp.com/api/files/6cqieuqhq4no/master/4MA9ouHSrUaYx0tRUzudRZ/38c5732c40a5a0077459b6b00e47b5ee/bp-energy-outlook-2019.pdf
bp-energy-outlook-2020,bp-energy-outlook,2020,2020-09-14,https://www.bp.com/api/files/6cqieuqhq4no/master/519cxm86KMI4lik5qoDicu/1891806b83a7e3026d5162a1e6cb8e48/bp-energy-outlook-2020.pdf
bp-energy-outlook-2022,bp-energy-outlook,2022,2022-03-14,https://www.bp.com/api/files/6cqieuqhq4no/master/5Px4ERW5RTb7qQyxLH0DNi/cc06a71dcc1eb913a038610fbea642ca/bp-energy-outlook-2022.pdf
bp-energy-outlook-2023,bp-energy-outlook,2023,2023-01-30,https://www.bp.com/api/files/6cqieuqhq4no/master/MufgpS4GABUwFyS7Dqmke/49b87e771e6fc25c7f4e9b3d1a4a511a/bp-energy-outlook-2023.pdf
bp-energy-outlook-2024,bp-energy-outlook,2024,2024-07-10,https://www.bp.com/api/files/6cqieuqhq4no/master/2fYd97b7pvkNcGjkwEVbp3/83eeae5fc1a15c17bc47af9cb6ac7cb1/bp-energy-outlook-2024.pdf
bp-energy-outlook-2025,bp-energy-outlook,2025,2025-09-25,https://www.bp.com/api/files/6cqieuqhq4no/master/7l87OSav7R0jHuVkT06Zj5/8a914ca3361df9d09627f7a60d11f0dc/bp-energy-outlook-2025.pdf
eurasia-top-risks-2007,eurasia-top-risks,2007,2007-01-02,https://web.archive.org/web/20070216050407/http://www.eurasiagroup.net/publications/0701_top7.php
eurasia-top-risks-2008,eurasia-top-risks,2008,2008-01-07,https://web.archive.org/web/20080402233409/http://www.eurasiagroup.net/publications/0801_top9.php
eurasia-top-risks-2009,eurasia-top-risks,2009,2009-01-05,https://web.archive.org/web/20091122133157/http://www.eurasiagroup.net/pdf/2009-top-risks.pdf
eurasia-top-risks-2010,eurasia-top-risks,2010,2010-01,https://web.archive.org/web/20100203084627/http://www.eurasiagroup.net/pages/top-risks
eurasia-top-risks-2011,eurasia-top-risks,2011,2011-01,https://web.archive.org/web/20110116230023/http://www.eurasiagroup.net/pages/top-risks
eurasia-top-risks-2012,eurasia-top-risks,2012,2012-01,https://web.archive.org/web/20120108043040/http://www.eurasiagroup.net/pages/top-risks-2012
eurasia-top-risks-2013,eurasia-top-risks,2013,2013-01,https://web.archive.org/web/20130111015604/http://www.eurasiagroup.net/pages/top-risks-2013
eurasia-top-risks-2014,eurasia-top-risks,2014,2014-01,https://web.archive.org/web/20140109080446/http://www.eurasiagroup.net/pages/top-risks-2014
eurasia-top-risks-2015,eurasia-top-risks,2015,2015-01-05,https://web.archive.org/web/20150105145227/http://www.eurasiagroup.net/pages/top-risks-2015
eurasia-top-risks-2016,eurasia-top-risks,2016,2016-01-04,https://www.eurasiagroup.net/issues/top-risks-2016
eurasia-top-risks-2017,eurasia-top-risks,2017,2017-01-03,https://www.eurasiagroup.net/issues/top-risks-2017
eurasia-top-risks-2018,eurasia-top-risks,2018,2018-01-02,https://www.eurasiagroup.net/issues/top-risks-2018
eurasia-top-risks-2019,eurasia-top-risks,2019,2019-01-07,https://www.eurasiagroup.net/issues/top-risks-for-2019
eurasia-top-risks-2020,eurasia-top-risks,2020,2020-01-06,https://www.eurasiagroup.net/issues/top-risks-2020
eurasia-top-risks-2021,eurasia-top-risks,2021,2021-01-04,https://www.eurasiagroup.net/issues/top-risks-2021
eurasia-top-risks-2022,eurasia-top-risks,2022,2022-01-03,https://www.eurasiagroup.net/issues/top-risks-2022
eurasia-top-risks-2023,eurasia-top-risks,2023,2023-01-03,https://www.eurasiagroup.net/issues/top-risks-2023
eurasia-top-risks-2024,eurasia-top-risks,2024,2024-01-08,https://www.eurasiagroup.net/issues/top-risks-2024
eurasia-top-risks-2025,eurasia-top-risks,2025,2025-01-06,https://www.eurasiagroup.net/issues/top-risks-2025
eurasia-top-risks-2026,eurasia-top-risks,2026,2026-01-05,https://www.eurasiagroup.net/issues/top-risks-2026
economist-world-ahead-1987,economist-world-ahead,1987,1986,https://worldin.economist.com/edition/2016/article/11814/world-1987-political-outlook
economist-world-ahead-1988,economist-world-ahead,1988,1987,https://worldin.economist.com/edition/2016/article/11815/world-1988-aids-casts-dark-shadow
economist-world-ahead-1989,economist-world-ahead,1989,1988,https://worldin.economist.com/edition/2016/article/12040/world-1989-and-1990s
economist-world-ahead-1990,economist-world-ahead,1990,1989,https://worldin.economist.com/edition/2016/article/12041/world-1990-after-communism
economist-world-ahead-1991,economist-world-ahead,1991,1990,https://worldin.economist.com/edition/2016/article/12042/world-1991-next-big-bust
economist-world-ahead-1992,economist-world-ahead,1992,1991,https://worldin.economist.com/edition/2016/article/12043/world-1992-and-now-next-500-years
economist-world-ahead-1993,economist-world-ahead,1993,1992,https://worldin.economist.com/edition/2016/article/12044/world-1993-new-people-new-vigour-old-ideas
economist-world-ahead-1994,economist-world-ahead,1994,1993,https://worldin.economist.com/edition/2016/article/12045/world-1994-join-derivatives-club
economist-world-ahead-1995,economist-world-ahead,1995,1994,https://worldin.economist.com/edition/2016/article/12046/world-1995-search-craziness
economist-world-ahead-1996,economist-world-ahead,1996,1995,https://worldin.economist.com/edition/2016/article/12048/world-1996-labour-britains-promise
economist-world-ahead-1997,economist-world-ahead,1997,1996,https://worldin.economist.com/edition/2016/article/12055/world-1997-hong-kong-july-1st
economist-world-ahead-1998,economist-world-ahead,1998,1997,https://worldin.economist.com/edition/2016/article/12056/world-1998-web-lifestyle
economist-world-ahead-1999,economist-world-ahead,1999,1998,https://worldin.economist.com/edition/2016/article/12057/world-1999-empire-democracy
economist-world-ahead-2000,economist-world-ahead,2000,1999,https://worldin.economist.com/edition/2016/article/12058/world-2000-can-e-commerce-deliver
economist-world-ahead-2001,economist-world-ahead,2001,2000,https://worldin.economist.com/edition/2016/article/12059/world-2001-wheres-worlds-worst
economist-world-ahead-2002,economist-world-ahead,2002,2001,https://worldin.economist.com/edition/2016/article/12060/world-2002-europes-day-change
economist-world-ahead-2003,economist-world-ahead,2003,2002,https://worldin.economist.com/edition/2016/article/12061/world-2003-safe-houses
economist-world-ahead-2004,economist-world-ahead,2004,2003,https://worldin.economist.com/edition/2016/article/12062/world-2004-new-impetus-old-europe
economist-world-ahead-2005,economist-world-ahead,2005,2004,https://worldin.economist.com/edition/2016/article/12063/world-2005-age-phonography
economist-world-ahead-2006,economist-world-ahead,2006,2005,https://worldin.economist.com/edition/2016/article/12064/world-2006-looking-back-future
economist-world-ahead-2007,economist-world-ahead,2007,2006,https://worldin.economist.com/edition/2016/article/12065/world-2007-work-life-imbalance
economist-world-ahead-2008,economist-world-ahead,2008,2007,https://worldin.economist.com/edition/2016/article/12066/world-2008-007-008
economist-world-ahead-2009,economist-world-ahead,2009,2008,https://worldin.economist.com/edition/2016/article/12067/world-2009-about-2008-sorry
economist-world-ahead-2010,economist-world-ahead,2010,2009,https://worldin.economist.com/edition/2016/article/12068/world-2010-space-fiscal-frontier
economist-world-ahead-2011,economist-world-ahead,2011,2010,https://worldin.economist.com/edition/2016/article/12069/world-2011-another-year-another-billion
economist-world-ahead-2012,economist-world-ahead,2012,2011,https://worldin.economist.com/edition/2016/article/12070/world-2012-sharing-power-2012
economist-world-ahead-2013,economist-world-ahead,2013,2012,https://worldin.economist.com/edition/2016/article/12071/world-2013-lottery-life
economist-world-ahead-2014,economist-world-ahead,2014,2013,https://worldin.economist.com/edition/2016/article/12072/world-2014-great-war
economist-world-ahead-2015,economist-world-ahead,2015,2014-11-20,https://www.prnewswire.com/news-releases/the-world-in-2015-the-29th-edition-of-the-economists-annual-compilation-of-predictions-for-the-year-ahead-is-now-available-on-newsstands-and-on-the-world-in-2015-app-283296281.html
economist-world-ahead-2016,economist-world-ahead,2016,2015-11,https://worldin.economist.com/edition/2016/article/10447/world-2016
economist-world-ahead-2017,economist-world-ahead,2017,2016-11,http://www.theworldin.com/edition/2017/article/12575/world-2017
economist-world-ahead-2018,economist-world-ahead,2018,2017-11-20,https://www.prnewswire.com/news-releases/the-world-in-2018-from-the-economist-highlights-key-global-themes-to-watch-for-next-year-300558659.html
economist-world-ahead-2019,economist-world-ahead,2019,2018-11-22,https://www.prnewswire.com/news-releases/the-world-looks-wobbly-according-to-the-world-in-2019-300755122.html
economist-world-ahead-2020,economist-world-ahead,2020,2019-11-21,https://www.prnewswire.com/news-releases/its-judgment-time-according-to-the-economists-the-world-in-2020-300962898.html
economist-world-ahead-2021,economist-world-ahead,2021,2020-11-16,https://www.economist.com/the-world-ahead/2020/11/16/ten-trends-to-watch-in-the-coming-year
economist-world-ahead-2022,economist-world-ahead,2022,2021-11-08,https://www.economist.com/the-world-ahead/2021/11/08/ten-trends-to-watch-in-the-coming-year
economist-world-ahead-2023,economist-world-ahead,2023,2022-11-14,https://www.economist.com/the-world-ahead/2022/11/14/ten-trends-to-watch-in-the-coming-year
economist-world-ahead-2024,economist-world-ahead,2024,2023-11-06,https://www.economist.com/the-world-ahead/2023/11/06/tom-standages-ten-trends-to-watch-in-2024
economist-world-ahead-2025,economist-world-ahead,2025,2024-11-18,https://www.economist.com/the-world-ahead/2024/11/18/tom-standages-ten-trends-to-watch-in-2025
economist-world-ahead-2026,economist-world-ahead,2026,2025-11-10,https://www.economist.com/the-world-ahead/2025/11/10/tom-standages-ten-trends-to-watch-in-2026
kurzweil-1990,kurzweil,1990,1990,https://www.thekurzweillibrary.com/images/How-My-Predictions-Are-Faring.pdf
kurzweil-1999,kurzweil,1999,1999-01,https://www.thekurzweillibrary.com/images/How-My-Predictions-Are-Faring.pdf
kurzweil-2005,kurzweil,2005,2005-09,https://www.thekurzweillibrary.com/images/How-My-Predictions-Are-Faring.pdf
kurzweil-2010,kurzweil,2010,2010-10,https://www.thekurzweillibrary.com/images/How-My-Predictions-Are-Faring.pdf
kurzweil-2024,kurzweil,2024,2024-06-25,https://www.theguardian.com/technology/article/2024/jun/29/ray-kurzweil-google-ai-the-singularity-is-nearer
pew-elon-imagining-2005,pew-elon-imagining,2005,2005-01-09,https://assets.pewresearch.org/wp-content/uploads/sites/14/2016/06/PIP_Future_of_Internet.pdf
pew-elon-imagining-2006,pew-elon-imagining,2006,2006-09-24,https://assets.pewresearch.org/wp-content/uploads/sites/14/2016/06/PIP_Future_of_Internet_2006.pdf
pew-elon-imagining-2008,pew-elon-imagining,2008,2008-12-14,https://www.pewinternet.org/wp-content/uploads/sites/9/media/Files/Reports/2008/PIP_FutureInternet3.pdf.pdf
pew-elon-imagining-2010-02,pew-elon-imagining,2010-02,2010-02-19,https://www.pewinternet.org/wp-content/uploads/sites/9/media/Files/Reports/2010/Future-of-internet-2010-AAAS-paper.pdf
pew-elon-imagining-2010-03,pew-elon-imagining,2010-03,2010-03-31,https://www.pewresearch.org/internet/2010/03/31/the-impact-of-the-internet-on-institutions-in-the-future-2/
pew-elon-imagining-2010-05,pew-elon-imagining,2010-05,2010-05-04,https://www.pewresearch.org/internet/2010/05/04/the-fate-of-the-semantic-web/
pew-elon-imagining-2010-06,pew-elon-imagining,2010-06,2010-06-11,https://www.pewresearch.org/internet/2010/06/11/the-future-of-cloud-computing-2/
pew-elon-imagining-2010-07,pew-elon-imagining,2010-07,2010-07,https://www.pewresearch.org/internet/2010/07/02/the-future-of-social-relations/
pew-elon-imagining-2012-02,pew-elon-imagining,2012-02,2012-02-29,https://www.pewresearch.org/internet/2012/02/29/millennials-will-benefit-and-suffer-due-to-their-hyperconnected-lives/
pew-elon-imagining-2012-03,pew-elon-imagining,2012-03,2012-03-23,https://www.pewresearch.org/internet/2012/03/23/the-future-of-apps-and-web/
pew-elon-imagining-2012-04,pew-elon-imagining,2012-04,2012-04-17,https://www.pewresearch.org/internet/2012/04/17/the-future-of-money-in-a-mobile-age/
pew-elon-imagining-2012-05,pew-elon-imagining,2012-05,2012-05-18,https://www.pewresearch.org/internet/2012/05/18/the-future-of-gamification/
pew-elon-imagining-2012-06,pew-elon-imagining,2012-06,2012-06-29,https://www.pewresearch.org/internet/2012/06/29/the-future-of-smart-systems/
pew-elon-imagining-2012-07,pew-elon-imagining,2012-07,2012-07,https://www.pewresearch.org/internet/2012/07/05/the-future-of-corporate-responsibility/
pew-elon-imagining-2014-05,pew-elon-imagining,2014-05,2014-05-14,https://www.pewresearch.org/internet/2014/05/14/internet-of-things/
pew-elon-imagining-2014-07,pew-elon-imagining,2014-07,2014-07-03,https://www.pewresearch.org/internet/2014/07/03/net-threats/
pew-elon-imagining-2014-08,pew-elon-imagining,2014-08,2014-08-06,https://www.pewresearch.org/internet/2014/08/06/future-of-jobs/
pew-elon-imagining-2014-10,pew-elon-imagining,2014-10,2014-10-29,https://www.pewresearch.org/internet/2014/10/29/cyber-attacks-likely-to-increase/
pew-elon-imagining-2014-12,pew-elon-imagining,2014-12,2014-12-18,https://www.pewresearch.org/internet/2014/12/18/future-of-privacy/
pew-elon-imagining-2017-02,pew-elon-imagining,2017-02,2017-02-08,https://www.pewresearch.org/internet/2017/02/08/code-dependent-pros-and-cons-of-the-algorithm-age/
pew-elon-imagining-2017-03,pew-elon-imagining,2017-03,2017-03-29,https://www.pewresearch.org/internet/2017/03/29/the-future-of-free-speech-trolls-anonymity-and-fake-news-online/
pew-elon-imagining-2017-05,pew-elon-imagining,2017-05,2017-05-03,https://www.pewresearch.org/internet/2017/05/03/the-future-of-jobs-and-jobs-training/
pew-elon-imagining-2017-06,pew-elon-imagining,2017-06,2017-06-06,https://www.pewresearch.org/internet/2017/06/06/the-internet-of-things-connectivity-binge-what-are-the-implications/
pew-elon-imagining-2017-08,pew-elon-imagining,2017-08,2017-08-10,https://www.pewresearch.org/internet/2017/08/10/the-fate-of-online-trust-in-the-next-decade/
pew-elon-imagining-2017-10,pew-elon-imagining,2017-10,2017-10-19,https://www.pewresearch.org/internet/2017/10/19/the-future-of-truth-and-misinformation-online/
pew-elon-imagining-2018-04,pew-elon-imagining,2018-04,2018-04-17,https://www.pewresearch.org/internet/2018/04/17/the-future-of-well-being-in-a-tech-saturated-world/
pew-elon-imagining-2018-12,pew-elon-imagining,2018-12,2018-12-10,https://www.pewresearch.org/internet/2018/12/10/artificial-intelligence-and-the-future-of-humans/
pew-elon-imagining-2019-10,pew-elon-imagining,2019-10,2019-10-28,https://www.pewresearch.org/internet/2019/10/28/experts-optimistic-about-the-next-50-years-of-digital-life/
pew-elon-imagining-2020-02,pew-elon-imagining,2020-02,2020-02-21,https://www.pewresearch.org/internet/2020/02/21/many-tech-experts-say-digital-disruption-will-hurt-democracy/
pew-elon-imagining-2021-02,pew-elon-imagining,2021-02,2021-02-18,https://www.pewresearch.org/internet/2021/02/18/experts-say-the-new-normal-in-2025-will-be-far-more-tech-driven-presenting-more-big-challenges/
pew-elon-imagining-2021-06,pew-elon-imagining,2021-06,2021-06-16,https://www.pewresearch.org/internet/2021/06/16/experts-doubt-ethical-ai-design-will-be-broadly-adopted-as-the-norm-within-the-next-decade/
pew-elon-imagining-2021-11,pew-elon-imagining,2021-11,2021-11-22,https://www.pewresearch.org/internet/2021/11/22/the-future-of-digital-spaces-and-their-role-in-democracy/
pew-elon-imagining-2022-06,pew-elon-imagining,2022-06,2022-06-30,https://www.pewresearch.org/internet/2022/06/30/the-metaverse-in-2040/
pew-elon-imagining-2023-02,pew-elon-imagining,2023-02,2023-02-24,https://www.pewresearch.org/internet/2023/02/24/the-future-of-human-agency/
mckinsey-tech-trends-2021,mckinsey-tech-trends,2021,2021-06,https://www.mckinsey.com/~/media/mckinsey/business%20functions/mckinsey%20digital/our%20insights/the%20top%20trends%20in%20tech%20final/tech-trends-exec-summary.pdf
mckinsey-tech-trends-2022,mckinsey-tech-trends,2022,2022-08,https://www.mckinsey.com/~/media/mckinsey/business%20functions/mckinsey%20digital/our%20insights/the%20top%20trends%20in%20tech%202022/mckinsey-tech-trends-outlook-2022-full-report.pdf
mckinsey-tech-trends-2023,mckinsey-tech-trends,2023,2023-07,https://www.mckinsey.com/~/media/mckinsey/business%20functions/mckinsey%20digital/our%20insights/the%20top%20trends%20in%20tech%202023/mckinsey-technology-trends-outlook-2023-v5.pdf
mckinsey-tech-trends-2024,mckinsey-tech-trends,2024,2024-07,https://www.mckinsey.com/~/media/mckinsey/business%20functions/mckinsey%20digital/our%20insights/the%20top%20trends%20in%20tech%202024/mckinsey-technology-trends-outlook-2024.pdf
mckinsey-tech-trends-2025,mckinsey-tech-trends,2025,2025-07,https://www.mckinsey.com/~/media/mckinsey/business%20functions/mckinsey%20digital/our%20insights/the%20top%20trends%20in%20tech%202025/mckinsey-technology-trends-outlook-2025.pdf
mckinsey-tech-trends-2026,mckinsey-tech-trends,2026,2026-09-15,https://www.mckinsey.com/capabilities/tech-and-ai/our-insights/the-top-trends-in-tech
accenture-tech-vision-2011,accenture-tech-vision,2011,2011-01,https://web.archive.org/web/2015/http://www.accenture.com/SiteCollectionDocuments/PDF/Accenture_Report_TechVision2011.pdf
accenture-tech-vision-2012,accenture-tech-vision,2012,2012-01,https://web.archive.org/web/20120227004947/http://www.accenture.com/SiteCollectionDocuments/PDF/Accenture-Technology-Vision-2012.pdf
accenture-tech-vision-2013,accenture-tech-vision,2013,2013-02,https://web.archive.org/web/20130228025902/http://www.accenture.com/SiteCollectionDocuments/PDF/Accenture-Technology-Vision-2013.pdf
accenture-tech-vision-2014,accenture-tech-vision,2014,2014-01,https://web.archive.org/web/20140209055114/http://www.accenture.com/SiteCollectionDocuments/PDF/Accenture-Technology-Vision-2014.pdf
accenture-tech-vision-2015,accenture-tech-vision,2015,2015-02,https://web.archive.org/web/2015/http://www.accenture.com/SiteCollectionDocuments/PDF/Accenture-Tech-Vision-2015-Full-Report.pdf
accenture-tech-vision-2016,accenture-tech-vision,2016,2016-02,https://web.archive.org/web/20160202102002/https://www.accenture.com/t20160202T102002__w__/us-en/_acnmedia/Accenture/Omobono/TechnologyVision/pdf/Technology-Trends-Technology-Vision-2016.pdf
accenture-tech-vision-2017,accenture-tech-vision,2017,2017-01,https://web.archive.org/web/20170206064234/https://www.accenture.com/t20170206T064234__w__/us-en/_acnmedia/Accenture/next-gen-4/tech-vision-2017/pdf/Accenture-TV17-Full.pdf
accenture-tech-vision-2018,accenture-tech-vision,2018,2018-02,https://web.archive.org/web/20180222121500/https://www.accenture.com/t20180222T121500Z__w__/us-en/_acnmedia/Accenture/next-gen-7/tech-vision-2018/pdf/Accenture-TechVision-2018-Tech-Trends-Report.pdf
accenture-tech-vision-2019,accenture-tech-vision,2019,2019-02,https://web.archive.org/web/2019/https://www.accenture.com/_acnmedia/PDF-94/Accenture-TechVision-2019-Tech-Trends-Report.pdf
accenture-tech-vision-2020,accenture-tech-vision,2020,2020-02,https://www.accenture.com/content/dam/accenture/final/a-com-migration/thought-leadership-assets/accenture-technology-vision-2020-full-report.pdf
accenture-tech-vision-2021,accenture-tech-vision,2021,2021,https://www.accenture.com/content/dam/accenture/final/a-com-migration/thought-leadership-assets/accenture-tech-vision-2021-full-report.pdf
accenture-tech-vision-2022,accenture-tech-vision,2022,2022-03,https://web.archive.org/web/20220316203333/https://www.accenture.com/_acnmedia/Thought-Leadership-Assets/PDF-5/Accenture-Meet-Me-in-the-Metaverse-Full-Report.pdf
accenture-tech-vision-2023,accenture-tech-vision,2023,2023,https://www.accenture.com/content/dam/accenture/final/accenture-com/a-com-custom-component/iconic/document/Accenture-Technology-Vision-2023-Full-Report.pdf
accenture-tech-vision-2024,accenture-tech-vision,2024,2024-01-09,https://www.accenture.com/us-en/insights/technology/technology-trends-2024
accenture-tech-vision-2025,accenture-tech-vision,2025,2025-01-07,https://www.accenture.com/us-en/insights/technology/technology-trends-2025
deloitte-tech-trends-2010,deloitte-tech-trends,2010,2010,https://www2.deloitte.com/content/dam/Deloitte/global/Documents/Technology/gx-cons-tech-trends-2010-dozen-technology-trends.pdf
deloitte-tech-trends-2011,deloitte-tech-trends,2011,2011,https://www2.deloitte.com/content/dam/Deloitte/global/Documents/Technology/gx-cons-tech-trends-2011-natural-convergence.pdf
deloitte-tech-trends-2012,deloitte-tech-trends,2012,2012-01,http://www.deloitte.com/assets/Dcom-UnitedStates/Local%20Assets/Documents/us_cons_techtrends2012_013112.pdf
deloitte-tech-trends-2013,deloitte-tech-trends,2013,2013,https://www2.deloitte.com/content/dam/Deloitte/global/Documents/Technology/gx-cons-tech-trends-2013-elements-postdigital.pdf
deloitte-tech-trends-2014,deloitte-tech-trends,2014,2014,https://www2.deloitte.com/content/dam/Deloitte/global/Documents/Technology/gx-cons-tech-trends-2014-inspiring-disruption.pdf
deloitte-tech-trends-2015,deloitte-tech-trends,2015,2015,https://www2.deloitte.com/content/dam/Deloitte/global/Documents/Technology/gx-cons-tech-trends-2015-fusion-business-it.pdf
deloitte-tech-trends-2016,deloitte-tech-trends,2016,2016,https://www2.deloitte.com/content/dam/Deloitte/global/Documents/Technology/gx-tech-trends-2016-innovating-digital-era.pdf
deloitte-tech-trends-2017,deloitte-tech-trends,2017,2017,https://www.deloitte.com/content/dam/insights/articles/2017/3468_techtrends2017/dup-techtrends2017.pdf
deloitte-tech-trends-2018,deloitte-tech-trends,2018,2018,https://www.deloitte.com/content/dam/insights/articles/2018/tech-trends-2018/4109-techtrends-2018-final.pdf
deloitte-tech-trends-2019,deloitte-tech-trends,2019,2019,https://www.deloitte.com/content/dam/insights/articles/2024/5080_techtrend2019_collection/pdf/DI_TechTrends2019.pdf
deloitte-tech-trends-2020,deloitte-tech-trends,2020,2020,https://www.deloitte.com/content/dam/insights/articles/2020/tech-trends-2020/di-techtrends2020.pdf
deloitte-tech-trends-2021,deloitte-tech-trends,2021,2021,https://www.deloitte.com/content/dam/insights/articles/2021/6730_tt-landing-page/DI_2021-Tech-Trends.pdf
deloitte-tech-trends-2022,deloitte-tech-trends,2022,2022,https://www.deloitte.com/content/dam/insights/articles/2024/us164706_tech-trends-2022/pdf/di-tech-trends-2022.pdf
deloitte-tech-trends-2023,deloitte-tech-trends,2023,2023,https://www.deloitte.com/content/dam/insights/articles/2023/us175897_tech-trends-2023/DI_tech-trends-2023.pdf
deloitte-tech-trends-2024,deloitte-tech-trends,2024,2023-12,https://www.deloitte.com/us/en/insights/topics/technology-management/tech-trends/2024.html
deloitte-tech-trends-2025,deloitte-tech-trends,2025,2024-12-11,https://www.deloitte.com/content/dam/insights/articles/2024/us187540_tech-trends-2025/DI_Tech-trends-2025.pdf
deloitte-tech-trends-2026,deloitte-tech-trends,2026,2025-12-10,https://www.deloitte.com/content/dam/insights/articles/2025/us188546_tt-26/pdf/DI_Tech-trends-2026.pdf
trendwatching-2007,trendwatching,2007,2007-01,https://web.archive.org/web/20070111000117/http://www.trendwatching.com/trends/2007top5.htm
trendwatching-2008,trendwatching,2008,2007-12,https://web.archive.org/web/20071212234456/http://www.trendwatching.com:80/trends/8trends2008.htm
trendwatching-2009,trendwatching,2009,2008-12,https://web.archive.org/web/20081205065943/http://www.trendwatching.com:80/trends/halfdozentrends2009/
trendwatching-2010,trendwatching,2010,2009-11,https://web.archive.org/web/20091118024539/http://www.trendwatching.com/trends/10trends2010/
trendwatching-2011,trendwatching,2011,2010-12,https://web.archive.org/web/20101203084257/http://www.trendwatching.com/trends/11trends2011/
trendwatching-2012,trendwatching,2012,2011-12,https://web.archive.org/web/20111203212326/http://trendwatching.com/trends/12trends2012/
trendwatching-2013,trendwatching,2013,2012-11,https://web.archive.org/web/20121110201258/http://trendwatching.com/trends/10trends2013/
trendwatching-2014,trendwatching,2014,2013-12,https://web.archive.org/web/20131205184452/http://www.trendwatching.com/trends/7trends2014/
trendwatching-2015,trendwatching,2015,2014-11,https://web.archive.org/web/20141128174801/http://trendwatching.com/trends/10-trends-for-2015/
trendwatching-2016,trendwatching,2016,2015-11,https://web.archive.org/web/20151114022414/http://trendwatching.com/trends/5-trends-for-2016/
trendwatching-2017,trendwatching,2017,2016-11,https://web.archive.org/web/20161119081258/http://trendwatching.com/trends/5-trends-for-2017/
trendwatching-2018,trendwatching,2018,2017-11,https://web.archive.org/web/20171109211002/http://trendwatching.com/quarterly/2017-11/5-trends-2018/
trendwatching-2019,trendwatching,2019,2018-11,https://web.archive.org/web/20181219194149/https://trendwatching.com/quarterly/2018-11/5-trends-2019/
trendwatching-2020,trendwatching,2020,2019-11,https://web.archive.org/web/20191213044207/https://trendwatching.com/quarterly/2019-11/5-trends-2020/
trendwatching-2021,trendwatching,2021,2020-12,https://web.archive.org/web/20201201093334/https://info.trendwatching.com/21-trends-for-2021
trendwatching-2022,trendwatching,2022,2021-12,https://web.archive.org/web/20211223013619/https://www.trendwatching.com/22-trends-for-2022
trendwatching-2023,trendwatching,2023,2022-12,https://web.archive.org/web/20221203232847/https://www.trendwatching.com/2023-trend-check
trendwatching-2024,trendwatching,2024,2023-12,https://web.archive.org/web/20231215231936/https://www.trendwatching.com/2024-trend-check
trendwatching-2025,trendwatching,2025,2024-12,https://web.archive.org/web/20241205113811/https://www.trendwatching.com/2025-trend-report-highlights
a16z-big-ideas-2023,a16z-big-ideas,2023,2022-12-15,https://a16z.com/big-ideas-in-tech-for-2023-an-a16z-omnibus/
a16z-big-ideas-2024,a16z-big-ideas,2024,2023-11-29,https://a16z.com/big-ideas-in-tech-2024/
a16z-big-ideas-2025,a16z-big-ideas,2025,2024-11-15,https://a16z.com/big-ideas-in-tech-2025/
a16z-big-ideas-2026,a16z-big-ideas,2026,2025-12-09,https://a16z.com/newsletter/big-ideas-2026-part-1/
ftsg-tech-trends-2014,ftsg-tech-trends,2014,2014-01,https://web.archive.org/web/20140124011002/http://webbmediagroup.com/upload/2014-Trend-Report.pdf
ftsg-tech-trends-2015,ftsg-tech-trends,2015,2014-12,https://web.archive.org/web/20141209105622/http://www.slideshare.net/webbmedia/2015-tech-trends
ftsg-tech-trends-2016,ftsg-tech-trends,2016,2015-12,https://web.archive.org/web/20160116162654/http://www.slideshare.net/webbmedia/webbmedia-group-2016-tech-trends
ftsg-tech-trends-2017,ftsg-tech-trends,2017,2016-12,https://web.archive.org/web/20201205002207/https://www2.slideshare.net/webbmedia/embargoed-until-dec-13th-future-today-institutes-2017-tech-trends-report
ftsg-tech-trends-2019,ftsg-tech-trends,2019,2019-03,https://web.archive.org/web/20200830004208/https://www.slideshare.net/webbmedia/2019-emerging-tech-trends-report-part-1-of-2-136450918
ftsg-tech-trends-2020,ftsg-tech-trends,2020,2020-03,https://web.archive.org/web/20200818165913/https://www.slideshare.net/AmyWebb33/future-today-institute-2020-tech-trends-report-231311623
ftsg-tech-trends-2021,ftsg-tech-trends,2021,2021-03,https://www.dropbox.com/s/fm5c9mlmnwy9kgd/FTI_2021_Tech_Trends_Volume_All.pdf
ftsg-tech-trends-2022,ftsg-tech-trends,2022,2022-03,https://web.archive.org/web/20220316173530/https://futuretodayinstitute.com/mu_uploads/2022/03/FTI_Tech_Trends_2022_All.pdf
ftsg-tech-trends-2023,ftsg-tech-trends,2023,2023-03,https://web.archive.org/web/20240218190002/https://futuretodayinstitute.com/wp-content/uploads/2023/02/Bioengineering.pdf
ftsg-tech-trends-2024,ftsg-tech-trends,2024,2024-03,https://web.archive.org/web/20240309173748/https://futuretodayinstitute.com/wp-content/uploads/2024/03/TR2024_Full-Report_FINAL_LINKED.pdf
ftsg-tech-trends-2025,ftsg-tech-trends,2025,2025-03,https://web.archive.org/web/20250310153559/https://ftsg.com/wp-content/uploads/2025/03/FTSG_2025_TR_FINAL_LINKED.pdf
nic-global-trends-1997,nic-global-trends,1997,1997-11,https://www.dni.gov/index.php/who-we-are/organizations/mission-integration/nic/nic-related-menus/nic-related-content/global-trends-2010
nic-global-trends-2000,nic-global-trends,2000,2000-12,http://www.cia.gov/cia/reports/globaltrends2015/globaltrends2015.pdf
nic-global-trends-2004,nic-global-trends,2004,2004-12,http://www.dni.gov/nic/NIC_globaltrend2020_es.html
nic-global-trends-2008,nic-global-trends,2008,2008-11,https://www.dni.gov/files/documents/Newsroom/Reports%20and%20Pubs/2025_Global_Trends_Final_Report.pdf
nic-global-trends-2012,nic-global-trends,2012,2012-12,https://www.dni.gov/files/documents/GlobalTrends_2030.pdf
nic-global-trends-2017,nic-global-trends,2017,2017-01,https://www.dni.gov/files/documents/nic/GT-Full-Report.pdf
nic-global-trends-2021,nic-global-trends,2021,2021-03,https://www.dni.gov/files/ODNI/documents/assessments/GlobalTrends_2040.pdf
shell-scenarios-1993,shell-scenarios,1993,1993,https://www.shell.com/news-and-insights/scenarios/what-are-the-previous-shell-scenarios/_jcr_content/root/main/section_206147980/promo_copy_1379388925/links/item0.stream/1652289554324/55072c78e86e63ba056fc29cf2fdb099e20a9650/shell-global-scenarios19922020.pdf
shell-scenarios-1996,shell-scenarios,1996,1996,https://www.shell.com/news-and-insights/scenarios/what-are-the-previous-shell-scenarios/_jcr_content/root/main/section_206147980/promo_copy_514966389/links/item0.stream/1652289509241/e19b5221f581ce9c5e5cee0069c7439720e81526/shell-global-scenarios19952020.pdf
shell-scenarios-1999,shell-scenarios,1999,1999,https://www.shell.com/news-and-insights/scenarios/what-are-the-previous-shell-scenarios/_jcr_content/root/main/section_206147980/promo_copy/links/item0.stream/1652289463709/2c501efef838a67595501d4acb83194f6c5da570/shell-global-scenarios19982020.pdf
shell-scenarios-2001,shell-scenarios,2001,2001,https://www.shell.com/news-and-insights/scenarios/what-are-the-previous-shell-scenarios/_jcr_content/root/main/section_745060082/promo_copy_1402084199/links/item0.stream/1652288610482/13e227ab7fe802b9d15a8b0d572ecdc3ab481ff5/scenarios-energy-needs-choices-and-possibilities.pdf
shell-scenarios-2002,shell-scenarios,2002,2002-02,https://www.shell.com/news-and-insights/scenarios/what-are-the-previous-shell-scenarios/_jcr_content/root/main/section_745060082/promo_copy_2101431770/links/item0.stream/1652289423095/1da4008a92b21b2424ff2aa526536007ac20ed47/shell-global-scenarios2020peopleandconnections.pdf
shell-scenarios-2005,shell-scenarios,2005,2005,https://www.shell.com/news-and-insights/scenarios/what-are-the-previous-shell-scenarios/_jcr_content/root/main/section_745060082/promo_copy_610395211/links/item0.stream/1652289347170/b11796d73b992c93fb76ddf423669ae26330f503/shell-global-scenarios2025summary2005.pdf
shell-scenarios-2007,shell-scenarios,2007,2007-02,https://www.shell.com/news-and-insights/scenarios/what-are-the-previous-shell-scenarios/_jcr_content/root/main/section_745060082/promo_copy_1512206486/links/item0.stream/1652289385129/cd967c4faeb8747dbfc234b3f6d9f10c88b4bfb7/supp-glo-sc.pdf
shell-scenarios-2008,shell-scenarios,2008,2008,https://www.shell.com/news-and-insights/scenarios/what-are-the-previous-shell-scenarios/_jcr_content/root/main/section_745060082/promo_copy_1138672533/links/item0.stream/1652288835835/a791684e10076c93eb60675aa17787c5142632bd/shell-energy-scenarios2050.pdf
shell-scenarios-2011,shell-scenarios,2011,2011-02,https://www.shell.com/news-and-insights/scenarios/what-are-the-previous-shell-scenarios/_jcr_content/root/main/section_745060082/promo_copy_717248746/links/item0.stream/1652289218851/787285b3524a8522519a5708558be86cd71a68b2/shell-scenarios-2050signalssignposts.pdf
shell-scenarios-2013,shell-scenarios,2013,2013-03,https://www.shell.com/news-and-insights/scenarios/what-are-the-previous-shell-scenarios/_jcr_content/root/main/section_745060082/promo_copy/links/item0.stream/1652287059126/77705819dcc8c77394d9540947e811b8c35bda83/scenarios-newdoc-english.pdf
shell-scenarios-2016,shell-scenarios,2016,2016-05,https://www.shell.com/news-and-insights/scenarios/what-are-the-previous-shell-scenarios/_jcr_content/root/main/section_745060082/promo/links/item0.stream/1655563112084/f53f377c72c622102c589336d7eb60bfc1cf0c6b/scenarios-nze-brochure-interactive-afwv9-interactive.pdf
shell-scenarios-2018,shell-scenarios,2018,2018-03-26,https://web.archive.org/web/2019id_/https://www.shell.com/promos/business-customers-promos/download-latest-scenario-sky/_jcr_content.stream/1530643931055/eca19f7fc0d20adbe830d3b0b27bcc9ef72198f5/shell-scenario-sky.pdf
shell-scenarios-2020,shell-scenarios,2020,2020-09,https://www.shell.com/energy-and-innovation/the-energy-future/scenarios/rethinking-the-2020s.html
shell-scenarios-2021,shell-scenarios,2021,2021,https://www.shell.com/news-and-insights/scenarios/what-are-the-previous-shell-scenarios/_jcr_content/root/main/section_1789847828/promo_copy_142460259/links/item0.stream/1652119830834/fba2959d9759c5ae806a03acfb187f1c33409a91/energy-transformation-scenarios.pdf
shell-scenarios-2023,shell-scenarios,2023,2023-03-21,https://www.shell.com/news-and-insights/scenarios/the-energy-security-scenarios/_jcr_content/root/main/section_926760145/promo/links/item0.stream/1679344984968/5bc8327925d66e1402040d0e79fed7291bf9b7e9/energy-security-scenarios-full-report.pdf
shell-scenarios-2025,shell-scenarios,2025,2025,https://www.shell.com/news-and-insights/scenarios/what-are-the-previous-shell-scenarios/the-2025-energy-security-scenarios/_jcr_content/root/main/section_1902297548/promo/links/item0.stream/1746784000258/ca7e977082c0ee7f8e60e87fa41556287d3be0cf/the_2025_energy_security_scenarios.pdf
shell-scenarios-2026,shell-scenarios,2026,2026-01,https://www.shell.com/news-and-insights/scenarios/the-2026-energy-security-scenarios/_jcr_content/root/main/section_664131450/promo_copy/links/item0.stream/1768810403872/8b4495f80c08a92df53b780af870073b0e5a6742/the-2026-energy-security-scenarios.pdf
ipcc-pathways-1990,ipcc-pathways,1990,1990,https://www.ipcc.ch/site/assets/uploads/2018/03/ipcc_far_wg_I_app_01.pdf
ipcc-pathways-1992,ipcc-pathways,1992,1992,https://www.ipcc.ch/site/assets/uploads/2018/05/ipcc_wg_I_1992_suppl_report_full_report.pdf
ipcc-pathways-2000,ipcc-pathways,2000,2000-03,https://www.ipcc.ch/site/assets/uploads/2018/03/emissions_scenarios-1.pdf
ipcc-pathways-2013,ipcc-pathways,2013,2013-09,https://www.ipcc.ch/site/assets/uploads/2018/02/WG1AR5_SPM_FINAL.pdf
ipcc-pathways-2021,ipcc-pathways,2021,2021-08,https://www.ipcc.ch/report/ar6/wg1/downloads/report/IPCC_AR6_WGI_SPM.pdf
