label,subject_id,method,sources,reason
"$1,000 PC at a trillion calculations per second",1-000-pc-at-a-trillion-calculations-per-second,exact,kurzweil,
$100 Genome,100-genome,exact,mit-tr-10-breakthrough,
100-Year Software,100-year-software,exact,ftsg-tech-trends,
15-minute cities and car-free urban design,15-minute-cities-and-car-free-urban-design,exact,trendwatching,
20% fall of the US$,20-fall-of-the-us,exact,wef-global-risks,
2012 Political Transitions,2012-political-transitions,exact,eurasia-top-risks,
3-D Flat-Panel Displays,3-d-flat-panel-displays,exact,gartner-hype-cycle,
3D Flat-Panel TVs and Displays,3-d-flat-panel-displays,judgment,gartner-hype-cycle,Same Hype Cycle technology group; reworded.
3-D Metal Printing,3-d-metal-printing,exact,mit-tr-10-breakthrough,
3-D Transistors,3-d-transistors,exact,mit-tr-10-breakthrough,
360-degree Video,360-degree-video,exact,ftsg-tech-trends,
360° Video,360-video,exact,ftsg-tech-trends,
3D,3d,exact,envisioning-technology,
3D AI companions,3d-ai-companions,exact,a16z-big-ideas,
3D Bioprinting,3d-bioprinting,exact,ftsg-tech-trends;gartner-hype-cycle,
3D Bioprinting Systems,3d-bioprinting,judgment,gartner-hype-cycle,Same Hype Cycle technology group; the poster's 'Organ printing' is the same application (printing tissue and organs).
3D Bioprinting Systems for Organ Transplant,3d-bioprinting-systems-for-organ-transplant,exact,gartner-hype-cycle,
Organ printing,3d-bioprinting-systems-for-organ-transplant,judgment,envisioning-horizons;envisioning-technology,"Same application: printing whole organs for transplant (alias review, #55)."
3D chips,3d-chips,exact,kurzweil,
3D cinema,3d-cinema,exact,deloitte-tmt-predictions,
3D direct-eye displays in glasses and contacts,3d-direct-eye-displays-in-glasses-and-contacts,exact,kurzweil,
3D holography displays,3d-holography-displays,exact,kurzweil,
3D nanotube lattice circuits,3d-nanotube-lattice-circuits,exact,kurzweil,
3D phone calls via direct-eye displays,3d-phone-calls-via-direct-eye-displays,exact,kurzweil,
3D-Printed Coral Reef,3d-printed-coral-reef,exact,ftsg-tech-trends,
3D Printed Drugs,3d-printed-drugs,exact,ftsg-tech-trends,
3D-printed drugs,3d-printed-drugs,exact,envisioning-health,
3D Printed Houses,3d-printed-houses,exact,ftsg-tech-trends,
3D-Printed Houses,3d-printed-houses,exact,ftsg-tech-trends,
3D printed organs,3d-printed-organs,exact,envisioning-health,
3-D Printing,3d-printing,normalized,gartner-hype-cycle,
3D printers,3d-printing,judgment,envisioning-education;gartner-strategic-predictions,Additive manufacturing is the industry name for 3D printing; Envisioning's own 2011-2012 revision records the change as a rename.
3D printing,3d-printing,exact,deloitte-tmt-predictions;envisioning-technology,
3D Printing,3d-printing,normalized,ark-big-ideas;ftsg-tech-trends;gartner-hype-cycle,
Additive manufacturing,3d-printing,judgment,envisioning-technology,Additive manufacturing is the industry name for 3D printing; Envisioning's own 2011-2012 revision records the change as a rename.
Additive Manufacturing,3d-printing,judgment,ftsg-tech-trends;mit-tr-10-breakthrough,Additive manufacturing is the industry name for 3D printing; Envisioning's own 2011-2012 revision records the change as a rename.
Additive manufacturing (3D printing),3d-printing,judgment,deloitte-tech-trends,"Deloitte's 'Additive manufacturing' exponential is 3D printing (its 2015 text says so); the curation already maps additive manufacturing to 3D printing. (subject dupes review, d48)"
3D printing and intellectual property loss,3d-printing-and-intellectual-property-loss,exact,gartner-strategic-predictions,
3D printing and intellectual property theft,3d-printing-and-intellectual-property-theft,exact,gartner-strategic-predictions,
3D printing for personalized products,3d-printing-for-personalized-products,exact,gartner-strategic-predictions,
3D printing market,3d-printing-market,exact,ark-big-ideas,
3D Scanners,3d-scanners,exact,gartner-hype-cycle,
3D Sensing Cameras,3d-sensing-cameras,exact,gartner-hype-cycle,
3D television,3d-television,exact,deloitte-tmt-predictions,
3-D Web,3d-web,normalized,gartner-hype-cycle,
3D Web,3d-web,exact,gartner-hype-cycle,
3G mobile networks,3g-mobile-networks,exact,deloitte-tmt-predictions,
3rd Platform share of IT spending,3rd-platform-share-of-it-spending,exact,idc-futurescape,
3rd Platform sourcing failures,3rd-platform-sourcing-failures,exact,idc-futurescape,
40% fall of the US$,40-fall-of-the-us,exact,wef-global-risks,
46*,46,exact,eurasia-top-risks,
4D Printing,4d-printing,exact,gartner-hype-cycle,
4G,4g,exact,envisioning-technology;gartner-hype-cycle,
4G Standard,4g,judgment,gartner-hype-cycle,Same mobile network generation.
Fourth-Generation Wireless Technology,4g,judgment,gartner-hype-cycle,Same mobile network generation.
LTE / 4G deployment,4g,judgment,deloitte-tmt-predictions,LTE is the 4G standard.
4K,4k,exact,envisioning-technology,
4K television,4k-television,exact,deloitte-tmt-predictions,
5G,5g,exact,envisioning-horizons;envisioning-technology;ftsg-tech-trends;gartner-hype-cycle,
5G networks,5g,judgment,deloitte-tmt-predictions,Same mobile network generation.
5G adoption in North America,5g-adoption-in-north-america,exact,mckinsey-tech-trends,
5G and IoT connectivity,5g-and-iot-connectivity,exact,mckinsey-tech-trends,
5G and LTE-Advanced,5g-and-lte-advanced,exact,deloitte-tmt-predictions,
5G for the Metaverse,5g-for-the-metaverse,exact,ftsg-tech-trends,
5G health effects,5g-health-effects,exact,deloitte-tmt-predictions,
5G Networks and the Industrial Internet of Things (IIoT),5g-networks-and-the-industrial-internet-of-things-iiot,exact,ftsg-tech-trends,
5G population coverage,5g-population-coverage,exact,mckinsey-tech-trends,
5G: Private Networks and China’s Influence,5g-private-networks-and-china-s-influence,exact,ftsg-tech-trends,
5G standalone networks,5g-standalone-networks,exact,deloitte-tmt-predictions,
5G Triggers a Surge of New Businesses,5g-triggers-a-surge-of-new-businesses,exact,ftsg-tech-trends,
5Geopolitics,5geopolitics,exact,ftsg-tech-trends,
6G,6g,exact,ftsg-tech-trends;gartner-hype-cycle,
6G Global Competition,6g-global-competition,exact,ftsg-tech-trends,
802.11ax,802-11ax,exact,gartner-hype-cycle,
Wi-Fi 6,802-11ax,judgment,deloitte-tmt-predictions,Wi-Fi 6 is the marketing name of IEEE 802.11ax.
802.11g,802-11g,exact,gartner-hype-cycle,
802.15.4 (ZigBee),802-15-4-zigbee,exact,gartner-hype-cycle,
802.16 2004 WiMAX,802-16-2004-wimax,exact,gartner-hype-cycle,
802.16d WiMAX,802-16-2004-wimax,judgment,gartner-hype-cycle,IEEE 802.16-2004 is the standard also called 802.16d.
8K television,8k-television,exact,deloitte-tmt-predictions,
A Bigger Role For Ambient Interfaces,a-bigger-role-for-ambient-interfaces,exact,ftsg-tech-trends,
A chip design that changes everything,a-chip-design-that-changes-everything,exact,mit-tr-10-breakthrough,
A Developers’ Quantum Toolbox,a-developers-quantum-toolbox,exact,ftsg-tech-trends,
A Faster Fourier Transform,a-faster-fourier-transform,exact,mit-tr-10-breakthrough,
A.I. and Digital Dividends,a-i-and-digital-dividends,exact,ftsg-tech-trends,
A.I. for Drug Development,a-i-for-drug-development,exact,ftsg-tech-trends,
A.I. for Interviews,a-i-for-interviews,exact,ftsg-tech-trends,
AI for Interviews,a-i-for-interviews,normalized,ftsg-tech-trends,
A.I. in the Cloud,a-i-in-the-cloud,exact,ftsg-tech-trends,
AI in the Cloud,a-i-in-the-cloud,normalized,ftsg-tech-trends,
A.I.-Powered Automated Hacking Systems,a-i-powered-automated-hacking-systems,exact,ftsg-tech-trends,
AI-Powered Automated Hacking,a-i-powered-automated-hacking-systems,judgment,ftsg-tech-trends,"Same FTSG trend across 2019-2021; 'Systems' suffix and 'A.I.' punctuation only. (subject dupes review, d48)"
AI-Powered Automated Hacking Systems,a-i-powered-automated-hacking-systems,normalized,ftsg-tech-trends,
A.I. Still Has a Bias Problem,a-i-still-has-a-bias-problem,exact,ftsg-tech-trends,
AI Still Has a Bias Problem,a-i-still-has-a-bias-problem,normalized,ftsg-tech-trends,
A.I. Systems Intentionally Hiding Data,a-i-systems-intentionally-hiding-data,exact,ftsg-tech-trends,
A.I. to Catch Cheaters,a-i-to-catch-cheaters,exact,ftsg-tech-trends,
AI to Catch Cheaters,a-i-to-catch-cheaters,normalized,ftsg-tech-trends,
A-List Synths,a-list-synths,exact,ftsg-tech-trends,
"A-List Synths, Virtual Idols, and Influencers",a-list-synths-virtual-idols-and-influencers,exact,ftsg-tech-trends,
A long-lasting grid battery,a-long-lasting-grid-battery,exact,mit-tr-10-breakthrough,
A New Focus for Light,a-new-focus-for-light,exact,mit-tr-10-breakthrough,
A New Wave of Genetically Modified Foods,a-new-wave-of-genetically-modified-foods,exact,ftsg-tech-trends,
A Nuclear Renaissance for AI Workloads,a-nuclear-renaissance-for-ai-workloads,exact,ftsg-tech-trends,
A Patchwork Approach,a-patchwork-approach,exact,ftsg-tech-trends,
A pill for covid,a-pill-for-covid,exact,mit-tr-10-breakthrough,
A return to dictatorship in Brazil,a-return-to-dictatorship-in-brazil,exact,eurasia-top-risks,
A Return to Natural Farming— With Technology,a-return-to-natural-farming-with-technology,exact,ftsg-tech-trends,
A Search Engine for the World’s DNA,a-search-engine-for-the-world-s-dna,exact,ftsg-tech-trends,
A Shortage of Genome Storage,a-shortage-of-genome-storage,exact,ftsg-tech-trends,
A weaker Merkel,a-weaker-merkel,exact,eurasia-top-risks,
Abortion pills via telemedicine,abortion-pills-via-telemedicine,exact,mit-tr-10-breakthrough,
"Abstracted crypto UX (""hide the wires"")",abstracted-crypto-ux-hide-the-wires,exact,a16z-big-ideas,
Abusing the Notification Layer,abusing-the-notification-layer,normalized,ftsg-tech-trends,
Abusing The Notification Layer,abusing-the-notification-layer,exact,ftsg-tech-trends,
Accelerated Adoption,accelerated-adoption,exact,ftsg-tech-trends,
Accelerating Government Digitalization,accelerating-government-digitalization,exact,ftsg-tech-trends,
Accent Recognition,accent-recognition,exact,ftsg-tech-trends,
"Access to high-cost therapies (GLP-1, cell and gene therapy)",access-to-high-cost-therapies-glp-1-cell-and-gene-therapy,exact,a16z-big-ideas,
Accessibility Tech,accessibility-tech,exact,ftsg-tech-trends,
Accessibility Tech Goes Mainstream,accessibility-tech-goes-mainstream,exact,ftsg-tech-trends,
Accessible design for people with disabilities,accessible-design-for-people-with-disabilities,exact,trendwatching,
Accessible Public Data,accessible-public-data,exact,ftsg-tech-trends,
Accidents,accidents,exact,eurasia-top-risks,
Accountability and Trust,accountability-and-trust,exact,ftsg-tech-trends,
Acellular Meat Production,acellular-meat-production,exact,ftsg-tech-trends,
Achievements & badges,achievements-and-badges,exact,envisioning-education,
Active & Intelligent Packaging,active-and-intelligent-packaging,exact,ftsg-tech-trends,
Active crypto usage,active-crypto-usage,exact,a16z-big-ideas,
Active cyber defense,active-cyber-defense,exact,accenture-tech-vision,
Active Metadata Management,active-metadata-management,exact,gartner-hype-cycle,
Activity Streams,activity-streams,exact,gartner-hype-cycle,
Activity Vision,activity-vision,exact,ftsg-tech-trends,
Ad blocking,ad-blocking,exact,deloitte-tmt-predictions,
Ad-supported video on demand,ad-supported-video-on-demand,exact,deloitte-tmt-predictions,
Adaptable Surfaces,adaptable-surfaces,exact,ftsg-tech-trends,
Adaptive and Assistive Wearables,adaptive-and-assistive-wearables,exact,ftsg-tech-trends,
Adaptive DNA Storage Codex,adaptive-dna-storage-codex,exact,ftsg-tech-trends,
Adaptive Driving Systems,adaptive-driving-systems,exact,ftsg-tech-trends,
"Adaptive, Dynamic, and Immersive Advertisements",adaptive-dynamic-and-immersive-advertisements,exact,ftsg-tech-trends,
Adaptive Experiences,adaptive-experiences,exact,gartner-hype-cycle,
Adaptive Learning,adaptive-learning,exact,ftsg-tech-trends,
Adaptive ML,adaptive-ml,exact,gartner-hype-cycle,
Adaptive Reuse and Deconstruction,adaptive-reuse-and-deconstruction,exact,ftsg-tech-trends,
Adaptive Wearable Technologies,adaptive-wearable-technologies,exact,ftsg-tech-trends,
Adaptive workforce,adaptive-workforce,exact,accenture-tech-vision,
Additive Construction,additive-construction,exact,ftsg-tech-trends,
Additive Manufacturing and Printing,additive-manufacturing-and-printing,exact,ftsg-tech-trends,
Addressable TV advertising,addressable-tv-advertising,exact,deloitte-tmt-predictions,
Addressing Bias,addressing-bias,exact,ftsg-tech-trends,
Addressing Housing Shortages,addressing-housing-shortages,exact,ftsg-tech-trends,
Addressing Political Bias,addressing-political-bias,exact,ftsg-tech-trends,
Addressing Race and Gender Bias,addressing-race-and-gender-bias,exact,ftsg-tech-trends,
Addressing the Labor Crisis,addressing-the-labor-crisis,exact,ftsg-tech-trends,
Adopting Serverless Computing,adopting-serverless-computing,exact,ftsg-tech-trends,
Adopting Unified Learning Processes,adopting-unified-learning-processes,exact,ftsg-tech-trends,
Adoption of Hybrid Cloud,adoption-of-hybrid-cloud,exact,ftsg-tech-trends,
Adult workers mostly learning,adult-workers-mostly-learning,exact,kurzweil,
Advanced A.I. Chipsets,advanced-a-i-chipsets,exact,ftsg-tech-trends,
Advanced AI Chipsets,advanced-a-i-chipsets,normalized,ftsg-tech-trends,
"Advanced AI (symbolic, deep and broad reasoning)",advanced-ai-symbolic-deep-and-broad-reasoning,exact,deloitte-tech-trends,
Advanced Analytics for Scouting Talent,advanced-analytics-for-scouting-talent,exact,ftsg-tech-trends,
Advanced Analytics With Self-Service Delivery,advanced-analytics-with-self-service-delivery,exact,gartner-hype-cycle,
Advanced computing (quantum and novel architectures),advanced-computing-quantum-and-novel-architectures,exact,deloitte-tech-trends,
Advanced connectivity,advanced-connectivity,exact,mckinsey-tech-trends,
"Advanced connectivity (5G/6G, LPWA, LEO satellites)",advanced-connectivity,judgment,mckinsey-tech-trends,"Same McKinsey trend 'Advanced connectivity'; the 2022 parenthesis only lists the technologies the trend has covered every year. (subject dupes review, d48)"
"Advanced connectivity (5G, edge, networking)",advanced-connectivity-5g-edge-networking,exact,deloitte-tech-trends,
Advanced Cooling Technologies,advanced-cooling-technologies,exact,ftsg-tech-trends,
Advanced Cyptography for Privacy and Efficiency,advanced-cyptography-for-privacy-and-efficiency,exact,ftsg-tech-trends,
"Advanced materials (nanomaterials, graphene, 2-D materials)",advanced-materials-nanomaterials-graphene-2-d-materials,exact,mckinsey-tech-trends,
Advanced media technologies adoption,advanced-media-technologies-adoption,exact,kurzweil,
Advanced Prosthetics,advanced-prosthetics,exact,ftsg-tech-trends,
Advanced Robotics,advanced-robotics,exact,ftsg-tech-trends,
Advances in Sports Medicine and Wearables,advances-in-sports-medicine-and-wearables,exact,ftsg-tech-trends,
Advancing Data Processing with Photonics,advancing-data-processing-with-photonics,exact,ftsg-tech-trends,
Adversarial Attacks,adversarial-attacks,exact,ftsg-tech-trends,
Adversarial Images,adversarial-images,exact,ftsg-tech-trends,
Adverse outcomes of AI technologies,adverse-outcomes-of-ai-technologies,exact,wef-global-risks,
Adverse tech advances,adverse-tech-advances,exact,wef-global-risks,
Advertising as Entertainment,advertising-as-entertainment,exact,ftsg-tech-trends,
Aerial and Oceanic Exploration of Other Planets,aerial-and-oceanic-exploration-of-other-planets,exact,ftsg-tech-trends,
Aerogel,aerogel,exact,envisioning-horizons,
Aeroponic Growing,aeroponic-growing,exact,ftsg-tech-trends,
Affective Computing,affective-computing,exact,ftsg-tech-trends;gartner-hype-cycle,
Affective computing (emotion AI),affective-computing,judgment,deloitte-tech-trends,"Emotion AI is the newer name of affective computing (Gartner's 2019 entry succeeds its 2013-2016 Affective Computing); Deloitte's 2022 claim says 'affective computing' and its 2020 human-experience chapter is the same emotion-sensing field. (subject dupes review, d48)"
Emotion AI,affective-computing,judgment,gartner-hype-cycle,"Emotion AI is the newer name of affective computing (Gartner's 2019 entry succeeds its 2013-2016 Affective Computing); Deloitte's 2022 claim says 'affective computing' and its 2020 human-experience chapter is the same emotion-sensing field. (subject dupes review, d48)"
Afghanistan deaths and emigration,afghanistan-deaths-and-emigration,exact,economist-world-ahead,
Afghanistan food shortages,afghanistan-food-shortages,exact,economist-world-ahead,
Afghanistan/Pakistan,afghanistan-pakistan,exact,eurasia-top-risks,
Africa's security,africa-s-security,exact,eurasia-top-risks,
African developer talent,african-developer-talent,exact,gartner-strategic-predictions,
Ag-Fintech,ag-fintech,exact,ftsg-tech-trends,
Ag Marketplaces,ag-marketplaces,exact,ftsg-tech-trends,
Age Reversal,age-reversal,exact,ftsg-tech-trends,
Agent-native infrastructure,agent-native-infrastructure,exact,a16z-big-ideas,
Agentic AI in service contracts,agentic-ai-in-service-contracts,exact,gartner-strategic-predictions,
Agentic AI orchestration,agentic-ai-orchestration,exact,deloitte-tmt-predictions,
Agentic software development,agentic-software-development,exact,mckinsey-tech-trends,
Agents,agents,exact,gartner-hype-cycle,
Agents as IT interface,agents-as-it-interface,exact,idc-futurescape,
Agents exchange structured knowledge,agents-exchange-structured-knowledge,exact,kurzweil,
Agents: From Assistants to Actors,agents-from-assistants-to-actors,exact,ftsg-tech-trends,
Agents Will Increasingly Perform Tasks on Our Behalf,agents-will-increasingly-perform-tasks-on-our-behalf,exact,ftsg-tech-trends,
Agile connectivity via APIs,agile-connectivity-via-apis,exact,idc-futurescape,
Agile/DevOps beyond IT,agile-devops-beyond-it,exact,idc-futurescape,
Agile funding of technology (CIO-CFO collaboration),agile-funding-of-technology-cio-cfo-collaboration,exact,deloitte-tech-trends,
Agile Robots,agile-robots,exact,mit-tr-10-breakthrough,
Aging clocks,aging-clocks,exact,mit-tr-10-breakthrough,
agricultural biotechnology,agricultural-biotechnology,exact,nic-global-trends,
Agricultural Clouds,agricultural-clouds,exact,ftsg-tech-trends,
Agricultural Drones,agricultural-drones,exact,mit-tr-10-breakthrough,
Agricultural robots,agricultural-robots,exact,envisioning-horizons,
Agricultural technology,agricultural-technology,exact,deloitte-tmt-predictions,
AgTech,agtech,exact,ftsg-tech-trends,
AI accelerators,ai-accelerators,exact,ark-big-ideas,
AI agent abuse and security breaches,ai-agent-abuse-and-security-breaches,exact,gartner-strategic-predictions,
AI agent use in the G2000,ai-agent-use-in-the-g2000,exact,idc-futurescape,
Agentic AI,ai-agents,judgment,deloitte-tech-trends;deloitte-tmt-predictions;mckinsey-tech-trends,Agentic AI is the practice of AI agents.
AI Agents,ai-agents,exact,ark-big-ideas;gartner-hype-cycle,
AI agents and agent ecosystems,ai-agents-and-agent-ecosystems,exact,accenture-tech-vision,
AI agents as web users,ai-agents-as-web-users,exact,a16z-big-ideas,
AI Agents for Autonomous Decision-Making,ai-agents-for-autonomous-decision-making,exact,ftsg-tech-trends,
AI agents in B2B buying,ai-agents-in-b2b-buying,exact,gartner-strategic-predictions,
AI agents in games,ai-agents-in-games,exact,a16z-big-ideas,
AI agents in SaaS,ai-agents-in-saas,exact,deloitte-tmt-predictions,
AI aligned with customer business models,ai-aligned-with-customer-business-models,exact,a16z-big-ideas,
AI Alignment,ai-alignment,exact,ftsg-tech-trends,
AI Alignment Goes Mainstream,ai-alignment-goes-mainstream,exact,ftsg-tech-trends,
AI analysis of qualitative data,ai-analysis-of-qualitative-data,exact,a16z-big-ideas,
AI and blockchain convergence,ai-and-blockchain-convergence,exact,a16z-big-ideas,
AI and data governance,ai-and-data-governance,exact,idc-futurescape,
AI and human agency,ai-and-human-agency,exact,pew-elon-imagining,
AI and human well-being,ai-and-human-well-being,exact,pew-elon-imagining,
AI and job roles,ai-and-job-roles,exact,idc-futurescape,
AI and middle management,ai-and-middle-management,exact,gartner-strategic-predictions,
AI and robotics in daily life,ai-and-robotics-in-daily-life,exact,trendwatching,
AI and robotics job displacement,ai-and-robotics-job-displacement,exact,pew-elon-imagining,
AI and the Replication Crisis,ai-and-the-replication-crisis,exact,ftsg-tech-trends,
AI as a Content Medium,ai-as-a-content-medium,exact,ftsg-tech-trends,
AI as a Shield,ai-as-a-shield,exact,ftsg-tech-trends,
AI as a Tool to Address Political Bias,ai-as-a-tool-to-address-political-bias,exact,ftsg-tech-trends,
AI as Critical Infrastructure,ai-as-critical-infrastructure,exact,ftsg-tech-trends,
AI as user interface,ai-as-user-interface,exact,accenture-tech-vision,
AI assistants for Latin American SMBs,ai-assistants-for-latin-american-smbs,exact,a16z-big-ideas,
AI Assisted Asset Pricing and Management,ai-assisted-asset-pricing-and-management,exact,ftsg-tech-trends,
AI-Assisted Campaigns,ai-assisted-campaigns,exact,ftsg-tech-trends,
AI-Assisted Chip Design,ai-assisted-chip-design,exact,ftsg-tech-trends,
AI-assisted cloud governance,ai-assisted-cloud-governance,exact,idc-futurescape,
AI Assisted Creativity,ai-assisted-creativity,exact,ftsg-tech-trends,
AI-assisted creativity,ai-assisted-creativity,normalized,ftsg-tech-trends,
AI-Assisted Creativity,ai-assisted-creativity,exact,ftsg-tech-trends,
AI-Assisted Data Modeling,ai-assisted-data-modeling,exact,ftsg-tech-trends,
AI-Assisted Data Modeling for Insurers,ai-assisted-data-modeling-for-insurers,exact,ftsg-tech-trends,
AI-Assisted Diagnosis and Clinical Decision-Making,ai-assisted-diagnosis-and-clinical-decision-making,exact,ftsg-tech-trends,
AI-Assisted Education,ai-assisted-education,exact,ftsg-tech-trends,
AI-Assisted Humanitarianism in War,ai-assisted-humanitarianism-in-war,exact,ftsg-tech-trends,
AI-Assisted Invention,ai-assisted-invention,exact,ftsg-tech-trends,
AI-Assisted Situational Awareness,ai-assisted-situational-awareness,exact,ftsg-tech-trends,
AI-Augmented Design,ai-augmented-design,exact,gartner-hype-cycle,
AI Augmented Process Decisions,ai-augmented-process-decisions,exact,ftsg-tech-trends,
AI-Augmented Development,ai-augmented-software-engineering,judgment,gartner-hype-cycle,"Gartner renamed the entry (raw INDEX, renames)."
AI-Augmented Software Engineering,ai-augmented-software-engineering,exact,gartner-hype-cycle,
AI automation in cybersecurity,ai-automation-in-cybersecurity,exact,a16z-big-ideas,
AI-based writing,ai-based-writing,exact,kurzweil,
AI Bias Leads To Societal Problems,ai-bias-leads-to-societal-problems,exact,ftsg-tech-trends,
AI Brain Drain,ai-brain-drain,exact,ftsg-tech-trends,
AI Brain Drain from Academia,ai-brain-drain-from-academia,exact,ftsg-tech-trends,
AI Breakthroughs in Mathematics,ai-breakthroughs-in-mathematics,exact,ftsg-tech-trends,
AI Breathes life into Legacy Systems,ai-breathes-life-into-legacy-systems,normalized,ftsg-tech-trends,
AI Breathes Life Into Legacy Systems,ai-breathes-life-into-legacy-systems,exact,ftsg-tech-trends,
AI chatbots and virtual entities as companions,ai-chatbots-and-virtual-entities-as-companions,exact,trendwatching,
AI chatbots in healthcare,ai-chatbots-in-healthcare,exact,trendwatching,
AI chips,ai-chips,exact,deloitte-tmt-predictions,
AI Chips,ai-chips,normalized,ftsg-tech-trends,
AI Chipsets,ai-chipsets,exact,ftsg-tech-trends,
AI Claims Processing,ai-claims-processing,exact,ftsg-tech-trends,
AI companions,ai-companions,exact,a16z-big-ideas;mit-tr-10-breakthrough,
AI compute cost,ai-compute-cost,exact,ark-big-ideas,
AI consumer revenue,ai-consumer-revenue,exact,ark-big-ideas,
AI copilots for white-collar work,ai-copilots-for-white-collar-work,exact,a16z-big-ideas,
AI-Created New Materials,ai-created-new-materials,exact,ftsg-tech-trends,
AI creative tools,ai-creative-tools,exact,a16z-big-ideas,
AI credit counseling,ai-credit-counseling,exact,a16z-big-ideas,
AI data center capacity demand,ai-data-center-capacity-demand,exact,mckinsey-tech-trends,
AI data center electricity use,ai-data-center-electricity-use,exact,mckinsey-tech-trends,
AI Democratizes Music Production,ai-democratizes-music-production,exact,ftsg-tech-trends,
AI-Designed Proteins Transform Medicine,ai-designed-proteins-transform-medicine,exact,ftsg-tech-trends,
AI designer self-regulation,ai-designer-self-regulation,exact,gartner-strategic-predictions,
AI Diplomacy,ai-diplomacy,exact,ftsg-tech-trends,
AI-discovered molecules,ai-discovered-molecules,exact,mit-tr-10-breakthrough,
AI-Driven Chip Design,ai-driven-chip-design,exact,ftsg-tech-trends,
AI-Driven Experimentation,ai-driven-experimentation,exact,ftsg-tech-trends,
AI-Driven Genome Annotation Improves Insights,ai-driven-genome-annotation-improves-insights,exact,ftsg-tech-trends,
AI-Driven Hypotheses,ai-driven-hypotheses,exact,ftsg-tech-trends,
AI-Driven Innovation,ai-driven-innovation,exact,gartner-hype-cycle,
AI-Driven Molecular Modeling,ai-driven-molecular-modeling,exact,ftsg-tech-trends,
AI-driven robotics market,ai-driven-robotics-market,exact,mckinsey-tech-trends,
AI-driven social simulation games,ai-driven-social-simulation-games,exact,a16z-big-ideas,
AI-Driven Spatial Biology Advances Precision Medicine,ai-driven-spatial-biology-advances-precision-medicine,exact,ftsg-tech-trends,
AI eats its users,ai-eats-its-users,exact,eurasia-top-risks,
AI economics models,ai-economics-models,exact,idc-futurescape,
AI Education Surge,ai-education-surge,exact,ftsg-tech-trends,
AI embedded PCs,ai-embedded-pcs,exact,ftsg-tech-trends,
AI-Empowered People,ai-empowered-people,exact,ftsg-tech-trends,
AI-enabled circular consumption,ai-enabled-circular-consumption,exact,trendwatching,
AI-enabled control platforms,ai-enabled-control-platforms,exact,idc-futurescape,
AI-enabled interfaces,ai-enabled-interfaces,exact,idc-futurescape,
AI energy consumption,ai-energy-consumption,exact,gartner-strategic-predictions,
AI-enhanced virtual care,ai-enhanced-virtual-care,exact,gartner-strategic-predictions,
AI Ethics in Biomedicine Becomes a Priority,ai-ethics-in-biomedicine-becomes-a-priority,exact,ftsg-tech-trends,
AI face recognition and missing people,ai-face-recognition-and-missing-people,exact,gartner-strategic-predictions,
AI-First Drug Development,ai-first-drug-development,exact,ftsg-tech-trends,
AI-First Drug Discovery,ai-first-drug-discovery,exact,ftsg-tech-trends,
AI-first games,ai-first-games,exact,a16z-big-ideas,
AI for Code Research,ai-for-code-research,exact,ftsg-tech-trends,
AI for Everybody,ai-for-everybody,exact,mit-tr-10-breakthrough,
AI for everything,ai-for-everything,exact,mit-tr-10-breakthrough,
AI for incident detection,ai-for-incident-detection,exact,idc-futurescape,
AI for IT operations,ai-for-it-operations,exact,idc-futurescape,
AI for Mental Health,ai-for-mental-health,exact,ftsg-tech-trends,
AI for protein folding,ai-for-protein-folding,exact,mit-tr-10-breakthrough,
AI for research,ai-for-research,exact,a16z-big-ideas,
AI for scientific discovery and engineering,ai-for-scientific-discovery-and-engineering,exact,mckinsey-tech-trends,
A.I. for the Creative Process,ai-for-the-creative-process,normalized,ftsg-tech-trends,
AI For the Creative Process,ai-for-the-creative-process,exact,ftsg-tech-trends,
AI-free skills assessments,ai-free-skills-assessments,exact,gartner-strategic-predictions,
AI Generated Fine Art,ai-generated-fine-art,exact,ftsg-tech-trends,
AI-Generated Fine Art,ai-generated-fine-art,exact,ftsg-tech-trends,
AI-generated misinformation and disinformation,ai-generated-misinformation-and-disinformation,exact,wef-global-risks,
AI-Generated Proteins,ai-generated-proteins,exact,ftsg-tech-trends,
AI Generated Voice Acting,ai-generated-voice-acting,exact,ftsg-tech-trends,
AI-Generated Voice Acting,ai-generated-voice-acting,exact,ftsg-tech-trends,
AI Generators and Copyright Infringement,ai-generators-and-copyright-infringement,exact,ftsg-tech-trends,
AI governance policies,ai-governance-policies,exact,idc-futurescape,
"AI hardware (AI chips, AI PCs, edge devices, data centers)",ai-hardware-ai-chips-ai-pcs-edge-devices-data-centers,exact,deloitte-tech-trends,
AI hardware revenue,ai-hardware-revenue,exact,ark-big-ideas,
AI Hiding Its Own Data,ai-hiding-its-own-data,exact,ftsg-tech-trends,
AI-human collaboration metrics,ai-human-collaboration-metrics,exact,idc-futurescape,
AI Improves Patient Outcomes,ai-improves-patient-outcomes,exact,ftsg-tech-trends,
AI in board governance,ai-in-board-governance,exact,gartner-strategic-predictions,
AI in chip design,ai-in-chip-design,exact,deloitte-tmt-predictions,
AI in core enterprise systems (ERP),ai-in-core-enterprise-systems-erp,exact,deloitte-tech-trends,
AI in Cyber Defense,ai-in-cyber-defense,exact,ftsg-tech-trends,
AI in cybersecurity,ai-in-cybersecurity,exact,deloitte-tech-trends,
AI in diagnostics,ai-in-diagnostics,exact,ark-big-ideas,
AI in enterprise apps,ai-in-enterprise-apps,exact,idc-futurescape,
AI in healthcare and life sciences,ai-in-healthcare-and-life-sciences,exact,a16z-big-ideas,
AI in Hiring,ai-in-hiring,exact,ftsg-tech-trends,
AI in Mathematics,ai-in-mathematics,exact,ftsg-tech-trends,
AI in Underwriting,ai-in-underwriting,exact,ftsg-tech-trends,
AI in Wind Farms,ai-in-wind-farms,exact,ftsg-tech-trends,
AI inference at scale,ai-inference-at-scale,exact,mckinsey-tech-trends,
AI inference compute,ai-inference-compute,exact,deloitte-tmt-predictions,
AI inference cost,ai-inference-cost,exact,ark-big-ideas,
AI Infrastructure,ai-infrastructure,exact,ark-big-ideas,
AI infrastructure and inference compute,ai-infrastructure-and-inference-compute,exact,deloitte-tech-trends,
AI infrastructure and model architectures,ai-infrastructure-and-model-architectures,exact,mckinsey-tech-trends,
AI infrastructure spending,ai-infrastructure-spending,exact,ark-big-ideas,
AI-integrated IT products,ai-integrated-it-products,exact,idc-futurescape,
AI Integration in Web3,ai-integration-in-web3,exact,ftsg-tech-trends,
AI Intentionally Hiding Data,ai-intentionally-hiding-data,exact,ftsg-tech-trends,
AI interpretability,ai-interpretability,exact,a16z-big-ideas,
AI Liability,ai-liability,exact,ftsg-tech-trends,
AI Lowers the Barrier to Misinformation,ai-lowers-the-barrier-to-misinformation,exact,ftsg-tech-trends,
AI market value,ai-market-value,exact,ark-big-ideas,
AI Marketplaces,ai-marketplaces,exact,ftsg-tech-trends,
"AI models (LLMs, small language models, agentic AI)",ai-models-llms-small-language-models-agentic-ai,exact,deloitte-tech-trends,
AI monitoring of employee sentiment,ai-monitoring-of-employee-sentiment,exact,gartner-strategic-predictions,
AI Nationalism,ai-nationalism,exact,ftsg-tech-trends,
AI-native animation and storytelling,ai-native-animation-and-storytelling,exact,a16z-big-ideas,
AI-native application layer,ai-native-application-layer,exact,a16z-big-ideas,
AI-native B2B workflow products,ai-native-b2b-workflow-products,exact,a16z-big-ideas,
AI-native core systems in banking and insurance,ai-native-core-systems-in-banking-and-insurance,exact,a16z-big-ideas,
AI-native data stack,ai-native-data-stack,exact,a16z-big-ideas,
AI Native Education,ai-native-education,exact,ftsg-tech-trends,
AI-native games,ai-native-games,exact,a16z-big-ideas,
AI-native industrial base,ai-native-industrial-base,exact,a16z-big-ideas,
AI-native technology organization,ai-native-technology-organization,exact,deloitte-tech-trends,
AI-native UI and UX,ai-native-ui-and-ux,exact,a16z-big-ideas,
AI-native universities,ai-native-universities,exact,a16z-big-ideas,
AI net job creation,ai-net-job-creation,exact,gartner-strategic-predictions,
AI Nuclear Renaissance,ai-nuclear-renaissance,exact,ftsg-tech-trends,
AI on the Mainframe,ai-on-the-mainframe,exact,ftsg-tech-trends,
AI Onboarding and Integration,ai-onboarding-and-integration,exact,ftsg-tech-trends,
AI Optimization,ai-optimization,exact,ftsg-tech-trends,
AI PaaS,ai-paas,exact,gartner-hype-cycle,
AI personalization of products,ai-personalization-of-products,exact,a16z-big-ideas,
AI personas in employment contracts,ai-personas-in-employment-contracts,exact,gartner-strategic-predictions,
AI Persuasion,ai-persuasion,exact,ftsg-tech-trends,
AI-Powered Analysis and Interpretation,ai-powered-analysis-and-interpretation,exact,ftsg-tech-trends,
AI-powered CRM,ai-powered-crm,exact,a16z-big-ideas,
AI-Powered CX,ai-powered-cx,exact,ftsg-tech-trends,
AI Powered Fire Prevention,ai-powered-fire-prevention,exact,ftsg-tech-trends,
AI-Powered InsureTech,ai-powered-insuretech,exact,ftsg-tech-trends,
AI-Powered Molecular Simulations Accelerate R&D,ai-powered-molecular-simulations-accelerate-r-and-d,exact,ftsg-tech-trends,
AI-powered movement,ai-powered-movement,exact,ftsg-tech-trends,
AI-Powered Robotic Training,ai-powered-robotic-training,exact,ftsg-tech-trends,
AI-powered vertical service roll-ups,ai-powered-vertical-service-roll-ups,exact,a16z-big-ideas,
AI productivity,ai-productivity,exact,ark-big-ideas,
AI Productivity,ai-productivity,normalized,ark-big-ideas,
AI productivity as economic indicator,ai-productivity-as-economic-indicator,exact,gartner-strategic-predictions,
AI proficiency testing in hiring,ai-proficiency-testing-in-hiring,exact,gartner-strategic-predictions,
AI project delivery,ai-project-delivery,exact,gartner-strategic-predictions,
AI-RAN,ai-ran,exact,ftsg-tech-trends,
AI Reasoning,ai-reasoning,exact,ftsg-tech-trends,
AI regulation,ai-regulation,exact,deloitte-tmt-predictions;gartner-strategic-predictions,
AI replicants of people,ai-replicants-of-people,exact,kurzweil,
AI Reshapes Drug Discovery and Development,ai-reshapes-drug-discovery-and-development,exact,ftsg-tech-trends,
AI’s Two Speed Economy,ai-s-two-speed-economy,exact,ftsg-tech-trends,
AI safety legal claims (death by AI),ai-safety-legal-claims-death-by-ai,exact,gartner-strategic-predictions,
AI sales automation,ai-sales-automation,exact,a16z-big-ideas,
AI Scalability,ai-scalability,exact,ftsg-tech-trends,
AI search,ai-search,exact,ark-big-ideas,
AI search versus Google search,ai-search-versus-google-search,exact,a16z-big-ideas,
AI security and AI for cyber defense,ai-security-and-ai-for-cyber-defense,exact,deloitte-tech-trends,
AI share of data center demand,ai-share-of-data-center-demand,exact,mckinsey-tech-trends,
AI share of IT spend,ai-share-of-it-spend,exact,idc-futurescape,
AI Shifts Search,ai-shifts-search,exact,ftsg-tech-trends,
AI shopping agents,ai-shopping-agents,exact,ark-big-ideas,
AI Simulation,ai-simulation,exact,gartner-hype-cycle,
AI skills training,ai-skills-training,exact,trendwatching,
AI software development market,ai-software-development-market,exact,mckinsey-tech-trends,
AI software spending,ai-software-spending,exact,ark-big-ideas,
AI Space Robots,ai-space-robots,exact,ftsg-tech-trends,
AI Speeds Scientific Discovery,ai-speeds-scientific-discovery,exact,ftsg-tech-trends,
AI Spoofing,ai-spoofing,exact,ftsg-tech-trends,
AI staffing in healthcare,ai-staffing-in-healthcare,exact,a16z-big-ideas,
AI start-up acquisitions,ai-start-up-acquisitions,exact,idc-futurescape,
AI startup defensibility,ai-startup-defensibility,exact,a16z-big-ideas,
AI startups as customers of AI startups,ai-startups-as-customers-of-ai-startups,exact,a16z-big-ideas,
AI stuck in experimentation,ai-stuck-in-experimentation,exact,idc-futurescape,
AI Summarizing Itself,ai-summarizing-itself,exact,ftsg-tech-trends,
AI Supercomputing,ai-supercomputing,exact,gartner-hype-cycle,
AI systems of action for workers,ai-systems-of-action-for-workers,exact,a16z-big-ideas,
AI that makes images,ai-that-makes-images,exact,mit-tr-10-breakthrough,
AI therapists,ai-therapists,exact,envisioning-health,
AI-to-AI Communication,ai-to-ai-communication,exact,ftsg-tech-trends,
AI to Guide Air Strikes,ai-to-guide-air-strikes,exact,ftsg-tech-trends,
AI to Improve Patient Outcomes,ai-to-improve-patient-outcomes,exact,ftsg-tech-trends,
AI to Speed Up New Materials Development,ai-to-speed-up-new-materials-development,exact,ftsg-tech-trends,
AI to Speed Up Scientific Discovery,ai-to-speed-up-scientific-discovery,exact,ftsg-tech-trends,
AI tools for children's education,ai-tools-for-children-s-education,exact,a16z-big-ideas,
AI training cost,ai-training-cost,exact,ark-big-ideas,
AI TRiSM,ai-trism,exact,gartner-hype-cycle,
AI unbound,ai-unbound,exact,eurasia-top-risks,
AI Universities,ai-universities,exact,ftsg-tech-trends,
AI Upskilling,ai-upskilling,exact,ftsg-tech-trends,
AI Used to Guide Military Strikes,ai-used-to-guide-military-strikes,exact,ftsg-tech-trends,
AI voice agents for business,ai-voice-agents-for-business,exact,a16z-big-ideas,
AI Voice Generators,ai-voice-generators,exact,ftsg-tech-trends,
AI Waste-Sorting Robots,ai-waste-sorting-robots,exact,ftsg-tech-trends,
AI wearables and AI-native devices,ai-wearables-and-ai-native-devices,exact,deloitte-tech-trends,
AI Wind Farms,ai-wind-farms,exact,ftsg-tech-trends,
Air,air,exact,ftsg-tech-trends,
Air & soil sensors,air-and-soil-sensors,exact,envisioning-horizons,
Air Lanes,air-lanes,exact,ftsg-tech-trends,
Air Lanes for Drones,air-lanes-for-drones,exact,ftsg-tech-trends,
Airborne Networks,airborne-networks,exact,mit-tr-10-breakthrough,
Airborne Wind Energy,airborne-wind-energy,exact,ftsg-tech-trends,
AIs Persuade Humans,ais-persuade-humans,exact,ftsg-tech-trends,
Ajax,ajax,exact,gartner-hype-cycle,
Al Qaeda 2.0,al-qaeda-2-0,exact,eurasia-top-risks,
Algae-Grown Limestone,algae-grown-limestone,exact,ftsg-tech-trends,
Algo-generated lessons,algo-generated-lessons,exact,envisioning-education,
Algorithm-conceived business,algorithm-conceived-business,exact,gartner-strategic-predictions,
Algorithm Ethics and Oversight,algorithm-ethics-and-oversight,exact,ftsg-tech-trends,
Algorithm Marketplaces,algorithm-marketplaces,exact,ftsg-tech-trends,
Algorithmic Curation,algorithmic-curation,exact,ftsg-tech-trends,
Algorithmic Design,algorithmic-design,exact,ftsg-tech-trends,
Algorithmic Determinism,algorithmic-determinism,exact,ftsg-tech-trends,
Algorithmic Discrimination,algorithmic-discrimination,exact,ftsg-tech-trends,
Algorithmic Fact Checking,algorithmic-fact-checking,exact,ftsg-tech-trends,
Algorithmic Fact-Checking,algorithmic-fact-checking,normalized,ftsg-tech-trends,
Algorithmic influence on workers,algorithmic-influence-on-workers,exact,gartner-strategic-predictions,
Algorithmic Personality Detection,algorithmic-personality-detection,exact,ftsg-tech-trends,
Algorithmic Purchasers,algorithmic-purchasers,exact,ftsg-tech-trends,
Algorithmic Warfare,algorithmic-warfare,exact,ftsg-tech-trends,
Algorithmic Warfighting,algorithmic-warfighting,exact,ftsg-tech-trends,
Algorithms,algorithms,exact,ftsg-tech-trends,
algorithms and society,algorithms-and-society,exact,pew-elon-imagining,
Algorithms Designed to Target Vulnerable Populations,algorithms-designed-to-target-vulnerable-populations,exact,ftsg-tech-trends,
Algorithms for Design,algorithms-for-design,exact,ftsg-tech-trends,
Algorithms Targeting Vulnerable Populations,algorithms-targeting-vulnerable-populations,exact,ftsg-tech-trends,
All media is digital with global support,all-media-is-digital-with-global-support,exact,kurzweil,
All media on demand,all-media-on-demand,exact,envisioning-technology,
All students have a computer of their own,all-students-have-a-computer-of-their-own,exact,kurzweil,
All students use computation,all-students-use-computation,exact,kurzweil,
Altered States,altered-states,exact,ftsg-tech-trends,
Alternative Credit Scoring,alternative-credit-scoring,exact,ftsg-tech-trends,
Alternative Energy for Data Center,alternative-energy-for-data-center,exact,ftsg-tech-trends,
Alternative Fuel Supply,alternative-fuel-supply,exact,ftsg-tech-trends,
Alternative Funding Mechanisms,alternative-funding-mechanisms,exact,ftsg-tech-trends,
Alternative inventory sources for sellers,alternative-inventory-sources-for-sellers,exact,a16z-big-ideas,
Alternative Leagues and Associations,alternative-leagues-and-associations,exact,ftsg-tech-trends,
Alternative Materials,alternative-materials,exact,ftsg-tech-trends,
Always online,always-online,exact,kurzweil,
Amazon’s Health Care Ambitions,amazon-s-health-care-ambitions,exact,ftsg-tech-trends,
Ambient and Glanceable Displays,ambient-and-glanceable-displays,exact,gartner-hype-cycle,
Ambient computing,ambient-computing,exact,deloitte-tech-trends,
Ambient computing (ubiquitous interfaces),ambient-computing,judgment,deloitte-tech-trends,"Deloitte's recurring ambient chapter: 'Ambient computing' (2015), 'Ambient experience' (2020) and 'Ambient experience: Life beyond the glass' (2022, quote says ambient computing); the parentheses are the capture's glosses. (subject dupes review, d48)"
Internet of Things (ambient computing),ambient-computing,judgment,deloitte-tech-trends,"Deloitte's recurring ambient chapter: 'Ambient computing' (2015), 'Ambient experience' (2020) and 'Ambient experience: Life beyond the glass' (2022, quote says ambient computing); the parentheses are the capture's glosses. (subject dupes review, d48)"
Ambient Computing Expands,ambient-computing-expands,exact,ftsg-tech-trends,
Ambient Interfaces,ambient-interfaces,exact,ftsg-tech-trends,
Ambient Proximity,ambient-proximity,exact,ftsg-tech-trends,
Ambient Surveillance,ambient-surveillance,exact,ftsg-tech-trends,
Ambient Tracking,ambient-tracking,exact,ftsg-tech-trends,
America’s troubled alliances,america-s-troubled-alliances,exact,eurasia-top-risks,
Amping Up Diffusion Models,amping-up-diffusion-models,exact,ftsg-tech-trends,
Amusement Parks for Niche Interests,amusement-parks-for-niche-interests,exact,ftsg-tech-trends,
An ECG on your wrist,an-ecg-on-your-wrist,exact,mit-tr-10-breakthrough,
Analog Fallbacks,analog-fallbacks,exact,ftsg-tech-trends,
Analytics-driven software design,analytics-driven-software-design,exact,accenture-tech-vision,
Analytics of unstructured (dark) data,analytics-of-unstructured-dark-data,exact,deloitte-tech-trends,
Ancient Arctic Viruses Could Awaken as Permafrost Melts,ancient-arctic-viruses-could-awaken-as-permafrost-melts,exact,ftsg-tech-trends,
Ancient DNA analysis,ancient-dna-analysis,exact,mit-tr-10-breakthrough,
Ancient DNA Reveals Hidden Chapters of Human History,ancient-dna-reveals-hidden-chapters-of-human-history,exact,ftsg-tech-trends,
"Anecdotal Observations, Now Usable Marketing Data",anecdotal-observations-now-usable-marketing-data,exact,ftsg-tech-trends,
Animal Decoding,animal-decoding,exact,ftsg-tech-trends,
Animal-Human Hybrids Promise Organ Solutions,animal-human-hybrids-promise-organ-solutions,exact,ftsg-tech-trends,
Animals,animals,exact,ftsg-tech-trends,
Animals Emerge as Surprise Allies in Carbon Capture Quest,animals-emerge-as-surprise-allies-in-carbon-capture-quest,exact,ftsg-tech-trends,
Anime games,anime-games,exact,a16z-big-ideas,
Annotated-reality glasses,annotated-reality-glasses,exact,envisioning-horizons,
Anomaly Detection in Medical Imaging,anomaly-detection-in-medical-imaging,exact,ftsg-tech-trends,
Anonymity,anonymity,exact,ftsg-tech-trends,
Anonymity and bias-free services,anonymity-and-bias-free-services,exact,trendwatching,
Anonymous By Design,anonymous-by-design,exact,ftsg-tech-trends,
Antenna (terrestrial) TV,antenna-terrestrial-tv,exact,deloitte-tmt-predictions,
Anthropocene,anthropocene,exact,ftsg-tech-trends,
Anthropocene Age,anthropocene-age,exact,ftsg-tech-trends,
Anthropocene and Climate,anthropocene-and-climate,exact,ftsg-tech-trends,
Anti-aging drugs,anti-aging-drugs,exact,envisioning-health;envisioning-horizons;envisioning-technology;mit-tr-10-breakthrough,
Reversal of aging,anti-aging-drugs,judgment,envisioning-technology,The poster's raw revision records the rename.
Anti-Aging Science Moves Beyond Wrinkles to Cell Repair,anti-aging-science-moves-beyond-wrinkles-to-cell-repair,exact,ftsg-tech-trends,
Anti-aging stem-cell treatments,anti-aging-stem-cell-treatments,exact,envisioning-health,
Anti-overconsumption and mindful shopping,anti-overconsumption-and-mindful-shopping,exact,trendwatching,
anti-technology refuseniks and violence,anti-technology-refuseniks-and-violence,exact,pew-elon-imagining,
Anti-Trust Lawsuits,anti-trust-lawsuits,exact,ftsg-tech-trends,
Anticipatory Computing,anticipatory-computing,exact,ftsg-tech-trends,
Antitrust,antitrust,exact,ftsg-tech-trends,
Antitrust Action,antitrust-action,exact,ftsg-tech-trends,
Antitrust Laws,antitrust-laws,exact,ftsg-tech-trends,
Antitrust Probes and Lawsuits,antitrust-probes-and-lawsuits,exact,ftsg-tech-trends,
API Access to Back Offices,api-access-to-back-offices,exact,ftsg-tech-trends,
API-Centric SaaS,api-centric-saas,exact,gartner-hype-cycle,
API Protection,api-protection,exact,ftsg-tech-trends,
APIs and the API economy,apis-and-the-api-economy,exact,deloitte-tech-trends,
App-driven diagnostics,app-driven-diagnostics,exact,envisioning-health,
Apple computer market share,apple-computer-market-share,exact,gartner-strategic-predictions,
Apple mixed-reality headset launch,apple-mixed-reality-headset-launch,exact,economist-world-ahead,
Apple Pay,apple-pay,exact,mit-tr-10-breakthrough,
Apple Vision Pro,apple-vision-pro,exact,mit-tr-10-breakthrough,
Appliance robots,appliance-robots,exact,envisioning-technology,
Application management services,application-management-services,exact,deloitte-tech-trends,
Application Sharing,application-sharing,exact,gartner-hype-cycle,
Application-specific semiconductors,application-specific-semiconductors,exact,mckinsey-tech-trends,
Application Stores,application-stores,exact,gartner-hype-cycle,
Applied AI,applied-ai,exact,mckinsey-tech-trends,
Applied AI for HR,applied-ai-for-hr,exact,ftsg-tech-trends,
Applied Gaming,applied-gaming,exact,ftsg-tech-trends,
Apps Shaping the Remote Workspace,apps-shaping-the-remote-workspace,exact,ftsg-tech-trends,
Apps Shaping the Virtual Workspace,apps-shaping-the-virtual-workspace,exact,ftsg-tech-trends,
apps versus the open web,apps-versus-the-open-web,exact,pew-elon-imagining,
AR and VR market,ar-and-vr-market,exact,ark-big-ideas,
AR as a Tool to Enhance Print,ar-as-a-tool-to-enhance-print,exact,ftsg-tech-trends,
AR Cloud,ar-cloud,exact,ftsg-tech-trends;gartner-hype-cycle,
AR Face Filters to Protect Individual’s identity,ar-face-filters-to-protect-individual-s-identity,exact,ftsg-tech-trends,
AR for the Enterprise,ar-for-the-enterprise,exact,ftsg-tech-trends,
AR in Location-Based Entertainment,ar-in-location-based-entertainment,exact,ftsg-tech-trends,
AR Lenses and Filters,ar-lenses-and-filters,exact,ftsg-tech-trends,
AR surgery assistance,ar-surgery-assistance,exact,envisioning-health,
"AR, voice and biometric interfaces",ar-voice-and-biometric-interfaces,exact,idc-futurescape,
AR/VR headset market,ar-vr-headset-market,exact,mckinsey-tech-trends,
AR/VR Therapeutics,ar-vr-therapeutics,exact,ftsg-tech-trends,
Arab summer,arab-summer,exact,eurasia-top-risks,
Architectural framework,architectural-framework,exact,idc-futurescape,
Arcologies,arcologies,exact,envisioning-technology,
ARM-based PC Chips,arm-based-pc-chips,exact,ftsg-tech-trends,
Armed conflicts are rare,armed-conflicts-are-rare,exact,kurzweil,
Arrested global development,arrested-global-development,exact,eurasia-top-risks,
Art Platforms Built to Improve Mental Health,art-platforms-built-to-improve-mental-health,exact,ftsg-tech-trends,
Article 50 notification,article-50-notification,exact,economist-world-ahead,
Artificial Cells,artificial-cells,exact,ftsg-tech-trends,
Artificial Embryos,artificial-embryos,exact,mit-tr-10-breakthrough,
Artificial Emotional Intelligence,artificial-emotional-intelligence,exact,ftsg-tech-trends,
Artificial general intelligence,artificial-general-intelligence,normalized,deloitte-tech-trends,
Artificial General Intelligence,artificial-general-intelligence,exact,gartner-hype-cycle,
Artificial general-purpose cells,artificial-general-purpose-cells,exact,envisioning-health,
Artificial Human Genomes,artificial-human-genomes,exact,ftsg-tech-trends,
Artificial intelligence,artificial-intelligence,normalized,deloitte-tech-trends;mckinsey-tech-trends,
Artificial Intelligence,artificial-intelligence,exact,ark-big-ideas;ftsg-tech-trends,
Artificial Intelligence for News,artificial-intelligence-for-news,exact,ftsg-tech-trends,
Artificial Intelligence For News,artificial-intelligence-for-news,normalized,ftsg-tech-trends,
Artificial Intelligence in Hiring,artificial-intelligence-in-hiring,exact,ftsg-tech-trends,
Artificial intelligence in the enterprise,artificial-intelligence-in-the-enterprise,exact,deloitte-tech-trends,
Artificial limbs,artificial-limbs,exact,envisioning-health;envisioning-technology,
Artificial Minimal Cells,artificial-minimal-cells,exact,ftsg-tech-trends,
Artificial muscles,artificial-muscles,exact,envisioning-health,
Artificial Nervous Systems,artificial-nervous-systems,exact,ftsg-tech-trends,
Artificial photosynthesis,artificial-photosynthesis,exact,envisioning-technology,
Artificial Rainstorms,artificial-rainstorms,exact,ftsg-tech-trends,
Artificial retinas,artificial-retinas,exact,envisioning-health;envisioning-technology,
Artificial Trees,artificial-trees,exact,ftsg-tech-trends,
Artificial vascular system,artificial-vascular-system,exact,envisioning-health,
As-a-service adoption barriers,as-a-service-adoption-barriers,exact,idc-futurescape,
As-a-service bundles,as-a-service-bundles,exact,idc-futurescape,
As-a-service spending shift,as-a-service-spending-shift,exact,idc-futurescape,
Asia economy,asia-economy,exact,nic-global-trends,
Asia geopolitics,asia-geopolitics,exact,eurasia-top-risks,
Asia Nationalism,asia-nationalism,exact,eurasia-top-risks,
Asia/Pacific IT service providers,asia-pacific-it-service-providers,exact,gartner-strategic-predictions,
Asian companies in Western IT hiring,asian-companies-in-western-it-hiring,exact,gartner-strategic-predictions,
ASICs (Application-Specific Integrated Circuits),asics-application-specific-integrated-circuits,exact,ftsg-tech-trends,
Asking Tech Companies To Help Fight Terrorism,asking-tech-companies-to-help-fight-terrorism,exact,ftsg-tech-trends,
ASPs,asps,exact,gartner-hype-cycle,
Assembloids,assembloids,exact,ftsg-tech-trends,
Assessment algorithms,assessment-algorithms,exact,envisioning-education,
Asset bubble burst,asset-bubble-burst,exact,wef-global-risks,
"Asset intelligence (connected sensors, auto-ID)",asset-intelligence-connected-sensors-auto-id,exact,deloitte-tech-trends,
Asset price collapse,asset-price-collapse,exact,wef-global-risks,
Blow up in asset prices,asset-price-collapse,judgment,wef-global-risks,"WEF's own GRR 2020 retrospective figure relabels the 2007 entry ""Asset price collapse"" as ""Blow up in asset prices""."
Asset Tokenization,asset-tokenization,exact,ftsg-tech-trends,
Assistant personalities,assistant-personalities,exact,kurzweil,
Assistant-to-agent transactions,assistant-to-agent-transactions,exact,kurzweil,
Assisted Creativity,assisted-creativity,exact,ftsg-tech-trends,
Assisted Driving Before Full Automation,assisted-driving-before-full-automation,exact,ftsg-tech-trends,
Assistive Amusement Park Robots,assistive-amusement-park-robots,exact,ftsg-tech-trends,
Assistive Exoskeletons,assistive-exoskeletons,exact,ftsg-tech-trends,
Asteroid Mining for Resources,asteroid-mining-for-resources,normalized,ftsg-tech-trends,
Asteroid Mining For Resources,asteroid-mining-for-resources,exact,ftsg-tech-trends,
At-Home Medical Laboratory Tests,at-home-medical-laboratory-tests,exact,ftsg-tech-trends,
At-home sensors,at-home-sensors,exact,envisioning-health,
Athletes as Brands,athletes-as-brands,exact,ftsg-tech-trends,
Atmospheric Climate Engineering,atmospheric-climate-engineering,exact,ftsg-tech-trends,
atmospheric CO2 concentration,atmospheric-co2-concentration,exact,ipcc-pathways,
Atomic Magnetometers,atomic-magnetometers,exact,mit-tr-10-breakthrough,
attack on network infrastructure or power grid,attack-on-network-infrastructure-or-power-grid,exact,pew-elon-imagining,
Attacking Underwater IT Infrastructure,attacking-underwater-it-infrastructure,exact,ftsg-tech-trends,
Attention,attention,exact,ftsg-tech-trends,
Attention Metrics,attention-metrics,exact,ftsg-tech-trends,
Attention tracking,attention-tracking,exact,envisioning-education,
Audio entertainment,audio-entertainment,exact,deloitte-tmt-predictions,
Audio Mining,audio-mining-speech-analytics,judgment,gartner-hype-cycle,Same technology; Gartner added the alternative name.
Audio Mining/Speech Analytics,audio-mining-speech-analytics,exact,gartner-hype-cycle,
Audiobooks and podcasts,audiobooks-and-podcasts,exact,deloitte-tmt-predictions,
Audited green credentials for suppliers,audited-green-credentials-for-suppliers,exact,gartner-strategic-predictions,
Auditory lenses,auditory-lenses,exact,kurzweil,
Auditory vision substitution,auditory-vision-substitution,exact,envisioning-health,
Augmentation vs automation returns,augmentation-vs-automation-returns,exact,idc-futurescape,
Augmented & Automated Processes,augmented-and-automated-processes,exact,ftsg-tech-trends,
Augmented and virtual reality in the enterprise,augmented-and-virtual-reality-in-the-enterprise,exact,deloitte-tech-trends,
Augmented Connected Workforce,augmented-connected-workforce,exact,gartner-hype-cycle,
Augmented Construction,augmented-construction,exact,ftsg-tech-trends,
Augmented Data Discovery,augmented-data-discovery,exact,gartner-hype-cycle,
Augmented Experiences,augmented-experiences,exact,ftsg-tech-trends,
Augmented Experiences at Home,augmented-experiences-at-home,exact,ftsg-tech-trends,
Augmented FinOps,augmented-finops,exact,gartner-hype-cycle,
Augmented Game Management,augmented-game-management,exact,ftsg-tech-trends,
Augmented hearing,augmented-hearing,exact,envisioning-health,
Augmented Intelligence,augmented-intelligence,exact,gartner-hype-cycle,
Augmented intelligence (AI and advanced analytics),augmented-intelligence-ai-and-advanced-analytics,exact,deloitte-tech-trends,
Augmented Knowledge,augmented-knowledge,exact,ftsg-tech-trends,
Augmented olfaction,augmented-olfaction,exact,envisioning-health,
AR,augmented-reality,judgment,envisioning-technology,The 2011 poster abbreviates augmented reality; the raw revision records the rename.
Augmented reality,augmented-reality,exact,ark-big-ideas;deloitte-tmt-predictions;envisioning-technology;kurzweil,
Augmented Reality,augmented-reality,normalized,ftsg-tech-trends;gartner-hype-cycle;mit-tr-10-breakthrough,
augmented reality and virtual worlds,augmented-reality-and-virtual-worlds,exact,pew-elon-imagining,
Augmented Reality Glasses,augmented-reality-glasses,exact,ftsg-tech-trends,
Augmented reality shopping,augmented-reality-shopping,exact,gartner-strategic-predictions,
Augmented Training Analytics,augmented-training-analytics,exact,ftsg-tech-trends,
Australia uninterrupted growth,australia-uninterrupted-growth,exact,economist-world-ahead,
Authenticated Provenance,authenticated-provenance,exact,gartner-hype-cycle,
Authentication and trust in cybersecurity,authentication-and-trust-in-cybersecurity,exact,idc-futurescape,
Authenticity,authenticity,exact,ftsg-tech-trends,
Auto-Complete for Everything,auto-complete-for-everything,exact,ftsg-tech-trends,
Auto insurance premiums,auto-insurance-premiums,exact,ark-big-ideas,
Automaker Restructuring,automaker-restructuring,exact,ftsg-tech-trends,
"Automated, algorithm-led shopping",automated-algorithm-led-shopping,exact,trendwatching,
Automated assist in cars,automated-assist-in-cars,exact,gartner-strategic-predictions,
Automated Attacks Using AI,automated-attacks-using-ai,exact,ftsg-tech-trends,
Automated Content Production,automated-content-production,exact,ftsg-tech-trends,
Automated Credit Risk Modeling,automated-credit-risk-modeling,exact,ftsg-tech-trends,
Automated Data Centers,automated-data-centers,exact,ftsg-tech-trends,
Automated Design,automated-design,exact,ftsg-tech-trends,
Automated driving on highways,automated-driving-on-highways,exact,kurzweil,
Automated driving systems on nearly all roads,automated-driving-systems-on-nearly-all-roads,exact,kurzweil,
Automated Hacking,automated-hacking,exact,ftsg-tech-trends,
Automated Machine Learning (AutoML),automated-machine-learning-automl,exact,ftsg-tech-trends,
Automated Medical Transcription,automated-medical-transcription,exact,ftsg-tech-trends,
Automated personalities not equal to humans,automated-personalities-not-equal-to-humans,exact,kurzweil,
Automated personalities superior in some ways,automated-personalities-superior-in-some-ways,exact,kurzweil,
Automated production (customer as first human touch),automated-production-customer-as-first-human-touch,exact,gartner-strategic-predictions,
Automated regulatory compliance and ESG,automated-regulatory-compliance-and-esg,exact,idc-futurescape,
Automated Reinforcement Learning,automated-reinforcement-learning,exact,ftsg-tech-trends,
Automated Target Recognition,automated-target-recognition,exact,ftsg-tech-trends,
Automated Target Recognition and AI-Guided Strikes,automated-target-recognition-and-ai-guided-strikes,exact,ftsg-tech-trends,
Automated Versioning,automated-versioning,exact,ftsg-tech-trends,
Automatic Ambient Noise Dubbing,automatic-ambient-noise-dubbing,exact,ftsg-tech-trends,
Automatic Content Recognition,automatic-content-recognition,exact,gartner-hype-cycle,
Automatic emergency braking and road safety,automatic-emergency-braking-and-road-safety,exact,deloitte-tmt-predictions,
Automatic Medical Transcribing,automatic-medical-transcribing,exact,ftsg-tech-trends,
Automatic Voice Cloning and Dubbing,automatic-voice-cloning-and-dubbing,exact,ftsg-tech-trends,
Automatic Voice Transcription,automatic-voice-transcription,exact,ftsg-tech-trends,
Automating Chemical Synthesis,automating-chemical-synthesis,exact,ftsg-tech-trends,
Automating Content Production,automating-content-production,exact,ftsg-tech-trends,
Automating Last Mile Delivery,automating-last-mile-delivery,exact,ftsg-tech-trends,
Automating Loyalty,automating-loyalty,exact,ftsg-tech-trends,
Automating Offensive Attacks Using AI,automating-offensive-attacks-using-ai,exact,ftsg-tech-trends,
Automating the Supply Chain,automating-the-supply-chain,exact,ftsg-tech-trends,
Automating Wind Farms,automating-wind-farms,exact,ftsg-tech-trends,
Automation,automation,exact,ark-big-ideas,
Automation and GDP,automation-and-gdp,exact,ark-big-ideas,
Automation of IT jobs,automation-of-it-jobs,exact,gartner-strategic-predictions,
Automation of IT services labor,automation-of-it-services-labor,exact,gartner-strategic-predictions,
Automation of Processes,automation-of-processes,exact,ftsg-tech-trends,
Automation of work activities,automation-of-work-activities,exact,mckinsey-tech-trends,
Automotive Computing,automotive-computing,exact,ftsg-tech-trends,
Automotive software market,automotive-software-market,exact,mckinsey-tech-trends,
"Autonomic IT platforms (DevOps, containers, software-defined infrastructure)",autonomic-it-platforms-devops-containers-software-defined-infrastructure,exact,deloitte-tech-trends,
Autonomic Systems,autonomic-systems,exact,gartner-hype-cycle,
Autonomous Agents,autonomous-agents,exact,gartner-hype-cycle,
Autonomous Cobots for Optimization,autonomous-cobots-for-optimization,exact,ftsg-tech-trends,
Autonomous Cobots for Warehousing and Delivery,autonomous-cobots-for-warehousing-and-delivery,exact,ftsg-tech-trends,
Autonomous Driving Level 4,autonomous-driving-level-4,exact,gartner-hype-cycle,
Autonomous Driving Level 5,autonomous-driving-level-5,exact,gartner-hype-cycle,
Autonomous-driving revenue,autonomous-driving-revenue,exact,mckinsey-tech-trends,
Autonomous edge decision-making in defense,autonomous-edge-decision-making-in-defense,exact,a16z-big-ideas,
Autonomous Enhancements,autonomous-enhancements,exact,ftsg-tech-trends,
Autonomous Field Vehicles,autonomous-field-vehicles,exact,gartner-hype-cycle,
Autonomous Last Mile Delivery,autonomous-last-mile-delivery,exact,ftsg-tech-trends,
Autonomous Last Mile Logistics,autonomous-last-mile-logistics,exact,ftsg-tech-trends,
Autonomous logistics,autonomous-logistics,exact,ark-big-ideas,
Autonomous Logistics,autonomous-logistics,normalized,ark-big-ideas,
Autonomous Mobile Robots,autonomous-mobile-robots,exact,gartner-hype-cycle,
Autonomous mobility market value,autonomous-mobility-market-value,exact,ark-big-ideas,
Autonomous nanoengineered machines,autonomous-nanoengineered-machines,exact,kurzweil,
"Autonomous, Programmable Robot Swarms",autonomous-programmable-robot-swarms,exact,ftsg-tech-trends,
"Autonomous, Programmable RobotSwarms",autonomous-programmable-robot-swarms,normalized,ftsg-tech-trends,
Autonomous Quantum Design,autonomous-quantum-design,exact,ftsg-tech-trends,
Autonomous Restaurants,autonomous-restaurants,exact,ftsg-tech-trends,
Autonomous ride-hailing adoption,autonomous-ride-hailing-adoption,exact,ark-big-ideas,
Autonomous ride-hailing cost,autonomous-ride-hailing-cost,exact,ark-big-ideas,
Autonomous ride-hailing economic impact,autonomous-ride-hailing-economic-impact,exact,ark-big-ideas,
Autonomous ride-hailing market value,autonomous-ride-hailing-market-value,exact,ark-big-ideas,
Autonomous ride-hailing profits,autonomous-ride-hailing-profits,exact,ark-big-ideas,
Autonomous ride-hailing revenue,autonomous-ride-hailing-revenue,exact,ark-big-ideas,
Autonomous Robot Swarms,autonomous-robot-swarms,exact,ftsg-tech-trends,
Autonomous Robot Teams,autonomous-robot-teams,exact,ftsg-tech-trends,
Autonomous science labs,autonomous-science-labs,exact,a16z-big-ideas,
Autonomous Ships,autonomous-ships,exact,ftsg-tech-trends,
Autonomous software agents in the economy,autonomous-software-agents-in-the-economy,exact,gartner-strategic-predictions,
Autonomous Sourcing,autonomous-sourcing,exact,gartner-hype-cycle,
Autonomous Talent Acquisition,autonomous-talent-acquisition,exact,ftsg-tech-trends,
autonomous technology beyond human control,autonomous-technology-beyond-human-control,exact,pew-elon-imagining,
Autonomous Testing Facilities,autonomous-testing-facilities,exact,ftsg-tech-trends,
Autonomous trucking,autonomous-trucking,exact,mckinsey-tech-trends,
Autonomous trucking cost,autonomous-trucking-cost,exact,ark-big-ideas,
Autonomous Underwater Vehicles,autonomous-underwater-vehicles,exact,ftsg-tech-trends,
Autonomous Vehicle Legislation,autonomous-vehicle-legislation,exact,ftsg-tech-trends,
Autonomous Vehicle Testing Gets Regulated,autonomous-vehicle-testing-gets-regulated,exact,ftsg-tech-trends,
Autonomous vehicle unit costs,autonomous-vehicle-unit-costs,exact,mckinsey-tech-trends,
Autonomous Vehicles,autonomous-vehicles,exact,ark-big-ideas;gartner-hype-cycle,
Self-driving vehicles,autonomous-vehicles,judgment,envisioning-technology,Self-driving and autonomous vehicles are the same technology.
Autonomous Weapons Policies,autonomous-weapons-policies,exact,ftsg-tech-trends,
Autonomy-of-Experts,autonomy-of-experts,exact,ftsg-tech-trends,
Auxetic materials,auxetic-materials,exact,envisioning-horizons,
AV Simulation,av-simulation,exact,ftsg-tech-trends,
AV Viability,av-viability,exact,ftsg-tech-trends,
Avatar Portability,avatar-portability,exact,ftsg-tech-trends,
Avatars,avatars,exact,ftsg-tech-trends,
Avatars and Avatar Portability,avatars-and-avatar-portability,exact,ftsg-tech-trends,
Avatars Present the News with Humans in Charge,avatars-present-the-news-with-humans-in-charge,exact,ftsg-tech-trends,
Avian influenza,avian-influenza,exact,eurasia-top-risks,
Avoiding Weaponized Dependency,avoiding-weaponized-dependency,exact,ftsg-tech-trends,
Axis of rogues,axis-of-rogues,exact,eurasia-top-risks,
Axoft,axoft,exact,ftsg-tech-trends,
B2B distribution for consumer companies,b2b-distribution-for-consumer-companies,exact,a16z-big-ideas,
B2B E-Markets,b2b-e-markets,exact,gartner-hype-cycle,
B2C E-Business,b2c-e-business,exact,gartner-hype-cycle,
Babel-Fish Earbuds,babel-fish-earbuds,exact,mit-tr-10-breakthrough,
Backdoors,backdoors,exact,ftsg-tech-trends,
Backlash against science,backlash-against-science,exact,wef-global-risks,
Bacteria That Turn Rocks Into Massive Carbon Sponges,bacteria-that-turn-rocks-into-massive-carbon-sponges,exact,ftsg-tech-trends,
Bacterial Factories,bacterial-factories,exact,mit-tr-10-breakthrough,
Bacterial Nanosyringes,bacterial-nanosyringes,exact,ftsg-tech-trends,
Bacterial Storage for CO2,bacterial-storage-for-co2,exact,ftsg-tech-trends,
Bacteriophage Therapies Gain Momentum in Antibiotic Resistance Fight,bacteriophage-therapies-gain-momentum-in-antibiotic-resistance-fight,exact,ftsg-tech-trends,
Bad seeds,bad-seeds,exact,eurasia-top-risks,
Balancing the Flow of Power Within the Grid,balancing-the-flow-of-power-within-the-grid,exact,ftsg-tech-trends,
Banking for Cannabis Dispensaries,banking-for-cannabis-dispensaries,exact,ftsg-tech-trends,
Banning Germ Line Editing,banning-germ-line-editing,exact,ftsg-tech-trends,
Base-edited baby,base-edited-baby,exact,mit-tr-10-breakthrough,
Base Editing Surpasses Traditional CRISPR,base-editing-surpasses-traditional-crispr,exact,ftsg-tech-trends,
Basic necessities provided,basic-necessities-provided,exact,kurzweil,
Basic Web Services,basic-web-services,exact,gartner-hype-cycle,
Battery demand,battery-demand,exact,ark-big-ideas;mckinsey-tech-trends,
Battery prices,battery-prices,exact,mckinsey-tech-trends,
Battery recycling,battery-recycling,exact,mit-tr-10-breakthrough,
Battery Recycling,battery-recycling,normalized,ftsg-tech-trends,
Battery-Supported Transportation,battery-supported-transportation,exact,ftsg-tech-trends,
Battery technology,battery-technology,exact,deloitte-tmt-predictions,
Baxter: The Blue-Collar Robot,baxter-the-blue-collar-robot,exact,mit-tr-10-breakthrough,
Bayesian Machine Learning,bayesian-machine-learning,exact,mit-tr-10-breakthrough,
BCI + Robots,bci-plus-robots,exact,ftsg-tech-trends,
Beauty Goes Brain-Deep with Mood-Altering Ingredients,beauty-goes-brain-deep-with-mood-altering-ingredients,exact,ftsg-tech-trends,
Beggar thy world,beggar-thy-world,exact,eurasia-top-risks,
Behavioral Biometrics,behavioral-biometrics,exact,ftsg-tech-trends,
Behavioral Economics,behavioral-economics,exact,gartner-hype-cycle,
Behind-the-scenes Optimizations,behind-the-scenes-optimizations,exact,ftsg-tech-trends,
Beijing Olympics gold-medal table,beijing-olympics-gold-medal-table,exact,economist-world-ahead,
Beijing Winter Olympics and Qatar World Cup boycotts,beijing-winter-olympics-and-qatar-world-cup-boycotts,exact,economist-world-ahead,
Benefits Selection and Management,benefits-selection-and-management,exact,ftsg-tech-trends,
Best-of-breed enterprise applications,best-of-breed-enterprise-applications,exact,deloitte-tech-trends,
Better Batteries,better-batteries,exact,ftsg-tech-trends,
Better Digital Wallets,better-digital-wallets,exact,ftsg-tech-trends,
Better Plastics Recycling,better-plastics-recycling,exact,ftsg-tech-trends,
Bias in Genetic Research,bias-in-genetic-research,exact,ftsg-tech-trends,
Bias in Recognition Algorithms,bias-in-recognition-algorithms,exact,ftsg-tech-trends,
Bias in Recognition Technologies,bias-in-recognition-technologies,exact,ftsg-tech-trends,
Bias in Scoring Systems,bias-in-scoring-systems,exact,ftsg-tech-trends,
Bidirectional Brain-Machine Interface,bidirectional-brain-machine-interface,exact,gartner-hype-cycle,
Bidirectional Charging,bidirectional-charging,exact,ftsg-tech-trends,
Big Ag Data,big-ag-data,exact,ftsg-tech-trends,
big data,big-data,normalized,pew-elon-imagining,
Big data,big-data,normalized,deloitte-tech-trends;deloitte-tmt-predictions,
Big Data,big-data,exact,gartner-hype-cycle,
Big Data and Extreme Information Processing and Management,big-data,judgment,gartner-hype-cycle,Same Hype Cycle technology group; Gartner shortened the label.
Big data architectures,big-data-architectures,exact,accenture-tech-vision,
Big data exploitation,big-data-exploitation,exact,gartner-strategic-predictions,
Big Data for Better Produce,big-data-for-better-produce,exact,ftsg-tech-trends,
Big Data from Cheap Phones,big-data-from-cheap-phones,exact,mit-tr-10-breakthrough,
Big data jobs,big-data-jobs,exact,gartner-strategic-predictions,
Big Tech Companies at the Edge,big-tech-companies-at-the-edge,exact,ftsg-tech-trends,
Big Tech Disrupts Health Care,big-tech-disrupts-health-care,exact,ftsg-tech-trends,
Big Tech Gets into Farming,big-tech-gets-into-farming,exact,ftsg-tech-trends,
Big Tech Gets Into Healthcare,big-tech-gets-into-healthcare,exact,ftsg-tech-trends,
"Bigger, Bolder Telescopes",bigger-bolder-telescopes,exact,ftsg-tech-trends,
Bimodal IT technical debt,bimodal-it-technical-debt,exact,idc-futurescape,
Bio-Cyberattacks,bio-cyberattacks,exact,ftsg-tech-trends,
Bio-Defense Gets Smart Computer Upgrade,bio-defense-gets-smart-computer-upgrade,exact,ftsg-tech-trends,
Bio-enhanced fuels,bio-enhanced-fuels,exact,envisioning-technology,
Bio-markers,bio-markers,exact,envisioning-technology,
Biomarkers,bio-markers,normalized,envisioning-technology,
Bio-materials,bio-materials,exact,envisioning-technology,
Biomaterials,bio-materials,normalized,envisioning-horizons;envisioning-technology,
Bio software and tools stack,bio-software-and-tools-stack,exact,a16z-big-ideas,
Bioacoustic Recognition,bioacoustic-recognition,exact,ftsg-tech-trends,
Bioacoustic Sensing,bioacoustic-sensing,exact,gartner-hype-cycle,
Bioacustic Sensing,bioacoustic-sensing,judgment,gartner-hype-cycle,Spelling variant in the digitized sheet; same Hype Cycle technology group.
Biobank Releases,biobank-releases,exact,ftsg-tech-trends,
Biochips,biochips,exact,gartner-hype-cycle,
Biodegradable and Edible Packaging,biodegradable-and-edible-packaging,exact,ftsg-tech-trends,
Biodegradable Sensors,biodegradable-sensors,exact,gartner-hype-cycle,
Biodiversity loss,biodiversity-loss,exact,wef-global-risks,
Biodiversity loss and ecosystem collapse,biodiversity-loss-and-ecosystem-collapse,exact,wef-global-risks,
Bioelectronic drugs,bioelectronic-drugs,exact,envisioning-health,
Bioelectronics,bioelectronics,exact,ftsg-tech-trends,
Bioengineered defences,bioengineered-defences,exact,kurzweil,
Bioengineered Trees,bioengineered-trees,exact,ftsg-tech-trends,
Bioengineering,bioengineering,exact,ftsg-tech-trends;mckinsey-tech-trends,
Bioengineering danger recognized,bioengineering-danger-recognized,exact,kurzweil,
Bioengineering economic impact,bioengineering-economic-impact,exact,mckinsey-tech-trends,
Biofuel from Algae,biofuel-from-algae,exact,ftsg-tech-trends,
Biofuels From Algae,biofuel-from-algae,normalized,ftsg-tech-trends,
Biofuel from Hemp,biofuel-from-hemp,exact,ftsg-tech-trends,
Biofuels From Hemp,biofuel-from-hemp,normalized,ftsg-tech-trends,
biofuels,biofuels,normalized,shell-scenarios,
Biofuels,biofuels,exact,ftsg-tech-trends,
Biohack Rules Tighten As Field Grows Rapidly,biohack-rules-tighten-as-field-grows-rapidly,exact,ftsg-tech-trends,
Biohacking,biohacking,exact,envisioning-horizons,
Biohybrid Robotics,biohybrid-robotics,exact,ftsg-tech-trends,
Bioinspired Robotics,bioinspired-robotics,exact,ftsg-tech-trends,
Biointerfaces,biointerfaces,exact,ftsg-tech-trends,
Biointerfaces & Gestural Interfaces,biointerfaces-and-gestural-interfaces,exact,ftsg-tech-trends,
Biological Adaptations for Space,biological-adaptations-for-space,exact,ftsg-tech-trends,
Biological Circuits,biological-circuits,exact,ftsg-tech-trends,
Biological DVRs,biological-dvrs,exact,ftsg-tech-trends,
Biological Machines,biological-machines,exact,mit-tr-10-breakthrough,
Biological Privacy,biological-privacy,exact,ftsg-tech-trends,
Biological Robots,biological-robots,exact,ftsg-tech-trends,
Biological warfare is greatest threat,biological-warfare-is-greatest-threat,exact,kurzweil,
Biologically extended senses,biologically-extended-senses,exact,envisioning-horizons,
Biology Plays Games,biology-plays-games,exact,ftsg-tech-trends,
Biomanufacturing in Space,biomanufacturing-in-space,exact,ftsg-tech-trends,
Biomechanical harvesting,biomechanical-harvesting,exact,envisioning-technology,
Biomechatronics,biomechatronics,exact,mit-tr-10-breakthrough,
Biometric Authentication in Web3,biometric-authentication-in-web3,exact,ftsg-tech-trends,
Biometric authentication,biometric-authentication-methods,judgment,deloitte-tech-trends;deloitte-tmt-predictions,Same technology.
Biometric Authentication Methods,biometric-authentication-methods,exact,gartner-hype-cycle,
Biometric User Identification,biometric-authentication-methods,judgment,gartner-hype-cycle,Same Hype Cycle technology group; Gartner reworded the entry.
Biometrix Authentication Methods,biometric-authentication-methods,judgment,gartner-hype-cycle,Same Hype Cycle technology group; Gartner reworded the entry.
Biometric Camouflage,biometric-camouflage,exact,ftsg-tech-trends,
Biometric Identity Documentss,biometric-identity-documentss,exact,gartner-hype-cycle,
Biometric Information Privacy Acts,biometric-information-privacy-acts,exact,ftsg-tech-trends,
Biometric Malware,biometric-malware,exact,ftsg-tech-trends,
Biometric Payments,biometric-payments,exact,gartner-hype-cycle,
Biometric Scoring,biometric-scoring,exact,ftsg-tech-trends,
Biometric Screening Systems,biometric-screening-systems,exact,ftsg-tech-trends,
Biometric sensors,biometric-sensors,exact,envisioning-horizons;envisioning-technology,
Biometrics,biometrics,exact,gartner-hype-cycle;mit-tr-10-breakthrough,
Biomolecule-Based Packaging,biomolecule-based-packaging,exact,ftsg-tech-trends,
Bionic implants,bionic-implants,exact,envisioning-horizons,
Bionic Noses,bionic-noses,exact,ftsg-tech-trends,
Biopharma in Space,biopharma-in-space,exact,ftsg-tech-trends,
Bioplastics,bioplastics,exact,ftsg-tech-trends,
Bioprinting and Tissue Engineering,bioprinting-and-tissue-engineering,exact,ftsg-tech-trends,
Bioprinting Electronics,bioprinting-electronics,exact,ftsg-tech-trends,
Bioprinting regulation,bioprinting-regulation,exact,gartner-strategic-predictions,
Bioprinting regulation debate,bioprinting-regulation-debate,exact,gartner-strategic-predictions,
Biosensor and Chip-Based Diagnostics,biosensor-and-chip-based-diagnostics,exact,ftsg-tech-trends,
Biosequestration,biosequestration,exact,ftsg-tech-trends,
Biotech - Cultured or Artificial Tissue,biotech-cultured-or-artificial-tissue,exact,gartner-hype-cycle,
Biotech drug target differentiation,biotech-drug-target-differentiation,exact,a16z-big-ideas,
Biotech focus on common diseases,biotech-focus-on-common-diseases,exact,a16z-big-ideas,
Biotechnology Access Equity Becomes a Global Issue,biotechnology-access-equity-becomes-a-global-issue,exact,ftsg-tech-trends,
"Biotechnology (omics, biomachines)",biotechnology-omics-biomachines,exact,mckinsey-tech-trends,
Bitcoin,bitcoin,exact,ark-big-ideas,
Bitcoin and Blockchain,bitcoin-and-blockchain,exact,ftsg-tech-trends,
Bitcoin network value,bitcoin-network-value,exact,ark-big-ideas,
Bitcoin + Blockchain,bitcoin-plus-blockchain,exact,ftsg-tech-trends,
Bitcoin: Preparing For Institutions,bitcoin-preparing-for-institutions,exact,ark-big-ideas,
Bitcoin price,bitcoin-price,exact,ark-big-ideas,
Bladeless Turbines,bladeless-turbines,exact,ftsg-tech-trends,
"Blending imagined and real worlds (gaming, AR, immersive play)",blending-imagined-and-real-worlds-gaming-ar-immersive-play,exact,trendwatching,
Blockchain,blockchain,exact,deloitte-tech-trends;ftsg-tech-trends;gartner-hype-cycle;mckinsey-tech-trends,
Blockchain Technologies,blockchain,judgment,ftsg-tech-trends,"FTSG 2019 'Blockchain Technologies' is blockchain; the suffix adds nothing. (subject dupes review, d48)"
Public Blockchains,blockchain,judgment,ark-big-ideas,ARK's chapter name for public blockchain networks.
Blockchain and distributed ledgers,blockchain-and-distributed-ledgers,exact,deloitte-tech-trends,
Blockchain and Web3 (decentralized trust),blockchain-and-web3-decentralized-trust,exact,deloitte-tech-trends,
Blockchain Art Market,blockchain-art-market,exact,ftsg-tech-trends,
Blockchain authentication of news,blockchain-authentication-of-news,exact,gartner-strategic-predictions,
Blockchain business valuation,blockchain-business-valuation,exact,gartner-strategic-predictions,
Blockchain cryptocurrencies in banking,blockchain-cryptocurrencies-in-banking,exact,gartner-strategic-predictions,
Blockchain (digital identity and reputation),blockchain-digital-identity-and-reputation,exact,deloitte-tech-trends,
Blockchain for Data Security,blockchain-for-data-security,exact,gartner-hype-cycle,
Blockchain for digital trust,blockchain-for-digital-trust,exact,idc-futurescape,
Blockchain Integration,blockchain-integration,exact,ftsg-tech-trends,
Blockchain Integrations,blockchain-integration,normalized,ftsg-tech-trends,
Blockchain light clients (mobile),blockchain-light-clients-mobile,exact,a16z-big-ideas,
Blockchain market value,blockchain-market-value,exact,ark-big-ideas,
Blockchain Modularity,blockchain-modularity,exact,ftsg-tech-trends,
Blockchain-Powered Park Operations,blockchain-powered-park-operations,exact,ftsg-tech-trends,
Blockchain privacy poisoning,blockchain-privacy-poisoning,exact,gartner-strategic-predictions,
Blockchain voting and liquid democracy,blockchain-voting-and-liquid-democracy,exact,a16z-big-ideas,
"Blockchains, Tokens and Cryptocurrencies",blockchains-tokens-and-cryptocurrencies,exact,ftsg-tech-trends,
Blocking the Ad Blockers,blocking-the-ad-blockers,exact,ftsg-tech-trends,
Blogging,blogging,exact,gartner-strategic-predictions,
Blogs,blogs,exact,deloitte-tmt-predictions,
Blogs and user-generated content,blogs-and-user-generated-content,exact,deloitte-tmt-predictions,
Blood stream sensors,blood-stream-sensors,exact,envisioning-health,
Blue Carbon Credits,blue-carbon-credits,exact,ftsg-tech-trends,
Blue Carbon Offsets,blue-carbon-offsets,exact,ftsg-tech-trends,
Bluetooth,bluetooth,exact,gartner-hype-cycle,
Bluetooth Cable Replacement,bluetooth-cable-replacement,exact,gartner-hype-cycle,
Bluetooth Networking,bluetooth-networking,exact,gartner-hype-cycle,
Boards,boards,exact,envisioning-technology,
Body-on-a-Chip,body-on-a-chip,exact,ftsg-tech-trends,
Bone Recognition,bone-recognition,exact,ftsg-tech-trends,
Boris Johnson removal,boris-johnson-removal,exact,economist-world-ahead,
Bossless teams,bossless-teams,exact,gartner-strategic-predictions,
Botnets of Things,botnets-of-things,exact,mit-tr-10-breakthrough,
Bots,bots,exact,ftsg-tech-trends,
Botsourcing,botsourcing,exact,envisioning-horizons,
Bounty Programs,bounty-programs,exact,ftsg-tech-trends,
BPM Suites,bpm-suites,exact,gartner-hype-cycle,
BPO provider consolidation,bpo-provider-consolidation,exact,gartner-strategic-predictions,
Brain algorithms applied to neural nets,brain-algorithms-applied-to-neural-nets,exact,kurzweil,
Brain Machine Interfaces,brain-computer-interface,normalized,ftsg-tech-trends,
Brain-Computer Interface,brain-computer-interface,exact,gartner-hype-cycle,
Brain-computer interfaces,brain-computer-interface,normalized,mit-tr-10-breakthrough,
Brain-Computer Interfaces,brain-computer-interface,normalized,ftsg-tech-trends,
Brain-Machine Interface,brain-computer-interface,judgment,mit-tr-10-breakthrough,Same interface named in either word order; Gartner's technology group links the Hype Cycle labels.
Brain-Machine Interfaces (BMIs),brain-computer-interface,judgment,ftsg-tech-trends,"Brain-machine interfaces are already an alias of brain-computer interface; '(BMIs)' is only the acronym. (subject dupes review, d48)"
Computer Brain Interface,brain-computer-interface,judgment,gartner-hype-cycle,Same interface named in either word order; Gartner's technology group links the Hype Cycle labels.
Computer-Brain Interface,brain-computer-interface,judgment,gartner-hype-cycle,Same interface named in either word order; Gartner's technology group links the Hype Cycle labels.
Computer-Brain Interface/Thought Recognition,brain-computer-interface,judgment,gartner-hype-cycle,Same interface named in either word order; Gartner's technology group links the Hype Cycle labels.
Brain-Computer Interfaces and Neuroprosthetics,brain-computer-interfaces-and-neuroprosthetics,exact,ftsg-tech-trends,
Brain-generated music,brain-generated-music,exact,kurzweil,
"Brain Machine Interfaces, Brain-Computer Interfaces, and Neuroprosthetics",brain-machine-interfaces-brain-computer-interfaces-and-neuroprosthetics,exact,ftsg-tech-trends,
Brain Mapping,brain-mapping,exact,mit-tr-10-breakthrough,
Brain Models Open Window To Neural Disease,brain-models-open-window-to-neural-disease,exact,ftsg-tech-trends,
Brain Organoids,brain-organoids,exact,mit-tr-10-breakthrough,
Brain reverse engineering by scanning,brain-reverse-engineering-by-scanning,exact,kurzweil,
Brain-to-Brain Communication,brain-to-brain-communication,exact,ftsg-tech-trends,
Brain-to-brain interfaces,brain-to-brain-interfaces,exact,envisioning-horizons,
Brain-to-Brain Interfaces,brain-to-brain-interfaces,normalized,ftsg-tech-trends,
Brand initiatives against loneliness,brand-initiatives-against-loneliness,exact,trendwatching,
Brand kindness and surprise gestures,brand-kindness-and-surprise-gestures,exact,trendwatching,
Brand-led local community improvement,brand-led-local-community-improvement,exact,trendwatching,
Brand mobile apps,brand-mobile-apps,exact,gartner-strategic-predictions,
Brand social-justice initiatives,brand-social-justice-initiatives,exact,trendwatching,
Brand take-back and recycling,brand-take-back-and-recycling,exact,trendwatching,
Brands acting on social and environmental change,brands-acting-on-social-and-environmental-change,exact,trendwatching,
Brands asking customers to act sustainably,brands-asking-customers-to-act-sustainably,exact,trendwatching,
Brands delivering civic and public services,brands-delivering-civic-and-public-services,exact,trendwatching,
Brands funding local changemakers,brands-funding-local-changemakers,exact,trendwatching,
Brands helping consumers reach adult life goals ('adulting'),brands-helping-consumers-reach-adult-life-goals-adulting,exact,trendwatching,
Brands lobbying for or imposing pro-social rules,brands-lobbying-for-or-imposing-pro-social-rules,exact,trendwatching,
Brands making customers prove their worth for exclusive access,brands-making-customers-prove-their-worth-for-exclusive-access,exact,trendwatching,
Brands offering useful services instead of advertising,brands-offering-useful-services-instead-of-advertising,exact,trendwatching,
Brands pivoting to relief and relaxation,brands-pivoting-to-relief-and-relaxation,exact,trendwatching,
Brands responding to nationalism vs. globalism,brands-responding-to-nationalism-vs-globalism,exact,trendwatching,
Brands responding to online consumer feedback in real time,brands-responding-to-online-consumer-feedback-in-real-time,exact,trendwatching,
Brands showing care during the downturn,brands-showing-care-during-the-downturn,exact,trendwatching,
Brands showing human flaws,brands-showing-human-flaws,exact,trendwatching,
Brands taking public stances,brands-taking-public-stances,exact,trendwatching,
Brazil,brazil,exact,eurasia-top-risks,
Brazil: On the Path to AI Legislation,brazil-on-the-path-to-ai-legislation,exact,ftsg-tech-trends,
Breaking the Millisecond Barrier,breaking-the-millisecond-barrier,exact,ftsg-tech-trends,
Breaking Up Big Tech,breaking-up-big-tech,exact,ftsg-tech-trends,
Breakthroughs in Light Absorption,breakthroughs-in-light-absorption,exact,ftsg-tech-trends,
Brewing Great Nonalcoholic Beers,brewing-great-nonalcoholic-beers,exact,ftsg-tech-trends,
Brexit,brexit,exact,eurasia-top-risks,
Brexit date,brexit-date,exact,economist-world-ahead,
Brexit in 2019,brexit-in-2019,exact,economist-world-ahead,
BRIC Economies,bric-economies,exact,ftsg-tech-trends,
BRICs GDP relative to G7 GDP,brics-gdp-relative-to-g7-gdp,exact,envisioning-technology,
BRICS vs. G7,brics-vs-g7,exact,eurasia-top-risks,
Bridging Legacy Infrastructure,bridging-legacy-infrastructure,exact,ftsg-tech-trends,
Bring your own computer (BYOC),bring-your-own-computer-byoc,exact,deloitte-tmt-predictions,
Bring your own enhancement (BYOE),bring-your-own-enhancement-byoe,exact,gartner-strategic-predictions,
Bring Your Own Identity,bring-your-own-identity,exact,gartner-hype-cycle,
Broadband adoption,broadband-adoption,exact,deloitte-tmt-predictions,
Broadband appliances,broadband-appliances,exact,deloitte-tmt-predictions,
Broadband data caps,broadband-data-caps,exact,deloitte-tmt-predictions,
Broadband Investments,broadband-investments,exact,ftsg-tech-trends,
Broadband On The Moon,broadband-on-the-moon,exact,ftsg-tech-trends,
Broadband over Power Lines,broadband-over-power-lines,exact,gartner-hype-cycle,
Broadband pricing,broadband-pricing,exact,deloitte-tmt-predictions,
Broadband speed and margins,broadband-speed-and-margins,exact,deloitte-tmt-predictions,
Broadband speed demand,broadband-speed-demand,exact,deloitte-tmt-predictions,
Broadband speed,broadband-speeds,normalized,deloitte-tmt-predictions,
Broadband speeds,broadband-speeds,exact,deloitte-tmt-predictions,
Broadcast TV audience fragmentation,broadcast-tv-audience-fragmentation,exact,deloitte-tmt-predictions,
Browser-Based AR,browser-based-ar,exact,ftsg-tech-trends,
Bug Protein,bug-protein,exact,ftsg-tech-trends,
Build through the Bear,build-through-the-bear,exact,ftsg-tech-trends,
Building a Comprehensive Human Cell Atlas,building-a-comprehensive-human-cell-atlas,normalized,ftsg-tech-trends,
Building A Comprehensive Human Cell Atlas,building-a-comprehensive-human-cell-atlas,exact,ftsg-tech-trends,
Building a Silicon Valley of the Middle East,building-a-silicon-valley-of-the-middle-east,exact,ftsg-tech-trends,
Building a Strategic Panopticon,building-a-strategic-panopticon,exact,ftsg-tech-trends,
Building Better Batteries,building-better-batteries,exact,ftsg-tech-trends,
Building Electrification,building-electrification,exact,ftsg-tech-trends,
Building Full Chromosomes,building-full-chromosomes,exact,ftsg-tech-trends,
Building In-House Solutions,building-in-house-solutions,exact,ftsg-tech-trends,
Building Supersized AI Models,building-supersized-ai-models,exact,ftsg-tech-trends,
Burnout and mental wellbeing,burnout-and-mental-wellbeing,exact,trendwatching,
Business analytics,business-analytics,exact,accenture-tech-vision;deloitte-tech-trends,
Business Automation,business-automation,exact,ftsg-tech-trends,
Business banking infrastructure,business-banking-infrastructure,exact,a16z-big-ideas,
Business ecosystems and platforms,business-ecosystems-and-platforms,exact,accenture-tech-vision,
Business KPIs in IT compensation,business-kpis-in-it-compensation,exact,idc-futurescape,
Business Model Evolution,business-model-evolution,exact,ftsg-tech-trends,
Business Process Platforms,business-process-platforms,exact,gartner-hype-cycle,
Business Rule Engines,business-rule-engines,exact,gartner-hype-cycle,
Business travel recovery,business-travel-recovery,exact,economist-world-ahead,
Businesses owning no IT assets,businesses-owning-no-it-assets,exact,gartner-strategic-predictions,
BYOD,byod,exact,gartner-hype-cycle,
BYOD malware,byod-malware,exact,gartner-strategic-predictions,
Cable Modems,cable-modems,exact,gartner-hype-cycle,
Cables are disappearing,cables-are-disappearing,exact,kurzweil,
Cables disappear,cables-disappear,exact,kurzweil,
"calculations per second for a $1,000 computer",calculations-per-second-for-a-1-000-computer,exact,envisioning-technology,
Calls For Responsible Gene Editing,calls-for-responsible-gene-editing,exact,ftsg-tech-trends,
Camera-phone sales,camera-phone-sales,exact,economist-world-ahead,
Canadian troops in Kandahar,canadian-troops-in-kandahar,exact,economist-world-ahead,
Cancel Culture and Accountability Politics,cancel-culture-and-accountability-politics,exact,ftsg-tech-trends,
Cancel Culture and its Backlash,cancel-culture-and-its-backlash,exact,ftsg-tech-trends,
Cancer Genomics,cancer-genomics,exact,mit-tr-10-breakthrough,
Cannabis Compliance Systems,cannabis-compliance-systems,exact,ftsg-tech-trends,
Cannabis Delivery Logistics,cannabis-delivery-logistics,exact,ftsg-tech-trends,
Cannabis Supply Chains,cannabis-supply-chains,exact,ftsg-tech-trends,
Cannabusiness Tech,cannabusiness-tech,exact,ftsg-tech-trends,
Capacitors,capacitors,exact,ftsg-tech-trends,
Capital controls,capital-controls,exact,eurasia-top-risks,
Capsule Networks,capsule-networks,exact,ftsg-tech-trends,
Capturing IIoT Metadata,capturing-iiot-metadata,exact,ftsg-tech-trends,
Capturing IIOT Metadata,capturing-iiot-metadata,normalized,ftsg-tech-trends,
Car Interfaces Drive the Voice Assistant Wars,car-interfaces-drive-the-voice-assistant-wars,exact,ftsg-tech-trends,
Car OS,car-os,exact,ftsg-tech-trends,
CAR-T for solid tumors,car-t-for-solid-tumors,exact,ark-big-ideas,
Car-to-Car Communication,car-to-car-communication,exact,mit-tr-10-breakthrough,
Carbon-Based Alcohol,carbon-based-alcohol,exact,ftsg-tech-trends,
Carbon-Based Fashion Accessories,carbon-based-fashion-accessories,exact,ftsg-tech-trends,
Carbon-Based Food,carbon-based-food,exact,ftsg-tech-trends,
Carbon-Based Jet Fuel,carbon-based-jet-fuel,exact,ftsg-tech-trends,
Carbon-Based Polyester,carbon-based-polyester,exact,ftsg-tech-trends,
Carbon-Based “Steak”,carbon-based-steak,exact,ftsg-tech-trends,
Carbon-Based Transistors,carbon-based-transistors,exact,gartner-hype-cycle,
carbon capture and storage,carbon-capture-and-storage,normalized,shell-scenarios,
Carbon Capture and Storage,carbon-capture-and-storage,exact,ftsg-tech-trends,
Carbon costs in IT business cases,carbon-costs-in-it-business-cases,exact,gartner-strategic-predictions,
Carbon Credits,carbon-credits,exact,ftsg-tech-trends,
Carbon labels on products,carbon-labels-on-products,exact,trendwatching,
Carbon Ledger Platforms,carbon-ledger-platforms,exact,ftsg-tech-trends,
Carbon Nanotube,carbon-nanotubes,normalized,gartner-hype-cycle,
Carbon nanotubes,carbon-nanotubes,exact,envisioning-technology,
Carbon Nanotubes,carbon-nanotubes,normalized,gartner-hype-cycle,
Carbon Neutral or Negative Building Materials,carbon-neutral-or-negative-building-materials,exact,ftsg-tech-trends,
carbon pricing,carbon-pricing,exact,shell-scenarios,
A carbon removal factory,carbon-removal,judgment,mit-tr-10-breakthrough,MIT's two entries on direct air capture of CO2 (raw INDEX candidate chain).
Carbon dioxide catcher,carbon-removal,judgment,mit-tr-10-breakthrough,MIT's two entries on direct air capture of CO2 (raw INDEX candidate chain).
Direct Air Capture,carbon-removal,judgment,ftsg-tech-trends,"The carbon-removal subject is named 'Carbon removal (direct air capture)': MIT's carbon dioxide catcher and carbon removal factory are direct-air-capture plants, as FTSG's Direct Air Capture trend is. (subject dupes review, d48)"
Carbon sequestration,carbon-sequestration,exact,envisioning-technology,
Carbon Tracking,carbon-tracking,exact,ftsg-tech-trends,
Carbon Verification,carbon-verification,exact,ftsg-tech-trends,
CarOS,caros,exact,ftsg-tech-trends,
Cars,cars,exact,ftsg-tech-trends,
CARv2.0,carv2-0,exact,ftsg-tech-trends,
Cascading knowledge maps,cascading-knowledge-maps,exact,envisioning-education,
Catering Amusement Park,catering-amusement-park,exact,ftsg-tech-trends,
Catering Amusement Park Experiences to an Audience of One,catering-amusement-park-experiences-to-an-audience-of-one,exact,ftsg-tech-trends,
Cattle burping remedies,cattle-burping-remedies,exact,mit-tr-10-breakthrough,
Causal AI,causal-ai,exact,gartner-hype-cycle,
CBD-Infused Drinks,cbd-infused-drinks,exact,ftsg-tech-trends,
CBD-Infused Products,cbd-infused-products,exact,ftsg-tech-trends,
CBDCs,cbdcs,exact,ftsg-tech-trends,
CCP’s Tech Crackdown,ccp-s-tech-crackdown,exact,ftsg-tech-trends,
CCS-as-a-Service,ccs-as-a-service,exact,ftsg-tech-trends,
Cell and Gene Therapy,cell-and-gene-therapy,exact,ark-big-ideas,
Cell-Phone Viruses,cell-phone-viruses,exact,mit-tr-10-breakthrough,
Cell Reset Button: Scientists Turn Back Biological Clock,cell-reset-button-scientists-turn-back-biological-clock,exact,ftsg-tech-trends,
Cell Therapy 2.0,cell-therapy-2-0,exact,ftsg-tech-trends,
Cellular Agriculture,cellular-agriculture,exact,ftsg-tech-trends,
Cellular Culture Agriculture,cellular-culture-agriculture,exact,ftsg-tech-trends,
Cellulolytic Enzymes,cellulolytic-enzymes,exact,mit-tr-10-breakthrough,
Censorship in the Digital Age,censorship-in-the-digital-age,exact,ftsg-tech-trends,
Central Bank-Backed Digital Currencies,central-bank-backed-digital-currencies,exact,ftsg-tech-trends,
Central banks get political,central-banks-get-political,exact,eurasia-top-risks,
Cermets,cermets,exact,envisioning-technology,
Certifying Commercial Astronauts,certifying-commercial-astronauts,exact,ftsg-tech-trends,
Chain-of-Thought Models,chain-of-thought-models,exact,ftsg-tech-trends,
Change in central Europe,change-in-central-europe,exact,economist-world-ahead,
"Changing social norms (gender, media, education)",changing-social-norms-gender-media-education,exact,trendwatching,
Character Recognition and Analytics,character-recognition-and-analytics,exact,ftsg-tech-trends,
Charging Gets a Roadmap,charging-gets-a-roadmap,normalized,ftsg-tech-trends,
Charging Gets A Roadmap,charging-gets-a-roadmap,exact,ftsg-tech-trends,
Charging Standardization,charging-standardization,exact,ftsg-tech-trends,
Charging Stations,charging-stations,exact,ftsg-tech-trends,
Chatbot spending,chatbot-spending,exact,gartner-strategic-predictions,
ChatGPT as an app distribution platform,chatgpt-as-an-app-distribution-platform,exact,a16z-big-ideas,
Cheaper Genome Sequencing,cheaper-genome-sequencing,exact,ftsg-tech-trends,
Chemical-induced proximity (drug modality),chemical-induced-proximity-drug-modality,exact,a16z-big-ideas,
Chemical Production,chemical-production,exact,ftsg-tech-trends,
Chemicals,chemicals,exact,ftsg-tech-trends,
Chernobyl reactor repair,chernobyl-reactor-repair,exact,economist-world-ahead,
Chief Digital Officer,chief-digital-officer,exact,idc-futurescape,
Chief Health Officers,chief-health-officers,exact,ftsg-tech-trends,
Chief Heat Officers,chief-heat-officers,exact,ftsg-tech-trends,
Chief Medical Officers,chief-medical-officers,exact,ftsg-tech-trends,
Chief Trust Officer,chief-trust-officer,exact,idc-futurescape,
Child Safe AI,child-safe-ai,exact,ftsg-tech-trends,
Children use print-to-speech reading software,children-use-print-to-speech-reading-software,exact,kurzweil,
China,china,exact,eurasia-top-risks,
China: AI Reshapes Drug Approval Process,china-ai-reshapes-drug-approval-process,exact,ftsg-tech-trends,
China and India GDP growth,china-and-india-gdp-growth,exact,economist-world-ahead,
China as economic powerhouse,china-as-economic-powerhouse,exact,kurzweil,
China at home,china-at-home,exact,eurasia-top-risks,
China deflation,china-deflation,exact,economist-world-ahead,
China digital infrastructure,china-digital-infrastructure,exact,deloitte-tmt-predictions,
China: DNA Data Protection Laws Signal New Cyberbio Era,china-dna-data-protection-laws-signal-new-cyberbio-era,exact,ftsg-tech-trends,
China economic hard landing,china-economic-hard-landing,exact,wef-global-risks,
China hard landing,china-economic-hard-landing,judgment,wef-global-risks,"WEF's own GRR 2020 retrospective figure relabels the 2007 entry ""China economic hard landing"" as ""China hard landing""."
China economy,china-economy,exact,nic-global-trends,
China exchange-rate unification,china-exchange-rate-unification,exact,economist-world-ahead,
China-First Tech Policies,china-first-tech-policies,exact,ftsg-tech-trends,
China loves a vacuum,china-loves-a-vacuum,exact,eurasia-top-risks,
China media market,china-media-market,exact,deloitte-tmt-predictions,
China military,china-military,exact,nic-global-trends,
"China ""moderate prosperity"" target",china-moderate-prosperity-target,exact,economist-world-ahead,
China: no hard landing,china-no-hard-landing,exact,eurasia-top-risks,
China overreacts,china-overreacts,exact,eurasia-top-risks,
China Reveals More Cyber Warfare Tactics,china-reveals-more-cyber-warfare-tactics,exact,ftsg-tech-trends,
China’s A.I. Rules,china-s-a-i-rules,exact,ftsg-tech-trends,
China’s AI ethics,china-s-ai-ethics,exact,ftsg-tech-trends,
China’s Big Tech,china-s-big-tech,exact,ftsg-tech-trends,
China's deflation trap,china-s-deflation-trap,exact,eurasia-top-risks,
China’s Expanding Market,china-s-expanding-market,exact,ftsg-tech-trends,
China’s Foreign Infrastructure Investment,china-s-foreign-infrastructure-investment,exact,ftsg-tech-trends,
China’s Genetically Edited Babies,china-s-genetically-edited-babies,exact,ftsg-tech-trends,
China’s Global Auto Ambitions,china-s-global-auto-ambitions,exact,ftsg-tech-trends,
China’s hard landing,china-s-hard-landing,exact,eurasia-top-risks,
China’s National DNA Drive,china-s-national-dna-drive,exact,ftsg-tech-trends,
China’s Open Road,china-s-open-road,exact,ftsg-tech-trends,
China’s Panopticon,china-s-panopticon,exact,ftsg-tech-trends,
China’s Quest for Cyber Sovereignty,china-s-quest-for-cyber-sovereignty,exact,ftsg-tech-trends,
China’s Quest for Global Cybersovereignty,china-s-quest-for-global-cybersovereignty,exact,ftsg-tech-trends,
China’s Space Ambitions,china-s-space-ambitions,exact,ftsg-tech-trends,
China’s supremacy,china-s-supremacy,exact,ftsg-tech-trends,
China’s Tech Crackdown,china-s-tech-crackdown,exact,ftsg-tech-trends,
China: State-Directed Strategy and Tight Oversight,china-state-directed-strategy-and-tight-oversight,exact,ftsg-tech-trends,
China vs information,china-vs-information,exact,eurasia-top-risks,
China zero-covid policy,china-zero-covid-policy,exact,economist-world-ahead,
Chinese green consumer innovation,chinese-green-consumer-innovation,exact,trendwatching,
Chinese mobile handset vendors,chinese-mobile-handset-vendors,exact,gartner-strategic-predictions,
Chinese semiconductors,chinese-semiconductors,exact,deloitte-tmt-predictions,
Chinese tech firms in US-China fights,chinese-tech-firms-in-us-china-fights,exact,economist-world-ahead,
Chip Onshoring,chip-onshoring,exact,ftsg-tech-trends,
Chips Onshoring,chip-onshoring,normalized,ftsg-tech-trends,
Chip Talent Shortage,chip-talent-shortage,exact,ftsg-tech-trends,
Chiplets,chiplets,exact,deloitte-tmt-predictions;mit-tr-10-breakthrough,
Chips for Inference,chips-for-inference,exact,ftsg-tech-trends,
Chips That Can Perceive Sensory Data,chips-that-can-perceive-sensory-data,exact,ftsg-tech-trends,
Chips to Optimize AI Workload,chips-to-optimize-ai-workload,exact,ftsg-tech-trends,
Chronic disease,chronic-disease,exact,wef-global-risks,
Chronic disease in developed countries,chronic-disease-in-developed-countries,exact,wef-global-risks,
"Chronic disease, developed world",chronic-disease-in-developed-countries,judgment,wef-global-risks,"Same risk, reworded."
Chronic diseases,chronic-disease-in-developed-countries,judgment,wef-global-risks,"WEF's own GRR 2020 retrospective figure relabels the 2007 entry ""Chronic disease in developed countries"" as ""Chronic diseases""."
Chronic fiscal imbalances,chronic-fiscal-imbalances,exact,wef-global-risks,
Fiscal imbalances,chronic-fiscal-imbalances,judgment,wef-global-risks,"WEF's own GRR 2020 retrospective figure relabels the 2012 entry ""Chronic fiscal imbalances"" as ""Fiscal imbalances""."
Chrono-Urbanism,chrono-urbanism,exact,ftsg-tech-trends,
CIO as COO by proxy,cio-as-coo-by-proxy,exact,gartner-strategic-predictions,
CIO-CMO customer data strategy,cio-cmo-customer-data-strategy,exact,idc-futurescape,
CIO co-leading innovation,cio-co-leading-innovation,exact,idc-futurescape,
CIO compensation tied to IT revenue,cio-compensation-tied-to-it-revenue,exact,gartner-strategic-predictions,
CIO leadership in digital transformation,cio-leadership-in-digital-transformation,exact,idc-futurescape,
CIO-led adversity centers,cio-led-adversity-centers,exact,idc-futurescape,
CIO-led data governance,cio-led-data-governance,exact,idc-futurescape,
CIO role,cio-role,exact,deloitte-tech-trends,
CIO role (catalyst for business revolution),cio-role-catalyst-for-business-revolution,judgment,deloitte-tech-trends,D53: Deloitte's CIO chapter recurs with a new thesis each year (a field). 2011 'CIOs as Revolutionaries': CIOs shift from stewards of the business to catalysts for business revolution. Not the claim of 2013 (postdigital forces) or 2015 (integration). Related to cio-role.
CIO role challenged by LOB,cio-role-challenged-by-lob,exact,idc-futurescape,
CIO role (IT portfolio management),cio-role-it-portfolio-management,judgment,deloitte-tech-trends,"Split back from cio-role (re-check of the d48 subject dupes merge, group 14): 2014 'CIO as venture capitalist' is about managing the IT portfolio for value, risk and time horizon, not the same claim as the other CIO-role chapters; the D33 audit read it the same way. Related."
CIO role (postdigital catalyst),cio-role-postdigital-catalyst,judgment,deloitte-tech-trends,D53: Deloitte's CIO chapter recurs with a new thesis each year (a field). 2013 'CIO as the Postdigital Catalyst': CIOs harness the five postdigital forces to move from systems to capabilities. Not the claim of 2011 (revolutionaries) or 2015 (integration). Related to cio-role.
"CIO time on analytics, cybersecurity and digital revenue",cio-time-on-analytics-cybersecurity-and-digital-revenue,exact,idc-futurescape,
CIOs as digital business leaders,cios-as-digital-business-leaders,exact,idc-futurescape,
CIOs in business decision making,cios-in-business-decision-making,exact,idc-futurescape,
CIOs measured on business model cocreation,cios-measured-on-business-model-cocreation,exact,idc-futurescape,
Circuit Knitting,circuit-knitting,exact,ftsg-tech-trends,
Circular Economy,circular-economy,exact,ftsg-tech-trends,
Cislunar Activity,cislunar-activity,exact,ftsg-tech-trends,
CISO remit expansion,ciso-remit-expansion,exact,gartner-strategic-predictions,
Citizen activism and distrust of institutions,citizen-activism-and-distrust-of-institutions,exact,trendwatching,
Citizen Data Science,citizen-data-science,exact,gartner-hype-cycle,
Citizen-led denial of service protest,citizen-led-denial-of-service-protest,exact,gartner-strategic-predictions,
Citizen Surveillance,citizen-surveillance,exact,ftsg-tech-trends,
Citizen Twin,citizen-twin,exact,gartner-hype-cycle,
City-Level Cyber Security,city-level-cyber-security,exact,ftsg-tech-trends,
City-Scale Digital Twins,city-scale-digital-twins,exact,ftsg-tech-trends,
Citywide Metaverses,citywide-metaverses,exact,ftsg-tech-trends,
Claim Enhancements,claim-enhancements,exact,ftsg-tech-trends,
"Clandestine, Disappearing Drones",clandestine-disappearing-drones,exact,ftsg-tech-trends,
Classroom performance dashboards,classroom-performance-dashboards,exact,envisioning-education,
Clean Earth Magnets for Clean Energy,clean-earth-magnets-for-clean-energy,exact,ftsg-tech-trends,
Clean energy,clean-energy,exact,mckinsey-tech-trends,
Clean energy technologies,clean-energy-technologies,exact,mckinsey-tech-trends,
Clean Hydrogen,clean-hydrogen,exact,ftsg-tech-trends,
Cleaner Fuels,cleaner-fuels,exact,ftsg-tech-trends,
Cleaner jet fuel,cleaner-jet-fuel,exact,mit-tr-10-breakthrough,
Cleaning Bots,cleaning-bots,exact,ftsg-tech-trends,
CleanTech and solar PV,cleantech-and-solar-pv,exact,deloitte-tmt-predictions,
Click and collect retail,click-and-collect-retail,exact,deloitte-tmt-predictions,
Climate,climate,exact,ftsg-tech-trends,
climate change,climate-change,normalized,nic-global-trends,
Climate change,climate-change,exact,eurasia-top-risks;wef-global-risks,
Climate change attribution,climate-change-attribution,exact,mit-tr-10-breakthrough,
Climate engineering,climate-engineering,exact,envisioning-technology,
Climate Impact on Insurers,climate-impact-on-insurers,exact,ftsg-tech-trends,
Climate Infiltrates Art and Performance,climate-infiltrates-art-and-performance,exact,ftsg-tech-trends,
Climate Migrants,climate-migrants,exact,ftsg-tech-trends,
Climate Migration,climate-migration,exact,ftsg-tech-trends,
Climate: Net zero meets G-Zero,climate-net-zero-meets-g-zero,exact,eurasia-top-risks,
Climate Politics,climate-politics,exact,ftsg-tech-trends,
Climate-Positive Consumer Experience,climate-positive-consumer-experience,exact,ftsg-tech-trends,
"Climate technologies (CCUS, carbon removal, circularity)",climate-technologies-ccus-carbon-removal-circularity,exact,mckinsey-tech-trends,
Climate technology workforce,climate-technology-workforce,exact,mckinsey-tech-trends,
Cloning and Synthesizing Viruses,cloning-and-synthesizing-viruses,exact,ftsg-tech-trends,
Closed ecological systems,closed-ecological-systems,exact,envisioning-horizons,
Closed Europe,closed-europe,exact,eurasia-top-risks,
Closed-Source Code,closed-source-code,exact,ftsg-tech-trends,
Cloud AI and enterprise AI software,cloud-ai-and-enterprise-ai-software,exact,deloitte-tmt-predictions,
Cloud AI market,cloud-ai-market,exact,mckinsey-tech-trends,
Cloud and edge computing,cloud-and-edge-computing,exact,mckinsey-tech-trends,
Cloud and edge data processing,cloud-and-edge-data-processing,exact,mckinsey-tech-trends,
Cloud architecture modernization,cloud-architecture-modernization,exact,idc-futurescape,
Cloud-based control platforms,cloud-based-control-platforms,exact,idc-futurescape,
Cloud-based Wireless Body Area Networks,cloud-based-wireless-body-area-networks,normalized,ftsg-tech-trends,
Cloud-Based Wireless Body Area Networks,cloud-based-wireless-body-area-networks,exact,ftsg-tech-trends,
Cloud Brightening to Protect Coral Reefs,cloud-brightening-to-protect-coral-reefs,exact,ftsg-tech-trends,
Cloud-centric shift after the pandemic,cloud-centric-shift-after-the-pandemic,exact,idc-futurescape,
Cloud computing,cloud-computing,exact,accenture-tech-vision;deloitte-tech-trends;deloitte-tmt-predictions;envisioning-technology,
Cloud Computing,cloud-computing,normalized,gartner-hype-cycle,
"Cloud computing (SaaS, PaaS)",cloud-computing-saas-paas,exact,accenture-tech-vision,
cloud computing versus desktop software,cloud-computing-versus-desktop-software,exact,pew-elon-imagining,
Cloud cost management (FinOps),cloud-cost-management-finops,exact,deloitte-tmt-predictions,
Cloud Data Ecosystems,cloud-data-ecosystems,exact,gartner-hype-cycle,
Cloud delivery of consulting and SI revenue,cloud-delivery-of-consulting-and-si-revenue,exact,gartner-strategic-predictions,
Cloud Development Environments,cloud-development-environments,exact,gartner-hype-cycle,
Cloud ecosystem for automation,cloud-ecosystem-for-automation,exact,idc-futurescape,
Cloud ecosystem vendor consolidation,cloud-ecosystem-vendor-consolidation,exact,gartner-strategic-predictions,
Cloud gaming,cloud-gaming,exact,ark-big-ideas,
Cloud Injections,cloud-injections,exact,ftsg-tech-trends,
Cloud megaplatform concentration,cloud-megaplatform-concentration,exact,idc-futurescape,
Cloud modernization for AI,cloud-modernization-for-ai,exact,idc-futurescape,
Cloud-Native,cloud-native,exact,gartner-hype-cycle,
Cloud-native apps,cloud-native,judgment,idc-futurescape,Same technology.
Cloud Neutrality,cloud-neutrality,exact,ftsg-tech-trends,
Cloud orchestration (multicloud and hybrid),cloud-orchestration-multicloud-and-hybrid,exact,deloitte-tech-trends,
Cloud-Out to Edge,cloud-out-to-edge,exact,gartner-hype-cycle,
Cloud Programming,cloud-programming,exact,mit-tr-10-breakthrough,
Cloud provider selection,cloud-provider-selection,exact,idc-futurescape,
Cloud Robotics,cloud-robotics,exact,ftsg-tech-trends,
Cloud security failures,cloud-security-failures,exact,gartner-strategic-predictions,
Cloud security testing,cloud-security-testing,exact,gartner-strategic-predictions,
Cloud Seeding,cloud-seeding,exact,ftsg-tech-trends,
Cloud share of IT spending,cloud-share-of-it-spending,exact,idc-futurescape,
Cloud spending,cloud-spending,exact,idc-futurescape,
Cloud Strain From AI Boom,cloud-strain-from-ai-boom,exact,ftsg-tech-trends,
Cloud Streaming,cloud-streaming,exact,mit-tr-10-breakthrough,
Cloud Sustainability,cloud-sustainability,exact,gartner-hype-cycle,
Cloud value,cloud-value,exact,mckinsey-tech-trends,
Cloud/Web Platforms,cloud-web-platforms,exact,gartner-hype-cycle,
Cloud XR Gaming,cloud-xr-gaming,exact,ftsg-tech-trends,
Co-Warehousing,co-warehousing,exact,ftsg-tech-trends,
CO2-Based Industrial Materials,co2-based-industrial-materials,exact,ftsg-tech-trends,
CO2-Based Materials,co2-based-materials,exact,ftsg-tech-trends,
CO2 emissions,co2-emissions,exact,shell-scenarios,
CO2 Storage,co2-storage,exact,ftsg-tech-trends,
coal,coal,exact,shell-scenarios,
Coalition of the unwilling,coalition-of-the-unwilling,exact,eurasia-top-risks,
Cobots,cobots,exact,ftsg-tech-trends,
Cochlear implants widely used,cochlear-implants-widely-used,exact,kurzweil,
Cognitive Active Safety Features,cognitive-active-safety-features,exact,ftsg-tech-trends,
"Cognitive analytics (AI, machine learning, NLP)",cognitive-analytics-ai-machine-learning-nlp,exact,deloitte-tech-trends,
Cognitive and Neural Optimization,cognitive-and-neural-optimization,exact,ftsg-tech-trends,
Cognitive Computing,cognitive-computing,exact,ftsg-tech-trends;gartner-hype-cycle,
cognitive effects of hyperconnectivity on young people,cognitive-effects-of-hyperconnectivity-on-young-people,exact,pew-elon-imagining,
Cognitive Expert Advisors,cognitive-expert-advisors,exact,gartner-hype-cycle,
Cognitive Offloading,cognitive-offloading,exact,gartner-hype-cycle,
Cognitive Radio,cognitive-radio,exact,mit-tr-10-breakthrough,
Cognitive services in apps,cognitive-services-in-apps,exact,idc-futurescape,
Cognitive technologies (AI) in enterprise software,cognitive-technologies-ai-in-enterprise-software,exact,deloitte-tmt-predictions,
Cold War 2.0,cold-war-2-0,exact,eurasia-top-risks,
Collaborative Robotics,collaborative-robotics,exact,ftsg-tech-trends,
Collaborative robots,collaborative-robots,exact,ark-big-ideas,
Collaborative Robots,collaborative-robots,normalized,ftsg-tech-trends,
Collaborative Software,collaborative-software,exact,ftsg-tech-trends,
Collective Intelligence,collective-intelligence,exact,gartner-hype-cycle,
Colombia-FARC peace agreement,colombia-farc-peace-agreement,exact,economist-world-ahead,
Colour-screen handsets,colour-screen-handsets,exact,deloitte-tmt-predictions,
Commercial and Military Space Integration,commercial-and-military-space-integration,exact,ftsg-tech-trends,
Commercial Full-Body Exoskeletons,commercial-full-body-exoskeletons,exact,ftsg-tech-trends,
Commercial Grids,commercial-grids,exact,gartner-hype-cycle,
Commercial nanomachines,commercial-nanomachines,exact,kurzweil,
Commercial Quadrupedal Robots,commercial-quadrupedal-robots,exact,ftsg-tech-trends,
Commercial Space Programs,commercial-space-programs,exact,ftsg-tech-trends,
Commercial space stations,commercial-space-stations,exact,mit-tr-10-breakthrough,
Commercial spaceflight,commercial-spaceflight,exact,deloitte-tmt-predictions;envisioning-technology,
Private spaceflight,commercial-spaceflight,judgment,envisioning-technology,Same industry; the poster's raw revision records the rename.
Commercial UAVs,commercial-uavs,exact,envisioning-technology,
Commercial UAVs (Drones),commercial-uavs,judgment,gartner-hype-cycle,Same technology: commercial unmanned aerial vehicles; the poster's raw revision records the rename.
UAVs,commercial-uavs,judgment,envisioning-technology,Same technology: commercial unmanned aerial vehicles; the poster's raw revision records the rename.
Commitment to Sustainable Sports,commitment-to-sustainable-sports,exact,ftsg-tech-trends,
Commodity shocks,commodity-shocks,exact,wef-global-risks,
Community and local currencies,community-and-local-currencies,exact,trendwatching,
Community Audio,community-audio,exact,ftsg-tech-trends,
Community-based Efforts,community-based-efforts,exact,ftsg-tech-trends,
Community Dashboards,community-dashboards,exact,ftsg-tech-trends,
Community-Developed Content (CDC),community-developed-content-cdc,exact,ftsg-tech-trends,
Community Resilience Interventions,community-resilience-interventions,exact,ftsg-tech-trends,
Companies co-creating with skilled consumers (crowdsourcing),companies-co-creating-with-skilled-consumers-crowdsourcing,exact,trendwatching,
Companies enabled by new model capabilities,companies-enabled-by-new-model-capabilities,exact,a16z-big-ideas,
Companies Manipulating A.I. Systems for Competitive Advantage,companies-manipulating-a-i-systems-for-competitive-advantage,exact,ftsg-tech-trends,
Companies open-sourcing sustainability solutions,companies-open-sourcing-sustainability-solutions,exact,trendwatching,
Companies Sunsetting Implant Support,companies-sunsetting-implant-support,exact,ftsg-tech-trends,
Comparative Interactomics,comparative-interactomics,exact,mit-tr-10-breakthrough,
"Compassionate, cause-linked discounts",compassionate-cause-linked-discounts,exact,trendwatching,
Complementary Work,complementary-work,exact,ftsg-tech-trends,
Complete virtuality,complete-virtuality,exact,kurzweil,
Completing the Human Genome,completing-the-human-genome,exact,ftsg-tech-trends,
Complex Event Processing,complex-event-processing,normalized,gartner-hype-cycle,
Complex-Event Processing,complex-event-processing,exact,gartner-hype-cycle,
Compliance Challenges and Unrealistic Budgets,compliance-challenges-and-unrealistic-budgets,exact,ftsg-tech-trends,
Compliance software,compliance-software,exact,a16z-big-ideas,
Complicated Legal Decisions,complicated-legal-decisions,exact,ftsg-tech-trends,
Composable Applications,composable-applications,exact,gartner-hype-cycle,
Composable business,composable-business,exact,gartner-strategic-predictions,
Composable Enterprise,composable-enterprise,exact,gartner-hype-cycle,
Composable Networks,composable-networks,exact,gartner-hype-cycle,
Composite AI,composite-ai,exact,gartner-hype-cycle,
Composite AI adoption,composite-ai,judgment,idc-futurescape,Same technology.
Comprehensive Carbon Accounting for Businesses,comprehensive-carbon-accounting-for-businesses,exact,ftsg-tech-trends,
Compressed Air Energy Storage,compressed-air-energy-storage,exact,ftsg-tech-trends,
Compressed Air Storage (CAES),compressed-air-storage-caes,exact,ftsg-tech-trends,
Computation everywhere for students,computation-everywhere-for-students,exact,kurzweil,
Computational Biology Advancements,computational-biology-advancements,exact,ftsg-tech-trends,
Computational Journalism,computational-journalism,exact,ftsg-tech-trends,
Computational photography,computational-photography,exact,envisioning-technology,
Computational Photography,computational-photography,normalized,ftsg-tech-trends,
Computational Storage,computational-storage,exact,gartner-hype-cycle,
Computer and communication security is priority,computer-and-communication-security-is-priority,exact,kurzweil,
Computer chess world champion,computer-chess-world-champion,exact,kurzweil,
Computer-Directed Reporting,computer-directed-reporting,exact,ftsg-tech-trends,
Computer displays built into eyeglasses,computer-displays-built-into-eyeglasses,exact,kurzweil,
Computer displays have all the qualities of paper,computer-displays-have-all-the-qualities-of-paper,exact,kurzweil,
Computer-Using Agents,computer-using-agents,exact,ftsg-tech-trends,
Computer vision in the physical world,computer-vision-in-the-physical-world,exact,a16z-big-ideas,
Computerized prosthetics,computerized-prosthetics,exact,kurzweil,
Computers are essential knowledge tools,computers-are-essential-knowledge-tools,exact,kurzweil,
Computers have wireless Internet connectivity,computers-have-wireless-internet-connectivity,exact,kurzweil,
"Computers include video cameras, face recognition",computers-include-video-cameras-face-recognition,exact,kurzweil,
Computers play central role in education,computers-play-central-role-in-education,exact,kurzweil,
Concentrated Solar,concentrated-solar,exact,ftsg-tech-trends,
Concern about machine intelligence,concern-about-machine-intelligence,exact,kurzweil,
Concern Grows Over Genetic Data Ownership,concern-grows-over-genetic-data-ownership,exact,ftsg-tech-trends,
Conditional Money,conditional-money,exact,ftsg-tech-trends,
Confidential Computing,confidential-computing,exact,gartner-hype-cycle,
"Conflicting Norms, Standards and Regulations for Scoring",conflicting-norms-standards-and-regulations-for-scoring,exact,ftsg-tech-trends,
"Conflicting Norms, Standards, and Regulations in Scoring",conflicting-norms-standards-and-regulations-in-scoring,exact,ftsg-tech-trends,
Conflicting Views About Institutional Roles,conflicting-views-about-institutional-roles,exact,ftsg-tech-trends,
Congress,congress,exact,eurasia-top-risks,
Connected Clothing,connected-clothing,exact,ftsg-tech-trends,
Connected Device Security Loopholes,connected-device-security-loopholes,exact,ftsg-tech-trends,
connected devices,connected-devices,exact,envisioning-technology,
Connected devices,connected-devices,normalized,mckinsey-tech-trends,
Connected Fabrics,connected-fabrics,exact,ftsg-tech-trends,
Connected Fabrics and Apparel,connected-fabrics-and-apparel,exact,ftsg-tech-trends,
Connected Home,connected-home,exact,gartner-hype-cycle,
Connected Intelligent Machines,connected-intelligent-machines,exact,ftsg-tech-trends,
Connected objects enabling shared access,connected-objects-enabling-shared-access,exact,trendwatching,
Connected PCs,connected-pcs,exact,ftsg-tech-trends,
Connected products and software updates,connected-products-and-software-updates,exact,accenture-tech-vision,
Connected things requesting support,connected-things-requesting-support,exact,gartner-strategic-predictions,
Connected Toys,connected-toys,exact,ftsg-tech-trends,
Connected TV,connected-tv,exact,deloitte-tmt-predictions,
Connected TV advertising,connected-tv-advertising,exact,ark-big-ideas,
Connected TVs,connected-tvs,exact,ftsg-tech-trends,
Connected Well-being and VR Assisted Therapy,connected-wellbeing-and-vr-assisted-therapy,normalized,ftsg-tech-trends,
Connected Wellbeing and VR Assisted Therapy,connected-wellbeing-and-vr-assisted-therapy,exact,ftsg-tech-trends,
Connectomics,connectomics,exact,mit-tr-10-breakthrough,
Conservative Party leadership challenge,conservative-party-leadership-challenge,exact,economist-world-ahead,
Considering Environmental Impacts of Health Care,considering-environmental-impacts-of-health-care,exact,ftsg-tech-trends,
Considering Health Equity,considering-health-equity,exact,ftsg-tech-trends,
Consolidation,consolidation,exact,ftsg-tech-trends,
Consolidation in AI,consolidation-in-ai,exact,ftsg-tech-trends,
Consolidation in AI’s Ecosystem,consolidation-in-ai-s-ecosystem,exact,ftsg-tech-trends,
Constellation Management,constellation-management,exact,ftsg-tech-trends,
Construction,construction,exact,ftsg-tech-trends,
Consumer 3D Printing,consumer-3d-printing,exact,gartner-hype-cycle,
Consumer AI applications,consumer-ai-applications,exact,a16z-big-ideas,
Consumer AI for social connection,consumer-ai-for-social-connection,exact,a16z-big-ideas,
Consumer AI user experience,consumer-ai-user-experience,exact,a16z-big-ideas,
Consumer Brain-Computer Interface Products,consumer-brain-computer-interface-products,exact,ftsg-tech-trends,
Consumer-centred Internet of Things,consumer-centred-internet-of-things,exact,trendwatching,
Consumer customization of technology with generative AI,consumer-customization-of-technology-with-generative-ai,exact,trendwatching,
Consumer data protection,consumer-data-protection,exact,deloitte-tmt-predictions,
Consumer-designed physical products (digital design to manufacturing),consumer-designed-physical-products-digital-design-to-manufacturing,exact,trendwatching,
Consumer > Device,consumer-device,exact,ftsg-tech-trends,
Consumer device revenue,consumer-device-revenue,exact,deloitte-tmt-predictions,
Consumer Device Targeting,consumer-device-targeting,exact,ftsg-tech-trends,
Consumer electronics energy use,consumer-electronics-energy-use,exact,deloitte-tmt-predictions,
Consumer-facing artificial intelligence,consumer-facing-artificial-intelligence,exact,trendwatching,
Consumer-Facing Robo-Advisers,consumer-facing-robo-advisers,exact,ftsg-tech-trends,
Consumer-Generated Media,consumer-generated-media,exact,gartner-hype-cycle,
Consumer-Grade A.I. Applications,consumer-grade-ai-applications,normalized,ftsg-tech-trends,
Consumer-grade AI Applications,consumer-grade-ai-applications,normalized,ftsg-tech-trends,
Consumer-Grade AI Applications,consumer-grade-ai-applications,exact,ftsg-tech-trends,
"Consumer health technology (biomarkers, wearables, screening)",consumer-health-technology-biomarkers-wearables-screening,exact,a16z-big-ideas,
Consumer healthcare,consumer-healthcare,exact,a16z-big-ideas,
Consumer impact of social media scandals,consumer-impact-of-social-media-scandals,exact,gartner-strategic-predictions,
Consumer IoT Vulnerabilities,consumer-iot-vulnerabilities,exact,ftsg-tech-trends,
Consumer obfuscation of behavior tracking,consumer-obfuscation-of-behavior-tracking,exact,gartner-strategic-predictions,
Consumer participation in brand cause campaigns,consumer-participation-in-brand-cause-campaigns,exact,trendwatching,
"Consumer preventive healthcare (""healthy MAUs"")",consumer-preventive-healthcare-healthy-maus,exact,a16z-big-ideas,
Consumer reviews and price/opinion transparency online,consumer-reviews-and-price-opinion-transparency-online,exact,trendwatching,
Consumer technology demand,consumer-technology-demand,exact,deloitte-tmt-predictions,
Consumer technology identity and personalization,consumer-technology-identity-and-personalization,exact,accenture-tech-vision,
Consumer Telematics,consumer-telematics,exact,gartner-hype-cycle,
Consumer tracking and alert services,consumer-tracking-and-alert-services,exact,trendwatching,
Consumerization,consumerization,exact,gartner-hype-cycle,
Consumerization of IT,consumerization-of-it,exact,deloitte-tmt-predictions,
User empowerment (consumerization of IT),consumerization-of-it,judgment,deloitte-tech-trends,"Deloitte 2012 'User Empowerment' is the consumerization of IT (end users' own devices and apps driving enterprise IT), as Deloitte TMT 2010 predicts. (subject dupes review, d48)"
Consumers as curators and taste-matched recommendation,consumers-as-curators-and-taste-matched-recommendation,exact,trendwatching,
Consumers monetizing their own personal data,consumers-monetizing-their-own-personal-data,exact,trendwatching,
Consumers using their own data,consumers-using-their-own-data,exact,trendwatching,
Consumption no longer defined by demographics,consumption-no-longer-defined-by-demographics,exact,trendwatching,
Contact Lens Displays,contact-lens-displays,exact,ftsg-tech-trends,
Contact Tracing,contact-tracing,exact,ftsg-tech-trends,
Contactless Payments,contactless-payments,exact,ftsg-tech-trends,
Contain-and-control security,contain-and-control-security,exact,idc-futurescape,
Container/API playbook,container-api-playbook,exact,idc-futurescape,
Content Analytics,content-analytics,exact,gartner-hype-cycle,
Content delivery networks,content-delivery-networks,exact,deloitte-tmt-predictions,
Content moderation as CEO priority,content-moderation-as-ceo-priority,exact,gartner-strategic-predictions,
Content Moderation in the Name of National Security,content-moderation-in-the-name-of-national-security,exact,ftsg-tech-trends,
Content Provenance and Permanent Archiving,content-provenance-and-permanent-archiving,exact,ftsg-tech-trends,
Content Verification,content-verification,exact,ftsg-tech-trends,
Content Verification in a Deepfake Era,content-verification-in-a-deepfake-era,exact,ftsg-tech-trends,
Context-aware computing,context-aware-computing,exact,envisioning-horizons;envisioning-technology,
Context-Aware Earwear,context-aware-earwear,exact,ftsg-tech-trends,
Context-aware mobile services,context-aware-mobile-services,exact,gartner-strategic-predictions,
Context-aware service channels,context-aware-service-channels,exact,trendwatching,
Context-aware services,context-aware-services,exact,accenture-tech-vision,
Context Brokering,context-brokering,exact,gartner-hype-cycle,
Context Delivery Architecture,context-delivery-architecture,exact,gartner-hype-cycle,
Context-Enriched Services,context-enriched-services,exact,gartner-hype-cycle,
Continued economic expansion,continued-economic-expansion,exact,kurzweil,
Continued Media Consolidation,continued-media-consolidation,exact,ftsg-tech-trends,
Continuing education for employees,continuing-education-for-employees,exact,kurzweil,
Continuous Additive Manufacturing,continuous-additive-manufacturing,exact,ftsg-tech-trends,
Continuous Factory-In-A-Box,continuous-factory-in-a-box,exact,ftsg-tech-trends,
Continuous innovation capability,continuous-innovation-capability,exact,accenture-tech-vision,
Continuous Learning,continuous-learning,exact,ftsg-tech-trends,
Continuous Partial Attention,continuous-partial-attention,exact,ftsg-tech-trends,
Control systems for ecosystems,control-systems-for-ecosystems,exact,idc-futurescape,
Controlled self-assembly,controlled-self-assembly,exact,envisioning-horizons,
Converged mobile phones,converged-mobile-phones,exact,deloitte-tmt-predictions,
Conversational AI Platform,conversational-ai-platform,exact,gartner-hype-cycle,
Conersation User Interfaces,conversational-user-interfaces,judgment,gartner-hype-cycle,Spelling variant or short form of the same interface class.
Conversational Interfaces,conversational-user-interfaces,judgment,ftsg-tech-trends;mit-tr-10-breakthrough,Spelling variant or short form of the same interface class.
Conversational User Interfaces,conversational-user-interfaces,exact,gartner-hype-cycle,
Converting Carbon Dioxide into Building Materials,converting-carbon-dioxide-into-building-materials,exact,ftsg-tech-trends,
Cooling & Green Infrastructure,cooling-and-green-infrastructure,exact,ftsg-tech-trends,
COP26 Glasgow,cop26-glasgow,exact,economist-world-ahead,
Copyright Law and Fair Use in Synthetic Media,copyright-law-and-fair-use-in-synthetic-media,exact,ftsg-tech-trends,
copyright-protection technology,copyright-protection-technology,exact,pew-elon-imagining,
Cord Cutting,cord-cutting,exact,ftsg-tech-trends,
Core system modernization,core-system-modernization,exact,deloitte-tech-trends,
"Core system modernization (legacy, ERP, cloud migration)",core-system-modernization,judgment,deloitte-tech-trends,"Deloitte's recurring core chapter ('Core renaissance' 2015, 'Reimagining core systems' 2016, 'Core revival' 2021); the parenthesis is a gloss. (subject dupes review, d48)"
Corporate AI Labs,corporate-ai-labs,exact,ftsg-tech-trends,
Corporate applications on personal devices,corporate-applications-on-personal-devices,exact,gartner-strategic-predictions,
Corporate Biometric Spoofing,corporate-biometric-spoofing,exact,ftsg-tech-trends,
Coorperate blogging,corporate-blogging,judgment,gartner-hype-cycle,Spelling variant in the digitized sheet.
Coorperate Blogging,corporate-blogging,judgment,gartner-hype-cycle,Spelling variant in the digitized sheet.
Corporate Blogging,corporate-blogging,exact,gartner-hype-cycle,
Corporate Denial-of-Service (CDoS),corporate-denial-of-service-cdos,exact,ftsg-tech-trends,
Corporate Environmental Responsibility,corporate-environmental-responsibility,exact,ftsg-tech-trends,
Corporate Foreign Policy,corporate-foreign-policy,exact,ftsg-tech-trends,
Corporate Meteorologists,corporate-meteorologists,exact,ftsg-tech-trends,
Corporate microgrids,corporate-microgrids,exact,gartner-strategic-predictions,
Corporate Partnerships,corporate-partnerships,exact,ftsg-tech-trends,
Coorperate Semantic Web,corporate-semantic-web,judgment,gartner-hype-cycle,Spelling variant in the digitized sheet.
Corporate Semantic Web,corporate-semantic-web,exact,gartner-hype-cycle,
Corporate social responsibility,corporate-social-responsibility,exact,gartner-strategic-predictions,
Corporate Social Responsibility and Impact Awareness,corporate-social-responsibility-and-impact-awareness,exact,ftsg-tech-trends,
Corporate transparency,corporate-transparency,exact,trendwatching,
Corporates Adopt Net-Zero Energy,corporates-adopt-net-zero-energy,exact,ftsg-tech-trends,
Corporates losing the culture wars,corporates-losing-the-culture-wars,exact,eurasia-top-risks,
Corruption,corruption,exact,wef-global-risks,
Cost-of-living crisis,cost-of-living-crisis,exact,wef-global-risks,
Cost of Training Models,cost-of-training-models,exact,ftsg-tech-trends,
Counterfeit Chip Detection,counterfeit-chip-detection,exact,ftsg-tech-trends,
Counterfeit reality / deepfakes,counterfeit-reality-deepfakes,exact,gartner-strategic-predictions,
Counterfeit reality / fabricated media,counterfeit-reality-fabricated-media,exact,gartner-strategic-predictions,
Countering AI-generated misinformation,countering-ai-generated-misinformation,exact,trendwatching,
Countering Overstimulation,countering-overstimulation,exact,ftsg-tech-trends,
Counterspace Capabilities,counterspace-capabilities,exact,ftsg-tech-trends,
Countries Creating Digital Decentralized Currencies,countries-creating-digital-decentralized-currencies,exact,ftsg-tech-trends,
Countries Develop National AI Strategies,countries-develop-national-ai-strategies,exact,ftsg-tech-trends,
"Countries try to regulate AI, but plans diverge",countries-try-to-regulate-ai-but-plans-diverge,exact,ftsg-tech-trends,
Country-Level Space Initiatives,country-level-space-initiatives,exact,ftsg-tech-trends,
Cover-line predictions for 1987,cover-line-predictions-for-1987,exact,economist-world-ahead,
COVID-19 Organoids,covid-19-organoids,exact,ftsg-tech-trends,
COVID-19 Sensors,covid-19-sensors,exact,ftsg-tech-trends,
COVID-Related Hacking,covid-related-hacking,exact,ftsg-tech-trends,
Covid variant tracking,covid-variant-tracking,exact,mit-tr-10-breakthrough,
Cracking down on Big Tech,cracking-down-on-big-tech,exact,ftsg-tech-trends,
Cracks in support for Ukraine,cracks-in-support-for-ukraine,exact,eurasia-top-risks,
Crash-Proof Code,crash-proof-code,exact,mit-tr-10-breakthrough,
Creating 3D Models from Flat 2D Images,creating-3d-models-from-flat-2d-images,exact,ftsg-tech-trends,
Creating Specialized Language Models,creating-specialized-language-models,exact,ftsg-tech-trends,
Creating Synthetic Wombs,creating-synthetic-wombs,exact,ftsg-tech-trends,
Creator economy and consumer entrepreneurship,creator-economy-and-consumer-entrepreneurship,exact,trendwatching,
Creator Empowerment,creator-empowerment,exact,ftsg-tech-trends,
Credibility Scoring and Anonymity,credibility-scoring-and-anonymity,exact,ftsg-tech-trends,
Credit card debt on bank balance sheets,credit-card-debt-on-bank-balance-sheets,exact,ark-big-ideas,
Credit card interest income,credit-card-interest-income,exact,ark-big-ideas,
Crewed lunar flyby (Artemis II),crewed-lunar-flyby-artemis-ii,exact,economist-world-ahead,
CRISPR,crispr,exact,ftsg-tech-trends,
CRISPR Animals,crispr-animals,exact,ftsg-tech-trends,
CRISPR-Based Antibiotics,crispr-based-antibiotics,exact,ftsg-tech-trends,
CRISPR Crops,crispr-crops,exact,ftsg-tech-trends,
CRISPR Diagnostics,crispr-diagnostics,exact,ftsg-tech-trends,
CRISPR Edited Crops,crispr-edited-crops,exact,ftsg-tech-trends,
CRISPR for high cholesterol,crispr-for-high-cholesterol,exact,mit-tr-10-breakthrough,
CRISPR in agriculture,crispr-in-agriculture,exact,ark-big-ideas,
CRISPR Modified Livestock,crispr-modified-livestock,exact,ftsg-tech-trends,
CRISPR Mosquitoes,crispr-mosquitoes,exact,ftsg-tech-trends,
CRISPR Opens New Chapter in Animal Research,crispr-opens-new-chapter-in-animal-research,exact,ftsg-tech-trends,
CRISPR Therapies,crispr-therapies,exact,ftsg-tech-trends,
CRISPR Treatment for Diseases,crispr-treatment-for-diseases,exact,ftsg-tech-trends,
Critical change to Earth systems,critical-change-to-earth-systems,exact,wef-global-risks,
Breakdown of critical information infrastructure,critical-information-infrastructure-breakdown,judgment,wef-global-risks,"Same risk, words reordered."
Critical information infrastructure breakdown,critical-information-infrastructure-breakdown,exact,wef-global-risks,
Critical Infrastructure Targets,critical-infrastructure-targets,exact,ftsg-tech-trends,
Critical raw materials,critical-raw-materials,exact,deloitte-tmt-predictions,
Crop sensors,crop-sensors,exact,envisioning-horizons,
Crops,crops,exact,ftsg-tech-trends,
Cross-Chain Interoperability Advancements,cross-chain-interoperability-advancements,exact,ftsg-tech-trends,
Cross-industry offerings,cross-industry-offerings,exact,idc-futurescape,
Cross-Laminated Timber,cross-laminated-timber,exact,ftsg-tech-trends,
Crowded Skies,crowded-skies,exact,ftsg-tech-trends,
Crowdfunding,crowdfunding,exact,deloitte-tmt-predictions;mit-tr-10-breakthrough,
"Crowdfunding, pre-ordering and consumer equity",crowdfunding-pre-ordering-and-consumer-equity,exact,trendwatching,
Crowdlearning,crowdlearning,exact,ftsg-tech-trends,
Crowdsleuthing,crowdsleuthing,exact,ftsg-tech-trends,
Crowdsourced innovation in consumer goods,crowdsourced-innovation-in-consumer-goods,exact,gartner-strategic-predictions,
Crowdsourcing,crowdsourcing,exact,accenture-tech-vision;gartner-hype-cycle,
Crowdsourcing revenue boost,crowdsourcing-revenue-boost,exact,gartner-strategic-predictions,
Crowdsourcing that rewards the best contributors,crowdsourcing-that-rewards-the-best-contributors,exact,trendwatching,
Crypto-Agility,crypto-agility,exact,gartner-hype-cycle,
Crypto app stores and discovery,crypto-app-stores-and-discovery,exact,a16z-big-ideas,
Crypto company business models beyond trading,crypto-company-business-models-beyond-trading,exact,a16z-big-ideas,
Crypto Goes Green,crypto-goes-green,exact,ftsg-tech-trends,
Crypto Mining Fuels Green Energy,crypto-mining-fuels-green-energy,exact,ftsg-tech-trends,
Crypto-Mining Malware,crypto-mining-malware,exact,ftsg-tech-trends,
Crypto-native asset origination and stablecoins,crypto-native-asset-origination-and-stablecoins,exact,a16z-big-ideas,
Crypto Trading Bots,crypto-trading-bots,exact,ftsg-tech-trends,
"Crypto user experience (passkeys, smart accounts, embedded wallets)",crypto-user-experience-passkeys-smart-accounts-embedded-wallets,exact,a16z-big-ideas,
Crypto verification of AI-generated games,crypto-verification-of-ai-generated-games,exact,a16z-big-ideas,
Crypto wallets for AI agents,crypto-wallets-for-ai-agents,exact,a16z-big-ideas,
Cryptoasset market value,cryptoasset-market-value,exact,ark-big-ideas,
Cryptocurrencies,cryptocurrencies,exact,ftsg-tech-trends;gartner-hype-cycle,
Cryptocurrency Exchange,cryptocurrency-exchange,exact,gartner-hype-cycle,
Cryptographic Certainty in Digital Transactions,cryptographic-certainty-in-digital-transactions,exact,ftsg-tech-trends,
Cuba,cuba,exact,nic-global-trends,
Cultivated Collagen,cultivated-collagen,exact,ftsg-tech-trends,
Cultivated Food and Beverage,cultivated-food-and-beverage,exact,ftsg-tech-trends,
Cultivated (lab-grown) meat,cultivated-meat,judgment,trendwatching,"Cultivated meat and lab-grown meat are the same product (trendwatching 2021 'LAB TO TABLE', McKinsey 2023). (subject dupes review, d48)"
Cultivated meat,cultivated-meat,exact,mckinsey-tech-trends,
Cultured Meat,cultured-meat,exact,ftsg-tech-trends,
Cultured Proteins,cultured-proteins,exact,ftsg-tech-trends,
Curated Tasting,curated-tasting,exact,ftsg-tech-trends,
Custom AI Chips,custom-ai-chips,exact,ftsg-tech-trends,
Custom assistant personalities,custom-assistant-personalities,exact,kurzweil,
Custom cancer vaccines,custom-cancer-vaccines,exact,mit-tr-10-breakthrough,
Custom Cells,custom-cells,exact,ftsg-tech-trends,
Custom Tissue Banks Will Drive Personalized Medicine,custom-tissue-banks-will-drive-personalized-medicine,exact,ftsg-tech-trends,
Customer- and ecosystem-facing IT services,customer-and-ecosystem-facing-it-services,exact,idc-futurescape,
Customer and Personnel Recognition Systems,customer-and-personnel-recognition-systems,exact,ftsg-tech-trends,
Customer behavior intelligence,customer-behavior-intelligence,exact,idc-futurescape,
Customer-created experience journeys,customer-created-experience-journeys,exact,idc-futurescape,
Customer digital assistants with face and voice recognition,customer-digital-assistants-with-face-and-voice-recognition,exact,gartner-strategic-predictions,
Customer experience investment,customer-experience-investment,exact,gartner-strategic-predictions,
Customer-facing service robots,customer-facing-service-robots,exact,trendwatching,
Customized Machine Learning,customized-machine-learning,exact,ftsg-tech-trends,
Customized Portfolios,customized-portfolios,exact,ftsg-tech-trends,
Cyber attacks,cyber-attacks,exact,wef-global-risks,
Cyberattacks,cyber-attacks,judgment,wef-global-risks,"WEF's own GRR 2020 retrospective figure relabels the 2012 entry ""Cyber attacks"" as ""Cyberattacks""."
Cyber espionage and warfare,cyber-espionage-and-warfare,exact,wef-global-risks,
Cyber gloves off,cyber-gloves-off,exact,eurasia-top-risks,
Cyber Homicide,cyber-homicide,exact,ftsg-tech-trends,
Cyber insecurity,cyber-insecurity,exact,wef-global-risks,
Cyber Mission Forces in the Field,cyber-mission-forces-in-the-field,exact,ftsg-tech-trends,
Cyber-recovery and high availability,cyber-recovery-and-high-availability,exact,idc-futurescape,
Cyber Risk Insurance,cyber-risk-insurance,exact,ftsg-tech-trends,
Cyber tipping point,cyber-tipping-point,exact,eurasia-top-risks,
Cyber-warfare,cyber-warfare,exact,envisioning-technology,
Cyber Warfare in Space,cyber-warfare-in-space,exact,ftsg-tech-trends,
Cyberattack leading to physical retaliation,cyberattack-leading-to-physical-retaliation,exact,gartner-strategic-predictions,
Cyberattacks on software flaws,cyberattacks-on-software-flaws,exact,gartner-strategic-predictions,
Cyberbiosecurity,cyberbiosecurity,exact,ftsg-tech-trends,
Cyberbullying affidavits,cyberbullying-affidavits,exact,gartner-strategic-predictions,
Cybercrime costs,cybercrime-costs,exact,mckinsey-tech-trends,
Cybernetic artists affiliated with humans,cybernetic-artists-affiliated-with-humans,exact,kurzweil,
Cybernetic Teammate,cybernetic-teammate,exact,gartner-hype-cycle,
Cybersecurity,cybersecurity,exact,deloitte-tech-trends,
Cybersecurity (physical-cyber threats),cybersecurity,judgment,deloitte-tech-trends,"Deloitte's 'Cyber security' exponential (2015) continues its 2014 'Cybersecurity' exponential already on this subject; 'physical-cyber threats' is the year's angle. (subject dupes review, d48)"
Cybersecurity and geopolitics,cybersecurity-and-geopolitics,exact,eurasia-top-risks,
Cybersecurity (breach is inevitable),cybersecurity-breach-is-inevitable,judgment,deloitte-tech-trends,"D53: Deloitte's cyber chapter recurs with a new thesis (a field). 2013 'No Such Thing as Hacker-proof': every organisation has been or will be breached. Not the claim of 2011 (cyber intelligence) or the 2014 exponential (boilerplate, kept on cybersecurity with its 2015 continuation). Related to cybersecurity."
Cybersecurity (cyber intelligence),cybersecurity-cyber-intelligence,judgment,deloitte-tech-trends,"D53: Deloitte's cyber chapter recurs with a new thesis (a field). 2011 'Cyber Intelligence': protecting information assets demands a full-spectrum, intelligence-led cyber approach. Not the claim of 2010 (business discipline) or 2013 (breach is inevitable). Related to cybersecurity."
Cybersecurity failure,cybersecurity-failure,exact,wef-global-risks,
Cybersecurity Mesh Architecture,cybersecurity-mesh-architecture,exact,gartner-hype-cycle,
Cybersecurity (priority business discipline),cybersecurity-priority-business-discipline,judgment,deloitte-tech-trends,D53: Deloitte's cyber chapter recurs with a new thesis (a field). 2010 'Cyber-security': security moves from background technology to a priority business discipline. Not the claim of 2011 (cyber intelligence) or 2013 (breach is inevitable). Related to cybersecurity.
Cybersickness,cybersickness,exact,ftsg-tech-trends,
Cyberthreats,cyberthreats,exact,ftsg-tech-trends,
Cycling and e-bikes,cycling-and-e-bikes,exact,deloitte-tmt-predictions,
DANN Logic,dann-logic,exact,gartner-hype-cycle,
Dark Genome Exploration Unlocks Hidden Functions,dark-genome-exploration-unlocks-hidden-functions,exact,ftsg-tech-trends,
Dark Net,dark-net,exact,ftsg-tech-trends,
Darknets,dark-net,normalized,ftsg-tech-trends,
"DARQ technologies (distributed ledger, AI, extended reality, quantum computing)",darq-technologies-distributed-ledger-ai-extended-reality-quantum-computing,exact,accenture-tech-vision,
Data,data,exact,ftsg-tech-trends,
Data-as-a-Problem,data-as-a-problem,exact,ftsg-tech-trends,
Data-as-a-product architectures,data-as-a-product-architectures,exact,idc-futurescape,
Data as a service revenue,data-as-a-service-revenue,exact,idc-futurescape,
Data Broker PaaS (dbrPaaS),data-broker-paas-dbrpaas,exact,gartner-hype-cycle,
Data center capacity demand,data-center-capacity-demand,exact,mckinsey-tech-trends,
Data Center Cities,data-center-cities,exact,ftsg-tech-trends,
Data center electricity use,data-center-electricity-use,exact,deloitte-tmt-predictions,
Data center energy efficiency,data-center-energy-efficiency,exact,deloitte-tmt-predictions,
Data center power and cooling,data-center-power-and-cooling,exact,gartner-strategic-predictions,
Data clean rooms and exchanges,data-clean-rooms-and-exchanges,exact,idc-futurescape,
Data Collection Enables,data-collection-enables,exact,ftsg-tech-trends,
Data collection in critical industries,data-collection-in-critical-industries,exact,a16z-big-ideas,
Data controls and valuation,data-controls-and-valuation,exact,idc-futurescape,
Data-driven diagnostics,data-driven-diagnostics,exact,envisioning-health,
Data-driven patient communities,data-driven-patient-communities,exact,envisioning-health,
Data-enriched Broadcasting,data-enriched-broadcasting,exact,ftsg-tech-trends,
Data-Enriched Broadcasting,data-enriched-broadcasting,normalized,ftsg-tech-trends,
Data Fabric,data-fabric,exact,gartner-hype-cycle,
Data fraud or theft,data-fraud-or-theft,exact,wef-global-risks,
Data Governance and Retention Policies,data-governance-and-retention-policies,exact,ftsg-tech-trends,
Data governance restructuring,data-governance-restructuring,exact,idc-futurescape,
Data integrity and provenance,data-integrity-and-provenance,exact,accenture-tech-vision,
Data Lakes Offer Insights,data-lakes-offer-insights,exact,ftsg-tech-trends,
Data leakage risk,data-leakage-risk,exact,deloitte-tmt-predictions,
Data Localization,data-localization,exact,ftsg-tech-trends,
Data management for machine learning,data-management-for-machine-learning,exact,deloitte-tech-trends,
Data Manipulation Becomes the Greater Threat,data-manipulation-becomes-the-greater-threat,exact,ftsg-tech-trends,
Data Minimization,data-minimization,exact,ftsg-tech-trends,
Data Mining,data-mining,exact,gartner-hype-cycle;mit-tr-10-breakthrough,
Database Mining,data-mining,judgment,gartner-hype-cycle,Same practice; earlier label.
Data Observability,data-observability,exact,gartner-hype-cycle,
Data Ownership,data-ownership,exact,ftsg-tech-trends,
Data platforms,data-platforms,exact,accenture-tech-vision,
Data Platforms,data-platforms,normalized,ftsg-tech-trends,
Data Poisoning: A Double-Edged Sword,data-poisoning-a-double-edged-sword,exact,ftsg-tech-trends,
Data privacy,data-privacy,exact,accenture-tech-vision,
Data Privacy and Minimum Required Information,data-privacy-and-minimum-required-information,exact,ftsg-tech-trends,
Data Privacy Enforcement Returns,data-privacy-enforcement-returns,exact,ftsg-tech-trends,
Data projectors,data-projectors,exact,envisioning-education,
Data Retention,data-retention,exact,ftsg-tech-trends,
Data Retention Policies,data-retention-policies,exact,ftsg-tech-trends,
Data Science,data-science,exact,gartner-hype-cycle,
Data services,data-services,exact,accenture-tech-vision,
Data sharing and privacy-preserving computation,data-sharing-and-privacy-preserving-computation,exact,deloitte-tech-trends,
Data Theft Becomes Data Manipulation,data-theft-becomes-data-manipulation,exact,ftsg-tech-trends,
Data transformation and governance,data-transformation-and-governance,exact,idc-futurescape,
Data transparency and sharing,data-transparency-and-sharing,exact,accenture-tech-vision,
Data trusts,data-trusts,exact,mit-tr-10-breakthrough,
Data visualization,data-visualization,exact,deloitte-tech-trends,
Data visualization and analytics,data-visualization-and-analytics,exact,deloitte-tech-trends,
Datamining Crowds,datamining-crowds,exact,ftsg-tech-trends,
Dateline: Metaverse,dateline-metaverse,exact,ftsg-tech-trends,
DDoS attacks,ddos-attacks,exact,deloitte-tmt-predictions,
DDoS Attacks on the Rise,ddos-attacks-on-the-rise,exact,ftsg-tech-trends,
DDoS Attacks Will Increase,ddos-attacks-will-increase,exact,ftsg-tech-trends,
De-Extincting Animals,de-extincting-animals,exact,ftsg-tech-trends,
De-Extincting Lost Species,de-extincting-lost-species,exact,ftsg-tech-trends,
Deal hunting as status,deal-hunting-as-status,exact,trendwatching,
Debt crises,debt-crises,exact,wef-global-risks,
Decarbonizing Flight,decarbonizing-flight,exact,ftsg-tech-trends,
Decarbonizing Mobility,decarbonizing-mobility,exact,ftsg-tech-trends,
Decentralized AI,decentralized-ai,exact,ftsg-tech-trends,
Decentralized AI Alignment,decentralized-ai-alignment,exact,ftsg-tech-trends,
Decentralized autonomous AI chatbots,decentralized-autonomous-ai-chatbots,exact,a16z-big-ideas,
Decentralized Autonomous Organization,decentralized-autonomous-organization,exact,gartner-hype-cycle,
Decentralized Cloud Computing Services,decentralized-cloud-computing-services,exact,ftsg-tech-trends,
Decentralized Content Platforms,decentralized-content-platforms,exact,ftsg-tech-trends,
Decentralized Creative Collaborative,decentralized-creative-collaborative,exact,ftsg-tech-trends,
Decentralized Curation,decentralized-curation,exact,ftsg-tech-trends,
Decentralized energy on blockchains,decentralized-energy-on-blockchains,exact,a16z-big-ideas,
Decentralized Exchanges and Automated Market Makers,decentralized-exchanges-and-automated-market-makers,exact,ftsg-tech-trends,
"Decentralized, fairer Web3",decentralized-fairer-web3,exact,trendwatching,
Decentralized Finance,decentralized-finance,exact,gartner-hype-cycle,
Decentralized governance (DAOs),decentralized-governance-daos,exact,a16z-big-ideas,
Decentralized Hacktivists,decentralized-hacktivists,exact,ftsg-tech-trends,
Decentralized Identity,decentralized-identity,exact,gartner-hype-cycle,
Decentralized identity and social media,decentralized-identity-and-social-media,exact,gartner-strategic-predictions,
Decentralized Physical Infrastructure Networks (DePIN),decentralized-physical-infrastructure-networks-depin,exact,ftsg-tech-trends,
Decentralized quantum-resistant messaging,decentralized-quantum-resistant-messaging,exact,a16z-big-ideas,
Decentralized Science (DeSci) Platforms,decentralized-science-desci-platforms,exact,ftsg-tech-trends,
Decentralized Web,decentralized-web,exact,gartner-hype-cycle,
Decentralizing Venture Funding,decentralizing-venture-funding,exact,ftsg-tech-trends,
Decision Intelligence,decision-intelligence,exact,gartner-hype-cycle,
Decisions involve machine intelligence,decisions-involve-machine-intelligence,exact,kurzweil,
Decisions to Allow or Prevent Germline Editing,decisions-to-allow-or-prevent-germline-editing,exact,ftsg-tech-trends,
Decryption keys made available to authorities,decryption-keys-made-available-to-authorities,exact,kurzweil,
Deep Behaviors and Predictive Machine Vision,deep-behaviors-and-predictive-machine-vision,exact,ftsg-tech-trends,
Deep learning,deep-learning,normalized,ark-big-ideas,
Deep Learning,deep-learning,exact,ark-big-ideas;ftsg-tech-trends;gartner-hype-cycle;mit-tr-10-breakthrough,
Deep Neural Nets,deep-learning,judgment,gartner-hype-cycle,Deep neural networks are the technique that 'deep learning' names.
Deep Learning Applied to Medical Imaging,deep-learning-applied-to-medical-imaging,exact,ftsg-tech-trends,
Deep Learning For Farming and Food Recognition,deep-learning-for-farming-and-food-recognition,exact,ftsg-tech-trends,
Deep Learning for Food Recognition,deep-learning-for-food-recognition,exact,ftsg-tech-trends,
Deep Learning For Food Recognition,deep-learning-for-food-recognition,exact,ftsg-tech-trends,
Deep Learning Scales,deep-learning-scales,exact,ftsg-tech-trends,
Deep Linking,deep-linking,exact,ftsg-tech-trends,
Deep Linking Everywhere,deep-linking-everywhere,exact,ftsg-tech-trends,
Deep Neural Network ASICs,deep-neural-network-asics,exact,gartner-hype-cycle,
Deep neural network speech recognition,deep-neural-network-speech-recognition,exact,gartner-strategic-predictions,
Deep Neural Networks,deep-neural-networks,exact,ftsg-tech-trends,
Deep Reinforcement Learning,deep-reinforcement-learning,exact,gartner-hype-cycle,
Deepening International Ties,deepening-international-ties,exact,ftsg-tech-trends,
Deepfake detection,deepfake-detection,exact,deloitte-tmt-predictions,
Deepfake Detection,deepfake-detection,normalized,ftsg-tech-trends,
Deepfake Detectors,deepfake-detectors,exact,ftsg-tech-trends,
Deepfake Regulation and Synthetic Media Literacy,deepfake-regulation-and-synthetic-media-literacy,exact,ftsg-tech-trends,
Deepfakes and synthetic media defense,deepfakes-and-synthetic-media-defense,exact,deloitte-tech-trends,
Deepfakes for Fun,deepfakes-for-fun,exact,ftsg-tech-trends,
Deepfaking Trust,deepfaking-trust,exact,ftsg-tech-trends,
Default sustainability built into products and processes,default-sustainability-built-into-products-and-processes,exact,trendwatching,
DeFi AI Hybrids (DeFAI),defi-ai-hybrids-defai,exact,ftsg-tech-trends,
DeFi Protocols Network Effects,defi-protocols-network-effects,exact,ftsg-tech-trends,
Defining Online Harassment,defining-online-harassment,exact,ftsg-tech-trends,
Defining Parenthood,defining-parenthood,exact,ftsg-tech-trends,
Defining Patient Access to Medical Data,defining-patient-access-to-medical-data,exact,ftsg-tech-trends,
Defining What Constitutes Online Harassment,defining-what-constitutes-online-harassment,exact,ftsg-tech-trends,
Deflation as a positive development,deflation-as-a-positive-development,exact,kurzweil,
Deliberately unstable business processes,deliberately-unstable-business-processes,exact,gartner-strategic-predictions,
Delivery Tracking and Security,delivery-tracking-and-security,exact,ftsg-tech-trends,
Demand for AI-related Skills Increases Across Sectors,demand-for-ai-related-skills-increases-across-sectors,exact,ftsg-tech-trends,
Demand for AI Talent Growing,demand-for-ai-talent-growing,exact,ftsg-tech-trends,
Demand for AI Talent Growing Fast,demand-for-ai-talent-growing-fast,exact,ftsg-tech-trends,
Demand for Battery-Supported Transportation,demand-for-battery-supported-transportation,exact,ftsg-tech-trends,
Demand For Electricity,demand-for-electricity,exact,ftsg-tech-trends,
Demands for Accountability and Trust,demands-for-accountability-and-trust,exact,ftsg-tech-trends,
democracy,democracy,exact,nic-global-trends,
Democratizing Creativity,democratizing-creativity,exact,ftsg-tech-trends,
Deorbiting Debris,deorbiting-debris,exact,ftsg-tech-trends,
Deployable AI Versions of You,deployable-ai-versions-of-you,exact,ftsg-tech-trends,
Depth imaging,depth-imaging,exact,envisioning-technology,
Depth of Field Recognition,depth-of-field-recognition,exact,ftsg-tech-trends,
Desalination,desalination,exact,deloitte-tmt-predictions;envisioning-technology;ftsg-tech-trends,
Design and user experience in the enterprise,design-and-user-experience-in-the-enterprise,exact,deloitte-tech-trends,
Designer Cells,designer-cells,exact,ftsg-tech-trends,
Designer phones,designer-phones,exact,deloitte-tmt-predictions,
Designing and Extending Life,designing-and-extending-life,exact,ftsg-tech-trends,
Desk phone abandonment,desk-phone-abandonment,exact,gartner-strategic-predictions,
Desk-sized screens,desk-sized-screens,exact,envisioning-education,
Desktop Computer-Telephony Integration,desktop-computer-telephony-integration,exact,gartner-hype-cycle,
Desktop Search,desktop-search,exact,gartner-hype-cycle,
Desktop Videoconferencing,desktop-videoconferencing,exact,gartner-hype-cycle,
Destination Sporting Events,destination-sporting-events,exact,ftsg-tech-trends,
Detecting Authentic Activity,detecting-authentic-activity,exact,ftsg-tech-trends,
Detecting Emotion,detecting-emotion,exact,ftsg-tech-trends,
Developer experience (DevEx),developer-experience-devex,exact,deloitte-tech-trends,
Developer PC processor architecture,developer-pc-processor-architecture,exact,ark-big-ideas,
Developer Tools and Application Building Blocks,developer-tools-and-application-building-blocks,exact,ftsg-tech-trends,
Developers as buyers of financial infrastructure,developers-as-buyers-of-financial-infrastructure,exact,a16z-big-ideas,
developing economies,developing-economies,exact,shell-scenarios,
Developing New Legal Frameworks,developing-new-legal-frameworks,exact,ftsg-tech-trends,
Developing Next-Generation Cyber Tools,developing-next-generation-cyber-tools,exact,ftsg-tech-trends,
Developing Practical Tools for Language Models,developing-practical-tools-for-language-models,exact,ftsg-tech-trends,
Developing Space Habitats,developing-space-habitats,exact,ftsg-tech-trends,
Device convergence,device-convergence,exact,gartner-strategic-predictions,
Device subsidies and bundling,device-subsidies-and-bundling,exact,deloitte-tmt-predictions,
DevOps,devops,exact,deloitte-tech-trends;idc-futurescape,
DevSecOps,devsecops,exact,deloitte-tech-trends,
DEXes and AMMs,dexes-and-amms,exact,ftsg-tech-trends,
Diagnostic Beds,diagnostic-beds,exact,ftsg-tech-trends,
Diagnostics Without Tests,diagnostics-without-tests,exact,ftsg-tech-trends,
Diamonds,diamonds,exact,ftsg-tech-trends,
Differential privacy,differential-privacy,normalized,mit-tr-10-breakthrough,
Differential Privacy,differential-privacy,exact,ftsg-tech-trends;gartner-hype-cycle,
Diffusion of weapons of mass destruction,diffusion-of-weapons-of-mass-destruction,exact,wef-global-risks,
weapons of mass destruction,diffusion-of-weapons-of-mass-destruction,judgment,nic-global-trends,"NIC's 'weapons of mass destruction' differs from WEF's 'Weapons of mass destruction' (already on this subject) only by case; NIC's claims are about WMD use and proliferation, as WEF's risk is. (subject dupes review, d48)"
Weapons of mass destruction,diffusion-of-weapons-of-mass-destruction,judgment,wef-global-risks,"WEF's own GRR 2020 retrospective figure relabels the 2013 entry ""Diffusion of weapons of mass destruction"" as ""Weapons of mass destruction""."
Diffusion Tensor Imaging,diffusion-tensor-imaging,exact,mit-tr-10-breakthrough,
Digital Addiction,digital-addiction,exact,ftsg-tech-trends,
Digital addiction policies,digital-addiction-policies,exact,gartner-strategic-predictions,
Digital advertising,digital-advertising,exact,ark-big-ideas,
Digital agenda priorities,digital-agenda-priorities,exact,idc-futurescape,
Digital and AI skills tools,digital-and-ai-skills-tools,exact,idc-futurescape,
Digital Associates,digital-associates,exact,ftsg-tech-trends,
Digital Autonomous Organizations (DAOs),digital-autonomous-organizations-daos,exact,ftsg-tech-trends,
Digital Beauty,digital-beauty,exact,ftsg-tech-trends,
Digital Border Clashes,digital-border-clashes,exact,ftsg-tech-trends,
Digital business workforce,digital-business-workforce,exact,gartner-strategic-predictions,
Digital Caliphate,digital-caliphate,exact,ftsg-tech-trends,
Digital Celebrities,digital-celebrities,exact,ftsg-tech-trends,
Digital charisma filters,digital-charisma-filters,exact,gartner-strategic-predictions,
Digital Citizenship,digital-citizenship,exact,ftsg-tech-trends,
Digital Consent,digital-consent,exact,ftsg-tech-trends,
Digital Consumer,digital-consumer,exact,ark-big-ideas,
Digital Consumers,digital-consumer,normalized,ark-big-ideas,
Digital consumer revenue,digital-consumer-revenue,exact,ark-big-ideas,
Digital contact tracing,digital-contact-tracing,exact,mit-tr-10-breakthrough,
Digital Content Provenance and Authentication,digital-content-provenance-and-authentication,exact,ftsg-tech-trends,
"Digital core systems (finance, supply chain)",digital-core-systems-finance-supply-chain,exact,deloitte-tech-trends,
Digital Credit and Currencies,digital-credit-and-currencies,exact,ftsg-tech-trends,
Digital currencies,digital-currencies,exact,envisioning-horizons,
Digital customer relationships,digital-customer-relationships,exact,accenture-tech-vision,
Digital data growth,digital-data-growth,exact,deloitte-tmt-predictions,
Digital Dexterity,digital-dexterity,exact,gartner-hype-cycle,
Digital divide,digital-divide,exact,deloitte-tmt-predictions,
Digital Dividends,digital-dividends,exact,ftsg-tech-trends,
Digital Dividends to Fund Universal Basic Income Plans,digital-dividends-to-fund-universal-basic-income-plans,exact,ftsg-tech-trends,
Digital download management,digital-download-management,exact,kurzweil,
Digital Eavesdropping Rights,digital-eavesdropping-rights,exact,ftsg-tech-trends,
Digital ecosystems,digital-ecosystems,exact,accenture-tech-vision,
Digital Emissions,digital-emissions,exact,ftsg-tech-trends,
Digital engagement (content and context),digital-engagement-content-and-context,exact,deloitte-tech-trends,
Digital Evolution: AI Spontaneously Self-Replicates,digital-evolution-ai-spontaneously-self-replicates,exact,ftsg-tech-trends,
Digital extensions of consumer products,digital-extensions-of-consumer-products,exact,gartner-strategic-predictions,
Digital Fashion,digital-fashion,exact,ftsg-tech-trends,
Digital fashion in virtual worlds,digital-fashion-in-virtual-worlds,exact,a16z-big-ideas,
Digital Fitness and Health Tech,digital-fitness-and-health-tech,exact,ftsg-tech-trends,
Digital Fitness and Training,digital-fitness-and-training,exact,ftsg-tech-trends,
Digital format obsolescence,digital-format-obsolescence,exact,deloitte-tmt-predictions,
Digital Frailty,digital-frailty,exact,ftsg-tech-trends,
Digital front door,digital-front-door,exact,idc-futurescape,
Digital giant gatekeepers,digital-giant-gatekeepers,exact,gartner-strategic-predictions,
Digital giant self-disruption,digital-giant-self-disruption,exact,gartner-strategic-predictions,
Digital giants in daily life,digital-giants-in-daily-life,exact,gartner-strategic-predictions,
Digital governance models,digital-governance-models,exact,idc-futurescape,
Digital Humans,digital-humans,exact,gartner-hype-cycle,
Digital identity,digital-identity,exact,accenture-tech-vision,
Digital Identity,digital-identity,normalized,ftsg-tech-trends,
Digital identity and cybercrime,digital-identity-and-cybercrime,exact,deloitte-tmt-predictions,
Digital identity economic value,digital-identity-economic-value,exact,mckinsey-tech-trends,
Digital identity management,digital-identity-management,exact,deloitte-tech-trends,
Digital Identity Programs,digital-identity-programs,exact,ftsg-tech-trends,
"Digital Imaging, Reimagined",digital-imaging-reimagined,exact,mit-tr-10-breakthrough,
Digital Immune System,digital-immune-system,exact,gartner-hype-cycle,
Digital inclusion and internet access,digital-inclusion-and-internet-access,exact,trendwatching,
Digital industry platforms,digital-industry-platforms,exact,accenture-tech-vision,
Digital inequality,digital-inequality,exact,wef-global-risks,
Digital Ink,digital-ink,exact,gartner-hype-cycle,
Digital leisure,digital-leisure,exact,ark-big-ideas,
digital life and well-being,digital-life-and-well-being,exact,pew-elon-imagining,
Digital litigation,digital-litigation,exact,deloitte-tmt-predictions,
Digital Makeup,digital-makeup,exact,ftsg-tech-trends,
Digital marketing technology,digital-marketing-technology,exact,deloitte-tech-trends,
Digital media and software,digital-media-and-software,exact,kurzweil,
Digital media production,digital-media-production,exact,deloitte-tmt-predictions,
Digital media subscriptions,digital-media-subscriptions,exact,deloitte-tmt-predictions,
Digital money,digital-money,exact,mit-tr-10-breakthrough,
Digital music revenue,digital-music-revenue,exact,deloitte-tmt-predictions,
Digital music sales,digital-music-sales,exact,deloitte-tmt-predictions,
Digital objectives shortfall,digital-objectives-shortfall,exact,idc-futurescape,
Digital objects on personal servers,digital-objects-on-personal-servers,exact,kurzweil,
"Digital objects on wireless, high-bandwidth web",digital-objects-on-wireless-high-bandwidth-web,exact,kurzweil,
Digital Passports and Smart Contracts,digital-passports-and-smart-contracts,exact,ftsg-tech-trends,
Digital Platform Conductor Tools,digital-platform-conductor-tools,exact,gartner-hype-cycle,
Digital power concentration,digital-power-concentration,exact,wef-global-risks,
digital public sphere,digital-public-sphere,exact,pew-elon-imagining,
Digital radio and podcasting,digital-radio-and-podcasting,exact,deloitte-tmt-predictions,
Digital Real Estate and the New “Neighborhood”,digital-real-estate-and-the-new-neighborhood,exact,ftsg-tech-trends,
"Digital reality (AR, VR, mixed reality)",digital-reality-ar-vr-mixed-reality,exact,deloitte-tech-trends,
Digital Redlining,digital-redlining,exact,ftsg-tech-trends,
Digital resiliency,digital-resiliency,exact,idc-futurescape,
Digital revenue goals,digital-revenue-goals,exact,idc-futurescape,
Digital Rights Management,digital-rights-management,exact,mit-tr-10-breakthrough,
Digital Security,digital-security,exact,gartner-hype-cycle,
Digital Self-Incrimination,digital-self-incrimination,exact,ftsg-tech-trends,
Digital Signatures,digital-signatures,exact,gartner-hype-cycle,
Digital sovereignty,digital-sovereignty,exact,idc-futurescape,
Digital Spaces,digital-spaces,exact,ftsg-tech-trends,
Digital storage costs,digital-storage-costs,exact,deloitte-tmt-predictions,
Digital supply chains,digital-supply-chains,exact,deloitte-tech-trends,
Digital sustainability teams,digital-sustainability-teams,exact,idc-futurescape,
Digital terrestrial television,digital-terrestrial-television,exact,deloitte-tmt-predictions,
Digital Threat Modeling,digital-threat-modeling,exact,ftsg-tech-trends,
Digital transformation in corporate strategy,digital-transformation-in-corporate-strategy,exact,idc-futurescape,
Digital Transformation in Health Care,digital-transformation-in-health-care,exact,ftsg-tech-trends,
Digital transformation overruns,digital-transformation-overruns,exact,gartner-strategic-predictions,
Digital transformation platform strategy,digital-transformation-platform-strategy,exact,idc-futurescape,
Digital transformation portfolio management,digital-transformation-portfolio-management,exact,gartner-strategic-predictions,
Digital transformation scaling failures,digital-transformation-scaling-failures,exact,idc-futurescape,
Digital transformation share of ICT spending,digital-transformation-share-of-ict-spending,exact,idc-futurescape,
Digital trust and cybersecurity,digital-trust-and-cybersecurity,exact,mckinsey-tech-trends,
Digital trust and digital identity,digital-trust-and-digital-identity,exact,mckinsey-tech-trends,
Digital trust framework,digital-trust-framework,exact,idc-futurescape,
"Digital trust, security and data ethics",digital-trust-security-and-data-ethics,exact,accenture-tech-vision,
Digital-trust services spending,digital-trust-services-spending,exact,mckinsey-tech-trends,
Digital Twin,digital-twin,exact,gartner-hype-cycle,
Digital twins,digital-twin,normalized,accenture-tech-vision;deloitte-tech-trends,
Digital Twins,digital-twin,normalized,ftsg-tech-trends,
Digital Twin of a Customer,digital-twin-of-a-customer,exact,gartner-hype-cycle,
Digital Twin of the Person,digital-twin-of-the-person,exact,gartner-hype-cycle,
Digital Twin Predictive Planning,digital-twin-predictive-planning,exact,ftsg-tech-trends,
Digital Twin Predictive Planning and Prevention Monitoring,digital-twin-predictive-planning-and-prevention-monitoring,exact,ftsg-tech-trends,
Digital Twin Testing for Preparedness,digital-twin-testing-for-preparedness,exact,ftsg-tech-trends,
Digital Twins and Cognitive Twins in the Enterprise,digital-twins-and-cognitive-twins-in-the-enterprise,exact,ftsg-tech-trends,
Digital Twins of Earth,digital-twins-of-earth,exact,ftsg-tech-trends,
Digital video recorders and TV advertising,digital-video-recorders-and-tv-advertising,exact,deloitte-tmt-predictions,
Digital vs film camera sales,digital-vs-film-camera-sales,exact,economist-world-ahead,
Digital wallets,digital-wallets,exact,ark-big-ideas,
Digital Wallets,digital-wallets,normalized,ark-big-ideas;ftsg-tech-trends,
Frictionless Value Transfers,digital-wallets,judgment,ark-big-ideas,ARK renamed this chapter to Digital Wallets (raw INDEX).
Digital Wellness Treatments,digital-wellness-treatments,exact,ftsg-tech-trends,
Digital workplace and remote work,digital-workplace-and-remote-work,exact,deloitte-tech-trends,
Digitalization,digitalization,exact,ftsg-tech-trends,
Digitally intermediated field trips,digitally-intermediated-field-trips,exact,envisioning-education,
Digitally Retouching History,digitally-retouching-history,exact,ftsg-tech-trends,
DigitalOps,digitalops,exact,gartner-hype-cycle,
"Digitization, labor reduction and social unrest",digitization-labor-reduction-and-social-unrest,exact,gartner-strategic-predictions,
Digitization of books,digitization-of-books,exact,envisioning-education,
Digitization of industrial economy,digitization-of-industrial-economy,exact,a16z-big-ideas,
Digitized global GDP,digitized-global-gdp,exact,idc-futurescape,
Digitized Health & Protective Labeling,digitized-health-and-protective-labeling,exact,ftsg-tech-trends,
Dilma Rousseff impeachment,dilma-rousseff-impeachment,exact,economist-world-ahead,
Diminished Reality,diminished-reality,exact,ftsg-tech-trends,
Diminished Sensory Overload,diminished-sensory-overload,exact,ftsg-tech-trends,
Direct-eye display modes,direct-eye-display-modes,exact,kurzweil,
Direct-to-Consumer Health Care Models,direct-to-consumer-health-care-models,exact,ftsg-tech-trends,
Direct-to-device satellite connectivity,direct-to-device-satellite-connectivity,exact,deloitte-tmt-predictions,
Disabilities not significant,disabilities-not-significant,exact,kurzweil,
Disabled people fast overcoming handicaps,disabled-people-fast-overcoming-handicaps,exact,kurzweil,
Disaggregated Networks,disaggregated-networks,exact,ftsg-tech-trends,
Discontent in Latin America,discontent-in-latin-america,exact,eurasia-top-risks,
Diseases treated through bioengineering,diseases-treated-through-bioengineering,exact,kurzweil,
Disinfecting Bots,disinfecting-bots,exact,ftsg-tech-trends,
Disinformation Security,disinformation-security,exact,gartner-hype-cycle,
Disordered Consumption and News Avoidance,disordered-consumption-and-news-avoidance,exact,ftsg-tech-trends,
Dispatchable Solar,dispatchable-solar,exact,ftsg-tech-trends,
Dispatchable Wind Energy Production,dispatchable-wind-energy-production,exact,ftsg-tech-trends,
Disruptive innovation market value,disruptive-innovation-market-value,exact,ark-big-ideas,
Dissociation From Reality,dissociation-from-reality,exact,ftsg-tech-trends,
Dissolving Bioelectronics,dissolving-bioelectronics,exact,ftsg-tech-trends,
Distributed Computing Earning Models,distributed-computing-earning-models,exact,ftsg-tech-trends,
Distributed Computing for a Cause,distributed-computing-for-a-cause,normalized,ftsg-tech-trends,
Distributed Computing For a Cause,distributed-computing-for-a-cause,exact,ftsg-tech-trends,
Distributed Energy,distributed-energy,exact,ark-big-ideas,
Distributed generation,distributed-generation,exact,envisioning-horizons,
Distributed Storage,distributed-storage,exact,mit-tr-10-breakthrough,
Diverging markets,diverging-markets,exact,eurasia-top-risks,
Diversified AI inferencing,diversified-ai-inferencing,exact,idc-futurescape,
Diversifying the Procurement Process,diversifying-the-procurement-process,exact,ftsg-tech-trends,
Diversity and financial performance,diversity-and-financial-performance,exact,gartner-strategic-predictions,
"Diversity, equity and inclusion technology",diversity-equity-and-inclusion-technology,exact,deloitte-tech-trends,
Divided States of America,divided-states-of-america,exact,eurasia-top-risks,
DIY Biohacking Projects,diy-biohacking-projects,exact,ftsg-tech-trends,
DIY Health and Wellness,diy-health-and-wellness,exact,ftsg-tech-trends,
DIY Vaccines,diy-vaccines,exact,ftsg-tech-trends,
DNA App Store,dna-app-store,exact,mit-tr-10-breakthrough,
DNA as an Alternative to Future Data Storage,dna-as-an-alternative-to-future-data-storage,exact,ftsg-tech-trends,
DNA-Based Marketing,dna-based-marketing,exact,ftsg-tech-trends,
DNA-Based Molecular Computing,dna-based-molecular-computing,exact,ftsg-tech-trends,
DNA Computing and Storage,dna-computing-and-storage,exact,gartner-hype-cycle,
DNA Database Hacks,dna-database-hacks,exact,ftsg-tech-trends,
DNA Enabled Contamination Detection,dna-enabled-contamination-detection,exact,ftsg-tech-trends,
DNA Logic,dna-logic,exact,gartner-hype-cycle,
DNA Machines Process Data At Molecular Scale,dna-machines-process-data-at-molecular-scale,exact,ftsg-tech-trends,
DNA Robots,dna-robots,exact,ftsg-tech-trends,
DNA Sequencing,dna-sequencing,exact,ark-big-ideas,
DNA sequencing revenue,dna-sequencing-revenue,exact,ark-big-ideas,
DNA storage,dna-storage,exact,gartner-strategic-predictions,
DNA Storage,dna-storage,normalized,ftsg-tech-trends,
DNA Storage and Compute,dna-storage-and-compute,exact,ftsg-tech-trends,
DNA Supply Lines Get New Digital Defense,dna-supply-lines-get-new-digital-defense,exact,ftsg-tech-trends,
DNA synthesis cost,dna-synthesis-cost,exact,ark-big-ideas,
DNA Technology Gets New Security Shield,dna-technology-gets-new-security-shield,exact,ftsg-tech-trends,
Doctorless Exams,doctorless-exams,exact,ftsg-tech-trends,
Doctors consult knowledge-based systems,doctors-consult-knowledge-based-systems,exact,kurzweil,
Doctors train in virtual reality simulations,doctors-train-in-virtual-reality-simulations,exact,kurzweil,
Doctors train on simulated patients,doctors-train-on-simulated-patients,exact,kurzweil,
Doctors using pattern recognition software,doctors-using-pattern-recognition-software,exact,kurzweil,
Domain-Specific GenAI Models,domain-specific-genai-models,exact,gartner-hype-cycle,
Domed Cities,domed-cities,exact,ftsg-tech-trends,
Domestic Competition,domestic-competition,exact,ftsg-tech-trends,
Domestic Policy Drives Governance,domestic-policy-drives-governance,exact,ftsg-tech-trends,
Domestic robots,domestic-robots,exact,envisioning-technology,
Domestic Robots,domestic-robots,normalized,ftsg-tech-trends,
Household robots,domestic-robots,judgment,deloitte-tmt-predictions,Same product class: robots for the home.
Dream Communication,dream-communication,exact,ftsg-tech-trends,
Driverless car,driverless-car,exact,kurzweil,
Drone Air Lanes,drone-air-lanes,exact,ftsg-tech-trends,
Drone delivery,drone-delivery,normalized,ark-big-ideas,
Drone Delivery,drone-delivery,exact,ark-big-ideas;ftsg-tech-trends,
Light Cargo Delivery Drones,drone-delivery,judgment,gartner-hype-cycle,Same application: drones that deliver light parcels.
Drone delivery market,drone-delivery-market,exact,mckinsey-tech-trends,
Drone-Enabled Infrastructure,drone-enabled-infrastructure,exact,ftsg-tech-trends,
Drone Fleets,drone-fleets,exact,ftsg-tech-trends,
Drone hardware,drone-hardware,exact,ark-big-ideas,
Drone Lanes,drone-lanes,exact,ftsg-tech-trends,
Drone Operation Centers,drone-operation-centers,exact,ftsg-tech-trends,
Drone Surveillance,drone-surveillance,exact,ftsg-tech-trends,
Drone swarming for defense,drone-swarming-for-defense,exact,a16z-big-ideas,
Drone Swarms,drone-swarms,exact,ftsg-tech-trends,
Drone Traffic Management,drone-traffic-management,exact,ftsg-tech-trends,
Drones,drones,exact,deloitte-tmt-predictions;ftsg-tech-trends,
Drones as a Service,drones-as-a-service,exact,ftsg-tech-trends,
Drones-as-a-Service,drones-as-a-service,normalized,ftsg-tech-trends,
Drones for Dangerous and Hard-To-Reach Areas,drones-for-dangerous-and-hard-to-reach-areas,exact,ftsg-tech-trends,
Dropping poor-fit customers,dropping-poor-fit-customers,exact,gartner-strategic-predictions,
Drug R&D cost,drug-r-and-d-cost,exact,ark-big-ideas,
DTC Health Care Models,dtc-health-care-models,exact,ftsg-tech-trends,
Dual-Action Antibodies,dual-action-antibodies,exact,mit-tr-10-breakthrough,
DUNA legal structure for blockchain networks,duna-legal-structure-for-blockchain-networks,exact,a16z-big-ideas,
Durable Biofilms,durable-biofilms,exact,ftsg-tech-trends,
Digital Video Disk,dvd,judgment,gartner-hype-cycle,DVD is the abbreviation.
DVD,dvd,exact,gartner-hype-cycle,
DVD rental kiosks,dvd-rental-kiosks,exact,deloitte-tmt-predictions,
DX platforms,dx-platforms,exact,idc-futurescape,
Dye Sensitized Solar Cells,dye-sensitized-solar-cells,exact,ftsg-tech-trends,
Dye-sensitized Solar Cells,dye-sensitized-solar-cells,normalized,ftsg-tech-trends,
Dynamic and deal-driven pricing,dynamic-and-deal-driven-pricing,exact,trendwatching,
Dynamic Engagement Through Deep Personalization,dynamic-engagement-through-deep-personalization,exact,ftsg-tech-trends,
Dynamic Line Rating (DLR) Systems,dynamic-line-rating-systems,judgment,ftsg-tech-trends,"Same FTSG trend (2024, 2025); '(DLR)' is only the acronym. (subject dupes review, d48)"
Dynamic Line Rating Systems,dynamic-line-rating-systems,exact,ftsg-tech-trends,
Dynamic Listicles,dynamic-listicles,exact,ftsg-tech-trends,
Dynamic Menus,dynamic-menus,exact,ftsg-tech-trends,
Dynamic Operations,dynamic-operations,exact,ftsg-tech-trends,
Dynamic Operations for Entertainment Venues,dynamic-operations-for-entertainment-venues,exact,ftsg-tech-trends,
Dynamic Risk Governance,dynamic-risk-governance,exact,gartner-hype-cycle,
Dynamic virtual art,dynamic-virtual-art,exact,kurzweil,
E-Book Readers,e-book-readers,exact,gartner-hype-cycle,
E-readers and e-books,e-book-readers,judgment,deloitte-tmt-predictions,Same device class.
E-books and e-reference,e-books-and-e-reference,exact,deloitte-tmt-predictions,
E-cash,e-cash,normalized,gartner-hype-cycle,
E-Cash,e-cash,exact,gartner-hype-cycle,
E-government,e-government,exact,deloitte-tmt-predictions,
E-payments,e-payments,normalized,gartner-hype-cycle,
E-Payments,e-payments,exact,gartner-hype-cycle,
E-Residents,e-residents,exact,ftsg-tech-trends,
E-tags,e-tags,exact,gartner-hype-cycle,
E-tailer partnerships for personalization,e-tailer-partnerships-for-personalization,exact,gartner-strategic-predictions,
Earables,earables,exact,ftsg-tech-trends,
Early GenAI adoption,early-genai-adoption,exact,idc-futurescape,
Earned Wage Access,earned-wage-access,exact,ftsg-tech-trends,
Earth Engineering,earth-engineering,exact,ftsg-tech-trends,
Earth observation and space services,earth-observation-and-space-services,exact,mckinsey-tech-trends,
Earthquake hits Tokyo,earthquake-hits-tokyo,exact,wef-global-risks,
Earthquake in densely pop. area in Japan,earthquake-in-densely-pop-area-in-japan,exact,wef-global-risks,
Easier Transportation to Space,easier-transportation-to-space,exact,ftsg-tech-trends,
East Asian geopolitics,east-asian-geopolitics,exact,eurasia-top-risks,
"Eastern Europe, elections & unemployment",eastern-europe-elections-and-unemployment,exact,eurasia-top-risks,
Easy creation of disease agents,easy-creation-of-disease-agents,exact,kurzweil,
Eating Ocean Trash,eating-ocean-trash,exact,ftsg-tech-trends,
Eavesdropping Rights,eavesdropping-rights,exact,ftsg-tech-trends,
Eco products that outperform incumbents,eco-products-that-outperform-incumbents,exact,trendwatching,
Eco-shame driving sustainable consumption,eco-shame-driving-sustainable-consumption,exact,trendwatching,
Ecommerce share of retail,ecommerce-share-of-retail,exact,ark-big-ideas,
Economic downturn,economic-downturn,exact,wef-global-risks,
economic growth,economic-growth,exact,shell-scenarios,
economic recovery,economic-recovery,exact,shell-scenarios,
Ecosystem cybersecurity,ecosystem-cybersecurity,exact,accenture-tech-vision,
A.I. at the Edge,edge-ai,judgment,ftsg-tech-trends,"AI at the edge and edge AI name the same thing: AI inference on devices near the data instead of in the cloud (FTSG 2025 text calls its own trend 'edge AI'; Deloitte's parenthesis says on-device). Word-order variant found alongside the acronym group. (subject dupes review, d48)"
A.I. at the Edge (or A.I. Not in the Cloud),edge-ai,judgment,ftsg-tech-trends,"AI at the edge and edge AI name the same thing: AI inference on devices near the data instead of in the cloud (FTSG 2025 text calls its own trend 'edge AI'; Deloitte's parenthesis says on-device). Word-order variant found alongside the acronym group. (subject dupes review, d48)"
AI at the Edge,edge-ai,judgment,ftsg-tech-trends,"AI at the edge and edge AI name the same thing: AI inference on devices near the data instead of in the cloud (FTSG 2025 text calls its own trend 'edge AI'; Deloitte's parenthesis says on-device). Word-order variant found alongside the acronym group. (subject dupes review, d48)"
AI At The Edge,edge-ai,judgment,ftsg-tech-trends,"AI at the edge and edge AI name the same thing: AI inference on devices near the data instead of in the cloud (FTSG 2025 text calls its own trend 'edge AI'; Deloitte's parenthesis says on-device). Word-order variant found alongside the acronym group. (subject dupes review, d48)"
Edge AI,edge-ai,exact,gartner-hype-cycle,
Edge AI (on-device processing),edge-ai,judgment,deloitte-tech-trends,"AI at the edge and edge AI name the same thing: AI inference on devices near the data instead of in the cloud (FTSG 2025 text calls its own trend 'edge AI'; Deloitte's parenthesis says on-device). Word-order variant found alongside the acronym group. (subject dupes review, d48)"
Edge AI chips,edge-ai-chips,exact,deloitte-tmt-predictions,
Edge AI inference,edge-ai-inference,exact,idc-futurescape,
Edge Analytics,edge-analytics,exact,gartner-hype-cycle,
Edge computing,edge-computing,normalized,deloitte-tmt-predictions,
Edge Computing,edge-computing,exact,ftsg-tech-trends;gartner-hype-cycle,
Edge computing and intelligent distributed systems,edge-computing-and-intelligent-distributed-systems,exact,accenture-tech-vision,
Edge computing in cloud deployments,edge-computing-in-cloud-deployments,exact,idc-futurescape,
Edge computing spending,edge-computing-spending,exact,mckinsey-tech-trends,
Edge infrastructure,edge-infrastructure,exact,idc-futurescape,
Edge investments,edge-investments,exact,idc-futurescape,
Edge Management,edge-management,exact,ftsg-tech-trends,
Edge operational data,edge-operational-data,exact,idc-futurescape,
"Edge, OT and IT governance",edge-ot-and-it-governance,exact,idc-futurescape,
Edge servers,edge-servers,exact,mckinsey-tech-trends,
eDNA Detection,edna-detection,exact,ftsg-tech-trends,
Education app stores,education-app-stores,exact,envisioning-education,
Education in the Metaverse,education-in-the-metaverse,exact,ftsg-tech-trends,
Education In The Metaverse,education-in-the-metaverse,normalized,ftsg-tech-trends,
Educational games,educational-games,exact,envisioning-education,
Educational home products for children,educational-home-products-for-children,exact,trendwatching,
Educational programming tools,educational-programming-tools,exact,envisioning-education,
Educational workstation computer available,educational-workstation-computer-available,exact,kurzweil,
EEG Brain-to-computer interfaces,eeg-brain-to-computer-interfaces,exact,envisioning-horizons,
Effective software model of human intelligence,effective-software-model-of-human-intelligence,exact,kurzweil,
Efficiency Improvements,efficiency-improvements,exact,ftsg-tech-trends,
Efficient AI Algorithms,efficient-ai-algorithms,exact,ftsg-tech-trends,
Efficient AI Architectures,efficient-ai-architectures,exact,ftsg-tech-trends,
Efforts to Ban Facial Recognition,efforts-to-ban-facial-recognition,exact,ftsg-tech-trends,
Efforts to Thwart Recognition Systems,efforts-to-thwart-recognition-systems,exact,ftsg-tech-trends,
Egg Stem Cells,egg-stem-cells,exact,mit-tr-10-breakthrough,
Egypt,egypt,exact,eurasia-top-risks,
El Nino is back,el-nino-is-back,exact,eurasia-top-risks,
"Elections in France, Brazil, Philippines and Angola",elections-in-france-brazil-philippines-and-angola,exact,economist-world-ahead,
electric vehicles,electric-vehicles,normalized,bnef-evo;bp-energy-outlook;shell-scenarios,
Electric Vehicles,electric-vehicles,exact,ark-big-ideas,
The inevitable EV,electric-vehicles,judgment,mit-tr-10-breakthrough,MIT's 2023 entry is about electric vehicles.
"Electric Vehicles Boom, Especially in China",electric-vehicles-boom-especially-in-china,exact,ftsg-tech-trends,
Electric Vehicles Cause Electricity Demand Spikes,electric-vehicles-cause-electricity-demand-spikes,exact,ftsg-tech-trends,
Electric Wind,electric-wind,exact,ftsg-tech-trends,
Electricity rationing,electricity-rationing,exact,gartner-strategic-predictions,
Electrification and renewable energy,electrification-and-renewable-energy,exact,mckinsey-tech-trends,
Electrification Expands Beyond Passenger Cars,electrification-expands-beyond-passenger-cars,exact,ftsg-tech-trends,
Electrification Expands to Other Vehicles,electrification-expands-to-other-vehicles,exact,ftsg-tech-trends,
Electrifying Cities,electrifying-cities,exact,ftsg-tech-trends,
Electro-industrial stack (electrification hardware),electro-industrial-stack-electrification-hardware,exact,a16z-big-ideas,
Electronic documents replace paper,electronic-documents-replace-paper,exact,kurzweil,
Digital Paper/E-Paper,electronic-paper,judgment,gartner-hype-cycle,Same display technology (e-paper); Gartner's technology group links the first rewording.
Electronic Ink/Digital Paper,electronic-paper,judgment,gartner-hype-cycle,Same display technology (e-paper); Gartner's technology group links the first rewording.
Electronic paper,electronic-paper,exact,envisioning-technology,
Electronic Paper,electronic-paper,normalized,gartner-hype-cycle,
Electronic paper screens,electronic-paper-screens,exact,envisioning-education,
Electronic transactions access,electronic-transactions-access,exact,gartner-strategic-predictions,
Electrovibration,electrovibration,exact,gartner-hype-cycle,
Elevating Human Contributions,elevating-human-contributions,exact,ftsg-tech-trends,
Email overload,email-overload,exact,deloitte-tmt-predictions,
Embedded AI,embedded-ai,exact,gartner-hype-cycle,
Embedded cybersecurity,embedded-cybersecurity,exact,idc-futurescape,
Embedded Finance,embedded-finance,exact,ftsg-tech-trends,
Embedded intelligence and automation,embedded-intelligence-and-automation,exact,idc-futurescape,
Embodied Agents,embodied-agents,exact,ftsg-tech-trends,
Embodied AI,embodied-ai,exact,gartner-hype-cycle,
Embodied avatars,embodied-avatars,exact,envisioning-technology,
Embryo scoring,embryo-scoring,exact,mit-tr-10-breakthrough,
Emergent Computation,emergent-computation,exact,gartner-hype-cycle,
Emerging Art Experiences,emerging-art-experiences,exact,ftsg-tech-trends,
Emerging Digital Interfaces,emerging-digital-interfaces,exact,ftsg-tech-trends,
emerging economies,emerging-economies,exact,nic-global-trends,
Emerging Forms of Batteries,emerging-forms-of-batteries,exact,ftsg-tech-trends,
Emerging Forms of Consensus Protocols,emerging-forms-of-consensus-protocols,exact,ftsg-tech-trends,
Emerging Implants,emerging-implants,exact,ftsg-tech-trends,
Emerging-market brands exporting national heritage,emerging-market-brands-exporting-national-heritage,exact,trendwatching,
Emerging-market brands serving other emerging markets,emerging-market-brands-serving-other-emerging-markets,exact,trendwatching,
Emerging-market equity derivatives,emerging-market-equity-derivatives,exact,economist-world-ahead,
Emerging-market growth and corporate profits,emerging-market-growth-and-corporate-profits,exact,economist-world-ahead,
Emerging-market mobile operators,emerging-market-mobile-operators,exact,deloitte-tmt-predictions,
Emerging markets,emerging-markets,exact,eurasia-top-risks,
Emerging markets: not less risky,emerging-markets-not-less-risky,exact,eurasia-top-risks,
Emerging Prosthetics,emerging-prosthetics,exact,ftsg-tech-trends,
Emerging Space-Faring Countries,emerging-space-faring-countries,exact,ftsg-tech-trends,
Emerging Spacefaring Countries,emerging-space-faring-countries,normalized,ftsg-tech-trends,
Emerging tech talent gap,emerging-tech-talent-gap,exact,idc-futurescape,
Emerging Wearables,emerging-wearables,exact,ftsg-tech-trends,
Emission Reduction Solutions,emission-reduction-solutions,exact,ftsg-tech-trends,
Emissions,emissions,exact,ftsg-tech-trends,
Emotion AI in advertising,emotion-ai-in-advertising,exact,gartner-strategic-predictions,
Emotion Recognition,emotion-recognition,exact,ftsg-tech-trends,
Emotion tracking,emotion-tracking,exact,envisioning-horizons,
Emotional AI in healthcare contracts,emotional-ai-in-healthcare-contracts,exact,gartner-strategic-predictions,
Emotional Recognition,emotional-recognition,exact,ftsg-tech-trends,
Emphasizing Data Ethics,emphasizing-data-ethics,exact,ftsg-tech-trends,
Employee Communications Applications,employee-communications-applications,exact,gartner-hype-cycle,
Employee Engagement and Retention,employee-engagement-and-retention,exact,ftsg-tech-trends,
Employee experience programs,employee-experience-programs,exact,idc-futurescape,
Employee health and location data,employee-health-and-location-data,exact,idc-futurescape,
Employee ownership,employee-ownership,exact,trendwatching,
Employee treatment as a brand asset,employee-treatment-as-a-brand-asset,exact,trendwatching,
Employee value metrics in investment decisions,employee-value-metrics-in-investment-decisions,exact,gartner-strategic-predictions,
Employment of people with disabilities,employment-of-people-with-disabilities,exact,gartner-strategic-predictions,
Empowered IT product teams,empowered-it-product-teams,exact,idc-futurescape,
Empty lands,empty-lands,exact,eurasia-top-risks,
Enabled Devices for Urban Management,enabled-devices-for-urban-management,exact,ftsg-tech-trends,
Encrypted communications,encrypted-communications,exact,kurzweil,
Encrypted Messaging Networks,encrypted-messaging-networks,exact,ftsg-tech-trends,
"Encryption, AI security, blockchain identity",encryption-ai-security-blockchain-identity,exact,idc-futurescape,
Encryption and privacy,encryption-and-privacy,exact,kurzweil,
Encryption Breaking Quantum,encryption-breaking-quantum,exact,ftsg-tech-trends,
Encryption Management,encryption-management,exact,ftsg-tech-trends,
end-to-end principle and internet control,end-to-end-principle-and-internet-control,exact,pew-elon-imagining,
End-user influence on IT acquisitions,end-user-influence-on-it-acquisitions,exact,gartner-strategic-predictions,
Endless Applications,endless-applications,exact,ftsg-tech-trends,
Energy and sustainability technologies,energy-and-sustainability-technologies,exact,mckinsey-tech-trends,
Energy bottlenecks in Latin America,energy-bottlenecks-in-latin-america,exact,eurasia-top-risks,
Energy crunch,energy-crunch,exact,eurasia-top-risks,
energy demand,energy-demand,exact,nic-global-trends;shell-scenarios,
Energy From Thin Air,energy-from-thin-air,exact,ftsg-tech-trends,
Energy harvesting,energy-harvesting,exact,deloitte-tmt-predictions,
energy intensity,energy-intensity,exact,shell-scenarios,
Energy Optimization,energy-optimization,exact,ftsg-tech-trends,
Energy price shock,energy-price-shock,exact,wef-global-risks,
Energy storage,energy-storage,normalized,deloitte-tech-trends,
Energy Storage,energy-storage,exact,ark-big-ideas,
Energy surcharges on cloud services,energy-surcharges-on-cloud-services,exact,gartner-strategic-predictions,
energy system,energy-system,exact,shell-scenarios,
Energy Trading Platforms for Blockchain,energy-trading-platforms-for-blockchain,exact,ftsg-tech-trends,
energy transition,energy-transition,exact,nic-global-trends,
Enernet,enernet,exact,envisioning-technology,
Engineered Animal Ecosystems,engineered-animal-ecosystems,exact,ftsg-tech-trends,
Engineered Food and Meals,engineered-food-and-meals,exact,ftsg-tech-trends,
Engineered Fungi Create Fire-Safe Building Materials,engineered-fungi-create-fire-safe-building-materials,exact,ftsg-tech-trends,
Engineered Microbes Create Cleaner Textiles,engineered-microbes-create-cleaner-textiles,exact,ftsg-tech-trends,
Engineered Mosquitoes,engineered-mosquitoes,exact,ftsg-tech-trends,
Engineered Plant Ecosystems,engineered-plant-ecosystems,exact,ftsg-tech-trends,
Engineered Stem Cells,engineered-stem-cells,exact,mit-tr-10-breakthrough,
Engineering New Life Forms,engineering-new-life-forms,exact,ftsg-tech-trends,
Engineering Plants for Carbon Capture,engineering-plants-for-carbon-capture,exact,ftsg-tech-trends,
Engineering Super Soldiers,engineering-super-soldiers,exact,ftsg-tech-trends,
English as the dominant online language,english-as-the-dominant-online-language,exact,pew-elon-imagining,
Enhanced geothermal systems,enhanced-geothermal-systems,exact,mit-tr-10-breakthrough,
Enhanced metabolism,enhanced-metabolism,exact,envisioning-health,
Enhanced organs,enhanced-organs,exact,envisioning-horizons,
Enhancing Earth with Space Technologies,enhancing-earth-with-space-technologies,exact,ftsg-tech-trends,
Enhancing the Food Chain,enhancing-the-food-chain,exact,ftsg-tech-trends,
Enterotype treatments,enterotype-treatments,exact,envisioning-health,
Enterprise 3D Printing,enterprise-3d-printing,exact,gartner-hype-cycle,
Enterprise AI agents,enterprise-ai-agents,exact,idc-futurescape,
Enterprise analytics at scale,enterprise-analytics-at-scale,exact,deloitte-tech-trends,
Enterprise apps and cloud applications,enterprise-apps-and-cloud-applications,exact,accenture-tech-vision,
Enterprise AR adoption,enterprise-ar-adoption,exact,mckinsey-tech-trends,
Enterprise contact data leaking to Facebook,enterprise-contact-data-leaking-to-facebook,exact,gartner-strategic-predictions,
Enterprise crowdsourcing,enterprise-crowdsourcing,exact,deloitte-tech-trends,
Enterprise data management,enterprise-data-management,exact,accenture-tech-vision,
Enterprise data management and governance,enterprise-data-management-and-governance,exact,deloitte-tech-trends,
Enterprise data pipelines,enterprise-data-pipelines,exact,idc-futurescape,
Enterprise data storage,enterprise-data-storage,exact,deloitte-tmt-predictions,
Enterprise developer ecosystems,enterprise-developer-ecosystems,exact,idc-futurescape,
Enterprise email clients,enterprise-email-clients,exact,gartner-strategic-predictions,
Enterprise generative AI,enterprise-generative-ai,exact,deloitte-tmt-predictions,
Enterprise-Grade DApps for Traditional Industries,enterprise-grade-dapps-for-traditional-industries,exact,ftsg-tech-trends,
Enterprise information management,enterprise-information-management,exact,deloitte-tech-trends,
Enterprise Instant Messaging,enterprise-instant-messaging,exact,gartner-hype-cycle,
Enterprise IT,enterprise-it,exact,deloitte-tmt-predictions,
Enterprise machine learning,enterprise-machine-learning,exact,deloitte-tmt-predictions,
Enterprise mobile applications,enterprise-mobile-applications,exact,deloitte-tmt-predictions,
Enterprise mobile data,enterprise-mobile-data,exact,deloitte-tmt-predictions,
Enterprise mobility,enterprise-mobility,exact,deloitte-tech-trends,
Enterprise network reliability,enterprise-network-reliability,exact,deloitte-tmt-predictions,
Enterprise Portals,enterprise-portals,exact,gartner-hype-cycle,
Enterprise resource planning (ERP),enterprise-resource-planning-erp,exact,deloitte-tech-trends,
Enterprise social collaboration,enterprise-social-collaboration,exact,accenture-tech-vision,
Enterprise social computing,enterprise-social-computing,exact,deloitte-tech-trends,
Enterprise social media,enterprise-social-media,exact,accenture-tech-vision,
Enterprise social networks,enterprise-social-networks,exact,deloitte-tmt-predictions,
Enterprise social platforms,enterprise-social-platforms,exact,deloitte-tech-trends,
Enterprise software intelligence and data-driven operations,enterprise-software-intelligence-and-data-driven-operations,exact,accenture-tech-vision,
Enterprise stablecoin payments,enterprise-stablecoin-payments,exact,a16z-big-ideas,
Enterprise systems of record,enterprise-systems-of-record,exact,a16z-big-ideas,
Enterprise tablets,enterprise-tablets,exact,deloitte-tmt-predictions,
Enterprise Taxonomy and Ontology Management,enterprise-taxonomy-and-ontology-management,exact,gartner-hype-cycle,
Enterprise technology architecture,enterprise-technology-architecture,exact,accenture-tech-vision,
Enterprise telecom contracts,enterprise-telecom-contracts,exact,deloitte-tmt-predictions,
Enterprises as software producers,enterprises-as-software-producers,exact,idc-futurescape,
Entertainment bridging polarization,entertainment-bridging-polarization,exact,trendwatching,
Entertainment franchise games,entertainment-franchise-games,exact,a16z-big-ideas,
Entrepreneurial CIOs,entrepreneurial-cios,exact,idc-futurescape,
Enviromatics,enviromatics,exact,mit-tr-10-breakthrough,
Environmental AI,environmental-ai,exact,ftsg-tech-trends,
Environmental criteria in IT buying,environmental-criteria-in-it-buying,exact,gartner-strategic-predictions,
Environmental Impact of Streaming,environmental-impact-of-streaming,exact,ftsg-tech-trends,
"Environmental, Social, and Corporate Governance (ESG)",environmental-social-and-corporate-governance-esg,exact,ftsg-tech-trends,
"Environmental, Social and Corporate Governance (ESG) Programs",environmental-social-and-corporate-governance-esg-programs,exact,ftsg-tech-trends,
Enzymes to Eat Ocean Trash,enzymes-to-eat-ocean-trash,exact,ftsg-tech-trends,
Ephemerality,ephemerality,exact,ftsg-tech-trends,
Epidermal sensors,epidermal-sensors,exact,envisioning-health,
Epigenetic Editing Becomes Mainstream,epigenetic-editing-becomes-mainstream,exact,ftsg-tech-trends,
Epigenetic therapy,epigenetic-therapy,exact,envisioning-horizons,
Epigenetics,epigenetics,exact,mit-tr-10-breakthrough,
Epigenome Sequencing Gains Clinical Relevance,epigenome-sequencing-gains-clinical-relevance,exact,ftsg-tech-trends,
ePrivacy regulation and cookies,eprivacy-regulation-and-cookies,exact,gartner-strategic-predictions,
Equipment telematics,equipment-telematics,exact,envisioning-horizons,
Equity investment across trends,equity-investment-across-trends,exact,mckinsey-tech-trends,
Equity investment in five frontier trends,equity-investment-in-five-frontier-trends,exact,mckinsey-tech-trends,
Erasable Paper Printing Systems,erasable-paper-printing-systems,exact,gartner-hype-cycle,
Eroding Trust in News,eroding-trust-in-news,exact,ftsg-tech-trends,
Eroding Trust in News Organizations,eroding-trust-in-news-organizations,exact,ftsg-tech-trends,
Erosion of human rights and/or civic freedoms,erosion-of-human-rights-and-or-civic-freedoms,exact,wef-global-risks,
Erosion of human rights and/or of civic freedoms,erosion-of-human-rights-and-or-civic-freedoms,judgment,wef-global-risks,"Same risk, reworded."
Erosion of social cohesion and societal polarization,erosion-of-social-cohesion-and-societal-polarization,exact,wef-global-risks,
ESG reporting software,esg-reporting-software,exact,deloitte-tmt-predictions,
ESG Requirements,esg-requirements,exact,ftsg-tech-trends,
ESG Tracking and Declarations,esg-tracking-and-declarations,exact,ftsg-tech-trends,
eSports,esports,exact,deloitte-tmt-predictions;ftsg-tech-trends,
eSports and Gaming,esports-and-gaming,exact,ftsg-tech-trends,
eSports Training Academies,esports-training-academies,exact,ftsg-tech-trends,
Essential Robot Workers,essential-robot-workers,exact,ftsg-tech-trends,
Ether network value,ether-network-value,exact,ark-big-ideas,
Ethereum and DeFi,ethereum-and-defi,exact,ark-big-ideas,
ethical AI,ethical-ai,exact,pew-elon-imagining,
Ethical employee insight technology,ethical-employee-insight-technology,exact,idc-futurescape,
Ethical Manufacturing,ethical-manufacturing,exact,ftsg-tech-trends,
Ethical technology and digital trust,ethical-technology-and-digital-trust,exact,deloitte-tech-trends,
"Ethical, unbiased AI",ethical-unbiased-ai,exact,trendwatching,
Ethics Clash,ethics-clash,exact,ftsg-tech-trends,
Ethics Concerns,ethics-concerns,exact,ftsg-tech-trends,
Ethics Guidelines for Tech Contractors,ethics-guidelines-for-tech-contractors,exact,ftsg-tech-trends,
Ethics in Indigenous Genomics,ethics-in-indigenous-genomics,exact,ftsg-tech-trends,
EU institutional turnover,eu-institutional-turnover,exact,economist-world-ahead,
EU job protection and offshoring,eu-job-protection-and-offshoring,exact,gartner-strategic-predictions,
EU political dysfunction,eu-political-dysfunction,exact,eurasia-top-risks,
Euro cash changeover,euro-cash-changeover,exact,economist-world-ahead,
Euro-dollar parity,euro-dollar-parity,exact,economist-world-ahead,
Europe,europe,exact,eurasia-top-risks;nic-global-trends,
Europe adopts U.S. entrepreneurship,europe-adopts-u-s-entrepreneurship,exact,kurzweil,
Europe after Merkel,europe-after-merkel,exact,eurasia-top-risks,
Europe: Bold Stance on Human Embryo Research,europe-bold-stance-on-human-embryo-research,exact,ftsg-tech-trends,
Europe breaks,europe-breaks,exact,eurasia-top-risks,
Europe: EU AI Act Sets New Global Standard for Biotech Safety,europe-eu-ai-act-sets-new-global-standard-for-biotech-safety,exact,ftsg-tech-trends,
Europe: New Standards for Bioengineered Food Safety,europe-new-standards-for-bioengineered-food-safety,exact,ftsg-tech-trends,
Europe Regulates AI,europe-regulates-ai,exact,ftsg-tech-trends,
Europe under siege,europe-under-siege,exact,eurasia-top-risks,
European bank merger,european-bank-merger,exact,economist-world-ahead,
European fiscal divergence,european-fiscal-divergence,exact,eurasia-top-risks,
European football revenue,european-football-revenue,exact,deloitte-tmt-predictions,
European populism,european-populism,exact,eurasia-top-risks,
European separatism,european-separatism,exact,eurasia-top-risks,
European Union: Driving Hard on AI Governance,european-union-driving-hard-on-ai-governance,exact,ftsg-tech-trends,
Eurozone,eurozone,exact,eurasia-top-risks,
Eurozone breakup,eurozone-breakup,exact,eurasia-top-risks,
EV Battery Recycling,ev-battery-recycling,exact,ftsg-tech-trends,
EV charging rate,ev-charging-rate,exact,ark-big-ideas,
EV Mechanics and AV Engineers,ev-mechanics-and-av-engineers,exact,ftsg-tech-trends,
electric vehicle price parity,ev-price-parity-with-ice,judgment,bnef-evo,The year electric cars reach price parity with combustion cars; BNEF and ARK state it with their own definitions.
Electric vehicle price parity,ev-price-parity-with-ice,judgment,ark-big-ideas,The year electric cars reach price parity with combustion cars; BNEF and ARK state it with their own definitions.
Even More Consolidation in AI,even-more-consolidation-in-ai,exact,ftsg-tech-trends,
Event-Driven Architecture,event-driven-architecture,exact,gartner-hype-cycle,
Events in the Metaverse,events-in-the-metaverse,exact,ftsg-tech-trends,
Events In The Metaverse,events-in-the-metaverse,normalized,ftsg-tech-trends,
Everything-as-a-service (XaaS),everything-as-a-service-xaas,exact,deloitte-tech-trends,
Everywhere Input,everywhere-input,exact,ftsg-tech-trends,
Everywhere Order and Delivery,everywhere-order-and-delivery,exact,ftsg-tech-trends,
Everywhere Ordering and Anywhere Delivery,everywhere-ordering-and-anywhere-delivery,exact,ftsg-tech-trends,
Evolutionary Composition,evolutionary-composition,exact,ftsg-tech-trends,
Evolutionary wiring of neural nets,evolutionary-wiring-of-neural-nets,exact,kurzweil,
Evolving Search Interfaces,evolving-search-interfaces,exact,ftsg-tech-trends,
EVs at Home,evs-at-home,normalized,ftsg-tech-trends,
EVs At Home,evs-at-home,exact,ftsg-tech-trends,
Exascale computers,exascale-computers,exact,mit-tr-10-breakthrough,
Exascale Supercomputing,exascale-supercomputing,exact,ftsg-tech-trends,
Exocortex,exocortex,exact,envisioning-technology,
Exoskeleton,exoskeletons,normalized,gartner-hype-cycle,
Exoskeletons,exoskeletons,exact,envisioning-health;envisioning-technology,
Powered exoskeleton,exoskeletons,judgment,envisioning-technology,Same technology; the poster's raw revision records the rename.
Exoskeletons for paraplegics,exoskeletons-for-paraplegics,exact,kurzweil,
Exoskeletons Unlock Superhuman Potential,exoskeletons-unlock-superhuman-potential,exact,ftsg-tech-trends,
Expanded Organoid Use,expanded-organoid-use,exact,ftsg-tech-trends,
Expanded Payload Capacity,expanded-payload-capacity,exact,ftsg-tech-trends,
Expanding market,expanding-market,exact,ftsg-tech-trends,
Expanding Market,expanding-market,normalized,ftsg-tech-trends,
Expanding Medical Mis- and Disinformation,expanding-medical-mis-and-disinformation,exact,ftsg-tech-trends,
Expanding Use of Facial Recognition Systems,expanding-use-of-facial-recognition-systems,exact,ftsg-tech-trends,
"Experimental, adventurous consumption",experimental-adventurous-consumption,exact,trendwatching,
Expertise Location and Management,expertise-location-and-management,exact,gartner-hype-cycle,
Explainable AI,explainable-ai,exact,gartner-hype-cycle,
Explainable AI (XAI),explainable-ai-xai,exact,ftsg-tech-trends,
Exponential Growth in Autonomous Driving Data,exponential-growth-in-autonomous-driving-data,exact,ftsg-tech-trends,
Exponential Growth in Autonomous Miles Data,exponential-growth-in-autonomous-miles-data,exact,ftsg-tech-trends,
Extended reality headsets,extended-reality-headsets,exact,deloitte-tmt-predictions,
Extended reality (VR/AR),extended-reality-vr-ar,exact,accenture-tech-vision,
Extended reality (XR) devices for developers,extended-reality-xr-devices-for-developers,exact,a16z-big-ideas,
Extensible Business Reporting Language,extensible-business-reporting-language,exact,gartner-hype-cycle,
External BCI,external-bci,exact,ftsg-tech-trends,
External CIO hiring,external-cio-hiring,exact,idc-futurescape,
External MPP Grids,external-mpp-grids,exact,gartner-hype-cycle,
Extranets,extranets,exact,gartner-hype-cycle,
Energy price volatility,extreme-energy-price-volatility,judgment,wef-global-risks,"WEF's own GRR 2020 retrospective figure relabels the 2011 entry ""Extreme energy price volatility"" as ""Energy price volatility""."
Extreme energy price volatility,extreme-energy-price-volatility,exact,wef-global-risks,
Extreme Transaction Processing,extreme-transaction-processing,exact,gartner-hype-cycle,
Extreme volatility in energy and agriculture prices,extreme-volatility-in-energy-and-agriculture-prices,exact,wef-global-risks,
Extreme weather,extreme-weather-events,judgment,wef-global-risks,"WEF's own GRR 2020 retrospective figure relabels the 2014 entry ""Extreme weather events"" as ""Extreme weather""."
Extreme Weather,extreme-weather-events,judgment,ftsg-tech-trends,"FTSG's 'Extreme Weather Events' (2019-2022) is retitled 'Extreme Weather' (2023-2024) with the same content; WEF's 'Extreme weather' is already on this subject. (subject dupes review, d48)"
Extreme weather events,extreme-weather-events,exact,wef-global-risks,
Extreme Weather Events,extreme-weather-events,normalized,ftsg-tech-trends,
Extremely Fast EV Chargers,extremely-fast-ev-chargers,exact,ftsg-tech-trends,
Eye in the Sky,eye-in-the-sky,exact,ftsg-tech-trends,
Eye In The Sky,eye-in-the-sky,exact,ftsg-tech-trends,
Eye tracking,eye-tracking,exact,envisioning-education,
Eyewear-embedded screens,eyewear-embedded-screens,exact,envisioning-technology,
Eyewear / HUDs,eyewear-huds,exact,envisioning-education,
Fabric-embedded screens,fabric-embedded-screens,exact,envisioning-technology,
Fabricating Organoids,fabricating-organoids,exact,ftsg-tech-trends,
Facebook as social integration hub,facebook-as-social-integration-hub,exact,gartner-strategic-predictions,
Facebook's Timeline,facebook-s-timeline,exact,mit-tr-10-breakthrough,
Faceless AI-enabled video creators,faceless-ai-enabled-video-creators,exact,a16z-big-ideas,
Faceless Recognition,faceless-recognition,exact,ftsg-tech-trends,
Faceprints,faceprints,exact,ftsg-tech-trends,
Facial Recognition for Animation,facial-recognition-for-animation,exact,ftsg-tech-trends,
Factory-style production in heavy industry,factory-style-production-in-heavy-industry,exact,a16z-big-ideas,
Failed and failing states,failed-and-failing-states,exact,wef-global-risks,
Failure of a major financial mechanism/institution,failure-of-a-major-financial-mechanism-institution,exact,wef-global-risks,
Climate action failure,failure-of-climate-change-adaptation,judgment,wef-global-risks,"WEF's own GRR 2020 retrospective figure relabels the 2013 entry ""Failure of climate change adaptation"" as ""Climate action failure""."
Failure of climate change adaptation,failure-of-climate-change-adaptation,exact,wef-global-risks,
Failure of climate-change adaptation,failure-of-climate-change-adaptation,normalized,wef-global-risks,
Failure of climate change mitigation and adaptation,failure-of-climate-change-mitigation-and-adaptation,exact,wef-global-risks,
Failure of national governance,failure-of-national-governance,exact,wef-global-risks,
Failure to mitigate climate change,failure-to-mitigate-climate-change,exact,wef-global-risks,
Fall of Saddam Hussein,fall-of-saddam-hussein,exact,economist-world-ahead,
False information consumption,false-information-consumption,exact,gartner-strategic-predictions,
Fan-Centric Tech,fan-centric-tech,exact,ftsg-tech-trends,
Fan Ownership Models,fan-ownership-models,exact,ftsg-tech-trends,
Fandom on the Blockchain,fandom-on-the-blockchain,exact,ftsg-tech-trends,
Farm Management Platforms,farm-management-platforms,exact,ftsg-tech-trends,
Farming-as-a-Service,farming-as-a-service,exact,ftsg-tech-trends,
Fashion combined with health and wellbeing,fashion-combined-with-health-and-wellbeing,exact,trendwatching,
Fast-learning robots,fast-learning-robots,exact,mit-tr-10-breakthrough,
Faster and More Powerful Open Source Frameworks,faster-and-more-powerful-open-source-frameworks,exact,ftsg-tech-trends,
Faster Flowering,faster-flowering,exact,ftsg-tech-trends,
Faster Gene Synthesis,faster-gene-synthesis,exact,ftsg-tech-trends,
Faster-Growing Trees,faster-growing-trees,exact,ftsg-tech-trends,
Fastest- and slowest-growing economies,fastest-and-slowest-growing-economies,exact,economist-world-ahead,
Fastest-growing big economy,fastest-growing-big-economy,exact,economist-world-ahead,
Fastest-growing economy; world heritage sites; tallest statue,fastest-growing-economy-world-heritage-sites-tallest-statue,exact,economist-world-ahead,
Federal Reserve chair succession,federal-reserve-chair-succession,exact,economist-world-ahead,
Federal Reserve rate rise in 2019,federal-reserve-rate-rise-in-2019,exact,economist-world-ahead,
Federal Reserve rate rises,federal-reserve-rate-rises,exact,economist-world-ahead,
Federal WFH,federal-wfh,exact,ftsg-tech-trends,
Federated AI governance,federated-ai-governance,exact,idc-futurescape,
Federated Learning,federated-learning,exact,ftsg-tech-trends,
Federated Machine Learning,federated-machine-learning,exact,gartner-hype-cycle,
FedNow real-time payments,fednow-real-time-payments,exact,a16z-big-ideas,
Fertilizer Innovation,fertilizer-innovation,exact,ftsg-tech-trends,
Fertilizing the Oceans,fertilizing-the-oceans,exact,ftsg-tech-trends,
Fiber to the home,fiber-to-the-home,exact,deloitte-tmt-predictions,
Filtering the Ocean of Plastic,filtering-the-ocean-of-plastic,exact,ftsg-tech-trends,
Financial back-office software,financial-back-office-software,exact,a16z-big-ideas,
Financial impact of cybercrime,financial-impact-of-cybercrime,exact,gartner-strategic-predictions,
Financial Inclusion,financial-inclusion,exact,ftsg-tech-trends,
Financial Inclusion and Serving the Underbanked,financial-inclusion-and-serving-the-underbanked,exact,ftsg-tech-trends,
Financial literacy services,financial-literacy-services,exact,trendwatching,
Financial Technologies,financial-technologies,exact,ftsg-tech-trends,
Fine Tuning,fine-tuning,exact,ftsg-tech-trends,
Fintech bank charters,fintech-bank-charters,exact,a16z-big-ideas,
First 6G Real-time Wire Transmission,first-6g-real-time-wire-transmission,exact,ftsg-tech-trends,
First-generation smart grid,first-generation-smart-grid,exact,envisioning-horizons,
First RNAi drug approval,first-rnai-drug-approval,exact,economist-world-ahead,
Fiscal crises,fiscal-crises,exact,wef-global-risks,
Fiscal crises in key economies,fiscal-crises,judgment,wef-global-risks,"Same risk, reworded."
Fishing,fishing,exact,ftsg-tech-trends,
Fitness trackers and healthcare costs,fitness-trackers-and-healthcare-costs,exact,gartner-strategic-predictions,
Fixed-line bandwidth demand,fixed-line-bandwidth-demand,exact,deloitte-tmt-predictions,
Fixed-line convergence services,fixed-line-convergence-services,exact,deloitte-tmt-predictions,
Fixed-line voice,fixed-line-voice,exact,deloitte-tmt-predictions,
Fixed-mobile convergence,fixed-mobile-convergence,exact,deloitte-tmt-predictions,
Fixed wireless access,fixed-wireless-access,exact,deloitte-tmt-predictions,
Flat-panel displays,flat-panel-displays,exact,deloitte-tmt-predictions,
Flat-panel TVs,flat-panel-tvs,exact,deloitte-tmt-predictions,
Flexible Content Models,flexible-content-models,exact,ftsg-tech-trends,
Flexible Displays,flexible-displays,exact,ftsg-tech-trends,
"Flexible IT architecture (open source, containers, cloud first)",flexible-it-architecture-open-source-containers-cloud-first,exact,deloitte-tech-trends,
"Flexible, Programmable Chips",flexible-programmable-chips,exact,ftsg-tech-trends,
Flexible Real-Time Route Optimization,flexible-real-time-route-optimization,exact,ftsg-tech-trends,
Flexible screens,flexible-screens,exact,envisioning-technology,
Flexible Transistors,flexible-transistors,exact,mit-tr-10-breakthrough,
Flipped classrooms,flipped-classrooms,exact,envisioning-education,
Floating Cities,floating-cities,exact,ftsg-tech-trends,
Floating Nuclear Energy Plants,floating-nuclear-energy-plants,exact,ftsg-tech-trends,
Floating Nuclear Power Plants (FNPPs),floating-nuclear-power-plants-fnpps,exact,ftsg-tech-trends,
Floating Nuclear Reactors,floating-nuclear-reactors,exact,ftsg-tech-trends,
Floating solar,floating-solar,exact,deloitte-tmt-predictions,
Flooding,flooding,exact,wef-global-risks,
Flow Batteries,flow-batteries,exact,ftsg-tech-trends,
Fluid Knowledge,fluid-knowledge,exact,gartner-hype-cycle,
Fluid Movement,fluid-movement,exact,ftsg-tech-trends,
Flying Autonomous Vehicles,flying-autonomous-vehicles,exact,gartner-hype-cycle,
Flying Beyond Visual Line of Sight,flying-beyond-visual-line-of-sight,exact,ftsg-tech-trends,
Flying Taxis,flying-taxis,exact,ftsg-tech-trends,
Flying Taxis (eVTOLs),flying-taxis,judgment,ftsg-tech-trends,"Flying taxis are eVTOLs; acronym only. (subject dupes review, d48)"
Flywheel Business Models,flywheel-business-models,exact,ftsg-tech-trends,
FOBO (Fear Of Being Offline),fobo-fear-of-being-offline,exact,ftsg-tech-trends,
Focus on Asset Management,focus-on-asset-management,exact,ftsg-tech-trends,
Folksonomies,folksonomies,exact,gartner-hype-cycle,
Follow Me Autonomously,follow-me-autonomously,exact,ftsg-tech-trends,
Follow-Me Autonomously,follow-me-autonomously,normalized,ftsg-tech-trends,
Food,food,exact,ftsg-tech-trends,
Food Cybersecurity,food-cybersecurity,exact,ftsg-tech-trends,
Food Recognition Systems,food-recognition-systems,exact,ftsg-tech-trends,
food security,food-security,exact,nic-global-trends,
Food crises,food-shortage-crises,judgment,wef-global-risks,"WEF's own GRR 2020 retrospective figure relabels the 2012 entry ""Food shortage crises"" as ""Food crises""."
Food shortage crises,food-shortage-crises,exact,wef-global-risks,
"food, water and energy demand",food-water-and-energy-demand,exact,nic-global-trends,
Forced Bundling and Planned Obsolescence,forced-bundling-and-planned-obsolescence,exact,ftsg-tech-trends,
Forced Obsolescence,forced-obsolescence,exact,ftsg-tech-trends,
Forced Updates,forced-updates,exact,ftsg-tech-trends,
Forced Updates To Firmware and Software,forced-updates-to-firmware-and-software,exact,ftsg-tech-trends,
Foreign Infrastructure Investment,foreign-infrastructure-investment,exact,ftsg-tech-trends,
Forensic AR / VR,forensic-ar-vr,normalized,ftsg-tech-trends,
Forensic AR/VR,forensic-ar-vr,exact,ftsg-tech-trends,
Formal communication #backchannels,formal-communication-backchannels,exact,envisioning-education,
Formal specification and runtime enforcement in DeFi security,formal-specification-and-runtime-enforcement-in-defi-security,exact,a16z-big-ideas,
Formal verification of smart contracts,formal-verification-of-smart-contracts,exact,a16z-big-ideas,
Fortifying the Data Center,fortifying-the-data-center,exact,ftsg-tech-trends,
Forward-deployed AI adoption in legacy industries,forward-deployed-ai-adoption-in-legacy-industries,exact,a16z-big-ideas,
Foundation-model robotics,foundation-model-robotics,exact,accenture-tech-vision,
Foundation model scaling,foundation-model-scaling,exact,deloitte-tech-trends,
Foundation Models,foundation-models,exact,gartner-hype-cycle,
Foundation models and generative AI,foundation-models-and-generative-ai,exact,accenture-tech-vision,
Foundational Data US,foundational-data-us,exact,ftsg-tech-trends,
FPGAs (Field Programmable Gate Arrays),fpgas-field-programmable-gate-arrays,exact,ftsg-tech-trends,
Fractional Ownership,fractional-ownership,exact,ftsg-tech-trends,
Fragmentation,fragmentation,exact,ftsg-tech-trends,
Fragmentation of the Virtual Persona,fragmentation-of-the-virtual-persona,exact,ftsg-tech-trends,
Fragmentation of Virtual Identity,fragmentation-of-virtual-identity,exact,ftsg-tech-trends,
Fragmented Approaches to Privacy and Data Ownership,fragmented-approaches-to-privacy-and-data-ownership,exact,ftsg-tech-trends,
Framework Consolidation,framework-consolidation,exact,ftsg-tech-trends,
Fraud Mitigation,fraud-mitigation,exact,ftsg-tech-trends,
Free online services and spam,free-online-services-and-spam,exact,deloitte-tmt-predictions,
Free Roaming Immersive Entertainment,free-roaming-immersive-entertainment,exact,ftsg-tech-trends,
Free-space optical communications,free-space-optical-communications,exact,a16z-big-ideas,
Freelance customer service,freelance-customer-service,exact,gartner-strategic-predictions,
Frictionless Payments,frictionless-payments,exact,ftsg-tech-trends,
Frictionless Stays,frictionless-stays,exact,ftsg-tech-trends,
Frivolity and play for adults,frivolity-and-play-for-adults,exact,trendwatching,
Frontline worker empowerment,frontline-worker-empowerment,exact,idc-futurescape,
Fruits and Veggies to Save the Planet,fruits-and-veggies-to-save-the-planet,exact,ftsg-tech-trends,
FTC,ftc,exact,ftsg-tech-trends,
Fuel-cell vehicle cost parity,fuel-cell-vehicle-cost-parity,exact,mckinsey-tech-trends,
fuel cell vehicles,fuel-cell-vehicles,exact,shell-scenarios,
fuel cells,fuel-cells,normalized,shell-scenarios,
Fuel cells,fuel-cells,exact,envisioning-horizons;envisioning-technology,
Fuel-Free Space Propulsion Systems,fuel-free-space-propulsion-systems,exact,ftsg-tech-trends,
Full-body cryopreservation,full-body-cryopreservation,exact,envisioning-health,
Full body simulation,full-body-simulation,exact,envisioning-health,
Full brain simulation,full-brain-simulation,exact,envisioning-health,
Full Genome Exams,full-genome-exams,exact,ftsg-tech-trends,
Full human brain simulation,full-human-brain-simulation,exact,kurzweil,
Full tactile virtual environment,full-tactile-virtual-environment,exact,kurzweil,
Fully on-chain games (autonomous worlds),fully-on-chain-games-autonomous-worlds,exact,a16z-big-ideas,
Fully reusable heavy-lift launch (Starship),fully-reusable-heavy-lift-launch-starship,exact,a16z-big-ideas,
Fun and hedonism as relief from anxiety,fun-and-hedonism-as-relief-from-anxiety,exact,trendwatching,
Fun and play as relief from anxiety,fun-and-play-as-relief-from-anxiety,exact,trendwatching,
Funding Basic Research,funding-basic-research,exact,ftsg-tech-trends,
Funding Digital Infrastructure Development,funding-digital-infrastructure-development,exact,ftsg-tech-trends,
Funding Influx,funding-influx,exact,ftsg-tech-trends,
Fusion,fusion,exact,ftsg-tech-trends,
Fusion Momentum,fusion-momentum,exact,ftsg-tech-trends,
Fusion Power,fusion-power,exact,ftsg-tech-trends,
Fusion Reaches a Major Milestone,fusion-reaches-a-major-milestone,exact,ftsg-tech-trends,
Fusion Theater,fusion-theater,exact,ftsg-tech-trends,
Future of Work,future-of-work,exact,ftsg-tech-trends,
G-Zero and the Middle East,g-zero-and-the-middle-east,exact,eurasia-top-risks,
GAA Homes,gaa-homes,exact,ftsg-tech-trends,
Gaining Access to Backdoors,gaining-access-to-backdoors,exact,ftsg-tech-trends,
Gains and Pains,gains-and-pains,exact,ftsg-tech-trends,
Gait Recognition,gait-recognition,exact,ftsg-tech-trends,
Galactic Gas Stations,galactic-gas-stations,exact,ftsg-tech-trends,
Galactic Refueling Stations,galactic-refueling-stations,exact,ftsg-tech-trends,
Galactic Ride Sharing,galactic-ride-sharing,exact,ftsg-tech-trends,
Game and film convergence,game-and-film-convergence,exact,deloitte-tmt-predictions,
Game companies as entertainment franchises,game-companies-as-entertainment-franchises,exact,a16z-big-ideas,
Game consoles,game-consoles,exact,deloitte-tmt-predictions,
Game technology in non-game industries,game-technology-in-non-game-industries,exact,a16z-big-ideas,
Games and film IP crossover,games-and-film-ip-crossover,exact,deloitte-tmt-predictions,
Games as first market for emerging technologies,games-as-first-market-for-emerging-technologies,exact,a16z-big-ideas,
Games as social networks,games-as-social-networks,exact,a16z-big-ideas,
Games industry M&A,games-industry-m-and-a,exact,deloitte-tmt-predictions,
Games with creative tools (user creation),games-with-creative-tools-user-creation,exact,a16z-big-ideas,
Games with real-world effects,games-with-real-world-effects,exact,trendwatching,
gamification,gamification,normalized,pew-elon-imagining,
Gamification,gamification,exact,deloitte-tech-trends;gartner-hype-cycle;gartner-strategic-predictions,
Gamification of media,gamification-of-media,exact,envisioning-technology,
Gamified Health Toys and Games,gamified-health-toys-and-games,exact,ftsg-tech-trends,
Gaming includes immersive VR,gaming-includes-immersive-vr,exact,kurzweil,
Gaming market,gaming-market,exact,ark-big-ideas,
Gaming Subscription Wars,gaming-subscription-wars,exact,ftsg-tech-trends,
GAN-Assisted Creativity,gan-assisted-creativity,exact,ftsg-tech-trends,
Gattaca Baby Tests,gattaca-baby-tests,exact,ftsg-tech-trends,
GDPR Copycats,gdpr-copycats,exact,ftsg-tech-trends,
"GDPR, Privacy Laws, and Hackers Threaten the Internet of Things",gdpr-privacy-laws-and-hackers-threaten-the-internet-of-things,exact,ftsg-tech-trends,
GenAI adoption pressure,genai-adoption-pressure,exact,idc-futurescape,
GenAI and low-code development,genai-and-low-code-development,exact,idc-futurescape,
GenAI branding,genai-branding,exact,gartner-strategic-predictions,
GenAI disruption of productivity tools,genai-disruption-of-productivity-tools,exact,gartner-strategic-predictions,
GenAI-enabled services delivery,genai-enabled-services-delivery,exact,idc-futurescape,
GenAI for legacy application modernization,genai-for-legacy-application-modernization,exact,gartner-strategic-predictions,
GenAI investment pullback,genai-investment-pullback,exact,idc-futurescape,
Gender and Race Biased AI,gender-and-race-biased-ai,exact,ftsg-tech-trends,
Gender pay gap remediation,gender-pay-gap-remediation,exact,gartner-strategic-predictions,
CRISPR Genome-Editing,gene-editing,judgment,ark-big-ideas,Same technology: targeted editing of genomes (CRISPR and related tools).
Gene Editing,gene-editing,exact,ark-big-ideas;ftsg-tech-trends,
Genome Editing,gene-editing,judgment,mit-tr-10-breakthrough,Same technology: targeted editing of genomes (CRISPR and related tools).
Gene Editing Ethics,gene-editing-ethics,exact,ftsg-tech-trends,
Gene Editing for Rare Diseases Expands,gene-editing-for-rare-diseases-expands,exact,ftsg-tech-trends,
Gene editing market value,gene-editing-market-value,exact,ark-big-ideas,
Gene editing revenue,gene-editing-revenue,exact,ark-big-ideas,
Gene resurrection,gene-resurrection,exact,mit-tr-10-breakthrough,
Gene Surgery,gene-surgery,exact,ftsg-tech-trends,
Gene therapy,gene-therapy,exact,envisioning-health;envisioning-technology,
Gene Therapy 2.0,gene-therapy,judgment,mit-tr-10-breakthrough,MIT's 2016 entry is gene therapy.
Gene therapy approvals,gene-therapy-approvals,exact,ark-big-ideas,
Gene Vandalism,gene-vandalism,exact,ftsg-tech-trends,
General-Purpose Machine Intelligence,general-purpose-machine-intelligence,exact,gartner-hype-cycle,
General Purpose Robots,general-purpose-robots,exact,ftsg-tech-trends,
General-Purpose Robots,general-purpose-robots,normalized,ftsg-tech-trends,
General Reinforcement Learning Algorithm,general-reinforcement-learning-algorithm,exact,ftsg-tech-trends,
General Reinforcement Learning Algorithms,general-reinforcement-learning-algorithm,normalized,ftsg-tech-trends,
Generating Music From Text,generating-music-from-text,exact,ftsg-tech-trends,
Generating Virtual Environments,generating-virtual-environments,exact,ftsg-tech-trends,
Generating Virtual Environments from Short Videos,generating-virtual-environments-from-short-videos,normalized,ftsg-tech-trends,
Generating Virtual Environments From Short Videos,generating-virtual-environments-from-short-videos,exact,ftsg-tech-trends,
Dueling Neural Networks,generative-adversarial-networks,judgment,mit-tr-10-breakthrough,MIT's 2018 entry describes generative adversarial networks.
Generative Adversarial Networks,generative-adversarial-networks,exact,gartner-hype-cycle,
Generative Adversarial Networks (GANs),generative-adversarial-networks,judgment,ftsg-tech-trends,"Acronym only. (subject dupes review, d48)"
Generative AI,generative-ai,exact,deloitte-tech-trends;gartner-hype-cycle;mckinsey-tech-trends,
Generative AI adoption by gender,generative-ai-adoption-by-gender,exact,deloitte-tmt-predictions,
Generative AI adoption (embedded vs standalone),generative-ai-adoption-embedded-vs-standalone,exact,deloitte-tmt-predictions,
Generative AI adoption in financial institutions,generative-ai-adoption-in-financial-institutions,exact,a16z-big-ideas,
Generative AI and cybersecurity,generative-ai-and-cybersecurity,exact,deloitte-tmt-predictions,
Generative AI and workforce learning,generative-ai-and-workforce-learning,exact,accenture-tech-vision,
Generative AI chatbots and enterprise knowledge (LLM advisors),generative-ai-chatbots-and-enterprise-knowledge-llm-advisors,exact,accenture-tech-vision,
Generative AI consumer creation tools,generative-ai-consumer-creation-tools,exact,a16z-big-ideas,
Generative AI enterprise investment,generative-ai-enterprise-investment,exact,mckinsey-tech-trends,
Generative AI for enterprise workflows,generative-ai-for-enterprise-workflows,exact,a16z-big-ideas,
Generative AI for financial professional services,generative-ai-for-financial-professional-services,exact,a16z-big-ideas,
Generative AI for game assets,generative-ai-for-game-assets,exact,a16z-big-ideas,
Generative AI for Personal Expression,generative-ai-for-personal-expression,exact,ftsg-tech-trends,
Generative AI Gains Wide Acceptance,generative-ai-gains-wide-acceptance,exact,ftsg-tech-trends,
Generative AI in enterprise software,generative-ai-in-enterprise-software,exact,deloitte-tmt-predictions,
Generative AI in enterprise systems and AI agents,generative-ai-in-enterprise-systems-and-ai-agents,exact,accenture-tech-vision,
Generative AI in film and TV production,generative-ai-in-film-and-tv-production,exact,deloitte-tmt-predictions,
Generative AI in the IT function,generative-ai-in-the-it-function,exact,deloitte-tech-trends,
Generative AI Modalities Expand,generative-ai-modalities-expand,exact,ftsg-tech-trends,
Generative AI momentum,generative-ai-momentum,exact,mckinsey-tech-trends,
Generative AI search,generative-ai-search,exact,mit-tr-10-breakthrough,
Generative AI talent demand,generative-ai-talent-demand,exact,mckinsey-tech-trends,
Generative AI use by nonprofits,generative-ai-use-by-nonprofits,exact,trendwatching,
Generative AI video,generative-ai-video,exact,deloitte-tmt-predictions,
Generative Algorithms for Content Production,generative-algorithms-for-content-production,exact,ftsg-tech-trends,
Generative Algorithms For Sound,generative-algorithms-for-sound,exact,ftsg-tech-trends,
Generative Algorithms for Voice,generative-algorithms-for-voice,exact,ftsg-tech-trends,
Generative Algorithms For Voice,generative-algorithms-for-voice,normalized,ftsg-tech-trends,
"Generative Algorithms for Voice, Sound and Video",generative-algorithms-for-voice-sound-and-video,normalized,ftsg-tech-trends,
"Generative Algorithms For Voice, Sound and Video",generative-algorithms-for-voice-sound-and-video,exact,ftsg-tech-trends,
"Generative Algorithms for Voice, Sound, and Video",generative-algorithms-for-voice-sound-and-video,normalized,ftsg-tech-trends,
Generative Antibody Design,generative-antibody-design,exact,ftsg-tech-trends,
Generative Biology,generative-biology,exact,ftsg-tech-trends,
Generative coding,generative-coding,exact,mit-tr-10-breakthrough,
Generative Cybersecurity AI,generative-cybersecurity-ai,exact,gartner-hype-cycle,
Generative Design AI,generative-design-ai,exact,gartner-hype-cycle,
Generative engine optimization (GEO),generative-engine-optimization-geo,exact,deloitte-tech-trends,
Generative UI,generative-ui,exact,ftsg-tech-trends,
Generative User Interfaces,generative-user-interfaces,exact,ftsg-tech-trends,
Genetic code and brain wiring,genetic-code-and-brain-wiring,exact,kurzweil,
Genetic engineering,genetic-engineering,exact,envisioning-health,
Genetic Fortune-Telling,genetic-fortune-telling,exact,mit-tr-10-breakthrough,
Genetic Privacy,genetic-privacy,exact,ftsg-tech-trends,
Genetic Privacy in a Post-Pandemic World,genetic-privacy-in-a-post-pandemic-world,exact,ftsg-tech-trends,
Genetic Recognition,genetic-recognition,exact,ftsg-tech-trends,
Genetic Research’s Bias Problem,genetic-research-s-bias-problem,exact,ftsg-tech-trends,
Genetic Scoring,genetic-scoring,exact,ftsg-tech-trends,
Genetic Screening,genetic-screening,exact,ftsg-tech-trends,
Genetic Screening for Pregnancy,genetic-screening-for-pregnancy,exact,ftsg-tech-trends,
Genetically designed food,genetically-designed-food,exact,envisioning-horizons,
Genetically Engineered Space Farming,genetically-engineered-space-farming,exact,ftsg-tech-trends,
Genetically Modified Cephalopods,genetically-modified-cephalopods,exact,ftsg-tech-trends,
Genome Editing Research Clashes With Policy and Public Opinion,genome-editing-research-clashes-with-policy-and-public-opinion,exact,ftsg-tech-trends,
Genome life processes understood,genome-life-processes-understood,exact,kurzweil,
Genome sequencing cost,genome-sequencing-cost,exact,ark-big-ideas,
Genomic Editing,genomic-editing,exact,ftsg-tech-trends,
Genomics market value,genomics-market-value,exact,ark-big-ideas,
Geoeconomic confrontation,geoeconomic-confrontation,exact,wef-global-risks,
Geoeconomic confrontations,geoeconomic-confrontation,normalized,wef-global-risks,
Geoengineering,geoengineering,exact,ftsg-tech-trends,
Geoengineering Policy,geoengineering-policy,exact,ftsg-tech-trends,
Geography Reshapes the Virtual World,geography-reshapes-the-virtual-world,exact,ftsg-tech-trends,
Geopatriation,geopatriation,exact,gartner-hype-cycle,
Geopolitical conflict,geopolitical-conflict,exact,wef-global-risks,
Geopolitical Europe,geopolitical-europe,exact,eurasia-top-risks,
Geopolitical resource contestation,geopolitical-resource-contestation,exact,wef-global-risks,
Geopolitical Space Tensions,geopolitical-space-tensions,exact,ftsg-tech-trends,
Geopolitical Tensions in Space,geopolitical-tensions-in-space,exact,ftsg-tech-trends,
Geopolitical Tensions over Space Junk,geopolitical-tensions-over-space-junk,exact,ftsg-tech-trends,
Geopolitics,geopolitics,exact,ftsg-tech-trends,
Geopolitics of energy,geopolitics-of-energy,exact,eurasia-top-risks,
Geopolitics of Sports,geopolitics-of-sports,exact,ftsg-tech-trends,
Geospatial visualization,geospatial-visualization,exact,deloitte-tech-trends,
Geothermal,geothermal,exact,ftsg-tech-trends,
Gestural Interfaces and Biointerfaces,gestural-interfaces-and-biointerfaces,exact,ftsg-tech-trends,
Gesture and speech interfaces,gesture-and-speech-interfaces,exact,kurzweil,
Gesture Control,gesture-control,exact,gartner-hype-cycle,
Gesture Control Devices,gesture-control,judgment,gartner-hype-cycle,Same Hype Cycle technology group.
Gestural Interfaces,gesture-recognition,judgment,mit-tr-10-breakthrough,Same interface technology.
Gesture recognition,gesture-recognition,exact,envisioning-technology,
Gesture Recognition,gesture-recognition,normalized,ftsg-tech-trends;gartner-hype-cycle,
Gesture Recognition and Natural User Interfaces,gesture-recognition-and-natural-user-interfaces,exact,ftsg-tech-trends,
Getting a Grip,getting-a-grip,exact,ftsg-tech-trends,
Gigabit broadband,gigabit-broadband,exact,deloitte-tmt-predictions,
Giorgia Meloni becomes Italian prime minister,giorgia-meloni-becomes-italian-prime-minister,exact,economist-world-ahead,
GitOps,gitops,exact,gartner-hype-cycle,
Giving by emerging-market brands and wealthy individuals,giving-by-emerging-market-brands-and-wealthy-individuals,exact,trendwatching,
Glitches,glitches,exact,ftsg-tech-trends,
Global auto sales,global-auto-sales,exact,ark-big-ideas,
Global Battery Belts,global-battery-belts,exact,ftsg-tech-trends,
Global Biobanks Improve Disease Research,global-biobanks-improve-disease-research,exact,ftsg-tech-trends,
global business environment,global-business-environment,exact,shell-scenarios,
global CH4 emissions,global-ch4-emissions,exact,ipcc-pathways,
global CO2 emissions from fossil fuels and industry,global-co2-emissions-from-fossil-fuels-and-industry,exact,ipcc-pathways,
Global CO2 emissions peak,global-co2-emissions-peak,exact,economist-world-ahead,
Global Conflicts Spur Re-Globalization,global-conflicts-spur-re-globalization,exact,ftsg-tech-trends,
Global Crypto Regulation,global-crypto-regulation,exact,ftsg-tech-trends,
Global Cybersecurity Pacts,global-cybersecurity-pacts,exact,ftsg-tech-trends,
Global data reckoning,global-data-reckoning,exact,eurasia-top-risks,
Global Data Scientist Shortages,global-data-scientist-shortages,exact,ftsg-tech-trends,
global economic growth,global-economic-growth,exact,nic-global-trends,
global economic power shift,global-economic-power-shift,exact,nic-global-trends,
global economy,global-economy,exact,nic-global-trends,
global elite,global-elite,exact,shell-scenarios,
Global energy transition stalls,global-energy-transition-stalls,exact,eurasia-top-risks,
Electric vehicle sales,global-ev-sales,judgment,ark-big-ideas,ARK's metric is global annual EV sales.
Global GDP,global-gdp,exact,ark-big-ideas,
Global governance failure,global-governance-failure,exact,wef-global-risks,
Global governance gaps,global-governance-gaps,exact,wef-global-risks,
global governance institutions,global-governance-institutions,exact,nic-global-trends,
global greenhouse gas emissions pathway,global-greenhouse-gas-emissions-pathway,exact,ipcc-pathways,
global low-cost mobile network,global-low-cost-mobile-network,exact,pew-elon-imagining,
global online population,global-online-population,exact,envisioning-technology,
global order,global-order,exact,nic-global-trends,
global power distribution,global-power-distribution,exact,nic-global-trends,
Global protectionism,global-protectionism,exact,eurasia-top-risks,
Global Quantum Competition,global-quantum-competition,exact,ftsg-tech-trends,
Global Quantum Computing Race,global-quantum-computing-race,exact,ftsg-tech-trends,
Global recession timing,global-recession-timing,exact,economist-world-ahead,
Global risk portfolios,global-risk-portfolios,exact,idc-futurescape,
Global Rush to Fund A.I.,global-rush-to-fund-a-i,exact,ftsg-tech-trends,
Global Rush to Fund AI,global-rush-to-fund-a-i,normalized,ftsg-tech-trends,
Global tech cold war,global-tech-cold-war,exact,eurasia-top-risks,
global total CO2 emissions,global-total-co2-emissions,exact,ipcc-pathways,
Global workplace telecommuting,global-workplace-telecommuting,exact,kurzweil,
globalisation,globalisation,exact,shell-scenarios,
globalization,globalization,normalized,nic-global-trends,
Globalization,globalization,exact,ftsg-tech-trends,
Globalized consumer innovation,globalized-consumer-innovation,exact,trendwatching,
Glycomics,glycomics,exact,mit-tr-10-breakthrough,
Going Bladeless,going-bladeless,exact,ftsg-tech-trends,
Going Where We’ve Never Gone Before,going-where-we-ve-never-gone-before,exact,ftsg-tech-trends,
governance,governance,exact,nic-global-trends,
Governance Sandboxes,governance-sandboxes,exact,ftsg-tech-trends,
Governing Space,governing-space,exact,ftsg-tech-trends,
Government Investment,government-investment,exact,ftsg-tech-trends,
Government Investment and Regulation,government-investment-and-regulation,exact,ftsg-tech-trends,
Government Requests for Backdoor Access,government-requests-for-backdoor-access,exact,ftsg-tech-trends,
"Governments Asking Tech Companies To Help Fight the Spread of Misinformation, Propaganda and Terrorism",governments-asking-tech-companies-to-help-fight-the-spread-of-misinformation-propaganda-and-terrorism,exact,ftsg-tech-trends,
GP Models,gp-models,exact,ftsg-tech-trends,
GPS phones,gps-phones,exact,deloitte-tmt-predictions,
GPT-3,gpt-3,exact,mit-tr-10-breakthrough,
GPT-3’s Influence,gpt-3-s-influence,exact,ftsg-tech-trends,
GPUs (Graphics Processing Units),gpus-graphics-processing-units,exact,ftsg-tech-trends,
Grammar-checking software,grammar-checking-software,exact,kurzweil,
Graph Analytics,graph-analytics,exact,gartner-hype-cycle,
Graph Data Science,graph-data-science,exact,gartner-hype-cycle,
Graph Neural Networks,graph-neural-networks,exact,ftsg-tech-trends,
Graphene,graphene,exact,deloitte-tmt-predictions;envisioning-horizons;envisioning-technology,
Graphene Transistors,graphene-transistors,exact,mit-tr-10-breakthrough,
Gravitational Energy Storage,gravitational-energy-storage,exact,ftsg-tech-trends,
great power conflict,great-power-conflict,exact,nic-global-trends,
"Greater incidence of extreme weather events (e.g. floods, storms, fires)",greater-incidence-of-extreme-weather-events-e-g-floods-storms-fires,exact,wef-global-risks,
Greatest gains are in the stock market,greatest-gains-are-in-the-stock-market,exact,kurzweil,
Green Cement,green-cement,exact,ftsg-tech-trends,
Green Concrete,green-concrete,exact,mit-tr-10-breakthrough,
Green hydrogen,green-hydrogen,exact,mit-tr-10-breakthrough,
Green IT,green-it,exact,deloitte-tmt-predictions;gartner-hype-cycle,
Green Power and Propulsion,green-power-and-propulsion,exact,ftsg-tech-trends,
Green Propulsion,green-propulsion,exact,ftsg-tech-trends,
Green steel,green-steel,exact,mit-tr-10-breakthrough,
Green Steel and Iron,green-steel-and-iron,exact,ftsg-tech-trends,
Green Stimulus Plans,green-stimulus-plans,exact,ftsg-tech-trends,
Green Tech,green-tech,exact,ftsg-tech-trends,
Greener Fashion,greener-fashion,exact,ftsg-tech-trends,
Greening Fashion,greening-fashion,exact,ftsg-tech-trends,
Grid computing,grid-computing,exact,gartner-hype-cycle,
Grid Computing,grid-computing,normalized,gartner-hype-cycle;mit-tr-10-breakthrough,
Grid Instability,grid-instability,exact,ftsg-tech-trends,
Grid Management,grid-management,exact,ftsg-tech-trends,
Grid-Scale Energy Storage,grid-scale-energy-storage,exact,ftsg-tech-trends,
Grinder Biohacking,grinder-biohacking,exact,ftsg-tech-trends,
Grounding and Context Augmentation,grounding-and-context-augmentation,exact,ftsg-tech-trends,
Group Buying,group-buying,exact,gartner-hype-cycle,
Growing Blood,growing-blood,exact,ftsg-tech-trends,
Growing computer intelligence stirs discussion,growing-computer-intelligence-stirs-discussion,exact,kurzweil,
Growing Concern About Centralized Data Sets,growing-concern-about-centralized-data-sets,exact,ftsg-tech-trends,
Growing neo-Luddite movement,growing-neo-luddite-movement,exact,kurzweil,
Growing Organoids to Study Long COVID,growing-organoids-to-study-long-covid,exact,ftsg-tech-trends,
Growing Sex Cells,growing-sex-cells,exact,ftsg-tech-trends,
Growing Your Own Spare Parts,growing-your-own-spare-parts,exact,ftsg-tech-trends,
GSM,gsm,exact,deloitte-tmt-predictions,
Guardian agents for AI oversight,guardian-agents-for-ai-oversight,exact,gartner-strategic-predictions,
Guerilla Marketing: Crypto Airdrops,guerilla-marketing-crypto-airdrops,exact,ftsg-tech-trends,
Guilt-free consumption as status,guilt-free-consumption-as-status,exact,trendwatching,
Guilt-free convenience,guilt-free-convenience,exact,trendwatching,
Gut Models Mirror Human Digestive System,gut-models-mirror-human-digestive-system,exact,ftsg-tech-trends,
Gut probe in a pill,gut-probe-in-a-pill,exact,mit-tr-10-breakthrough,
Hacktivism Rising,hacktivism-rising,exact,ftsg-tech-trends,
"Hair Care, Soap, and Laundry Detergent",hair-care-soap-and-laundry-detergent,exact,ftsg-tech-trends,
Haiti,haiti,exact,nic-global-trends,
Half the world online,half-the-world-online,exact,economist-world-ahead,
Hand-held GPS devices help the blind navigate,hand-held-gps-devices-help-the-blind-navigate,exact,kurzweil,
Handhelds read aloud any digital document,handhelds-read-aloud-any-digital-document,exact,kurzweil,
“Handicap” redefined,handicap-redefined,exact,kurzweil,
Hands-On to Heads-Up,hands-on-to-heads-up,exact,ftsg-tech-trends,
Handwriting Recognition,handwriting-recognition,exact,gartner-hype-cycle,
HAPs,haps,exact,envisioning-technology,
Haptic Holography,haptic-holography,exact,ftsg-tech-trends,
Haptic VR booths,haptic-vr-booths,exact,kurzweil,
Haptic VR for medicine and sex,haptic-vr-for-medicine-and-sex,exact,kurzweil,
Haptic VR preferred mode,haptic-vr-preferred-mode,exact,kurzweil,
Haptic Wearables,haptic-wearables,exact,ftsg-tech-trends,
Haptics,haptics,exact,envisioning-technology,
Haptics common in gaming and simulation,haptics-common-in-gaming-and-simulation,exact,kurzweil,
Haptics let people touch and feel remotely,haptics-let-people-touch-and-feel-remotely,exact,kurzweil,
Haptics still limited,haptics-still-limited,exact,kurzweil,
hard disk capacity for $150,hard-disk-capacity-for-150,exact,envisioning-technology,
Hardware-software engineering jobs,hardware-software-engineering-jobs,exact,a16z-big-ideas,
HashCache,hashcache,exact,mit-tr-10-breakthrough,
HDTV,hdtv,exact,deloitte-tmt-predictions,
Head Mounted Displays,head-mounted-displays,exact,ftsg-tech-trends;gartner-hype-cycle,
Head-Mounted Displays,head-mounted-displays,normalized,ftsg-tech-trends,
Heads-up display,heads-up-display,exact,kurzweil,
Heads-Up Displays,heads-up-display,normalized,ftsg-tech-trends,
Headsets,headsets,exact,ftsg-tech-trends,
Health,health,exact,ftsg-tech-trends,
Health at the Workplace,health-at-the-workplace,exact,ftsg-tech-trends,
Health Care’s Environmental Impacts,health-care-s-environmental-impacts,exact,ftsg-tech-trends,
Health Data Infrastructure,health-data-infrastructure,exact,ftsg-tech-trends,
health innovation,health-innovation,exact,nic-global-trends,
Health monitor recommendations,health-monitor-recommendations,exact,kurzweil,
Health Passport,health-passport,exact,gartner-hype-cycle,
Health Scoring,health-scoring,exact,ftsg-tech-trends,
Health wearables,health-wearables,exact,deloitte-tmt-predictions,
Health Care-Specific LLMs,healthcare-specific-llms,normalized,ftsg-tech-trends,
Healthcare-Specific LLMs,healthcare-specific-llms,exact,ftsg-tech-trends,
Healthy Towns,healthy-towns,exact,ftsg-tech-trends,
Hearables and Earables,hearables-and-earables,exact,ftsg-tech-trends,
Hearables / Earables,hearables-earables,exact,ftsg-tech-trends,
Hearing Devices,hearing-devices,exact,ftsg-tech-trends,
Heartprints,heartprints,exact,ftsg-tech-trends,
Heat pumps,heat-pumps,exact,mit-tr-10-breakthrough,
Heavy Industries,heavy-industries,exact,ftsg-tech-trends,
Heavy Trucks,heavy-trucks,exact,ftsg-tech-trends,
Helping Dispensaries at the Bank,helping-dispensaries-at-the-bank,exact,ftsg-tech-trends,
Heterosexual AIDS epidemic in America and Europe,heterosexual-aids-epidemic-in-america-and-europe,exact,economist-world-ahead,
High-altitude stratospheric platforms,high-altitude-stratospheric-platforms,exact,envisioning-horizons,
High-frequency trading,high-frequency-trading,exact,envisioning-technology,
High-resolution fMRI,high-resolution-fmri,exact,envisioning-horizons,
High-resolution sound anywhere in 3D space,high-resolution-sound-anywhere-in-3d-space,exact,kurzweil,
High-Speed Materials Discovery,high-speed-materials-discovery,exact,mit-tr-10-breakthrough,
High-Tech Concierge Care,high-tech-concierge-care,exact,ftsg-tech-trends,
Hijacking Internet Traffic,hijacking-internet-traffic,exact,ftsg-tech-trends,
Hiring older workers,hiring-older-workers,exact,trendwatching,
HMDs and Smart Helmets,hmds-and-smart-helmets,exact,ftsg-tech-trends,
"HMDs, VR Headsets, and Smart Helmets",hmds-vr-headsets-and-smart-helmets,exact,ftsg-tech-trends,
"Holistic wellbeing (mental, emotional, spiritual)",holistic-wellbeing-mental-emotional-spiritual,exact,trendwatching,
Holograms,holograms,exact,ftsg-tech-trends,
Holographic Data Storage,holographic-data-storage,exact,ftsg-tech-trends,
Holographic Live Performances,holographic-live-performances,exact,ftsg-tech-trends,
Holographic Storage,holographic-storage,exact,gartner-hype-cycle,
Holography,holography,exact,envisioning-education;envisioning-technology,
Home Appliances That Can Talk To Each Other,home-appliances-that-can-talk-to-each-other,exact,ftsg-tech-trends,
Home Automation,home-automation,exact,ftsg-tech-trends,
Home Automation and the Internet of Things,home-automation-and-the-internet-of-things,exact,ftsg-tech-trends,
"home broadband adoption, United States",home-broadband-adoption-united-states,exact,pew-elon-imagining,
Home Health Monitoring,home-health-monitoring,exact,gartner-hype-cycle,
Home Offices Introduce New Cybersecurity Risks,home-offices-introduce-new-cybersecurity-risks,exact,ftsg-tech-trends,
Home Service Bots,home-service-bots,exact,ftsg-tech-trends,
Hometown Coins,hometown-coins,exact,ftsg-tech-trends,
Homomorphic Encryption,homomorphic-encryption,exact,gartner-hype-cycle;mit-tr-10-breakthrough,
Hong Kong handover,hong-kong-handover,exact,economist-world-ahead,
Hospitals as Tech Innovators,hospitals-as-tech-innovators,exact,ftsg-tech-trends,
Hosted Virtual Desktops,hosted-virtual-desktops,exact,gartner-hype-cycle,
Virtual desktop infrastructure,hosted-virtual-desktops,judgment,deloitte-tmt-predictions,Same technology under its infrastructure name.
HoT Platforms,hot-platforms,exact,ftsg-tech-trends,
Hot Solar Cells,hot-solar-cells,exact,mit-tr-10-breakthrough,
Hours worked,hours-worked,exact,ark-big-ideas,
Household robots not yet ubiquitous,household-robots-not-yet-ubiquitous,exact,kurzweil,
Household robots ubiquitous,household-robots-ubiquitous,exact,kurzweil,
Households average +100 computers,households-average-plus-100-computers,exact,kurzweil,
HTML5,html5,exact,gartner-hype-cycle,
Human agent of responsibility by law,human-agent-of-responsibility-by-law,exact,kurzweil,
Human-AI collaboration,human-ai-collaboration,exact,accenture-tech-vision,
Human-AI division of labor,human-ai-division-of-labor,exact,a16z-big-ideas,
Human augmentation,human-augmentation,normalized,deloitte-tmt-predictions,
Human Augmentation,human-augmentation,exact,gartner-hype-cycle,
Human-centered and behavioral design,human-centered-and-behavioral-design,exact,accenture-tech-vision,
Human-Centric Pervasive Computing,human-centric-pervasive-computing,exact,ftsg-tech-trends,
Human-computer interfaces,human-computer-interfaces,exact,deloitte-tmt-predictions,
Human-computer jam sessions,human-computer-jam-sessions,exact,kurzweil,
Human Digital Twins,human-digital-twins,exact,ftsg-tech-trends,
Human DNA-Powered Devices,human-dna-powered-devices,exact,ftsg-tech-trends,
Human environmental damage,human-environmental-damage,exact,wef-global-risks,
Human genomes sequenced,human-genomes-sequenced,exact,ark-big-ideas,
Human imperfection as a reaction to AI content,human-imperfection-as-a-reaction-to-ai-content,exact,trendwatching,
Human intelligence advantages harder to state,human-intelligence-advantages-harder-to-state,exact,kurzweil,
"Human interfaces (eye tracking, BCI, neurotech)",human-interfaces-eye-tracking-bci-neurotech,exact,accenture-tech-vision,
Human-level AI and AGI,human-level-ai-and-agi,exact,kurzweil,
Human-like computer interaction,human-like-computer-interaction,exact,kurzweil,
Human-machine art collaboration,human-machine-art-collaboration,exact,kurzweil,
Human-machine collaboration in the workforce,human-machine-collaboration-in-the-workforce,exact,accenture-tech-vision,
Human/Machine Coordination,human-machine-coordination,exact,ftsg-tech-trends,
Human-Machine Interfaces,human-machine-interfaces,exact,ftsg-tech-trends,
"Human-machine workforce (automation, AI)",human-machine-workforce-automation-ai,exact,deloitte-tech-trends,
Human-made environmental disasters,human-made-environmental-disasters,exact,wef-global-risks,
Human Migration Patterns Shift,human-migration-patterns-shift,exact,ftsg-tech-trends,
"Human soldiers replaced with remote weapons, drones",human-soldiers-replaced-with-remote-weapons-drones,exact,kurzweil,
Human Trials of Synthetic Wombs,human-trials-of-synthetic-wombs,exact,ftsg-tech-trends,
Human underclass as issue,human-underclass-as-issue,exact,kurzweil,
Humanoid robots,humanoid-robots,exact,ark-big-ideas,
Humanoid Robots,humanoid-robots,normalized,ftsg-tech-trends,
Humanoid Working Robots,humanoid-working-robots,exact,gartner-hype-cycle,
Humans Persuade AI,humans-persuade-ai,exact,ftsg-tech-trends,
Hybrid Animal-Plant Meats,hybrid-animal-plant-meats,exact,ftsg-tech-trends,
Hybrid assisted limbs,hybrid-assisted-limbs,exact,envisioning-health;envisioning-technology,
Hybrid Classical-Quantum,hybrid-classical-quantum,exact,ftsg-tech-trends,
Hybrid cloud,hybrid-cloud,exact,deloitte-tech-trends,
Hybrid Cloud Computing,hybrid-cloud-computing,exact,gartner-hype-cycle,
Hybrid Human-Computer Vision,hybrid-human-computer-vision,exact,ftsg-tech-trends,
Hybrid Human-Computer Vision Analysis,hybrid-human-computer-vision-analysis,exact,ftsg-tech-trends,
Hybrid/multicloud management,hybrid-multicloud-management,exact,idc-futurescape,
Hybrid Quantum-Classical,hybrid-quantum-classical,exact,ftsg-tech-trends,
Hybrid Urban Systems,hybrid-urban-systems,exact,ftsg-tech-trends,
Hybrid workforce and automation failures,hybrid-workforce-and-automation-failures,exact,idc-futurescape,
Hybrid workforce technical parity,hybrid-workforce-technical-parity,exact,idc-futurescape,
Hybrid workplace user support,hybrid-workplace-user-support,exact,idc-futurescape,
Hydro as a Water Battery,hydro-as-a-water-battery,exact,ftsg-tech-trends,
Hydro as “Water Battery”,hydro-as-water-battery,exact,ftsg-tech-trends,
Hydrogen,hydrogen,exact,ftsg-tech-trends,
Hydrogen energy storage & transport,hydrogen-energy-storage-and-transport,exact,envisioning-horizons,
Hydrogen fuel cells,hydrogen-fuel-cells,exact,deloitte-tmt-predictions,
Hydrogen planes,hydrogen-planes,exact,mit-tr-10-breakthrough,
Hydropower,hydropower,exact,ftsg-tech-trends,
Hygroelectricity,hygroelectricity,exact,ftsg-tech-trends,
Hyper-accurate positioning,hyper-accurate-positioning,exact,mit-tr-10-breakthrough,
Hyper-local Data Centers for Edge Computing,hyper-local-data-centers-for-edge-computing,normalized,ftsg-tech-trends,
Hyper-Local Data Centers for Edge Computing,hyper-local-data-centers-for-edge-computing,exact,ftsg-tech-trends,
Hyper-Personalization,hyper-personalization,exact,ftsg-tech-trends,
Hyper-personalized medicine,hyper-personalized-medicine,exact,mit-tr-10-breakthrough,
Hyperfinancialization,hyperfinancialization,exact,ftsg-tech-trends,
Hyperfinancialization with RWA Integration,hyperfinancialization-with-rwa-integration,exact,ftsg-tech-trends,
Hyperlocal social networking,hyperlocal-social-networking,exact,trendwatching,
Hyperrealistic Avatars,hyperrealistic-avatars,exact,ftsg-tech-trends,
Hyperrealistic Digital Personas,hyperrealistic-digital-personas,exact,ftsg-tech-trends,
Hyperscale AI data centers,hyperscale-ai-data-centers,exact,mit-tr-10-breakthrough,
Hyperscale data center capacity,hyperscale-data-center-capacity,exact,mckinsey-tech-trends,
Hyperscale data center hardware,hyperscale-data-center-hardware,exact,accenture-tech-vision,
Hyperscale Water Usage,hyperscale-water-usage,exact,ftsg-tech-trends,
Hyperscaler AI capital expenditure,hyperscaler-ai-capital-expenditure,exact,mckinsey-tech-trends,
Hypersonic flight,hypersonic-flight,exact,ark-big-ideas,
I-Teams for Algorithms and Data,i-teams-for-algorithms-and-data,normalized,ftsg-tech-trends,
I-Teams For Algorithms and Data,i-teams-for-algorithms-and-data,exact,ftsg-tech-trends,
ICC World Twenty20 2016 winner,icc-world-twenty20-2016-winner,exact,economist-world-ahead,
Idea Management,idea-management,exact,gartner-hype-cycle,
Identity politics in southern Asia,identity-politics-in-southern-asia,exact,eurasia-top-risks,
Identity services,identity-services,exact,gartner-hype-cycle,
Identity verification and onboarding (KYC),identity-verification-and-onboarding-kyc,exact,a16z-big-ideas,
Illness-Detecting Sensors,illness-detecting-sensors,exact,ftsg-tech-trends,
Image Completion,image-completion,exact,ftsg-tech-trends,
Image Recognition,image-recognition,exact,gartner-hype-cycle,
Image Reconstruction,image-reconstruction,exact,ftsg-tech-trends,
Imaging,imaging,exact,gartner-hype-cycle,
Imaging Space,imaging-space,exact,ftsg-tech-trends,
Imitating Human Perception: Advancing Computer Vision,imitating-human-perception-advancing-computer-vision,exact,ftsg-tech-trends,
Imitation Learning,imitation-learning,exact,ftsg-tech-trends,
Immersive 3D projections,immersive-3d-projections,exact,envisioning-technology,
Immersive Amusement Park Experiences,immersive-amusement-park-experiences,exact,ftsg-tech-trends,
Immersive and Sensorial Experiences,immersive-and-sensorial-experiences,exact,ftsg-tech-trends,
Immersive Experiences,immersive-experiences,exact,ftsg-tech-trends,
Immersive multi-user VR,immersive-multi-user-vr,exact,envisioning-horizons,
Immersive Museum Experiences,immersive-museum-experiences,exact,ftsg-tech-trends,
Immersive Narratives,immersive-narratives,exact,ftsg-tech-trends,
Immersive reality (AR/VR/MR),immersive-reality-ar-vr-mr,exact,mckinsey-tech-trends,
Immersive-reality market,immersive-reality-market,exact,mckinsey-tech-trends,
Immersive Rights and Privacy in the Metaverse,immersive-rights-and-privacy-in-the-metaverse,exact,ftsg-tech-trends,
Immersive Vehicles Connect,immersive-vehicles-connect,exact,ftsg-tech-trends,
Immersive Workspaces,immersive-workspaces,exact,gartner-hype-cycle,
Immune Engineering,immune-engineering,exact,mit-tr-10-breakthrough,
Immutable Content,immutable-content,exact,ftsg-tech-trends,
Implantable BCI,implantable-bci,exact,ftsg-tech-trends,
Implantable Electronics,implantable-electronics,exact,mit-tr-10-breakthrough,
Implementing AI at the Edge,implementing-ai-at-the-edge,exact,ftsg-tech-trends,
Improved Food Provenance Validation,improved-food-provenance-validation,exact,ftsg-tech-trends,
Improvements To DNA Storage And Computing,improvements-to-dna-storage-and-computing,exact,ftsg-tech-trends,
Improving Damage Assessment,improving-damage-assessment,exact,ftsg-tech-trends,
Improving Gut Biomes,improving-gut-biomes,exact,ftsg-tech-trends,
Improving Micro-Biodiversity,improving-micro-biodiversity,exact,ftsg-tech-trends,
Improving Water Security,improving-water-security,exact,ftsg-tech-trends,
In-clothes sensors,in-clothes-sensors,exact,envisioning-health,
In-Ear EEG Devices,in-ear-eeg-devices,exact,ftsg-tech-trends,
In-flight connectivity,in-flight-connectivity,exact,deloitte-tmt-predictions,
In-game and embedded advertising,in-game-and-embedded-advertising,exact,deloitte-tmt-predictions,
In-game purchases,in-game-purchases,exact,ark-big-ideas,
In-home Consumer Health Technology,in-home-consumer-health-technology,exact,ftsg-tech-trends,
In-Memory Analytics,in-memory-analytics,exact,gartner-hype-cycle,
In-memory computing,in-memory-computing,exact,deloitte-tech-trends,
In-Memory Database Management Systems,in-memory-database-management-systems,exact,gartner-hype-cycle,
In-Nemory Database Management Systems,in-memory-database-management-systems,judgment,gartner-hype-cycle,Spelling variant in the digitized sheet.
In-person experience modernization,in-person-experience-modernization,exact,idc-futurescape,
In-Person Mixed Reality Experiences,in-person-mixed-reality-experiences,exact,ftsg-tech-trends,
In-Silico Trials,in-silico-trials,exact,ftsg-tech-trends,
In-store retail Wi-Fi,in-store-retail-wi-fi,exact,deloitte-tmt-predictions,
In-store sustainability showcases,in-store-sustainability-showcases,exact,trendwatching,
In-Vehicle Connectivity,in-vehicle-connectivity,exact,ftsg-tech-trends,
In vitro meat,in-vitro-meat,normalized,envisioning-horizons,
In-vitro meat,in-vitro-meat,exact,envisioning-technology,
Synthetic meat,in-vitro-meat,judgment,envisioning-technology,Same product (cultured meat); the poster's raw revision records the rename.
In Vivo CRISPR Therapy Advances,in-vivo-crispr-therapy-advances,exact,ftsg-tech-trends,
In Vivo Gene Editing,in-vivo-gene-editing,exact,ftsg-tech-trends,
In-Womb Treatments,in-womb-treatments,exact,ftsg-tech-trends,
Incentive-Driven Investments,incentive-driven-investments,exact,ftsg-tech-trends,
"Incidence of HIV, TB flattens in sub-Saharan Africa, but rapidly expands elsewhere",incidence-of-hiv-tb-flattens-in-sub-saharan-africa-but-rapidly-expands-elsewhere,exact,wef-global-risks,
"Incidence of HIV, TB infections flattens, deaths remain high",incidence-of-hiv-tb-infections-flattens-deaths-remain-high,exact,wef-global-risks,
Inclusive Design,inclusive-design,exact,ftsg-tech-trends,
Increased Capabilities of Point-of-Care Diagnostics,increased-capabilities-of-point-of-care-diagnostics,exact,ftsg-tech-trends,
Increased Cybersecurity Threats,increased-cybersecurity-threats,exact,ftsg-tech-trends,
Increased Used of Ambient Surveillance,increased-used-of-ambient-surveillance,exact,ftsg-tech-trends,
Increasing interest in complexity theory computing,increasing-interest-in-complexity-theory-computing,exact,kurzweil,
Increasing Interoperability of Data Infrastructure,increasing-interoperability-of-data-infrastructure,exact,ftsg-tech-trends,
Independent America,independent-america,exact,eurasia-top-risks,
Indexing the Cloud,indexing-the-cloud,exact,ftsg-tech-trends,
Indexing Trust,indexing-trust,exact,ftsg-tech-trends,
India,india,exact,eurasia-top-risks;nic-global-trends,
India-centric cloud aggregators,india-centric-cloud-aggregators,exact,gartner-strategic-predictions,
India GDP growth 2019,india-gdp-growth-2019,exact,economist-world-ahead,
India GDP overtakes UK GDP,india-gdp-overtakes-uk-gdp,exact,economist-world-ahead,
India gets Modi-fied,india-gets-modi-fied,exact,eurasia-top-risks,
India growth among emerging markets,india-growth-among-emerging-markets,exact,economist-world-ahead,
India overtakes China in population,india-overtakes-china-in-population,exact,economist-world-ahead,
India-Pakistan,india-pakistan,exact,eurasia-top-risks,
India versus Pakistan,india-versus-pakistan,exact,eurasia-top-risks,
Individual Consumer Tracking,individual-consumer-tracking,exact,ftsg-tech-trends,
Indonesia’s New Capital,indonesia-s-new-capital,exact,ftsg-tech-trends,
Indoor and Outdoor Plant Factories and Microfarms,indoor-and-outdoor-plant-factories-and-microfarms,exact,ftsg-tech-trends,
Indoor Farms,indoor-farms,exact,ftsg-tech-trends,
Indoor navigation,indoor-navigation,exact,deloitte-tmt-predictions,
Indoor Plant Factories,indoor-plant-factories,exact,ftsg-tech-trends,
Indoor positioning and retail sales,indoor-positioning-and-retail-sales,exact,gartner-strategic-predictions,
Inductive chargers,inductive-chargers,exact,envisioning-technology,
Industrial and synthetic biology,industrial-and-synthetic-biology,exact,deloitte-tech-trends,
Industrial Digital Twins,industrial-digital-twins,exact,ftsg-tech-trends,
Industrial Metaverse and Digital Twins,industrial-metaverse-and-digital-twins,exact,ftsg-tech-trends,
Industrial robot cost,industrial-robot-cost,exact,ark-big-ideas,
Industrial robot sales,industrial-robot-sales,exact,ark-big-ideas,
Industrial robots and physical AI,industrial-robots-and-physical-ai,exact,deloitte-tmt-predictions,
Industrial True-to-Reality Simulations and Digital Twins,industrial-true-to-reality-simulations-and-digital-twins,exact,ftsg-tech-trends,
Industry (vertical) clouds,industry-cloud-platforms,judgment,deloitte-tech-trends,"Deloitte's 'Cloud goes vertical' industry clouds and Gartner's Industry Cloud Platforms are the same offering (claim text says 'industry clouds'). (subject dupes review, d48)"
Industry cloud platforms,industry-cloud-platforms,normalized,idc-futurescape,
Industry Cloud Platforms,industry-cloud-platforms,exact,gartner-hype-cycle,
Industry Clouds,industry-cloud-platforms,judgment,gartner-hype-cycle,"Gartner renamed the entry (raw INDEX, renames)."
Industry collapse,industry-collapse,exact,wef-global-risks,
Industry ecosystem innovation,industry-ecosystem-innovation,exact,idc-futurescape,
Inequality,inequality,exact,wef-global-risks,
Inertial confinement fusion,inertial-confinement-fusion,exact,envisioning-horizons,
Infectious diseases,infectious-diseases,exact,wef-global-risks,
Infinite Gameplay,infinite-gameplay,exact,ftsg-tech-trends,
Inflation,inflation,exact,wef-global-risks,
Inflation shockwaves,inflation-shockwaves,exact,eurasia-top-risks,
Influence Engineering,influence-engineering,exact,gartner-hype-cycle,
Influencing Future Privacy Laws,influencing-future-privacy-laws,exact,ftsg-tech-trends,
Information aggregation mechanisms (beyond prediction markets),information-aggregation-mechanisms-beyond-prediction-markets,exact,a16z-big-ideas,
Information at-hand,information-at-hand,exact,kurzweil,
Information automation and analytics,information-automation-and-analytics,exact,deloitte-tech-trends,
Information Extraction,information-extraction,exact,gartner-hype-cycle,
Information Superhighway,information-superhighway,exact,gartner-hype-cycle,
Infrastructural health sensors,infrastructural-health-sensors,exact,envisioning-horizons,
Infrastructure as a service,infrastructure-as-a-service,exact,gartner-strategic-predictions,
Infrastructure cost uncertainty,infrastructure-cost-uncertainty,exact,idc-futurescape,
Ingestible sensors,ingestible-sensors,exact,envisioning-health,
Ingestibles/ Implantables,ingestibles-implantables,exact,ftsg-tech-trends,
Injectable Tissue Engineering,injectable-tissue-engineering,exact,mit-tr-10-breakthrough,
Injecting Clouds with Sea Salt Particles,injecting-clouds-with-sea-salt-particles,exact,ftsg-tech-trends,
Inkjet Manufacturing,inkjet-manufacturing,exact,gartner-hype-cycle,
Inkjet Processes,inkjet-processes,exact,gartner-hype-cycle,
Innovation—From Regulation,innovation-from-regulation,exact,ftsg-tech-trends,
Innovation management,innovation-management,exact,deloitte-tech-trends,
Innovation vs core execution cost,innovation-vs-core-execution-cost,exact,gartner-strategic-predictions,
Innovation winter,innovation-winter,exact,eurasia-top-risks,
Innovations in Accessibility,innovations-in-accessibility,exact,ftsg-tech-trends,
Innovations in Equipment,innovations-in-equipment,exact,ftsg-tech-trends,
Insect Agriculture and Bug Proteins,insect-agriculture-and-bug-proteins,exact,ftsg-tech-trends,
Insect-Like and Animal-Like Designs,insect-like-and-animal-like-designs,exact,ftsg-tech-trends,
Insect-Like Designs,insect-like-designs,exact,ftsg-tech-trends,
Insecure Supply Chains,insecure-supply-chains,exact,ftsg-tech-trends,
"Insecurity, crisis and resilience",insecurity-crisis-and-resilience,exact,trendwatching,
Inspection Drones,inspection-drones,exact,ftsg-tech-trends,
Instant Messaging,instant-messaging,exact,gartner-hype-cycle,
Instant Payments,instant-payments,exact,ftsg-tech-trends,
Instantly download media to portable devices,instantly-download-media-to-portable-devices,exact,kurzweil,
Intangibles-led Personalization,intangibles-led-personalization,exact,ftsg-tech-trends,
Integrated multi-service mobility,integrated-multi-service-mobility,exact,trendwatching,
Intelligent Ads,intelligent-ads,exact,ftsg-tech-trends,
Intelligent Agents,intelligent-agents,exact,gartner-hype-cycle,
Intelligent and Active Packaging,intelligent-and-active-packaging,exact,ftsg-tech-trends,
Intelligent art software,intelligent-art-software,exact,kurzweil,
Intelligent automation and AI,intelligent-automation-and-ai,exact,accenture-tech-vision,
Intelligent Buildings,intelligent-buildings,exact,ftsg-tech-trends,
Intelligent Cameras,intelligent-cameras,exact,ftsg-tech-trends,
Intelligent courseware is common,intelligent-courseware-is-common,exact,kurzweil,
Intelligent Drones,intelligent-drones,exact,ftsg-tech-trends,
Intelligent enterprise,intelligent-enterprise,exact,idc-futurescape,
Intelligent highway systems,intelligent-highway-systems,exact,kurzweil,
"Intelligent interfaces (voice, computer vision, affective computing)",intelligent-interfaces-voice-computer-vision-affective-computing,exact,deloitte-tech-trends,
Intelligent Optical Character Recognition,intelligent-optical-character-recognition,exact,ftsg-tech-trends,
Intelligent Packaging,intelligent-packaging,exact,ftsg-tech-trends,
Intelligent Simulation,intelligent-simulation,exact,gartner-hype-cycle,
Intelligent Systems for Extreme Weather,intelligent-systems-for-extreme-weather,exact,ftsg-tech-trends,
Intelligent Urban Management,intelligent-urban-management,exact,ftsg-tech-trends,
Intentional Rabbit Holes,intentional-rabbit-holes,exact,ftsg-tech-trends,
Intentionally Opaque Methodologies,intentionally-opaque-methodologies,exact,ftsg-tech-trends,
Inter-school teaching platforms,inter-school-teaching-platforms,exact,envisioning-education,
Interacting with computers by voice and stylus,interacting-with-computers-by-voice-and-stylus,exact,kurzweil,
Interactive AI,interactive-ai,exact,ftsg-tech-trends,
Interactive Fitness Equipment,interactive-fitness-equipment,exact,ftsg-tech-trends,
Interactive generative video (world models),interactive-generative-video-world-models,exact,a16z-big-ideas,
Interactive Mirrors,interactive-mirrors,exact,ftsg-tech-trends,
Interactive Project Management,interactive-project-management,exact,ftsg-tech-trends,
Interactive TV,interactive-tv,exact,gartner-hype-cycle,
Interactive/ Web TV,interactive-tv,judgment,gartner-hype-cycle,"Same entry across 1990s editions, reworded."
Interactive/Internet TV,interactive-tv,judgment,gartner-hype-cycle,"Same entry across 1990s editions, reworded."
Interactive whiteboards,interactive-whiteboards,exact,deloitte-tmt-predictions;envisioning-education,
Interdevice Synchronization,interdevice-synchronization,exact,ftsg-tech-trends,
Interest in creative machines,interest-in-creative-machines,exact,kurzweil,
internal conflict,internal-conflict,exact,nic-global-trends,
Internal Developer Portal,internal-developer-portal,exact,gartner-hype-cycle,
Internal Developer Portals,internal-developer-portal,normalized,gartner-hype-cycle,
Internal MPP Grids,internal-mpp-grids,exact,gartner-hype-cycle,
Internal Talent Marketplaces,internal-talent-marketplaces,exact,gartner-hype-cycle,
Internal Web Services,internal-web-services,exact,gartner-hype-cycle,
International Collaborations to Advance Bioengineering,international-collaborations-to-advance-bioengineering,exact,ftsg-tech-trends,
International Collaborations to Advance Biology,international-collaborations-to-advance-biology,exact,ftsg-tech-trends,
International tourism,international-tourism,exact,economist-world-ahead,
International tourism spending,international-tourism-spending,exact,economist-world-ahead,
International tourist trips,international-tourist-trips,exact,economist-world-ahead,
"internet and digital life, long term",internet-and-digital-life-long-term,exact,pew-elon-imagining,
internet and human intelligence,internet-and-human-intelligence,exact,pew-elon-imagining,
internet and institutional change,internet-and-institutional-change,exact,pew-elon-imagining,
internet and national boundaries,internet-and-national-boundaries,exact,pew-elon-imagining,
internet and reading and writing,internet-and-reading-and-writing,exact,pew-elon-imagining,
internet and social relationships,internet-and-social-relationships,exact,pew-elon-imagining,
internet and social tolerance,internet-and-social-tolerance,exact,pew-elon-imagining,
internet architecture continuity,internet-architecture-continuity,exact,pew-elon-imagining,
Internet backbone capacity,internet-backbone-capacity,exact,deloitte-tmt-predictions,
Internet from Space,internet-from-space,exact,ftsg-tech-trends,
Internet marketing regulation,internet-marketing-regulation,exact,gartner-strategic-predictions,
Internet micro-payments,internet-micropayment-systems,judgment,gartner-hype-cycle,Same Hype Cycle technology group; 'Micropayments' is the earlier short label.
Internet Micropayment Systems,internet-micropayment-systems,exact,gartner-hype-cycle,
Micropayments,internet-micropayment-systems,judgment,gartner-hype-cycle,Same Hype Cycle technology group; 'Micropayments' is the earlier short label.
Internet Mob Justice,internet-mob-justice,exact,ftsg-tech-trends,
Internet of Behavior,internet-of-behavior,exact,gartner-strategic-predictions,
Internet of DNA,internet-of-dna,exact,mit-tr-10-breakthrough,
Intenet of Things,internet-of-things,judgment,gartner-hype-cycle,Spelling variant in the digitized sheet.
internet of things,internet-of-things,normalized,pew-elon-imagining,
Internet of Things,internet-of-things,exact,deloitte-tech-trends;deloitte-tmt-predictions;ftsg-tech-trends;gartner-hype-cycle,
Internet of Things and edge intelligence,internet-of-things-and-edge-intelligence,exact,accenture-tech-vision,
internet of things security and disconnection,internet-of-things-security-and-disconnection,exact,pew-elon-imagining,
Internet of X,internet-of-x,exact,ftsg-tech-trends,
Internet penetration,internet-penetration,exact,deloitte-tmt-predictions,
Internet radio,internet-radio,exact,deloitte-tmt-predictions,
Internet regulation (VoIP tax),internet-regulation-voip-tax,exact,deloitte-tmt-predictions,
internet streaming media in the home,internet-streaming-media-in-the-home,exact,pew-elon-imagining,
Internet Terminals,internet-terminals,exact,gartner-hype-cycle,
Internet TV,internet-tv,exact,gartner-hype-cycle,
Interoperability,interoperability,exact,ftsg-tech-trends,
Interoperability and the Open Metaverse,interoperability-and-the-open-metaverse,exact,ftsg-tech-trends,
Interoperability Initiatives,interoperability-initiatives,exact,ftsg-tech-trends,
Interplanetary internet,interplanetary-internet,exact,envisioning-technology,
Interstate and civil wars,interstate-and-civil-wars,exact,wef-global-risks,
Interstate armed conflict,interstate-conflict,judgment,wef-global-risks,"Same risk, reworded."
Interstate conflict,interstate-conflict,exact,wef-global-risks,
Interstate relations fracture,interstate-relations-fracture,exact,wef-global-risks,
Intranet publishing,intranet-publishing,exact,gartner-hype-cycle,
Intranets,intranets,exact,gartner-hype-cycle,
Intuitive Optimization,intuitive-optimization,exact,ftsg-tech-trends,
Investigating Technology,investigating-technology,exact,ftsg-tech-trends,
Investigating the Algorithms,investigating-the-algorithms,exact,ftsg-tech-trends,
Investment From Traditional Banks,investment-from-traditional-banks,exact,ftsg-tech-trends,
Invisibility Cloaks,invisibility-cloaks,exact,ftsg-tech-trends,
Invisible Banking,invisible-banking,exact,ftsg-tech-trends,
Invisible Blockchain Integration in Critical Sectors,invisible-blockchain-integration-in-critical-sectors,exact,ftsg-tech-trends,
Invisible embedded computers,invisible-embedded-computers,exact,kurzweil,
"Invisible, embedded computing",invisible-embedded-computing,exact,kurzweil,
Invisible Payments,invisible-payments,exact,ftsg-tech-trends,
Invisible Revolution,invisible-revolution,exact,mit-tr-10-breakthrough,
Involuntary migration,involuntary-migration,exact,wef-global-risks,
Involuntary migration or displacement,involuntary-migration,judgment,wef-global-risks,"Same risk, reworded."
Large-scale involuntary migration,involuntary-migration,judgment,wef-global-risks,"Same risk, reworded."
IoT,iot,exact,ftsg-tech-trends,
IoT data center storage demand,iot-data-center-storage-demand,exact,gartner-strategic-predictions,
IoT devices,iot-devices,exact,idc-futurescape,
IoT in electronics,iot-in-electronics,exact,gartner-strategic-predictions,
IoT Platform,iot-platform,exact,gartner-hype-cycle,
IoT Plattform,iot-platform,judgment,gartner-hype-cycle,Spelling variant in the digitized sheet.
IoT savings,iot-savings,exact,gartner-strategic-predictions,
IoT security budgets,iot-security-budgets,exact,gartner-strategic-predictions,
IP Rights in the Age of TikTok,ip-rights-in-the-age-of-tiktok,exact,ftsg-tech-trends,
IP Telephony,ip-telephony,exact,gartner-hype-cycle,
IPOs combining digital and physical logistics,ipos-combining-digital-and-physical-logistics,exact,gartner-strategic-predictions,
IPTV,iptv,exact,deloitte-tmt-predictions,
IPv6,ipv6,exact,deloitte-tech-trends;gartner-hype-cycle,
Iran,iran,exact,eurasia-top-risks,
Iran in a corner,iran-in-a-corner,exact,eurasia-top-risks,
Iran/Israel,iran-israel,exact,eurasia-top-risks,
Iran on the ropes,iran-on-the-ropes,exact,eurasia-top-risks,
Iran-US confrontation,iran-us-confrontation,exact,eurasia-top-risks,
Iraq,iraq,exact,eurasia-top-risks;nic-global-trends,
IRL Geography Reshapes the Virtual World,irl-geography-reshapes-the-virtual-world,exact,ftsg-tech-trends,
Iron-Based Batteries,iron-based-batteries,exact,ftsg-tech-trends,
Iron Batteries,iron-batteries,exact,ftsg-tech-trends,
ISIS and “friends”,isis-and-friends,exact,eurasia-top-risks,
"ISIS, Beyond Iraq and Syria",isis-beyond-iraq-and-syria,exact,eurasia-top-risks,
Israel-Palestine,israel-palestine,exact,nic-global-trends,
IT and LOB technology team linkages,it-and-lob-technology-team-linkages,exact,idc-futurescape,
IT-as-a-Service,it-as-a-service,exact,deloitte-tmt-predictions,
IT as designer and integrator,it-as-designer-and-integrator,exact,idc-futurescape,
"IT automation (self-service, engineered automation)",it-automation-self-service-engineered-automation,exact,deloitte-tech-trends,
IT budgets for as-a-service assets,it-budgets-for-as-a-service-assets,exact,idc-futurescape,
IT-built digital strategies,it-built-digital-strategies,exact,idc-futurescape,
IT business model shift to products,it-business-model-shift-to-products,exact,idc-futurescape,
IT delivery models (bimodal / right-speed IT),it-delivery-models-bimodal-right-speed-it,exact,deloitte-tech-trends,
IT infrastructure breakdown,it-infrastructure-breakdown,exact,wef-global-risks,
IT management systems (business of IT),it-management-systems-business-of-it,exact,deloitte-tech-trends,
IT operating model transformation,it-operating-model-transformation,exact,deloitte-tech-trends,
IT operational excellence,it-operational-excellence,exact,deloitte-tech-trends,
IT outsourcing market concentration,it-outsourcing-market-concentration,exact,gartner-strategic-predictions,
IT projects monetizing data,it-projects-monetizing-data,exact,idc-futurescape,
IT resilience,it-resilience,exact,accenture-tech-vision,
IT resources for digital revenue,it-resources-for-digital-revenue,exact,idc-futurescape,
IT security,it-security,exact,accenture-tech-vision,
IT services market consolidation,it-services-market-consolidation,exact,gartner-strategic-predictions,
IT skills shortfall,it-skills-shortfall,exact,idc-futurescape,
IT spend for mandated transitions,it-spend-for-mandated-transitions,exact,idc-futurescape,
IT spending as direct LOB cost,it-spending-as-direct-lob-cost,exact,idc-futurescape,
IT spending outside the IT department,it-spending-outside-the-it-department,exact,gartner-strategic-predictions,
IT spending per head,it-spending-per-head,exact,gartner-strategic-predictions,
IT vendor landscape,it-vendor-landscape,exact,idc-futurescape,
IT versatilists,it-versatilists,exact,gartner-strategic-predictions,
Italian prime minister,italian-prime-minister,exact,economist-world-ahead,
Italy financial crisis,italy-financial-crisis,exact,economist-world-ahead,
IVF Genetic Screening,ivf-genetic-screening,exact,ftsg-tech-trends,
James Bond film release,james-bond-film-release,exact,economist-world-ahead,
James Webb Space Telescope,james-webb-space-telescope,exact,mit-tr-10-breakthrough,
James Webb Space Telescope Discoveries,james-webb-space-telescope-discoveries,exact,ftsg-tech-trends,
Japan,japan,exact,eurasia-top-risks,
Japanese bank failures and mergers,japanese-bank-failures-and-mergers,exact,economist-world-ahead,
Japanese prime minister change,japanese-prime-minister-change,exact,economist-world-ahead,
Japanese property price crash,japanese-property-price-crash,exact,economist-world-ahead,
Java,java,exact,gartner-hype-cycle,
Java - the Language,java-the-language,exact,gartner-hype-cycle,
Java Language,java-the-language,judgment,gartner-hype-cycle,"Same entry, reworded."
Java - the Platform,java-the-platform,exact,gartner-hype-cycle,
Java Platform,java-the-platform,judgment,gartner-hype-cycle,"Same entry, reworded."
"JIBs - Japan, Israel and Britain",jibs-japan-israel-and-britain,exact,eurasia-top-risks,
Jini,jini,exact,gartner-hype-cycle,
Journalism as a Service,journalism-as-a-service,exact,ftsg-tech-trends,
Journalism as a Service (Jaas),journalism-as-a-service,judgment,ftsg-tech-trends,"Acronym only; same FTSG trend. (subject dupes review, d48)"
Journalism-as-a-Service,journalism-as-a-service,normalized,ftsg-tech-trends,
Keeping Track of New Realities,keeping-track-of-new-realities,exact,ftsg-tech-trends,
Kelp Farming,kelp-farming,exact,ftsg-tech-trends,
Keyboardless computers,keyboardless-computers,exact,kurzweil,
"Keyboards exist, but most text is created by speaking",keyboards-exist-but-most-text-is-created-by-speaking,exact,kurzweil,
Keyboards rare,keyboards-rare,exact,kurzweil,
Kids,kids,exact,ftsg-tech-trends,
Kids Fitness and Educational Games,kids-fitness-and-educational-games,exact,ftsg-tech-trends,
Kids Fitness Games and Toys,kids-fitness-games-and-toys,exact,ftsg-tech-trends,
Kids/ Wearables,kids-wearables,exact,ftsg-tech-trends,
Kinetic Power,kinetic-power,exact,ftsg-tech-trends,
Know your agent (KYA) credentials for AI agents,know-your-agent-kya-credentials-for-ai-agents,exact,a16z-big-ideas,
Knowledge-based Systems,knowledge-based-systems,exact,gartner-hype-cycle,
Knowledge Graphs,knowledge-graphs,exact,gartner-hype-cycle,
Knowledge Management,knowledge-management,exact,gartner-hype-cycle,
Knowledge Mgt,knowledge-management,judgment,gartner-hype-cycle,Mgt is the abbreviation of management.
Knowledge worker unionization,knowledge-worker-unionization,exact,gartner-strategic-predictions,
Lab Creates Rice-Beef Hybrid,lab-creates-rice-beef-hybrid,exact,ftsg-tech-trends,
Lab-Grown Coffee Brews Up Solution to Deforestation,lab-grown-coffee-brews-up-solution-to-deforestation,exact,ftsg-tech-trends,
Lab-Grown Collagen For Skin Care,lab-grown-collagen-for-skin-care,exact,ftsg-tech-trends,
Lab Grown Leather,lab-grown-leather,exact,ftsg-tech-trends,
Lab-Grown Leather,lab-grown-leather,exact,ftsg-tech-trends,
Lab-Grown Meat Is Going Mainstream,lab-grown-meat-is-going-mainstream,exact,ftsg-tech-trends,
Lab-Grown Organs: The New Frontier in Transplant Medicine Takes Shape,lab-grown-organs-the-new-frontier-in-transplant-medicine-takes-shape,exact,ftsg-tech-trends,
Lab-Grown Wood Could Disrupt $600B Timber Industry,lab-grown-wood-could-disrupt-600b-timber-industry,exact,ftsg-tech-trends,
Lab-on-a-Chip,lab-on-a-chip,exact,ftsg-tech-trends,
Lab-on-a-Chip (LoC),lab-on-a-chip,judgment,ftsg-tech-trends,"Acronym only. (subject dupes review, d48)"
Labor volatility,labor-volatility,exact,gartner-strategic-predictions,
Labs on chips,labs-on-chips,exact,envisioning-horizons,
Lack of economic opportunity,lack-of-economic-opportunity,exact,wef-global-risks,
Language interfaces & animated personalities,language-interfaces-and-animated-personalities,exact,kurzweil,
Language translation software,language-translation-software,exact,kurzweil,
Large Action Models,large-action-models,exact,ftsg-tech-trends;gartner-hype-cycle,
Large language models in financial services,large-language-models-in-financial-services,exact,a16z-big-ideas,
Large-scale data leaks,large-scale-data-leaks,exact,gartner-strategic-predictions,
Large-Scale Direct Air Capture,large-scale-direct-air-capture,exact,ftsg-tech-trends,
Large-scale environmental damage incidents,large-scale-environmental-damage-incidents,exact,wef-global-risks,
Large-scale self-assembling materials,large-scale-self-assembling-materials,exact,envisioning-horizons,
Laser-Driven Fusion,laser-driven-fusion,exact,ftsg-tech-trends,
Last-Mile Delivery,last-mile-delivery,exact,ftsg-tech-trends,
Last-Mile Solutions,last-mile-solutions,exact,ftsg-tech-trends,
"Last-minute, mobile-enabled planning",last-minute-mobile-enabled-planning,exact,trendwatching,
Late Adopters,late-adopters,exact,ftsg-tech-trends,
Latin America,latin-america,exact,eurasia-top-risks;nic-global-trends,
Latin America disappoints,latin-america-disappoints,exact,eurasia-top-risks,
Law Enforcement Using Recognition Algorithms To ID Faces,law-enforcement-using-recognition-algorithms-to-id-faces,exact,ftsg-tech-trends,
Layer-2 and Rollup Solutions,layer-2-and-rollup-solutions,exact,ftsg-tech-trends,
Layer 2 Enablement,layer-2-enablement,exact,ftsg-tech-trends,
"Leadership changes in Japan, Cuba and Saudi Arabia",leadership-changes-in-japan-cuba-and-saudi-arabia,exact,economist-world-ahead,
Leading in 3D,leading-in-3d,exact,idc-futurescape,
Leaking,leaking,exact,ftsg-tech-trends,
Leaky Data,leaky-data,exact,ftsg-tech-trends,
Leaky Health Apps,leaky-health-apps,exact,ftsg-tech-trends,
Learn-to-Earn Incentives,learn-to-earn-incentives,exact,ftsg-tech-trends,
Learn to Earn Models,learn-to-earn-models,exact,ftsg-tech-trends,
Learning computers,learning-computers,exact,gartner-strategic-predictions,
Leasing identity,leasing-identity,exact,ftsg-tech-trends,
Leasing Identity,leasing-identity,normalized,ftsg-tech-trends,
LED lighting,led-lighting,exact,deloitte-tmt-predictions,
Legacy IT Infrastructure,legacy-it-infrastructure,exact,ftsg-tech-trends,
Legacy modernization,legacy-modernization,exact,idc-futurescape,
Legal Battles Between Writers and AI,legal-battles-between-writers-and-ai,exact,ftsg-tech-trends,
Legal Frameworks for Synthetic Media,legal-frameworks-for-synthetic-media,exact,ftsg-tech-trends,
Legal music downloads,legal-music-downloads,exact,deloitte-tmt-predictions,
Lendership,lendership,exact,ftsg-tech-trends,
Lendership and Sharing,lendership-and-sharing,exact,ftsg-tech-trends,
LEO satellite broadband,leo-satellite-broadband,exact,deloitte-tmt-predictions,
LEO satellite connectivity,leo-satellite-broadband,judgment,idc-futurescape,Same technology: constellations of low-Earth-orbit satellites for broadband.
Low Earth orbit satellite internet,leo-satellite-broadband,judgment,gartner-strategic-predictions,Same technology: constellations of low-Earth-orbit satellites for broadband.
Low-Earth-Orbit Satellite Systems,leo-satellite-broadband,judgment,gartner-hype-cycle,Same technology: constellations of low-Earth-orbit satellites for broadband.
Satellite mega-constellations,leo-satellite-broadband,judgment,mit-tr-10-breakthrough,Same technology: constellations of low-Earth-orbit satellites for broadband.
Satellite Megaconstellations,leo-satellite-broadband,normalized,ftsg-tech-trends,
LEPs/OLEDs,leps-oleds,exact,gartner-hype-cycle,
Leveraging AI in the Cloud,leveraging-ai-in-the-cloud,exact,ftsg-tech-trends,
Liability Insurance for A.I.,liability-insurance-for-a-i,exact,ftsg-tech-trends,
Liability Insurance for AI,liability-insurance-for-a-i,normalized,ftsg-tech-trends,
life after the COVID-19 pandemic,life-after-the-covid-19-pandemic,exact,pew-elon-imagining,
Life expectancy increase,life-expectancy-increase,exact,kurzweil,
Lift Energy Storage Technology,lift-energy-storage-technology,exact,ftsg-tech-trends,
Light-Based Quantum,light-based-quantum,exact,ftsg-tech-trends,
Light-based Quantum Technologies,light-based-quantum,judgment,ftsg-tech-trends,"Same FTSG trend (2022, 2024); suffix only. (subject dupes review, d48)"
Light-Emitting Polymers,light-emitting-polymers,exact,gartner-hype-cycle,
Light-Field Photography,light-field-photography,exact,mit-tr-10-breakthrough,
Light-Trapping Photovoltaics,light-trapping-photovoltaics,exact,mit-tr-10-breakthrough,
"Lightweight enterprise applications (SaaS, apps)",lightweight-enterprise-applications-saas-apps,exact,deloitte-tech-trends,
Liminal Spaces,liminal-spaces,exact,ftsg-tech-trends,
Limited-Edition News Products,limited-edition-news-products,exact,ftsg-tech-trends,
Linear (scheduled) TV viewing,linear-scheduled-tv-viewing,exact,deloitte-tmt-predictions,
Linear TV advertising,linear-tv-advertising,exact,ark-big-ideas,
Linked data,linked-data,exact,envisioning-technology,
Linux,linux,exact,gartner-hype-cycle,
Linux on Desktop,linux-on-desktop,exact,gartner-hype-cycle,
Linux on Desktop for Mainstream Business Users,linux-on-desktop,judgment,gartner-hype-cycle,"Same entry, shortened."
Liquid Battery,liquid-battery,exact,mit-tr-10-breakthrough,
Liquid Biopsy,liquid-biopsy,exact,mit-tr-10-breakthrough,
Lithium-air batteries,lithium-air-batteries,exact,envisioning-horizons,
Lithium-metal batteries,lithium-metal-batteries,exact,mit-tr-10-breakthrough,
Livable Cabins,livable-cabins,exact,ftsg-tech-trends,
Live entertainment pricing,live-entertainment-pricing,exact,deloitte-tmt-predictions,
Live event cinema,live-event-cinema,exact,deloitte-tmt-predictions,
Live events and broadcast,live-events-and-broadcast,exact,deloitte-tmt-predictions,
Live music,live-music,exact,deloitte-tmt-predictions,
Live Portraits,live-portraits,exact,ftsg-tech-trends,
Livelihood crises,livelihood-crises,exact,wef-global-risks,
Livestock biometrics,livestock-biometrics,exact,envisioning-horizons,
Living AIs Solve Equations,living-ais-solve-equations,exact,ftsg-tech-trends,
Living Breakwater,living-breakwaters,judgment,ftsg-tech-trends,"Same FTSG trend (2023, 2024); plural only. (subject dupes review, d48)"
Living Breakwaters,living-breakwaters,exact,ftsg-tech-trends,
Living Bricks,living-bricks,exact,ftsg-tech-trends,
Living Computers: Biological Circuits for Data Processing,living-computers-biological-circuits-for-data-processing,exact,ftsg-tech-trends,
Living Robots,living-robots,exact,ftsg-tech-trends,
Living Sensors,living-sensors,exact,ftsg-tech-trends,
Living Wearables,living-wearables,exact,ftsg-tech-trends,
LLM data capture in vertical software,llm-data-capture-in-vertical-software,exact,a16z-big-ideas,
LLM hallucinations,llm-hallucinations,exact,kurzweil,
LLM-powered robotic process automation,llm-powered-robotic-process-automation,exact,a16z-big-ideas,
"LLM reasoning in math, physics and coding",llm-reasoning-in-math-physics-and-coding,exact,a16z-big-ideas,
LLMs Are Getting Bigger and More Expensive,llms-are-getting-bigger-and-more-expensive,exact,ftsg-tech-trends,
LLMs as Operating Systems,llms-as-operating-systems,normalized,ftsg-tech-trends,
LLMS as Operating Systems,llms-as-operating-systems,exact,ftsg-tech-trends,
LLMs: Bigger and More Expensive,llms-bigger-and-more-expensive,exact,ftsg-tech-trends,
Local Autonomous Vehicle Regulations,local-autonomous-vehicle-regulations,exact,ftsg-tech-trends,
Local AV Regulations,local-av-regulations,exact,ftsg-tech-trends,
"Local manufacturing (3D printing, make-on-demand) in established markets",local-manufacturing-3d-printing-make-on-demand-in-established-markets,exact,trendwatching,
Local Sourcing,local-sourcing,exact,ftsg-tech-trends,
Localism and place-making,localism-and-place-making,exact,trendwatching,
"Location ""Aware"" Applications",location-aware-applications,exact,gartner-hype-cycle,
Location-Aware Applications,location-aware-applications,normalized,gartner-hype-cycle,
Location-aware media,location-aware-media,exact,envisioning-technology,
"Location ""Aware"" Services",location-aware-services,normalized,gartner-hype-cycle,
Location-Aware Services,location-aware-services,exact,gartner-hype-cycle,
Location-Aware Technologoy,location-aware-technology,judgment,gartner-hype-cycle,Spelling variant in the digitized sheet.
Location-Aware Technology,location-aware-technology,exact,gartner-hype-cycle,
Location-Aware Wi-Fi,location-aware-wi-fi,exact,ftsg-tech-trends,
Location-based retail offers,location-based-retail-offers,exact,gartner-strategic-predictions,
Location Intelligence,location-intelligence,exact,gartner-hype-cycle,
Location sensing,location-sensing,exact,gartner-hype-cycle,
Locks That Use Face Recognition,locks-that-use-face-recognition,exact,ftsg-tech-trends,
London mayoral election 2008,london-mayoral-election-2008,exact,economist-world-ahead,
Long-acting HIV prevention meds,long-acting-hiv-prevention-meds,exact,mit-tr-10-breakthrough,
Long COVID,long-covid,exact,eurasia-top-risks,
Long-read sequencing,long-read-sequencing,exact,ark-big-ideas,
Long-Read Sequencing,long-read-sequencing,normalized,ark-big-ideas,
Long tail,long-tail,exact,deloitte-tmt-predictions,
Longevity escape velocity,longevity-escape-velocity,exact,kurzweil,
Lots and Lots of Sand,lots-and-lots-of-sand,exact,ftsg-tech-trends,
Lots (and Lots) of Satellite Launches,lots-and-lots-of-satellite-launches,exact,ftsg-tech-trends,
Low-bandwidth messaging services,low-bandwidth-messaging-services,exact,deloitte-tmt-predictions,
Low-carbon cement,low-carbon-cement,exact,deloitte-tmt-predictions,
Low-code developers,low-code-developers,exact,idc-futurescape,
Low-code/no-code development,low-code-no-code-development,exact,mckinsey-tech-trends,
Low-code/no-code governance,low-code-no-code-governance,exact,idc-futurescape,
Low-code/no-code users,low-code-no-code-users,exact,mckinsey-tech-trends,
Low-Code or No-Code Machine Learning,low-code-or-no-code-machine-learning,exact,ftsg-tech-trends,
Low-cost 5G smartphones,low-cost-5g-smartphones,exact,deloitte-tmt-predictions,
Low-cost cloud services vs outsourcing,low-cost-cloud-services-vs-outsourcing,exact,gartner-strategic-predictions,
Low-Cost Malware,low-cost-malware,exact,ftsg-tech-trends,
Low-cost mobile PCs,low-cost-mobile-pcs,exact,gartner-strategic-predictions,
Low-Cost Single-Board Computers at the Edge,low-cost-single-board-computers-at-the-edge,exact,gartner-hype-cycle,
Low-cost smartphones,low-cost-smartphones,exact,deloitte-tmt-predictions,
Low-cost telecom operators,low-cost-telecom-operators,exact,deloitte-tmt-predictions,
Low-impact default options (e.g. standard-definition streaming),low-impact-default-options-e-g-standard-definition-streaming,exact,trendwatching,
Lower-income urban consumers in emerging markets,lower-income-urban-consumers-in-emerging-markets,exact,trendwatching,
Lowering the Cost of Training Models,lowering-the-cost-of-training-models,exact,ftsg-tech-trends,
Lunar outpost,lunar-outpost,exact,envisioning-technology,
Luxury brands as cultural patrons,luxury-brands-as-cultural-patrons,exact,trendwatching,
M-Commerce,m-commerce,exact,gartner-hype-cycle,
Intelligence Amplification,machine-augmented-cognition,judgment,envisioning-technology,The poster's raw revision records the rename.
Machine-augmented cognition,machine-augmented-cognition,exact,envisioning-horizons;envisioning-technology,
Machine customers,machine-customers,normalized,gartner-strategic-predictions,
Machine Customers,machine-customers,exact,gartner-hype-cycle,
Machine Image Completion,machine-image-completion,exact,ftsg-tech-trends,
"Machine intelligence (AI, machine learning, RPA, bots)",machine-intelligence-ai-machine-learning-rpa-bots,exact,deloitte-tech-trends,
Machine intelligence interwoven in civilization,machine-intelligence-interwoven-in-civilization,exact,kurzweil,
Machine intelligence subservient,machine-intelligence-subservient,exact,kurzweil,
Machine Learning,machine-learning,exact,gartner-hype-cycle,
Machine learning chips,machine-learning-chips,exact,deloitte-tmt-predictions,
Machine Learning Code Generation,machine-learning-code-generation,exact,gartner-hype-cycle,
Machine Learning–Powered Drug Discovery,machine-learning-powered-drug-discovery,exact,ftsg-tech-trends,
Machine monitoring of public spaces,machine-monitoring-of-public-spaces,exact,kurzweil,
Machine-Readable Legislation,machine-readable-legislation,exact,gartner-hype-cycle,
Machine Reading Comprehension,machine-reading-comprehension,exact,ftsg-tech-trends,
Machine Reading Comprehension (MRC),machine-reading-comprehension,judgment,ftsg-tech-trends,"Acronym only. (subject dupes review, d48)"
Machine Sellers,machine-sellers,exact,gartner-hype-cycle,
Machine subjective experience discussed,machine-subjective-experience-discussed,exact,kurzweil,
Machine-to-machine communication,machine-to-machine-communication,exact,deloitte-tmt-predictions,
Machine-to-Machine Communication Services,machine-to-machine-communication-services,exact,gartner-hype-cycle,
Machine translation,machine-translation,exact,envisioning-technology,
Universal Translation,machine-translation,judgment,mit-tr-10-breakthrough,MIT's 2004 entry is statistical machine translation.
Machine vision,machine-vision,exact,envisioning-technology;idc-futurescape,
Machine-written business content,machine-written-business-content,exact,gartner-strategic-predictions,
Made in Space,made-in-space,exact,ftsg-tech-trends,
Maduro stays in office,maduro-stays-in-office,exact,economist-world-ahead,
Magic Leap,magic-leap,exact,mit-tr-10-breakthrough,
Magnetic-Resonance Force Microscopy,magnetic-resonance-force-microscopy,exact,mit-tr-10-breakthrough,
Magnetic Tape Supply Problems,magnetic-tape-supply-problems,exact,ftsg-tech-trends,
Magnetic Tape Supply Shortages,magnetic-tape-supply-shortages,exact,ftsg-tech-trends,
Magnon-based Computation,magnon-based-computation,exact,ftsg-tech-trends,
Mainframe modernization,mainframe-modernization,exact,deloitte-tech-trends,
Mainframes and legacy IT skills,mainframes-and-legacy-it-skills,exact,deloitte-tmt-predictions,
Maintenance Missions: Satellite Servicing,maintenance-missions-satellite-servicing,exact,ftsg-tech-trends,
major cyber attack,major-cyber-attack,exact,pew-elon-imagining,
Financial failure,major-systemic-financial-failure,judgment,wef-global-risks,"WEF's own GRR 2020 retrospective figure relabels the 2012 entry ""Major systemic financial failure"" as ""Financial failure""."
Major systemic financial failure,major-systemic-financial-failure,exact,wef-global-risks,
Making A.I. Explain Itself,making-ai-explain-itself,normalized,ftsg-tech-trends,
Making AI Explain Itself,making-ai-explain-itself,exact,ftsg-tech-trends,
Making Public Data Accessible,making-public-data-accessible,exact,ftsg-tech-trends,
Malaria vaccine,malaria-vaccine,exact,mit-tr-10-breakthrough,
Malinformation defense spending,malinformation-defense-spending,exact,gartner-strategic-predictions,
Malvertising,malvertising,exact,deloitte-tmt-predictions,
Malware,malware,exact,deloitte-tmt-predictions;ftsg-tech-trends,
Managed services using smart machines,managed-services-using-smart-machines,exact,gartner-strategic-predictions,
Management Optimization,management-optimization,exact,ftsg-tech-trends,
Managing Digital Emissions,managing-digital-emissions,exact,ftsg-tech-trends,
Managing the Community-Driven Open Sourcing of Code,managing-the-community-driven-open-sourcing-of-code,exact,ftsg-tech-trends,
Managing the Looming Genome Storage,managing-the-looming-genome-storage,exact,ftsg-tech-trends,
Managing the Looming Genome Storage Problem,managing-the-looming-genome-storage-problem,exact,ftsg-tech-trends,
Mandated Updates,mandated-updates,exact,ftsg-tech-trends,
Mandating Ethics Guidelines for Tech Contractors,mandating-ethics-guidelines-for-tech-contractors,exact,ftsg-tech-trends,
Mandatory employee fitness trackers,mandatory-employee-fitness-trackers,exact,gartner-strategic-predictions,
Mandatory smart systems for safety,mandatory-smart-systems-for-safety,exact,gartner-strategic-predictions,
Manipulating AI Systems for Competitive Advantage,manipulating-ai-systems-for-competitive-advantage,exact,ftsg-tech-trends,
Manipulating Clouds,manipulating-clouds,exact,ftsg-tech-trends,
Manufacturing GDP,manufacturing-gdp,exact,ark-big-ideas,
Manufacturing Intelligence,manufacturing-intelligence,exact,ftsg-tech-trends,
Many personal computing devices,many-personal-computing-devices,exact,kurzweil,
Map- and location-based services,map-and-location-based-services,exact,trendwatching,
Mapped Synthetic Environments,mappedsyntheticenvironments,normalized,ftsg-tech-trends,
MappedSyntheticEnvironments,mappedsyntheticenvironments,exact,ftsg-tech-trends,
Mapping the Human Genome,mapping-the-human-genome,exact,ftsg-tech-trends,
Maritime autonomy and ocean technology,maritime-autonomy-and-ocean-technology,exact,a16z-big-ideas,
Market recovery by end-2020,market-recovery-by-end-2020,exact,economist-world-ahead,
Marketplace Consolidation,marketplace-consolidation,exact,ftsg-tech-trends,
Marketplaces For AI Algorithms,marketplaces-for-ai-algorithms,exact,ftsg-tech-trends,
Mars Dogs,mars-dogs,exact,ftsg-tech-trends,
Mars mission,mars-mission,exact,envisioning-technology,
Mars missions launched in 2020,mars-missions-launched-in-2020,exact,economist-world-ahead,
Mary Poppins Returns release,mary-poppins-returns-release,exact,economist-world-ahead,
Mashup,mashup,exact,gartner-hype-cycle,
Mass Market Goes Custom,mass-market-goes-custom,exact,ftsg-tech-trends,
Mass-market military drones,mass-market-military-drones,exact,mit-tr-10-breakthrough,
Mass Timber Construction,mass-timber-construction,exact,ftsg-tech-trends,
Massive Interactive Live Events,massive-interactive-live-events,exact,ftsg-tech-trends,
Massive Translation Systems,massive-translation-systems,exact,ftsg-tech-trends,
Massively Parallel Processing,massively-parallel-processing,exact,gartner-hype-cycle,
Materials accessed wirelessly,materials-accessed-wirelessly,exact,kurzweil,
Materials' Quantum Leap,materials-quantum-leap,exact,mit-tr-10-breakthrough,
Mature Wearables,mature-wearables,exact,ftsg-tech-trends,
Maximum Cooling to Minimize PC Size,maximum-cooling-to-minimize-pc-size,exact,ftsg-tech-trends,
Maximum Xi,maximum-xi,exact,eurasia-top-risks,
Mayan apocalypse,mayan-apocalypse,exact,eurasia-top-risks,
Meaningful social connection,meaningful-social-connection,exact,trendwatching,
Measuring Carbon Sequestration,measuring-carbon-sequestration,exact,ftsg-tech-trends,
Measuring Emissions,measuring-emissions,exact,ftsg-tech-trends,
Mechanistic interpretability,mechanistic-interpretability,exact,mit-tr-10-breakthrough,
Mechatronics,mechatronics,exact,mit-tr-10-breakthrough,
Media Consolidation,media-consolidation,exact,ftsg-tech-trends,
Media consumption via wearable devices,media-consumption-via-wearable-devices,exact,kurzweil,
Media convergence,media-convergence,exact,deloitte-tmt-predictions,
Media fragmentation,media-fragmentation,exact,deloitte-tmt-predictions,
Media offshoring,media-offshoring,exact,deloitte-tmt-predictions,
Media piracy enforcement,media-piracy-enforcement,exact,deloitte-tmt-predictions,
Media pricing,media-pricing,exact,deloitte-tmt-predictions,
Medical Deepfakes,medical-deepfakes,exact,ftsg-tech-trends,
Medical diagnostics,medical-diagnostics,exact,envisioning-technology,
Medical Extended Reality,medical-extended-reality,exact,ftsg-tech-trends,
Medical Metaverse,medical-metaverse,exact,ftsg-tech-trends,
Medical Misinformation and Disinformation,medical-misinformation-and-disinformation,exact,ftsg-tech-trends,
Medical nanobots,medical-nanobots,exact,envisioning-horizons;kurzweil,
Medical Supply Drone Delivery,medical-supply-drone-delivery,exact,ftsg-tech-trends,
Medical tricorder,medical-tricorder,exact,envisioning-health,
Medical Tricorder,medical-tricorder,normalized,envisioning-horizons,
Medically Assistive Nanobots,medically-assistive-nanobots,exact,ftsg-tech-trends,
Megascale Desalination,megascale-desalination,exact,mit-tr-10-breakthrough,
Memory Implants,memory-implants,exact,mit-tr-10-breakthrough,
Memristor,memristor,exact,envisioning-technology,
Memristors,memristor,normalized,envisioning-horizons,
Mental Fortitude in Space,mental-fortitude-in-space,exact,ftsg-tech-trends,
Mental health apps,mental-health-apps,exact,deloitte-tmt-predictions,
Mental health deterioration,mental-health-deterioration,exact,wef-global-risks,
Mental wellbeing built into products,mental-wellbeing-built-into-products,exact,trendwatching,
Mental-wellbeing tracking and self-treatment apps,mental-wellbeing-tracking-and-self-treatment-apps,exact,trendwatching,
Mercury Problems,mercury-problems,exact,ftsg-tech-trends,
Mercury Rain,mercury-rain,exact,ftsg-tech-trends,
Mesh networking,mesh-networking,exact,deloitte-tmt-predictions;envisioning-technology,
Mesh Networks,mesh-networking,judgment,ftsg-tech-trends;gartner-hype-cycle,Same networking technology.
Mesh Network-Sensors,mesh-networks-sensor,normalized,gartner-hype-cycle,
Mesh Networks — Sensor,mesh-networks-sensor,exact,gartner-hype-cycle,
Mesh Networks; Sensors,mesh-networks-sensor,normalized,gartner-hype-cycle,
Mesh Networks: Sensor,mesh-networks-sensor,normalized,gartner-hype-cycle,
Wireless Sensor Networks,mesh-networks-sensor,judgment,mit-tr-10-breakthrough,Gartner's sensor mesh networks and MIT's 2003 wireless sensor networks are the same technology.
Mesh Networks — Wide Area,mesh-networks-wide-area,exact,gartner-hype-cycle,
Messenger RNA vaccines,messenger-rna-vaccines,exact,mit-tr-10-breakthrough,
Meta Computing,meta-computing,exact,gartner-hype-cycle,
Meta-materials,meta-materials,exact,envisioning-horizons;envisioning-technology,
Metamaterials,meta-materials,normalized,ftsg-tech-trends,
Meta Requirements,meta-requirements,exact,ftsg-tech-trends,
Metabolic Monitoring,metabolic-monitoring,exact,ftsg-tech-trends,
Metabolomics,metabolomics,exact,mit-tr-10-breakthrough,
Metagenomics,metagenomics,exact,ftsg-tech-trends,
Metaversal Automotive Development,metaversal-automotive-development,exact,ftsg-tech-trends,
metaverse,metaverse,normalized,pew-elon-imagining,
Metaverse,metaverse,exact,gartner-hype-cycle,
Metaverse Accessibility,metaverse-accessibility,exact,ftsg-tech-trends,
Metaverse and immersive internet (AR/VR),metaverse-and-immersive-internet-ar-vr,exact,deloitte-tech-trends,
Metaverse and phygital internet,metaverse-and-phygital-internet,exact,trendwatching,
Metaverse and Web3,metaverse-and-web3,exact,accenture-tech-vision,
Metaverse Cities,metaverse-cities,exact,ftsg-tech-trends,
Metaverse Enabling,metaverse-enabling,exact,ftsg-tech-trends,
Metaverse-Enhanced Science,metaverse-enhanced-science,exact,ftsg-tech-trends,
Metaverse experiences for personal development,metaverse-experiences-for-personal-development,exact,trendwatching,
Metaverse experiences that change behaviour,metaverse-experiences-that-change-behaviour,exact,trendwatching,
Metaverse value,metaverse-value,exact,mckinsey-tech-trends,
"Metaverse, web3 and virtual goods",metaverse-web3-and-virtual-goods,exact,trendwatching,
Methane Emissions Reductions,methane-emissions-reductions,exact,ftsg-tech-trends,
Mexican standoff,mexican-standoff,exact,eurasia-top-risks,
Mexico,mexico,exact,eurasia-top-risks;nic-global-trends,
Micro Data Centers,micro-data-centers,exact,gartner-hype-cycle,
Micro Fuel Cells,micro-fuel-cells,exact,gartner-hype-cycle,
Micro-nuclear reactors,micro-nuclear-reactors,exact,envisioning-horizons,
Micro-series (short-form serial video),micro-series-short-form-serial-video,exact,deloitte-tmt-predictions,
Micro Stirling engines,micro-stirling-engines,exact,envisioning-horizons,
Microbe Engineering-as-a-Service,microbe-engineering-as-a-service,normalized,ftsg-tech-trends,
Microbe-Engineering as a Service,microbe-engineering-as-a-service,exact,ftsg-tech-trends,
Microbiome Extinction,microbiome-extinction,exact,ftsg-tech-trends,
Microbiome Metrics at Home,microbiome-metrics-at-home,exact,ftsg-tech-trends,
Microbiome Test Kits,microbiome-test-kits,exact,ftsg-tech-trends,
Microbiomes and Holobionts,microbiomes-and-holobionts,exact,ftsg-tech-trends,
Microblogging,microblogging,exact,gartner-hype-cycle,
Microdrones,microdrones,exact,ftsg-tech-trends,
Microdrones and Drones Used In Dangerous/ Hard-To-Reach Areas,microdrones-and-drones-used-in-dangerous-hard-to-reach-areas,exact,ftsg-tech-trends,
Microelectromechanical Systems,microelectromechanical-systems,exact,gartner-hype-cycle,
Microfluidic Optical Fibers,microfluidic-optical-fibers,exact,mit-tr-10-breakthrough,
Microfluidics,microfluidics,exact,mit-tr-10-breakthrough,
Microgrids,microgrids,exact,ftsg-tech-trends,
Microlocation,microlocation,exact,ftsg-tech-trends,
Micromachined ultrasonic transducers,micromachined-ultrasonic-transducers,exact,envisioning-horizons,
Micromobility,micromobility,exact,ftsg-tech-trends,
Micromobility market,micromobility-market,exact,mckinsey-tech-trends,
Microphotonics,microphotonics,exact,mit-tr-10-breakthrough,
Microplastic-Digesting Mussels,microplastic-digesting-mussels,exact,ftsg-tech-trends,
Microplastic Reduction,microplastic-reduction,exact,ftsg-tech-trends,
Microplastics,microplastics,exact,ftsg-tech-trends,
MicroSats and CubeSats,microsats-and-cubesats,exact,ftsg-tech-trends,
Microscale 3-D Printing,microscale-3-d-printing,exact,mit-tr-10-breakthrough,
Microservices and serverless,microservices-and-serverless,exact,idc-futurescape,
Microservices architectures,microservices-architectures,exact,idc-futurescape,
"Microservices, blockchain and smart contracts for partnerships",microservices-blockchain-and-smart-contracts-for-partnerships,exact,accenture-tech-vision,
Microsoft $1 trillion market cap,microsoft-1-trillion-market-cap,exact,kurzweil,
Microsoft Windows release model,microsoft-windows-release-model,exact,gartner-strategic-predictions,
Middle East,middle-east,exact,nic-global-trends,
Middle East instability,middle-east-instability,exact,wef-global-risks,
Middle East: Low oil takes a toll,middle-east-low-oil-takes-a-toll,exact,eurasia-top-risks,
Middle East on the brink,middle-east-on-the-brink,exact,eurasia-top-risks,
Middle East peace settlement,middle-east-peace-settlement,exact,economist-world-ahead,
Migration,migration,exact,eurasia-top-risks,
Military Applications,military-applications,exact,ftsg-tech-trends,
Millennial media spending,millennial-media-spending,exact,deloitte-tmt-predictions,
millennials and online sharing,millennials-and-online-sharing,exact,pew-elon-imagining,
Million-Mile Batteries,million-mile-batteries,exact,ftsg-tech-trends,
Mimicking Photosynthesis,mimicking-photosynthesis,exact,ftsg-tech-trends,
Mind uploading and after-life technology,mind-uploading-and-after-life-technology,exact,kurzweil,
Mini-Brains Interact With External Environments,mini-brains-interact-with-external-environments,exact,ftsg-tech-trends,
Minimal Viable Lifeforms,minimal-viable-lifeforms,exact,ftsg-tech-trends,
Minimum Viable Architecture,minimum-viable-architecture,exact,gartner-hype-cycle,
Minimum Viable Lifeforms,minimum-viable-lifeforms,exact,ftsg-tech-trends,
Mining,mining,exact,ftsg-tech-trends,
Misinformation and disinformation,misinformation-and-disinformation,exact,wef-global-risks,
Misinformation Challenges Scientific Progress,misinformation-challenges-scientific-progress,exact,ftsg-tech-trends,
Mismanagement of population ageing,mismanagement-of-population-ageing,exact,wef-global-risks,
Population ageing,mismanagement-of-population-ageing,judgment,wef-global-risks,"WEF's own GRR 2020 retrospective figure relabels the 2013 entry ""Mismanagement of population ageing"" as ""Population ageing""."
Mission Drift in AI Alignment,mission-drift-in-ai-alignment,exact,ftsg-tech-trends,
Mitigating Fraud,mitigating-fraud,exact,ftsg-tech-trends,
Mixed Reality,mixed-reality,exact,ftsg-tech-trends;gartner-hype-cycle,
Mixed reality (AR and VR),mixed-reality,judgment,deloitte-tech-trends,"Deloitte 2017 chapter is titled 'Mixed reality'; the parenthesis is a gloss. (subject dupes review, d48)"
Mixed Reality Arcades,mixed-reality-arcades,exact,ftsg-tech-trends,
Mixed-Use Sidewalks and Drone Lanes,mixed-use-sidewalks-and-drone-lanes,exact,ftsg-tech-trends,
Mixture of Experts,mixture-of-experts,exact,ftsg-tech-trends,
MLOps,mlops,exact,deloitte-tech-trends;mckinsey-tech-trends,
MLOps adoption,mlops-adoption,exact,mckinsey-tech-trends,
MMOMRGs,mmomrgs,exact,ftsg-tech-trends,
MNCs not to the rescue,mncs-not-to-the-rescue,exact,eurasia-top-risks,
Mobile 3-D,mobile-3-d,exact,mit-tr-10-breakthrough,
Mobile advertising,mobile-advertising,exact,deloitte-tmt-predictions,
Mobile and cashless payments,mobile-and-cashless-payments,exact,trendwatching,
Mobile Application Stores,mobile-application-stores,exact,gartner-hype-cycle,
Mobile apps,mobile-apps,exact,deloitte-tmt-predictions,
Mobile broadband capacity,mobile-broadband-capacity,exact,deloitte-tmt-predictions,
Mobile Collaboration,mobile-collaboration,exact,mit-tr-10-breakthrough,
Mobile Computing and Entertainment Hubs,mobile-computing-and-entertainment-hubs,exact,ftsg-tech-trends,
Mobile contactless payments,mobile-contactless-payments,exact,deloitte-tmt-predictions,
Mobile content,mobile-content,exact,deloitte-tmt-predictions,
Mobile cryptocurrency for the unbanked,mobile-cryptocurrency-for-the-unbanked,exact,gartner-strategic-predictions,
Mobile data services,mobile-data-services,exact,deloitte-tmt-predictions,
Mobile digital assistants for mundane tasks,mobile-digital-assistants-for-mundane-tasks,exact,gartner-strategic-predictions,
Mobile digital assistants in shopping,mobile-digital-assistants-in-shopping,exact,gartner-strategic-predictions,
Mobile Entertainment Hubs,mobile-entertainment-hubs,exact,ftsg-tech-trends,
Mobile-first game development,mobile-first-game-development,exact,a16z-big-ideas,
Mobile games,mobile-games,exact,deloitte-tmt-predictions,
Mobile gaming,mobile-gaming,exact,deloitte-tmt-predictions,
Mobile government services,mobile-government-services,exact,deloitte-tmt-predictions,
Mobile handset form factors,mobile-handset-form-factors,exact,deloitte-tmt-predictions,
Mobile Health Monitoring,mobile-health-monitoring,exact,gartner-hype-cycle,
Mobile instant messaging vs SMS,mobile-instant-messaging-vs-sms,exact,deloitte-tmt-predictions,
Mobile internet,mobile-internet,exact,deloitte-tmt-predictions,
Mobile learning platforms,mobile-learning-platforms,exact,envisioning-education,
Mobile location services,mobile-location-services,exact,deloitte-tmt-predictions,
Mobile messaging,mobile-messaging,exact,deloitte-tmt-predictions,
Mobile micro-moments,mobile-micro-moments,exact,trendwatching,
Mobile network optimization,mobile-network-optimization,exact,deloitte-tmt-predictions,
Mobile network sharing,mobile-network-sharing,exact,deloitte-tmt-predictions,
Mobile-only home internet,mobile-only-home-internet,exact,deloitte-tmt-predictions,
Mobile operating systems,mobile-operating-systems,exact,deloitte-tmt-predictions,
Mobile operator consolidation,mobile-operator-consolidation,exact,deloitte-tmt-predictions,
Mobile operator loyalty rewards,mobile-operator-loyalty-rewards,exact,deloitte-tmt-predictions,
Mobile operator segmentation,mobile-operator-segmentation,exact,deloitte-tmt-predictions,
Mobile OTA Payment,mobile-over-the-air-payments,judgment,gartner-hype-cycle,Same Hype Cycle technology group; Gartner abbreviated the label.
"Over-the-Air Mobile Phone Payment Systems, Developed Markets",mobile-over-the-air-payments,judgment,gartner-hype-cycle,Same Hype Cycle technology group; Gartner abbreviated the label.
Mobile payment,mobile-payment,exact,gartner-strategic-predictions,
mobile payments,mobile-payment,normalized,pew-elon-imagining,
Mobile payments,mobile-payment,normalized,deloitte-tmt-predictions,
Mobile Payments,mobile-payment,normalized,ark-big-ideas,
Mobile Phone Payments,mobile-payment,judgment,gartner-hype-cycle,Same practice: paying with a mobile phone.
Mobile payments for splitting costs,mobile-payments-for-splitting-costs,exact,trendwatching,
Mobile payments (touch commerce),mobile-payments-touch-commerce,exact,deloitte-tmt-predictions,
Mobile payments volume,mobile-payments-volume,exact,ark-big-ideas,
Mobile penetration,mobile-penetration,exact,deloitte-tmt-predictions,
mobile phone as primary internet connection,mobile-phone-as-primary-internet-connection,exact,pew-elon-imagining,
Mobile phone location tracking,mobile-phone-location-tracking,exact,gartner-strategic-predictions,
Mobile privacy,mobile-privacy,exact,deloitte-tmt-predictions,
Mobile Robots,mobile-robots,exact,gartner-hype-cycle,
Mobile Robozs,mobile-robots,judgment,gartner-hype-cycle,Spelling variant in the digitized sheet.
Mobile search,mobile-search,exact,deloitte-tmt-predictions,
Mobile spectrum,mobile-spectrum,exact,deloitte-tmt-predictions,
Mobile subscriber growth,mobile-subscriber-growth,exact,deloitte-tmt-predictions,
Mobile subscriptions,mobile-subscriptions,exact,deloitte-tmt-predictions,
Mobile termination rates,mobile-termination-rates,exact,deloitte-tmt-predictions,
Mobile Tracking,mobile-tracking,exact,ftsg-tech-trends,
Mobile TV,mobile-tv,exact,deloitte-tmt-predictions,
Mobile TV viewing,mobile-tv-viewing,exact,deloitte-tmt-predictions,
Mobile voice,mobile-voice,exact,deloitte-tmt-predictions,
Mobile voice calls,mobile-voice-calls,exact,deloitte-tmt-predictions,
Mobile voice revenue,mobile-voice-revenue,exact,deloitte-tmt-predictions,
Mobile VoIP,mobile-voip,exact,deloitte-tmt-predictions,
Mobile vs PC application development,mobile-vs-pc-application-development,exact,gartner-strategic-predictions,
Mobile vs PC web access,mobile-vs-pc-web-access,exact,gartner-strategic-predictions,
Mobile Weather Stations,mobile-weather-stations,exact,ftsg-tech-trends,
"Mobility (autonomous, connected, electric, shared)",mobility-autonomous-connected-electric-shared,exact,mckinsey-tech-trends,
Mobility Simulation,mobility-simulation,exact,ftsg-tech-trends,
Mobility Superapps,mobility-superapps,exact,ftsg-tech-trends,
Model Context Protocol,model-context-protocol,exact,gartner-hype-cycle,
Model-driven Approaches,model-driven-architectures,judgment,gartner-hype-cycle,Same Hype Cycle technology group.
Model-Driven Architectures,model-driven-architectures,exact,gartner-hype-cycle,
Model-free Approaches to RL,model-free-approaches-to-rl,exact,ftsg-tech-trends,
Modeling Surprise,modeling-surprise,exact,mit-tr-10-breakthrough,
Modern digital infrastructure capability,modern-digital-infrastructure-capability,exact,idc-futurescape,
Modifying Fungi for Building and Packaging,modifying-fungi-for-building-and-packaging,exact,ftsg-tech-trends,
Modular AI,modular-ai,exact,ftsg-tech-trends,
Modular blockchain tech stack,modular-blockchain-tech-stack,exact,a16z-big-ideas,
Modular computers,modular-computers,exact,envisioning-technology,
Modular Construction,modular-construction,exact,ftsg-tech-trends,
Modular IT services,modular-it-services,exact,idc-futurescape,
Modular Mobile,modular-mobile,exact,ftsg-tech-trends,
Modulating Custom Voices,modulating-custom-voices,exact,ftsg-tech-trends,
Molecular assembler,molecular-assembler,exact,envisioning-technology,
Molecular cancer diagnostics,molecular-cancer-diagnostics,exact,ark-big-ideas,
Molecular Cancer Diagnostics,molecular-cancer-diagnostics,normalized,ark-big-ideas,
Molecular Diagnostics,molecular-diagnostics,exact,ftsg-tech-trends,
Molecular Electronics Chips,molecular-electronics-chips,exact,ftsg-tech-trends,
Molecular Imaging,molecular-imaging,exact,mit-tr-10-breakthrough,
Molecular Programming,molecular-programming,exact,ftsg-tech-trends,
Molecular Robotics,molecular-robotics,exact,ftsg-tech-trends,
Molecular Transistors,molecular-transistors,exact,gartner-hype-cycle,
Molten Salt Reactors,molten-salt-reactors,exact,ftsg-tech-trends,
Monetizing Chat-Based Journalism,monetizing-chat-based-journalism,exact,ftsg-tech-trends,
Monetizing Memes,monetizing-memes,exact,ftsg-tech-trends,
Monetizing spare capacity and eliminating waste,monetizing-spare-capacity-and-eliminating-waste,exact,trendwatching,
Monitoring and Field Simulation with Immersive AR/VR,monitoring-and-field-simulation-with-immersive-ar-vr,exact,ftsg-tech-trends,
Monitoring Climate Change From Space,monitoring-climate-change-from-space,exact,ftsg-tech-trends,
Monitoring Earth,monitoring-earth,exact,ftsg-tech-trends,
Monitoring Food Waste & Impact,monitoring-food-waste-and-impact,exact,ftsg-tech-trends,
Monitoring Orbital Debris,monitoring-orbital-debris,exact,ftsg-tech-trends,
MOOCs,moocs,exact,deloitte-tmt-predictions;envisioning-horizons,
Moon Rush,moon-rush,exact,ftsg-tech-trends,
"Moon, then Mars",moon-then-mars,normalized,ftsg-tech-trends,
"Moon, Then Mars",moon-then-mars,exact,ftsg-tech-trends,
Moonshot investments,moonshot-investments,exact,gartner-strategic-predictions,
Moonshots: Private Ventures on the Moon,moonshots-private-ventures-on-the-moon,exact,ftsg-tech-trends,
Moore's Law,moore-s-law,exact,deloitte-tmt-predictions,
More Cyber Mission Forces in the Field,more-cyber-mission-forces-in-the-field,exact,ftsg-tech-trends,
More Fertile Soil,more-fertile-soil,exact,ftsg-tech-trends,
More Inclusive and Accessible Sports,more-inclusive-and-accessible-sports,exact,ftsg-tech-trends,
Most meetings remote,most-meetings-remote,exact,kurzweil,
Most people prefer to keep their private information under their,most-people-prefer-to-keep-their-private-information-under-their,exact,kurzweil,
Most reading done on displays,most-reading-done-on-displays,exact,kurzweil,
Most text created using speech recognition,most-text-created-using-speech-recognition,exact,kurzweil,
Motion Sickness and VR Nausea,motion-sickness-and-vr-nausea,exact,ftsg-tech-trends,
Movement in the Metaverse,movement-in-the-metaverse,exact,ftsg-tech-trends,
Movement in The Metaverse,movement-in-the-metaverse,normalized,ftsg-tech-trends,
Movie box office,movie-box-office,exact,deloitte-tmt-predictions,
Moving Across Modalities,moving-across-modalities,exact,ftsg-tech-trends,
mRNA Cancer Vaccines,mrna-cancer-vaccines,exact,ftsg-tech-trends,
mRNA Vaccines,mrna-vaccines,exact,ftsg-tech-trends,
Much Faster Deep Learning,much-faster-deep-learning,exact,ftsg-tech-trends,
Multi-agent orchestration in enterprises,multi-agent-orchestration-in-enterprises,exact,a16z-big-ideas,
Multi-Cancer Screening,multi-cancer-screening,exact,ark-big-ideas,
Multi-cancer screening cost,multi-cancer-screening-cost,exact,ark-big-ideas,
Multi-input Recognition,multi-input-recognition,exact,ftsg-tech-trends,
Multi-Omics,multi-omics,exact,ark-big-ideas,
Multiomics,multi-omics,normalized,ark-big-ideas,
Multi-omics market,multi-omics-market,exact,ark-big-ideas,
Multi-radio chipsets,multi-radio-chipsets,exact,deloitte-tmt-predictions,
Multi-segmented smart grids,multi-segmented-smart-grids,exact,envisioning-technology,
Multi-skilled AI,multi-skilled-ai,exact,mit-tr-10-breakthrough,
Multi-tablet ownership,multi-tablet-ownership,exact,deloitte-tmt-predictions,
Multi-tasking Quantum,multi-tasking-quantum,exact,ftsg-tech-trends,
Multi touch,multi-touch,exact,envisioning-technology,
Multi-use Spaces,multi-use-spaces,exact,ftsg-tech-trends,
Multi-Use Spaces,multi-use-spaces,normalized,ftsg-tech-trends,
Multi-User Platforms,multi-user-platforms,exact,ftsg-tech-trends,
Multiagent AI in customer-facing processes,multiagent-ai-in-customer-facing-processes,exact,gartner-strategic-predictions,
Multiagent Systems,multiagent-systems,exact,gartner-hype-cycle,
"Multicloud management (metacloud, supercloud)",multicloud-management-metacloud-supercloud,exact,deloitte-tech-trends,
Multiexperience,multiexperience,exact,gartner-hype-cycle,
Multifactor authentication,multifactor-authentication,exact,idc-futurescape,
Multilateral Export Controls,multilateral-export-controls,exact,ftsg-tech-trends,
Multilateral Science and Technology Acts,multilateral-science-and-technology-acts,exact,ftsg-tech-trends,
Multilateralism collapse,multilateralism-collapse,exact,wef-global-risks,
Multimedia embedded in documents,multimedia-embedded-in-documents,exact,kurzweil,
Multimedia messaging (MMS),multimedia-messaging-mms,exact,deloitte-tmt-predictions,
Multimedia Messaging Service,multimedia-messaging-service,exact,gartner-hype-cycle,
Multimodal AI creative tools,multimodal-ai-creative-tools,exact,a16z-big-ideas,
Multimodal AI storytelling,multimodal-ai-storytelling,exact,a16z-big-ideas,
Multimodal generative AI,multimodal-generative-ai,exact,mckinsey-tech-trends,
Multimodal Movement,multimodal-movement,exact,ftsg-tech-trends,
Multimodal unstructured enterprise data,multimodal-unstructured-enterprise-data,exact,a16z-big-ideas,
Multiomic Tools,multiomic-tools,exact,ark-big-ideas,
Multiomics and Therapeutics,multiomics-and-therapeutics,exact,ark-big-ideas,
Multiomics data volume,multiomics-data-volume,exact,ark-big-ideas,
"Multiparty systems (blockchain, shared data platforms)",multiparty-systems-blockchain-shared-data-platforms,exact,accenture-tech-vision,
Multiplayer vertical AI agents,multiplayer-vertical-ai-agents,exact,a16z-big-ideas,
Multiplex Editing Enables Complex Changes,multiplex-editing-enables-complex-changes,exact,ftsg-tech-trends,
Multistep Scientific Reasoning,multistep-scientific-reasoning,exact,ftsg-tech-trends,
Multitask Learning,multitask-learning,exact,ftsg-tech-trends,
Multitasking Solar,multitasking-solar,exact,ftsg-tech-trends,
Mushroom Plastic,mushroom-plastic,exact,ftsg-tech-trends,
Music performance rights,music-performance-rights,exact,deloitte-tmt-predictions,
Music streaming revenue,music-streaming-revenue,exact,ark-big-ideas,
Music streaming subscriptions,music-streaming-subscriptions,exact,deloitte-tmt-predictions,
MVNOs and resellers,mvnos-and-resellers,exact,deloitte-tmt-predictions,
Mycelium,mycelium,exact,ftsg-tech-trends,
Mycelium Leathers,mycelium-leathers,exact,ftsg-tech-trends,
Mycelium Revolution,mycelium-revolution,exact,ftsg-tech-trends,
Myoelectric prosthesis,myoelectric-prosthesis,exact,envisioning-health,
NAFTA renegotiation pressure,nafta-renegotiation-pressure,exact,economist-world-ahead,
Named Data Networking,named-data-networking,exact,gartner-hype-cycle,
Nano-Architecture,nano-architecture,exact,mit-tr-10-breakthrough,
Nano electricmechanical systems,nano-electricmechanical-systems,exact,envisioning-horizons,
Nano-engineered materials,nano-engineered-materials,exact,deloitte-tech-trends,
Nano-Fulfillment Centers,nano-fulfillment-centers,exact,ftsg-tech-trends,
Nano-generators,nano-generators,exact,envisioning-technology,
Nano Solar Cells,nano-solar-cells,exact,mit-tr-10-breakthrough,
Nanobiomechanics,nanobiomechanics,exact,mit-tr-10-breakthrough,
Nanobot Nurses,nanobot-nurses,exact,ftsg-tech-trends,
Nanobot Treatments,nanobot-treatments,exact,ftsg-tech-trends,
Nanobots,nanobots,exact,ftsg-tech-trends,
Nanocharging Solar,nanocharging-solar,exact,mit-tr-10-breakthrough,
Nanocomposite drug carriers,nanocomposite-drug-carriers,exact,envisioning-health,
Nanocomputing,nanocomputing,exact,gartner-hype-cycle,
Nanodegrees,nanodegrees,exact,ftsg-tech-trends,
Nanofactories,nanofactories,exact,envisioning-horizons,
Nanohealing,nanohealing,exact,mit-tr-10-breakthrough,
Nanoimprint Lithography,nanoimprint-lithography,exact,mit-tr-10-breakthrough,
Nanomachines,nanomachines,exact,ftsg-tech-trends,
Nanomedicine,nanomedicine,exact,envisioning-technology;mit-tr-10-breakthrough,
Nanomesh Tattoos,nanomesh-tattoos,exact,ftsg-tech-trends,
Nanomesh Temporary Tattoos,nanomesh-temporary-tattoos,exact,ftsg-tech-trends,
Nanopiezoelectronics,nanopiezoelectronics,exact,mit-tr-10-breakthrough,
Nanopore Sequencing,nanopore-sequencing,exact,mit-tr-10-breakthrough,
NanoRadio,nanoradio,exact,mit-tr-10-breakthrough,
Nanosatellites,nanosatellites,exact,deloitte-tmt-predictions,
Nanoscale 3D Printing,nanoscale-3d-printing,exact,gartner-hype-cycle,
Nanosheet Transistors,nanosheet-transistors,exact,ftsg-tech-trends,
Nanostructure battery cathodes,nanostructure-battery-cathodes,exact,envisioning-technology,
Nanotechnology,nanotechnology,exact,deloitte-tmt-predictions,
Nanotube Electronics,nanotube-electronics,exact,gartner-hype-cycle,
Nanowire Networks Emulate Our Memories,nanowire-networks-emulate-our-memories,exact,ftsg-tech-trends,
Nanowires,nanowires,exact,envisioning-technology;mit-tr-10-breakthrough,
NASA DART asteroid impact,nasa-dart-asteroid-impact,exact,economist-world-ahead,
Nation-based Guardrails and Regulations,nation-based-guardrails-and-regulations,exact,ftsg-tech-trends,
National A.I. Strategies,national-a-i-strategies,exact,ftsg-tech-trends,
National AI Strategies,national-a-i-strategies,normalized,ftsg-tech-trends,
National AI compute infrastructure (AI hypercenters),national-ai-compute-infrastructure-ai-hypercenters,exact,a16z-big-ideas,
National DNA Drives,national-dna-drives,exact,ftsg-tech-trends,
National Security,national-security,exact,ftsg-tech-trends,
Native Advertising/ Content,native-advertising-content,exact,ftsg-tech-trends,
"NATO enlargement (Finland, Sweden)",nato-enlargement-finland-sweden,exact,economist-world-ahead,
Natural CCS,natural-ccs,exact,ftsg-tech-trends,
Natural CSS,natural-css,exact,ftsg-tech-trends,
Natural catastrophes,natural-disasters,judgment,wef-global-risks,"Same risk, reworded."
Natural disasters,natural-disasters,exact,wef-global-risks,
Natural disasters and extreme weather events,natural-disasters-and-extreme-weather-events,exact,wef-global-risks,
Natural Exoskeleton Movement,natural-exoskeleton-movement,exact,ftsg-tech-trends,
natural gas,natural-gas,exact,shell-scenarios,
Natural Language Generation,natural-language-generation,exact,ftsg-tech-trends,
Natural Language Generation (NLG),natural-language-generation,judgment,ftsg-tech-trends,"Acronym only. (subject dupes review, d48)"
Natural Language Generation for Reading Levels,natural-language-generation-for-reading-levels,exact,ftsg-tech-trends,
Natural Language Generation to Modulate Reading Levels,natural-language-generation-to-modulate-reading-levels,exact,ftsg-tech-trends,
Natural language interpretation,natural-language-processing,judgment,envisioning-technology,The poster's 'natural language interpretation' is natural language processing.
Natural language processing,natural-language-processing,exact,envisioning-health,
Natural Language Processing,natural-language-processing,exact,mit-tr-10-breakthrough,
Natural Language Processing for ESGs,natural-language-processing-for-esgs,exact,ftsg-tech-trends,
Natural Language Question Answering,natural-language-question-answering,exact,gartner-hype-cycle,
Natural-Language Question Answering,natural-language-question-answering,normalized,gartner-hype-cycle,
Natural-Language Questioning Answer,natural-language-question-answering,judgment,gartner-hype-cycle,Spelling variant in the digitized sheet.
Natural-language search,natural-language-search,exact,gartner-hype-cycle,
Natural Language Understanding (NLU),natural-language-understanding-nlu,exact,ftsg-tech-trends,
Natural resource crises,natural-resource-crises,exact,wef-global-risks,
Natural resource shortages,natural-resource-shortages,exact,wef-global-risks,
Nature,nature,exact,ftsg-tech-trends,
Navigation systems for the blind,navigation-systems-for-the-blind,exact,kurzweil,
Near-real-time Application Environments,near-real-time-application-environments,normalized,ftsg-tech-trends,
Near-Real-Time Application Environments,near-real-time-application-environments,exact,ftsg-tech-trends,
Nearshoring,nearshoring,exact,ftsg-tech-trends,
Nearshoring of U.S. supply from Asia,nearshoring-of-u-s-supply-from-asia,exact,gartner-strategic-predictions,
Necrobotics,necrobotics,exact,ftsg-tech-trends,
Nefarious AI Misuse,nefarious-ai-misuse,exact,ftsg-tech-trends,
Neighborhood Mesh Networks,neighborhood-mesh-networks,exact,ftsg-tech-trends,
Neo-Luddite movement has limited influence,neo-luddite-movement-has-limited-influence,exact,kurzweil,
Nerve Coolers,nerve-coolers,exact,ftsg-tech-trends,
Net neutrality,net-neutrality,exact,deloitte-tmt-predictions,
Net Neutrality,net-neutrality,normalized,ftsg-tech-trends,
Net-Zero Construction,net-zero-construction,exact,ftsg-tech-trends,
Netbooks,netbooks,exact,deloitte-tmt-predictions,
Network-as-a-Service (Naas),network-as-a-service-naas,exact,ftsg-tech-trends,
Network Computers,network-computers,exact,gartner-hype-cycle,
Network slicing market,network-slicing-market,exact,mckinsey-tech-trends,
Networked Collective Intelligence,networked-collective-intelligence,exact,gartner-hype-cycle,
Networked computers on and around us,networked-computers-on-and-around-us,exact,kurzweil,
networked-device surveillance,networked-device-surveillance,exact,pew-elon-imagining,
Networked Smart Devices,networked-smart-devices,exact,ftsg-tech-trends,
Networking technology spending waste,networking-technology-spending-waste,exact,gartner-strategic-predictions,
Neural biofeedback,neural-biofeedback,exact,envisioning-horizons,
Neural nets and genetic algorithms dominate compute,neural-nets-and-genetic-algorithms-dominate-compute,exact,kurzweil,
Neural network image recognition,neural-network-image-recognition,exact,envisioning-horizons,
Neural Rendering,neural-rendering,exact,ftsg-tech-trends,
Neuralink,neuralink,exact,ftsg-tech-trends,
Neuro-informatics,neuro-informatics,exact,envisioning-education;envisioning-technology,
Neuro-Symbolic A.I. Algorithms and Systems,neuro-symbolic-a-i-algorithms-and-systems,exact,ftsg-tech-trends,
Neuro-symbolic AI,neuro-symbolic-ai,normalized,ftsg-tech-trends,
Neuro-Symbolic AI,neuro-symbolic-ai,exact,ftsg-tech-trends;gartner-hype-cycle,
Neurobusiness,neurobusiness,exact,gartner-hype-cycle,
Neurodivergent talent recruitment,neurodivergent-talent-recruitment,exact,gartner-strategic-predictions,
Neuroenhancers,neuroenhancers,exact,ftsg-tech-trends,
Neuromarketing (fMRI),neuromarketing-fmri,exact,deloitte-tmt-predictions,
Neuromining of subconscious behavior,neuromining-of-subconscious-behavior,exact,gartner-strategic-predictions,
Neuromorphic computing,neuromorphic-computing,exact,deloitte-tech-trends,
Neuromorphic Computing,neuromorphic-computing,normalized,ftsg-tech-trends,
Neuromorphic computing / digital wall,neuromorphic-computing-digital-wall,exact,gartner-strategic-predictions,
Neuromorphic Chip,neuromorphic-hardware,normalized,ftsg-tech-trends,
Neuromorphic Chips,neuromorphic-hardware,judgment,mit-tr-10-breakthrough,Same technology.
Neuromorphic Hardware,neuromorphic-hardware,exact,gartner-hype-cycle,
Neuromorphic Hardware for Audio Applications,neuromorphic-hardware-for-audio-applications,exact,ftsg-tech-trends,
Neuromorphic Meets AI,neuromorphic-meets-ai,exact,ftsg-tech-trends,
Neuron Control,neuron-control,exact,mit-tr-10-breakthrough,
Neuroprosthetics,neuroprosthetics,exact,envisioning-health;envisioning-horizons,
Neurorights Campaigns,neurorights-campaigns,exact,ftsg-tech-trends,
New Architectures to Make AI Workloads More Efficient,new-architectures-to-make-ai-workloads-more-efficient,exact,ftsg-tech-trends,
New Base Materials,new-base-materials,exact,ftsg-tech-trends,
New Business Models,new-business-models,exact,ftsg-tech-trends,
New Cityscape Designs,new-cityscape-designs,exact,ftsg-tech-trends,
New Climate Insurance Needed,new-climate-insurance-needed,exact,ftsg-tech-trends,
New Countries Develop Space Mission Capabilities,new-countries-develop-space-mission-capabilities,exact,ftsg-tech-trends,
New CRISPR Tools,new-crispr-tools,exact,ftsg-tech-trends,
New digital industries and standards,new-digital-industries-and-standards,exact,accenture-tech-vision,
New digital purchasing models,new-digital-purchasing-models,exact,kurzweil,
New Domestic Supply Chain,new-domestic-supply-chain,exact,ftsg-tech-trends,
New Editing Tools,new-editing-tools,exact,ftsg-tech-trends,
New forms of value exchange and loyalty,new-forms-of-value-exchange-and-loyalty,exact,trendwatching,
New Generative Modeling Techniques,new-generative-modeling-techniques,exact,ftsg-tech-trends,
New heavy launch vehicles,new-heavy-launch-vehicles,exact,mckinsey-tech-trends,
"New HIV, TB infections of 5 million people",new-hiv-tb-infections-of-5-million-people,exact,wef-global-risks,
New Horizons flyby of Ultima Thule,new-horizons-flyby-of-ultima-thule,exact,economist-world-ahead,
New Horizons Pluto flyby,new-horizons-pluto-flyby,exact,economist-world-ahead,
New Hydro Turbine Design,new-hydro-turbine-design,exact,ftsg-tech-trends,
New Infrastructure Targets,new-infrastructure-targets,exact,ftsg-tech-trends,
New James Bond novel publication,new-james-bond-novel-publication,exact,economist-world-ahead,
New Kinds of Liability Insurance for AI,new-kinds-of-liability-insurance-for-ai,exact,ftsg-tech-trends,
New logical apps,new-logical-apps,exact,idc-futurescape,
New Materials to Power Advanced Computing,new-materials-to-power-advanced-computing,exact,ftsg-tech-trends,
New media vs traditional media metrics,new-media-vs-traditional-media-metrics,exact,deloitte-tmt-predictions,
New models for distributing media,new-models-for-distributing-media,exact,kurzweil,
New Open Source App Vulnerabilities,new-open-source-app-vulnerabilities,exact,ftsg-tech-trends,
New Roles for Data Scientists,new-roles-for-data-scientists,exact,ftsg-tech-trends,
New Search Interfaces,new-search-interfaces,exact,ftsg-tech-trends,
New Space,new-space,exact,ftsg-tech-trends,
New Strategic Technical Alliances,new-strategic-technical-alliances,exact,ftsg-tech-trends,
New Trial Methods,new-trial-methods,exact,ftsg-tech-trends,
New Turbine Design,new-turbine-design,exact,ftsg-tech-trends,
New York and London,new-york-and-london,exact,eurasia-top-risks,
News paywalls,news-paywalls,exact,deloitte-tmt-predictions,
Next-gen BCI,next-gen-bci,exact,envisioning-horizons,
Next-Gen Bioprinters Create Living Tissue With Multiple Cell Types,next-gen-bioprinters-create-living-tissue-with-multiple-cell-types,exact,ftsg-tech-trends,
Next-Gen Gig Economy,next-gen-gig-economy,exact,ftsg-tech-trends,
Next-Gen Native Video and Audio Story Formats,next-gen-native-video-and-audio-story-formats,exact,ftsg-tech-trends,
New-wave nuclear power,next-gen-nuclear,judgment,mit-tr-10-breakthrough,MIT's two entries on advanced fission reactors (raw INDEX candidate chain).
Next-gen nuclear,next-gen-nuclear,exact,mit-tr-10-breakthrough,
Next-Generation Gene Editors,next-generation-gene-editors,exact,ftsg-tech-trends,
Next-Generation Genome Sequencing,next-generation-genome-sequencing,exact,ftsg-tech-trends,
Next-Generation Memory,next-generation-memory,exact,gartner-hype-cycle,
Next-generation neuropharmacology,next-generation-neuropharmacology,exact,envisioning-horizons,
Next-generation SaaS applications,next-generation-saas-applications,exact,a16z-big-ideas,
"Next phases of the web (mobile web, internet of things, metaverse)",next-phases-of-the-web-mobile-web-internet-of-things-metaverse,exact,trendwatching,
Near-field communication,nfc,judgment,envisioning-technology,NFC is the abbreviation; the poster's raw revision records the rename.
NFC,nfc,exact,deloitte-tmt-predictions;envisioning-technology;gartner-hype-cycle,
NFC Payment,nfc-payment,exact,gartner-hype-cycle,
NFT,nft,exact,gartner-hype-cycle,
Non Fungible Tokens,nft,judgment,ftsg-tech-trends,"Same thing; hyphenation and acronym only. (subject dupes review, d48)"
Nonfungible Tokens (NFT),nft,judgment,gartner-hype-cycle,"Gartner shortened the label (raw INDEX, renames)."
NFT gamification,nft-gamification,exact,gartner-strategic-predictions,
NFT volume,nft-volume,exact,ark-big-ideas,
NFTs as brand assets,nfts-as-brand-assets,exact,a16z-big-ideas,
NFTs: Beyond the JPEG,nfts-beyond-the-jpeg,exact,ftsg-tech-trends,
Nigeria,nigeria,exact,eurasia-top-risks;nic-global-trends,
Nigeria population,nigeria-population,exact,economist-world-ahead,
NLP Algorithms Detect Virus Mutations,nlp-algorithms-detect-virus-mutations,exact,ftsg-tech-trends,
NLP Benchmarks,nlp-benchmarks,exact,ftsg-tech-trends,
No China recovery,no-china-recovery,exact,eurasia-top-risks,
No-deal Brexit,no-deal-brexit,exact,economist-world-ahead,
"No moving parts, electronic memory",no-moving-parts-electronic-memory,exact,kurzweil,
No reform,no-reform,exact,eurasia-top-risks,
No Retraining Required,no-retraining-required,exact,ftsg-tech-trends,
No room for error,no-room-for-error,exact,eurasia-top-risks,
No valid Turing test pass yet,no-valid-turing-test-pass-yet,exact,kurzweil,
No zero Covid,no-zero-covid,exact,eurasia-top-risks,
Nomadic and Modular Hotels,nomadic-and-modular-hotels,exact,ftsg-tech-trends,
Nomura takeover of Merrill Lynch,nomura-takeover-of-merrill-lynch,exact,economist-world-ahead,
Non-conventional attack in major city,non-conventional-attack-in-major-city,exact,wef-global-risks,
Non-Fungible Tokens and Digital Collectibles,non-fungible-tokens-and-digital-collectibles,exact,ftsg-tech-trends,
Non-invasive glucose sensors,non-invasive-glucose-sensors,exact,envisioning-health,
Non-IT companies as cloud providers,non-it-companies-as-cloud-providers,exact,gartner-strategic-predictions,
Non-Line-of-Sight Tracking,non-line-of-sight-tracking,exact,ftsg-tech-trends,
Non-musicians composing with smart software,non-musicians-composing-with-smart-software,exact,kurzweil,
"Non-PC computing devices (smartphones, tablets)",non-pc-computing-devices-smartphones-tablets,exact,deloitte-tmt-predictions,
Non-transferable tokens (soulbound tokens),non-transferable-tokens-soulbound-tokens,exact,a16z-big-ideas,
Non-x86 cloud compute,non-x86-cloud-compute,exact,idc-futurescape,
Nonbiological computation exceeds human intelligence,nonbiological-computation-exceeds-human-intelligence,exact,kurzweil,
Nonhuman share of total computing capacity,nonhuman-share-of-total-computing-capacity,exact,kurzweil,
Nonhuman social media friends,nonhuman-social-media-friends,exact,gartner-strategic-predictions,
Noninvasive imaging has increased,noninvasive-imaging-has-increased,exact,kurzweil,
Nootropics,nootropics,exact,ftsg-tech-trends,
Nootropics and Neuroenhancers,nootropics-and-neuroenhancers,exact,ftsg-tech-trends,
Norms and Regulations (Biological),norms-and-regulations-biological,exact,ftsg-tech-trends,
North Korea,north-korea,exact,eurasia-top-risks;nic-global-trends,
Not enough elections,not-enough-elections,exact,eurasia-top-risks,
Notebooks left at home by travelers,notebooks-left-at-home-by-travelers,exact,gartner-strategic-predictions,
Novel musical interfaces,novel-musical-interfaces,exact,kurzweil,
Nowhere to Charge,nowhere-to-charge,exact,ftsg-tech-trends,
NPT review conference,npt-review-conference,exact,economist-world-ahead,
NPUs (Neural Processing Units),npus-neural-processing-units,exact,ftsg-tech-trends,
Nuclear,nuclear,exact,ftsg-tech-trends,
Nuclear energy demand,nuclear-energy-demand,exact,a16z-big-ideas,
Nuclear in Space,nuclear-in-space,exact,ftsg-tech-trends,
nuclear power,nuclear-power,exact,shell-scenarios,
Nuclear power,nuclear-power,exact,deloitte-tmt-predictions,
Nuclear power share,nuclear-power-share,exact,mckinsey-tech-trends,
Nuclear-Powered Data Centers,nuclear-powered-data-centers,exact,ftsg-tech-trends,
Nuclear Reprogramming,nuclear-reprogramming,exact,mit-tr-10-breakthrough,
nuclear weapons,nuclear-weapons,exact,nic-global-trends,
Number of national elections in 2024,number-of-national-elections-in-2024,exact,economist-world-ahead,
Nutrigenomics,nutrigenomics,exact,ftsg-tech-trends,
Nutritional Labels For News,nutritional-labels-for-news,exact,ftsg-tech-trends,
Obamacare repeal,obamacare-repeal,exact,economist-world-ahead,
Object-embedded intelligence,object-embedded-intelligence,exact,envisioning-education,
Object-oriented Programming,object-oriented-programming,exact,gartner-hype-cycle,
OO Programming,object-oriented-programming,judgment,gartner-hype-cycle,OO is the abbreviation of object-oriented.
Object Recognition in Computational Photography,object-recognition-in-computational-photography,exact,ftsg-tech-trends,
Observability-Driven Development,observability-driven-development,exact,gartner-hype-cycle,
Observing the Brain in Real Time,observing-the-brain-in-real-time,exact,ftsg-tech-trends,
Occupational education is required,occupational-education-is-required,exact,kurzweil,
Occupy-style protest movement,occupy-style-protest-movement,exact,gartner-strategic-predictions,
Ocean,ocean,exact,ftsg-tech-trends,
Ocean Chemistry,ocean-chemistry,exact,ftsg-tech-trends,
Ocean-Faring Drones,ocean-faring-drones,exact,ftsg-tech-trends,
Ocean Fertilization,ocean-fertilization,exact,ftsg-tech-trends,
Ocean Iron Fertilization,ocean-iron-fertilization,exact,ftsg-tech-trends,
Ocean land mapping,ocean-land-mapping,exact,ftsg-tech-trends,
Ocean Thermal Energy Conversion,ocean-thermal-energy-conversion,exact,ftsg-tech-trends,
Oceanic Explorers,oceanic-explorers,exact,ftsg-tech-trends,
Oceanic Fertilization,oceanic-fertilization,exact,ftsg-tech-trends,
Oculus Rift,oculus-rift,exact,mit-tr-10-breakthrough,
"Off-grid, self-sufficient homes",off-grid-self-sufficient-homes,exact,trendwatching,
Off-Planet Living,off-planet-living,exact,ftsg-tech-trends,
Off-planet Mining,off-planet-mining,exact,ftsg-tech-trends,
Off-planet Resource Production,off-planet-resource-production,normalized,ftsg-tech-trends,
Off-Planet Resource Production,off-planet-resource-production,exact,ftsg-tech-trends,
Off-Planet Terraforming,off-planet-terraforming,exact,ftsg-tech-trends,
Off-Planet Tourism,off-planet-tourism,exact,ftsg-tech-trends,
Off-Planet Tourism: Getting to Space,off-planet-tourism-getting-to-space,exact,ftsg-tech-trends,
Off-Planet Tourism: Staying in Space,off-planet-tourism-staying-in-space,exact,ftsg-tech-trends,
Offensive Government Hacking,offensive-government-hacking,exact,ftsg-tech-trends,
Official Investigations of UAPs,official-investigations-of-uaps,exact,ftsg-tech-trends,
Offline Ajax,offline-ajax,exact,gartner-hype-cycle,
Offline Connections,offline-connections,exact,ftsg-tech-trends,
Offline meetups enabled by social and mobile media,offline-meetups-enabled-by-social-and-mobile-media,exact,trendwatching,
Offline Web Applications,offline-web-applications,exact,mit-tr-10-breakthrough,
Offshore Floating Wind Turbines,offshore-floating-wind-turbines,exact,ftsg-tech-trends,
Offshore Wind Turbines,offshore-wind-turbines,exact,ftsg-tech-trends,
Offshoring,offshoring,exact,deloitte-tmt-predictions,
oil,oil,exact,shell-scenarios,
oil and gas supply,oil-and-gas-supply,exact,shell-scenarios,
Oil demand,oil-demand,exact,ark-big-ideas;economist-world-ahead,
oil market,oil-market,exact,nic-global-trends,
oil price,oil-price,exact,shell-scenarios,
Oil price 2008,oil-price-2008,exact,economist-world-ahead,
Oil price spike to US$ 100,oil-price-spike-to-us-100,exact,wef-global-risks,
Oil price spike to US$ 80,oil-price-spike-to-us-80,exact,wef-global-risks,
Oil and gas price spike,oil-price-spikes,judgment,wef-global-risks,"Same risk, reworded."
Oil price shock,oil-price-spikes,judgment,wef-global-risks,"Same risk, reworded."
Oil price spikes,oil-price-spikes,exact,wef-global-risks,
Old Laws Clash With New Technology,old-laws-clash-with-new-technology,exact,ftsg-tech-trends,
Older telecom users,older-telecom-users,exact,deloitte-tmt-predictions,
Omnichannel Management Platforms,omnichannel-management-platforms,exact,ftsg-tech-trends,
"On-Chain Gaming: Play, Own, Earn, & Enjoy",on-chain-gaming-play-own-earn-and-enjoy,exact,ftsg-tech-trends,
On-chain Surveillance,on-chain-surveillance,exact,ftsg-tech-trends,
On-demand labor platforms,on-demand-labor-platforms,exact,accenture-tech-vision,
On-Demand Molecules,on-demand-molecules,exact,ftsg-tech-trends,
"On-demand, momentary markets (and 5G)",on-demand-momentary-markets-and-5g,exact,accenture-tech-vision,
On-Device AI,on-device-ai,exact,ftsg-tech-trends,
On-device AI models,on-device-ai-models,exact,a16z-big-ideas,
On-device generative AI,on-device-generative-ai,exact,a16z-big-ideas,
On-device machine learning,on-device-machine-learning,exact,deloitte-tmt-predictions,
On-line Communities,on-line-communities,exact,gartner-hype-cycle,
On-premises AI infrastructure,on-premises-ai-infrastructure,exact,deloitte-tmt-predictions,
On-the-go Entertainment,on-the-go-entertainment,exact,ftsg-tech-trends,
One-to-Few Networks,one-to-few-networks,exact,ftsg-tech-trends,
One-to-Few Networks.,one-to-few-networks,normalized,ftsg-tech-trends,
One-to-Few Publishing,one-to-few-publishing,exact,ftsg-tech-trends,
One-To-Few Publishing,one-to-few-publishing,exact,ftsg-tech-trends,
Ongoing Bias In AI,ongoing-bias-in-ai,exact,ftsg-tech-trends,
Ongoing professional education,ongoing-professional-education,exact,kurzweil,
Online advertising,online-advertising,exact,deloitte-tmt-predictions,
online and hybrid higher education,online-and-hybrid-higher-education,exact,pew-elon-imagining,
online anonymity,online-anonymity,exact,pew-elon-imagining,
Online brand advertising,online-brand-advertising,exact,deloitte-tmt-predictions,
online civic engagement,online-civic-engagement,exact,pew-elon-imagining,
Online coupons (daily deals),online-coupons-daily-deals,exact,deloitte-tmt-predictions,
online creative collaboration,online-creative-collaboration,exact,pew-elon-imagining,
online extremist communities,online-extremist-communities,exact,pew-elon-imagining,
Online grocery,online-grocery,exact,ark-big-ideas,
online harassment and trolling,online-harassment-and-trolling,exact,pew-elon-imagining,
online health resources,online-health-resources,exact,pew-elon-imagining,
Online identity authentication,online-identity-authentication,exact,deloitte-tmt-predictions,
online learning in schools,online-learning-in-schools,exact,pew-elon-imagining,
online misinformation,online-misinformation,exact,pew-elon-imagining,
Online news,online-news,exact,deloitte-tmt-predictions,
Online newspaper revenue,online-newspaper-revenue,exact,deloitte-tmt-predictions,
Online photo sharing,online-photo-sharing,exact,deloitte-tmt-predictions,
Online piracy and counterfeit media,online-piracy-and-counterfeit-media,exact,deloitte-tmt-predictions,
online political polarization,online-political-polarization,exact,pew-elon-imagining,
Online privacy and behavioral tracking,online-privacy-and-behavioral-tracking,exact,deloitte-tmt-predictions,
online privacy infrastructure,online-privacy-infrastructure,exact,pew-elon-imagining,
Online privacy regulation,online-privacy-regulation,exact,deloitte-tmt-predictions,
Online sabotage of critical infrastructure,online-sabotage-of-critical-infrastructure,exact,gartner-strategic-predictions,
Online school communities,online-school-communities,exact,envisioning-education,
Online shopping addiction,online-shopping-addiction,exact,gartner-strategic-predictions,
Online shopping and instant downloading,online-shopping-and-instant-downloading,exact,kurzweil,
online social networks and trust,online-social-networks-and-trust,exact,pew-elon-imagining,
Online spending,online-spending,exact,ark-big-ideas,
Online sports betting,online-sports-betting,exact,ark-big-ideas,
Online status markers,online-status-markers,exact,trendwatching,
Online third places (community platforms),online-third-places-community-platforms,exact,a16z-big-ideas,
online trust,online-trust,exact,pew-elon-imagining,
Online Video,online-video,exact,gartner-hype-cycle,
online voting,online-voting,exact,pew-elon-imagining,
Onsite childcare and employee retention,onsite-childcare-and-employee-retention,exact,gartner-strategic-predictions,
Ontologies and Graphs,ontologies-and-graphs,exact,gartner-hype-cycle,
Open API ecosystems,open-api-ecosystems,exact,idc-futurescape,
Open Banking,open-banking,exact,ftsg-tech-trends,
Open courseware,open-courseware,exact,envisioning-education,
Open health records,open-health-records,exact,envisioning-health,
Open RAN and network virtualization,open-ran-and-network-virtualization,exact,deloitte-tmt-predictions,
Open-Source AI,open-source-ai,exact,ftsg-tech-trends,
Open Source App Vulnerabilities,open-source-app-vulnerabilities,exact,ftsg-tech-trends,
Open source in commercial software,open-source-in-commercial-software,exact,gartner-strategic-predictions,
Open-Source Interoperability,open-source-interoperability,exact,ftsg-tech-trends,
Open-Source LLMs for Commercial Use,open-source-llms-for-commercial-use,exact,ftsg-tech-trends,
Open-Source Medical LLMs Gain Ground,open-source-medical-llms-gain-ground,exact,ftsg-tech-trends,
Open-Source Program Office,open-source-program-office,exact,gartner-hype-cycle,
Open-Source Quantum Software,open-source-quantum-software,exact,ftsg-tech-trends,
Open source software,open-source-software,exact,deloitte-tmt-predictions,
Open Source Systems,open-source-systems,exact,ftsg-tech-trends,
Open standards ecosystem,open-standards-ecosystem,exact,idc-futurescape,
OpenTelemetry,opentelemetry,exact,gartner-hype-cycle,
Openworm,openworm,exact,ftsg-tech-trends,
Operating model design,operating-model-design,exact,idc-futurescape,
Operator technology investment,operator-technology-investment,exact,deloitte-tmt-predictions,
Opex resets in IT spending,opex-resets-in-it-spending,exact,idc-futurescape,
Optical Computing,optical-computing,exact,ftsg-tech-trends,
Optical invisibility cloaks,optical-invisibility-cloaks,exact,envisioning-technology,
Optimizing AI to Run at the Edge,optimizing-ai-to-run-at-the-edge,exact,ftsg-tech-trends,
Optimizing AI to Run On and For the Edge,optimizing-ai-to-run-on-and-for-the-edge,exact,ftsg-tech-trends,
Optimizing for New Types of Search,optimizing-for-new-types-of-search,exact,ftsg-tech-trends,
Optimizing For Voice Search,optimizing-for-voice-search,exact,ftsg-tech-trends,
Optimizing Recreational Drugs,optimizing-recreational-drugs,exact,ftsg-tech-trends,
Optogenetic implants in humans,optogenetic-implants-in-humans,exact,envisioning-horizons,
Optogenetics,optogenetics,exact,envisioning-health;envisioning-technology,
Oral GLP-1 weight-loss drugs,oral-glp-1-weight-loss-drugs,exact,economist-world-ahead,
Orbital Aerospace,orbital-aerospace,exact,ark-big-ideas,
Orchestrated application experiences,orchestrated-application-experiences,exact,gartner-strategic-predictions,
Orchestration and Routing Layers,orchestration-and-routing-layers,exact,ftsg-tech-trends,
Organ-on-a-Chip,organ-on-a-chip,exact,ftsg-tech-trends,
Organic Fertilizer,organic-fertilizer,exact,ftsg-tech-trends,
Organic Light-Emitting Devices,organic-light-emitting-diodes,judgment,gartner-hype-cycle,Same OLED technology.
Organic Light-Emitting Diodes,organic-light-emitting-diodes,exact,gartner-hype-cycle,
Organic Solar Materials,organic-solar-materials,exact,ftsg-tech-trends,
Organizational change for AI,organizational-change-for-ai,exact,idc-futurescape,
Organizational Doxing,organizational-doxing,exact,ftsg-tech-trends,
Organoid Development,organoid-development,exact,ftsg-tech-trends,
Organoid Intelligence,organoid-intelligence,exact,ftsg-tech-trends,
Organoids,organoids,exact,ftsg-tech-trends,
Organoids for COVID-19 Research,organoids-for-covid-19-research,exact,ftsg-tech-trends,
Organs on demand,organs-on-demand,exact,mit-tr-10-breakthrough,
Other Concepts for Cities,other-concepts-for-cities,exact,ftsg-tech-trends,
OTT advertising,ott-advertising,exact,ark-big-ideas,
Our Appliances Have Their Own Digital Assistants,our-appliances-have-their-own-digital-assistants,exact,ftsg-tech-trends,
(Out in the) cold Turkey,out-in-the-cold-turkey,exact,eurasia-top-risks,
Outcome-based business models and IoT,outcome-based-business-models-and-iot,exact,accenture-tech-vision,
Outcome-based metrics for AI applications,outcome-based-metrics-for-ai-applications,exact,a16z-big-ideas,
"Outside-in architecture (APIs, ecosystems)",outside-in-architecture-apis-ecosystems,exact,deloitte-tech-trends,
Over-the-air device updates,over-the-air-device-updates,exact,deloitte-tmt-predictions,
Over-the-top video,over-the-top-video,exact,deloitte-tmt-predictions,
Overcoming the Data Shortage,overcoming-the-data-shortage,exact,ftsg-tech-trends,
Overhauling Government,overhauling-government,exact,ftsg-tech-trends,
Overhauling Government Tech Infrastructure,overhauling-government-tech-infrastructure,exact,ftsg-tech-trends,
Overhauling Legacy IT,overhauling-legacy-it,exact,ftsg-tech-trends,
Overpowered,overpowered,exact,eurasia-top-risks,
Overtourism backlash and city restrictions,overtourism-backlash-and-city-restrictions,exact,economist-world-ahead,
Ownership,ownership,exact,ftsg-tech-trends,
"Owning, Maintaining and Encrypting Our Biometric Data",owning-maintaining-and-encrypting-our-biometric-data,exact,ftsg-tech-trends,
P2P,p2p,exact,gartner-hype-cycle,
P2P VoIP,p2p-voip,exact,gartner-hype-cycle,
Packaged Business Capabilities,packaged-business-capabilities,exact,gartner-hype-cycle,
Paid or loyalty-based fast lanes for physical service,paid-or-loyalty-based-fast-lanes-for-physical-service,exact,trendwatching,
Paid virtual experiences,paid-virtual-experiences,exact,gartner-strategic-predictions,
"Painless, automatic giving and donating",painless-automatic-giving-and-donating,exact,trendwatching,
Pakistan,pakistan,exact,eurasia-top-risks,
Pakistan/Afghanistan,pakistan-afghanistan,exact,eurasia-top-risks,
"Palm-size devices read to the blind, go anywhere",palm-size-devices-read-to-the-blind-go-anywhere,exact,kurzweil,
PAN,pan,exact,envisioning-technology,
Pan-enterprise data strategy,pan-enterprise-data-strategy,exact,idc-futurescape,
Pandemic technical debt,pandemic-technical-debt,exact,idc-futurescape,
Pandemics,pandemics,exact,wef-global-risks,
Pangenome: What Makes Us Human,pangenome-what-makes-us-human,exact,ftsg-tech-trends,
Paper books rarely used,paper-books-rarely-used,exact,kurzweil,
Paper Diagnostics,paper-diagnostics,exact,mit-tr-10-breakthrough,
Paper documents scanned and online,paper-documents-scanned-and-online,exact,kurzweil,
Parallel Realities,parallel-realities,exact,ftsg-tech-trends,
Parametric Insurance,parametric-insurance,exact,ftsg-tech-trends,
Participation TV revenue,participation-tv-revenue,exact,deloitte-tmt-predictions,
Partitioned Ukraine,partitioned-ukraine,exact,eurasia-top-risks,
Passive Income,passive-income,exact,ftsg-tech-trends,
"Passive, sensor-based crowdsourcing",passive-sensor-based-crowdsourcing,exact,trendwatching,
Password security,password-security,exact,deloitte-tmt-predictions,
Passwords,passwords,exact,ftsg-tech-trends,
Pathogenic avian virus H5N1 spreads,pathogenic-avian-virus-h5n1-spreads,exact,wef-global-risks,
Pathogenic avian virus H5N1 spreads high/low human mortality,pathogenic-avian-virus-h5n1-spreads-high-low-human-mortality,exact,wef-global-risks,
"Pathogenic avian virus H5N1 spreads, radical advances in vaccine development",pathogenic-avian-virus-h5n1-spreads-radical-advances-in-vaccine-development,exact,wef-global-risks,
Patient Access to Medical Data,patient-access-to-medical-data,exact,ftsg-tech-trends,
Patient-Generated Health Data,patient-generated-health-data,exact,ftsg-tech-trends,
Patient records are digital,patient-records-are-digital,exact,kurzweil,
Pattern recognition for diagnosis,pattern-recognition-for-diagnosis,exact,kurzweil,
Pay TV and SVOD subscriptions,pay-tv-and-svod-subscriptions,exact,deloitte-tmt-predictions,
Pay TV cord cutting,pay-tv-cord-cutting,exact,deloitte-tmt-predictions,
Paying with Your Face,paying-with-your-face,exact,mit-tr-10-breakthrough,
PC embodied greenhouse gas emissions,pc-embodied-greenhouse-gas-emissions,exact,gartner-strategic-predictions,
PC lifecycle energy and CO2 in procurement,pc-lifecycle-energy-and-co2-in-procurement,exact,gartner-strategic-predictions,
PC recycling,pc-recycling,exact,gartner-strategic-predictions,
PC total cost of ownership,pc-total-cost-of-ownership,exact,gartner-strategic-predictions,
PC vendor market exits,pc-vendor-market-exits,exact,gartner-strategic-predictions,
Pedestrian Concerns,pedestrian-concerns,exact,ftsg-tech-trends,
Pedestrian Safety,pedestrian-safety,exact,ftsg-tech-trends,
Peer-to-peer computing,peer-to-peer-computing,exact,gartner-hype-cycle,
peer-to-peer file sharing,peer-to-peer-file-sharing,exact,pew-elon-imagining,
Peer-to-peer online classes for older adults,peer-to-peer-online-classes-for-older-adults,exact,trendwatching,
Peering into Video's Future,peering-into-video-s-future,exact,mit-tr-10-breakthrough,
Pen-Centric Tablet PCs,pen-centric-tablet-pcs,exact,gartner-hype-cycle,
People believe a computer will pass the Turing test,people-believe-a-computer-will-pass-the-turing-test,exact,kurzweil,
People-Literate Technology,people-literate-technology,exact,gartner-hype-cycle,
Perfect Online Privacy,perfect-online-privacy,exact,mit-tr-10-breakthrough,
Performances Embrace Technology,performances-embrace-technology,exact,ftsg-tech-trends,
Performing Arts Embrace Technology,performing-arts-embrace-technology,exact,ftsg-tech-trends,
Perovskite Cells,perovskite-cells,exact,ftsg-tech-trends,
Persistent Audio Surveillance,persistent-audio-surveillance,exact,ftsg-tech-trends,
Persistent Recognition,persistent-recognition,exact,ftsg-tech-trends,
Persistent Tracking and Scoring,persistent-tracking-and-scoring,exact,ftsg-tech-trends,
Persistent Workplace and School Surveillance,persistent-workplace-and-school-surveillance,exact,ftsg-tech-trends,
"Personal AI memory (""AI brain"")",personal-ai-memory-ai-brain,exact,a16z-big-ideas,
Personal Analytics,personal-analytics,exact,gartner-hype-cycle,
Personal Cloud Services,personal-cloud-services,exact,ftsg-tech-trends,
Personal computers,personal-computers,exact,deloitte-tmt-predictions,
Personal computers as knowledge finders,personal-computers-as-knowledge-finders,exact,kurzweil,
Personal computers as telephones,personal-computers-as-telephones,exact,kurzweil,
Personal Computers on Wheels,personal-computers-on-wheels,exact,ftsg-tech-trends,
Personal data auctions on Kickstarter,personal-data-auctions-on-kickstarter,exact,gartner-strategic-predictions,
Personal data bartering,personal-data-bartering,exact,gartner-strategic-predictions,
Personal Device Ecosystem,personal-device-ecosystem,exact,ftsg-tech-trends,
PDA phones,personal-digital-assistant-phones,judgment,gartner-hype-cycle,PDA is the abbreviation.
Personal digital assistant phones,personal-digital-assistant-phones,exact,gartner-hype-cycle,
PDAs,personal-digital-assistants,judgment,gartner-hype-cycle,PDA is the abbreviation.
Personal Digital Assistants,personal-digital-assistants,exact,gartner-hype-cycle,
Personal Digital Twins,personal-digital-twins,exact,ftsg-tech-trends,
Personal Distributed Computing Earning Models,personal-distributed-computing-earning-models,exact,ftsg-tech-trends,
Personal Electronic Keys,personal-electronic-keys,exact,ftsg-tech-trends,
Personal fabricators,personal-fabricators,exact,envisioning-technology,
Personal flying vehicles with microflaps,personal-flying-vehicles-with-microflaps,exact,kurzweil,
Fuel cells for portable devices,personal-fuel-cells,judgment,deloitte-tmt-predictions,Same product class: fuel cells that power portable devices.
Personal fuel cells,personal-fuel-cells,normalized,gartner-hype-cycle,
Personal Fuel Cells,personal-fuel-cells,exact,gartner-hype-cycle,
Personal Genomics,personal-genomics,exact,mit-tr-10-breakthrough,
Personal Home Drone Surveillance,personal-home-drone-surveillance,exact,ftsg-tech-trends,
Personal Large Action Models,personal-large-action-models,exact,ftsg-tech-trends,
Personal Mobility,personal-mobility,exact,ftsg-tech-trends,
Personal Robots and Butlers,personal-robots-and-butlers,exact,ftsg-tech-trends,
Personal Robots and Robot Butlers,personal-robots-and-robot-butlers,exact,ftsg-tech-trends,
Personal “X-As-A-Service” Earning Models,personal-x-as-a-service-earning-models,exact,ftsg-tech-trends,
Personality Analytics,personality-analytics,exact,ftsg-tech-trends,
Personality Recognition,personality-recognition,exact,ftsg-tech-trends,
Personalized AI for knowledge work,personalized-ai-for-knowledge-work,exact,a16z-big-ideas,
Personalized Content,personalized-content,exact,ftsg-tech-trends,
Personalized curation,personalized-curation,exact,trendwatching,
Personalized customer experience and marketing technology,personalized-customer-experience-and-marketing-technology,exact,deloitte-tech-trends,
Personalized digital experiences,personalized-digital-experiences,exact,accenture-tech-vision,
Personalized Medical Monitors,personalized-medical-monitors,exact,mit-tr-10-breakthrough,
Personalized medicine,personalized-medicine,exact,envisioning-health;envisioning-horizons;envisioning-technology,
"Personalized, participatory digital experiences",personalized-participatory-digital-experiences,exact,accenture-tech-vision,
Personalized phygital customer experience,personalized-phygital-customer-experience,exact,deloitte-tech-trends,
Personalized sensory and emotional-data experiences,personalized-sensory-and-emotional-data-experiences,exact,trendwatching,
Personalized Video,personalized-video,exact,ftsg-tech-trends,
Personification,personification,exact,gartner-hype-cycle,
Personified AI and brand-specific AI agents,personified-ai-and-brand-specific-ai-agents,exact,accenture-tech-vision,
Pervasive IT governance,pervasive-it-governance,exact,idc-futurescape,
Pervasive video,pervasive-video-capture,judgment,envisioning-technology,Same entry; the poster's raw revision records the rename.
Pervasive video capture,pervasive-video-capture,exact,envisioning-technology,
Pervasive Wireless,pervasive-wireless,exact,mit-tr-10-breakthrough,
Petrostates,petrostates,exact,eurasia-top-risks,
Pets/ Wearables,pets-wearables,exact,ftsg-tech-trends,
Phablets,phablets,exact,deloitte-tmt-predictions,
Phages,phages,exact,ftsg-tech-trends,
Pharmaceutical Companies Invest in AI,pharmaceutical-companies-invest-in-ai,exact,ftsg-tech-trends,
Photonic Cellular Automata,photonic-cellular-automata,exact,ftsg-tech-trends,
Photonic Chips,photonic-chips,exact,ftsg-tech-trends,
Photonic Computing Architecture,photonic-computing-architecture,exact,ftsg-tech-trends,
Photonic-Enhanced Wireless Communication,photonic-enhanced-wireless-communication,exact,ftsg-tech-trends,
Photonics,photonics,exact,envisioning-technology,
Photovoltaic glass,photovoltaic-glass,exact,envisioning-technology,
Photvoltaic glass,photovoltaic-glass,judgment,envisioning-technology,Spelling variant.
Photovoltaic transparent glass,photovoltaic-transparent-glass,exact,envisioning-horizons,
Physical AI,physical-ai,exact,gartner-hype-cycle,
Physical AI and robotics,physical-ai-and-robotics,exact,deloitte-tech-trends,
Physical Health in Space,physical-health-in-space,exact,ftsg-tech-trends,
Physical music formats,physical-music-formats,exact,deloitte-tmt-predictions,
"Physical technology stack (smart devices, robots, edge)",physical-technology-stack-smart-devices-robots-edge,exact,deloitte-tech-trends,
Physical to digital focus,physical-to-digital-focus,exact,idc-futurescape,
Physical-world observability,physical-world-observability,exact,a16z-big-ideas,
Physics-Informed AI,physics-informed-ai,exact,gartner-hype-cycle,
Pico-projectors,pico-projectors,exact,envisioning-technology,
Piezo-electricity,piezo-electricity,exact,envisioning-technology,
Pilot and Passenger Observation,pilot-and-passenger-observation,exact,ftsg-tech-trends,
Pinhead cameras everywhere,pinhead-cameras-everywhere,exact,kurzweil,
Pivot to Philanthropy,pivot-to-philanthropy,exact,ftsg-tech-trends,
Planetary Defense,planetary-defense,exact,ftsg-tech-trends,
Planning & Deconstruction,planning-and-deconstruction,exact,ftsg-tech-trends,
Plant-based products across industries,plant-based-products-across-industries,exact,trendwatching,
"Plantable, biodegradable products",plantable-biodegradable-products,exact,trendwatching,
Plants Without Plants,plants-without-plants,exact,ftsg-tech-trends,
Plastic,plastic,exact,ftsg-tech-trends,
Plastic-Eating Enzymes,plastic-eating-enzymes,exact,ftsg-tech-trends,
Plastic-Eating Enzymes and Bacteria,plastic-eating-enzymes-and-bacteria,exact,ftsg-tech-trends,
Plastic Rain,plastic-rain,exact,ftsg-tech-trends,
Plastics Made From Algae Break Down Naturally,plastics-made-from-algae-break-down-naturally,exact,ftsg-tech-trends,
Platform as a service,platform-as-a-service,exact,accenture-tech-vision,
Platform business models and the digital economy,platform-business-models-and-the-digital-economy,exact,accenture-tech-vision,
Platform Engineering,platform-engineering,exact,gartner-hype-cycle,
Platform Ownership,platform-ownership,exact,ftsg-tech-trends,
Platform Switching and Demographic Shifts Threaten Established Social Networks,platform-switching-and-demographic-shifts-threaten-established-social-networks,exact,ftsg-tech-trends,
Platformization and DevOps,platformization-and-devops,exact,idc-futurescape,
Platforms as Gatekeepers,platforms-as-gatekeepers,exact,ftsg-tech-trends,
Platforms connecting volunteers with people in need,platforms-connecting-volunteers-with-people-in-need,exact,trendwatching,
Platforms Forced to Pick a Side,platforms-forced-to-pick-a-side,exact,ftsg-tech-trends,
Platforms vs Publishers,platforms-vs-publishers,exact,ftsg-tech-trends,
Play-and-earn crypto games,play-and-earn-crypto-games,exact,a16z-big-ideas,
Play-to-Earn and Virtual Marketplaces,play-to-earn-and-virtual-marketplaces,exact,ftsg-tech-trends,
Play-to-Earn Gaming,play-to-earn-gaming,exact,ftsg-tech-trends,
Playful learning experiences,playful-learning-experiences,exact,trendwatching,
Plummeting Biodiversity,plummeting-biodiversity,exact,ftsg-tech-trends,
Podcasting,podcasting,exact,gartner-hype-cycle,
Point-of-Care Diagnostics Capabilities,point-of-care-diagnostics-capabilities,exact,ftsg-tech-trends,
Policing the Creator Economy,policing-the-creator-economy,exact,ftsg-tech-trends,
Policy Uncertainty,policy-uncertainty,exact,ftsg-tech-trends,
Polio eradication,polio-eradication,exact,economist-world-ahead,
political identity,political-identity,exact,nic-global-trends,
political Islam,political-islam,exact,nic-global-trends,
Politically Biased AI,politically-biased-ai,exact,ftsg-tech-trends,
Politics vs. economics of climate change,politics-vs-economics-of-climate-change,exact,eurasia-top-risks,
Pollution,pollution,exact,wef-global-risks,
Pooled consumer data shaping products,pooled-consumer-data-shaping-products,exact,trendwatching,
Pop-Up Newsrooms and Limited- Edition News Products,pop-up-newsrooms-and-limited-edition-news-products,exact,ftsg-tech-trends,
Popup Newsrooms and Limited-Edition News Products,pop-up-newsrooms-and-limited-edition-news-products,normalized,ftsg-tech-trends,
population aging,population-aging,exact,nic-global-trends,
Populist policies in the developed world,populist-policies-in-the-developed-world,exact,eurasia-top-risks,
Populist takeover of European politics,populist-takeover-of-european-politics,exact,eurasia-top-risks,
Portable academic histories,portable-academic-histories,exact,envisioning-education,
"Portable computers lighter, thinner",portable-computers-lighter-thinner,exact,kurzweil,
Portable Personality,portable-personality,exact,gartner-hype-cycle,
Portable Security,portable-security,exact,ftsg-tech-trends,
Portable Sequencers Enable Real-Time Genomics,portable-sequencers-enable-real-time-genomics,exact,ftsg-tech-trends,
Portable speech-to-text for the hearing impaired,portable-speech-to-text-for-the-hearing-impaired,exact,kurzweil,
Post-Brexit,post-brexit,exact,eurasia-top-risks,
Post-COVID build-back-better business,post-covid-build-back-better-business,exact,trendwatching,
post-pandemic recovery,post-pandemic-recovery,exact,shell-scenarios,
Posthumous AI,posthumous-ai,exact,ftsg-tech-trends,
Posthumous Sperm Retrieval,posthumous-sperm-retrieval,exact,ftsg-tech-trends,
Postponed 2020 events held in 2021,postponed-2020-events-held-in-2021,exact,economist-world-ahead,
Post-quantum cryptography,postquantum-cryptography,normalized,deloitte-tech-trends;deloitte-tmt-predictions,
Post-Quantum Cryptography,postquantum-cryptography,normalized,ftsg-tech-trends,
Postquantum Cryptography,postquantum-cryptography,exact,gartner-hype-cycle,
Power generation investment,power-generation-investment,exact,ark-big-ideas,
Power Grid Control,power-grid-control,exact,mit-tr-10-breakthrough,
Practical fusion reactors,practical-fusion-reactors,exact,mit-tr-10-breakthrough,
Pre-Experiencing Through Virtual Tourism,pre-experiencing-through-virtual-tourism,exact,ftsg-tech-trends,
Pre-Trained AI Chips,pre-trained-ai-chips,exact,ftsg-tech-trends,
Precise Gene Editing in Plants,precise-gene-editing-in-plants,exact,mit-tr-10-breakthrough,
Precision agriculture,precision-agriculture,exact,envisioning-horizons,
Precision Agriculture,precision-agriculture,exact,ftsg-tech-trends,
Precision drug delivery,precision-drug-delivery,exact,a16z-big-ideas,
Precision Fermentation,precision-fermentation,exact,ftsg-tech-trends,
Precision Medicine,precision-medicine,exact,ftsg-tech-trends,
Precision Medicine Begins to Scale,precision-medicine-begins-to-scale,exact,ftsg-tech-trends,
Precision Pollination,precision-pollination,exact,ftsg-tech-trends,
Precision therapies,precision-therapies,normalized,ark-big-ideas,
Precision Therapies,precision-therapies,exact,ark-big-ideas,
Precision therapies market value,precision-therapies-market-value,exact,ark-big-ideas,
predictability of technology innovation,predictability-of-technology-innovation,exact,pew-elon-imagining,
Predicting Financial Risk,predicting-financial-risk,exact,ftsg-tech-trends,
Predicting preemies,predicting-preemies,exact,mit-tr-10-breakthrough,
Predicting Sea Level Rise,predicting-sea-level-rise,exact,ftsg-tech-trends,
Predicting Systems and Site Failures,predicting-systems-and-site-failures,exact,ftsg-tech-trends,
Predicting Workplace Injuries,predicting-workplace-injuries,exact,ftsg-tech-trends,
Prediction and Prescience into our Human Lives,prediction-and-prescience-into-our-human-lives,normalized,ftsg-tech-trends,
Prediction and Prescience Into Our Human Lives,prediction-and-prescience-into-our-human-lives,exact,ftsg-tech-trends,
Prediction markets,prediction-markets,normalized,a16z-big-ideas,
Prediction Markets,prediction-markets,exact,gartner-hype-cycle,
Predictive Analytics,predictive-analytics,exact,gartner-hype-cycle,
Predictive crime prevention,predictive-crime-prevention,exact,envisioning-horizons,
Predictive Genetic Models,predictive-genetic-models,exact,ftsg-tech-trends,
Predictive group sentiment analysis,predictive-group-sentiment-analysis,exact,envisioning-horizons,
Predictive Machine Vision,predictive-machine-vision,exact,ftsg-tech-trends,
Predictive Models Using Incomplete Data,predictive-models-using-incomplete-data,exact,ftsg-tech-trends,
Predictive Models Using Single Images,predictive-models-using-single-images,exact,ftsg-tech-trends,
Premature obsolescence of IT assets,premature-obsolescence-of-it-assets,exact,idc-futurescape,
Premium versions of everyday products,premium-versions-of-everyday-products,exact,trendwatching,
Prenatal DNA Sequencing,prenatal-dna-sequencing,exact,mit-tr-10-breakthrough,
Prenatal gene manipulation,prenatal-gene-manipulation,exact,envisioning-health;envisioning-horizons,
Preparing for Life on Mars,preparing-for-life-on-mars,exact,ftsg-tech-trends,
Prescribed and certified health apps,prescribed-and-certified-health-apps,exact,trendwatching,
Prescription Digital Therapeutics,prescription-digital-therapeutics,exact,ftsg-tech-trends,
Prescription-Strength Gaming,prescription-strength-gaming,exact,ftsg-tech-trends,
Prescriptive Analytics,prescriptive-analytics,exact,gartner-hype-cycle,
Preventing Digital Self-Incrimination,preventing-digital-self-incrimination,exact,ftsg-tech-trends,
Preventive health and wellness,preventive-health-and-wellness,exact,trendwatching,
Price instability,price-instability,exact,wef-global-risks,
Pricing Bifurcation,pricing-bifurcation,exact,ftsg-tech-trends,
Pricing the Curb,pricing-the-curb,exact,ftsg-tech-trends,
primary energy,primary-energy,exact,shell-scenarios,
primary energy: biofuels,primary-energy-biofuels,exact,shell-scenarios,
primary energy: biomass,primary-energy-biomass,exact,shell-scenarios,
primary energy: biomass gasified,primary-energy-biomass-gasified,exact,shell-scenarios,
primary energy: biomass traditional,primary-energy-biomass-traditional,exact,shell-scenarios,
primary energy: biomass/waste solids,primary-energy-biomass-waste-solids,exact,shell-scenarios,
primary energy: geothermal,primary-energy-geothermal,exact,shell-scenarios,
primary energy: hydro-electricity,primary-energy-hydro-electricity,exact,shell-scenarios,
primary energy: other renewables,primary-energy-other-renewables,exact,shell-scenarios,
Prime Editing,prime-editing,exact,ftsg-tech-trends,
Prime Editing Improves Accuracy,prime-editing-improves-accuracy,exact,ftsg-tech-trends,
Print and online publishing,print-and-online-publishing,exact,deloitte-tmt-predictions,
Print books,print-books,exact,deloitte-tmt-predictions,
Print on demand,print-on-demand,exact,envisioning-technology,
Print publishing,print-publishing,exact,deloitte-tmt-predictions,
Printed electronics,printed-electronics,exact,envisioning-horizons,
Printed Skin Gets Green Light For Burn Care,printed-skin-gets-green-light-for-burn-care,exact,ftsg-tech-trends,
Printing Custom Bone Implants,printing-custom-bone-implants,exact,ftsg-tech-trends,
Prioritizing Accountability and Trust,prioritizing-accountability-and-trust,exact,ftsg-tech-trends,
Prioritizing Trust,prioritizing-trust,exact,ftsg-tech-trends,
Privacy,privacy,exact,ftsg-tech-trends,
Privacy and Unionizing at Big Tech,privacy-and-unionizing-at-big-tech,exact,ftsg-tech-trends,
Privacy concerns for digital medical records,privacy-concerns-for-digital-medical-records,exact,kurzweil,
Privacy-First Messaging Protocols,privacy-first-messaging-protocols,exact,ftsg-tech-trends,
Privacy is a critical issue,privacy-is-a-critical-issue,exact,kurzweil,
Privacy laws,privacy-laws,exact,kurzweil,
Privacy of personal AI agents,privacy-of-personal-ai-agents,exact,deloitte-tech-trends,
Privacy-preserving AI,privacy-preserving-ai,exact,deloitte-tmt-predictions,
Privacy-preserving blockchains,privacy-preserving-blockchains,exact,a16z-big-ideas,
Privacy Regulation,privacy-regulation,exact,ftsg-tech-trends,
Privacy-respecting service with minimal data collection,privacy-respecting-service-with-minimal-data-collection,exact,trendwatching,
Privacy Risks in Behavior Biometrics,privacy-risks-in-behavior-biometrics,exact,ftsg-tech-trends,
Privacy Risks in Behavioral Biometrics,privacy-risks-in-behavioral-biometrics,exact,ftsg-tech-trends,
Private 5G,private-5g,exact,gartner-hype-cycle,
Private 5G networks,private-5g,judgment,deloitte-tmt-predictions,Same technology.
Private 5G Networks,private-5g,normalized,ftsg-tech-trends,
Private Cloud Computing,private-cloud-computing,exact,gartner-hype-cycle,
Private Led Fusion Projects,private-led-fusion-projects,exact,ftsg-tech-trends,
Private Missions,private-missions,exact,ftsg-tech-trends,
Private Networks,private-networks,exact,ftsg-tech-trends,
Private Space Stations,private-space-stations,exact,ftsg-tech-trends,
Private wireless network market,private-wireless-network-market,exact,mckinsey-tech-trends,
Privately led Fusion Projects,privately-led-fusion-projects,exact,ftsg-tech-trends,
Privatized Presence in LEO,privatized-presence-in-leo,exact,ftsg-tech-trends,
Prize Hacks,prize-hacks,exact,ftsg-tech-trends,
Proactive brand transparency,proactive-brand-transparency,exact,trendwatching,
Proactive (prompt-free) AI applications,proactive-prompt-free-ai-applications,exact,a16z-big-ideas,
Proactive software agents,proactive-software-agents,exact,envisioning-horizons,
Probabilistic Chips,probabilistic-chips,exact,mit-tr-10-breakthrough,
Probabilistic Programming Languages,probabilistic-programming-languages,exact,ftsg-tech-trends,
Problematic Data Sets,problematic-data-sets,exact,ftsg-tech-trends,
Problematic Training Data,problematic-training-data,exact,ftsg-tech-trends,
Procedural storytelling,procedural-storytelling,exact,envisioning-technology,
Process automation and virtualization,process-automation-and-virtualization,exact,mckinsey-tech-trends,
Processing-in-Memory Technology,processing-in-memory-technology,exact,ftsg-tech-trends,
Product features for niche lifestyles,product-features-for-niche-lifestyles,exact,trendwatching,
Product model with design thinking and DevOps,product-model-with-design-thinking-and-devops,exact,idc-futurescape,
Productive engagement debate,productive-engagement-debate,exact,kurzweil,
Productive engagement unclear,productive-engagement-unclear,exact,kurzweil,
Productivity Bots,productivity-bots,exact,ftsg-tech-trends,
Productizing internal capabilities,productizing-internal-capabilities,exact,gartner-strategic-predictions,
Products and services that adapt after purchase,products-and-services-that-adapt-after-purchase,exact,trendwatching,
Products and services that adapt to the user,products-and-services-that-adapt-to-the-user,exact,trendwatching,
Products designed for emerging-market consumers,products-designed-for-emerging-market-consumers,exact,trendwatching,
Professional service robots,professional-service-robots,exact,deloitte-tmt-predictions,
Profound political and social instability,profound-political-and-social-instability,exact,wef-global-risks,
Programmable data access control (secrets-as-a-service),programmable-data-access-control-secrets-as-a-service,exact,a16z-big-ideas,
Programmable DNA Machines,programmable-dna-machines,exact,ftsg-tech-trends,
Programmable Gene Editing Proteins,programmable-gene-editing-proteins,exact,ftsg-tech-trends,
Programmable Gene-Editing Proteins,programmable-gene-editing-proteins,normalized,ftsg-tech-trends,
"Programmable, Ingestible, and Implantable Microbots",programmable-ingestible-and-implantable-microbots,exact,ftsg-tech-trends,
Programmable internet-native payments (x402),programmable-internet-native-payments-x402,exact,a16z-big-ideas,
Programmable matter,programmable-matter,exact,envisioning-technology,
Programmable medicines (gene therapy platforms),programmable-medicines-gene-therapy-platforms,exact,a16z-big-ideas,
Programmable Money,programmable-money,exact,ftsg-tech-trends;gartner-hype-cycle,
Programmable money for AI agents,programmable-money-for-ai-agents,exact,gartner-strategic-predictions,
"Programmable physical environments (5G, ambient computing, AR, smart materials)",programmable-physical-environments-5g-ambient-computing-ar-smart-materials,exact,accenture-tech-vision,
Progress in understanding diseases,progress-in-understanding-diseases,exact,kurzweil,
Project Loon,project-loon,exact,mit-tr-10-breakthrough,
Projected audio,projected-audio,exact,kurzweil,
Proliferation of Darknets,proliferation-of-darknets,exact,ftsg-tech-trends,
"Proliferation of Darknets, Aided By Cryptocurrencies",proliferation-of-darknets-aided-by-cryptocurrencies,exact,ftsg-tech-trends,
Proliferation of Franken-algorithms,proliferation-of-franken-algorithms,exact,ftsg-tech-trends,
Proliferation of Franken-Algorithms,proliferation-of-franken-algorithms,normalized,ftsg-tech-trends,
Proliferation of the Dark Web,proliferation-of-the-dark-web,exact,ftsg-tech-trends,
Prolonged stagnation,prolonged-stagnation,exact,wef-global-risks,
Promoting Anonymity,promoting-anonymity,exact,ftsg-tech-trends,
Prompt Engineering,prompt-engineering,exact,gartner-hype-cycle,
Prompt Learning/Engineering,prompt-learning-engineering,exact,ftsg-tech-trends,
Proof of Everything,proof-of-everything,exact,ftsg-tech-trends,
Proof of personhood,proof-of-personhood,exact,a16z-big-ideas,
Proof of stake,proof-of-stake,exact,mit-tr-10-breakthrough,
Proof of Stake Proves Its Worth,proof-of-stake-proves-its-worth,exact,ftsg-tech-trends,
Proof of Stake Solidifying as Key Consensus Mechanism,proof-of-stake-solidifying-as-key-consensus-mechanism,exact,ftsg-tech-trends,
Property-market crash,property-market-crash,exact,economist-world-ahead,
"Proprietary, Homegrown A.I. Languages",proprietary-homegrown-ai-languages,normalized,ftsg-tech-trends,
"Proprietary, Homegrown AI Languages",proprietary-homegrown-ai-languages,exact,ftsg-tech-trends,
Protecting Creativity,protecting-creativity,exact,ftsg-tech-trends,
Protecting Little Gamers,protecting-little-gamers,exact,ftsg-tech-trends,
Protection of sensitive data,protection-of-sensitive-data,exact,gartner-strategic-predictions,
Protectionism,protectionism,exact,eurasia-top-risks,
Protectionism 2.0,protectionism-2-0,exact,eurasia-top-risks,
Protein-DNA Logic,protein-dna-logic,exact,gartner-hype-cycle,
Protein Folding,protein-folding,exact,ftsg-tech-trends,
Provenance and Authentication,provenance-and-authentication,exact,ftsg-tech-trends,
Provider data portfolios,provider-data-portfolios,exact,idc-futurescape,
Proximity Recognition,proximity-recognition,exact,ftsg-tech-trends,
Psychedelics,psychedelics,exact,ftsg-tech-trends,
Public broadcaster and streamer partnerships,public-broadcaster-and-streamer-partnerships,exact,deloitte-tmt-predictions,
Public Entities Buying and Selling Personal Data,public-entities-buying-and-selling-personal-data,exact,ftsg-tech-trends,
Public Entities Selling Private Data,public-entities-selling-private-data,exact,ftsg-tech-trends,
Public key infrastructure,public-key-infrastructure,exact,gartner-hype-cycle,
Public-Private Partnerships,public-private-partnerships,exact,ftsg-tech-trends,
Public safety technology,public-safety-technology,exact,a16z-big-ideas,
Public Wi-Fi data,public-wi-fi-data,exact,deloitte-tmt-predictions,
Public Wi-Fi hotspots,public-wi-fi-hotspots,exact,deloitte-tmt-predictions,
Purpose-Built Models,purpose-built-models,exact,ftsg-tech-trends,
Netcasting/ Push Technology,push,judgment,gartner-hype-cycle,Same push technology entry.
Push,push,exact,gartner-hype-cycle,
PV at grid parity,pv-at-grid-parity,exact,envisioning-technology,
Qaddafi remains in power,qaddafi-remains-in-power,exact,economist-world-ahead,
QR/Color Code,qr-color-code,exact,gartner-hype-cycle,
Quadrupedal Robots,quadrupedal-robots,exact,ftsg-tech-trends,
Quantified Self,quantified-self,exact,gartner-hype-cycle,
Quantifying Emotion,quantifying-emotion,exact,ftsg-tech-trends,
Quantum-accelerated supercomputing,quantum-accelerated-supercomputing,exact,idc-futurescape,
Quantum Advantage,quantum-advantage,exact,ftsg-tech-trends,
Quantum and Edge,quantum-and-edge,exact,ftsg-tech-trends,
Quantum-as-a-Service,quantum-as-a-service,exact,ftsg-tech-trends,
Quantum-As-A-Service,quantum-as-a-service,exact,ftsg-tech-trends,
"Quantum, biologically inspired and high performance computing",quantum-biologically-inspired-and-high-performance-computing,exact,accenture-tech-vision,
Quantum Biology,quantum-biology,exact,ftsg-tech-trends,
Quantum Biology Breakthroughs,quantum-biology-breakthroughs,exact,ftsg-tech-trends,
Quantum Boosts for Classical Computers,quantum-boosts-for-classical-computers,exact,ftsg-tech-trends,
Quantum Computers,quantum-computers,exact,ftsg-tech-trends,
Practical Quantum Computers,quantum-computing,judgment,mit-tr-10-breakthrough,Same technology.
Quantum computing,quantum-computing,normalized,ark-big-ideas;deloitte-tech-trends;deloitte-tmt-predictions,
Quantum Computing,quantum-computing,exact,ftsg-tech-trends;gartner-hype-cycle,
Quantum computing and ASICs,quantum-computing-and-asics,exact,mckinsey-tech-trends,
Quantum computing (quantum optimization),quantum-computing-quantum-optimization,exact,deloitte-tech-trends,
Quantum computing services market,quantum-computing-services-market,exact,mckinsey-tech-trends,
Quantum computing value,quantum-computing-value,exact,mckinsey-tech-trends,
Quantum Cooling,quantum-cooling,exact,ftsg-tech-trends,
Quantum Cryptography,quantum-cryptography,exact,mit-tr-10-breakthrough,
Quantum diffraction optical imaging,quantum-diffraction-optical-imaging,exact,kurzweil,
Quantum Encryption,quantum-encryption,exact,ftsg-tech-trends,
Quantum encryption (quantum-safe cryptography),quantum-encryption,judgment,deloitte-tech-trends,"Both publishers use the label 'Quantum encryption' (FTSG 2022, Deloitte 2018) for securing data against quantum attack; the parenthesis is a gloss. (subject dupes review, d48)"
Quantum Error Correction,quantum-error-correction,exact,ftsg-tech-trends,
Quantum Error Detection and Correction,quantum-error-detection-and-correction,exact,ftsg-tech-trends,
Quantum Error Mitigation,quantum-error-mitigation,exact,ftsg-tech-trends,
Quantum for the Masses,quantum-for-the-masses,exact,ftsg-tech-trends,
Quantum Improves Research,quantum-improves-research,exact,ftsg-tech-trends,
Quantum Internet,quantum-internet,exact,ftsg-tech-trends,
Quantum Machine Learning,quantum-machine-learning,exact,ftsg-tech-trends,
Quantum Memory At Room Temperature,quantum-memory-at-room-temperature,exact,ftsg-tech-trends,
Quantum Microprocessor Chips,quantum-microprocessor-chips,exact,ftsg-tech-trends,
Quantum ML,quantum-ml,exact,gartner-hype-cycle,
Quantum Modeling,quantum-modeling,exact,ftsg-tech-trends,
Quantum Monte Carlo,quantum-monte-carlo,exact,ftsg-tech-trends,
Quantum Noise Reduction,quantum-noise-reduction,exact,ftsg-tech-trends,
Quantum-Optical Chip,quantum-optical-chip,exact,ftsg-tech-trends,
Quantum Quality Over Quantity,quantum-quality-over-quantity,exact,ftsg-tech-trends,
Quantum Resistant Cryptography,quantum-resistant-cryptography,exact,ftsg-tech-trends,
Quantum-Resistant Cryptography,quantum-resistant-cryptography,normalized,ftsg-tech-trends,
Quantum’s Effect on Research,quantum-s-effect-on-research,exact,ftsg-tech-trends,
Quantum Sensing,quantum-sensing,exact,ftsg-tech-trends,
Quantum Software,quantum-software,exact,ftsg-tech-trends,
Quantum supremacy,quantum-supremacy,exact,mit-tr-10-breakthrough,
Quantum Supremacy,quantum-supremacy,normalized,ftsg-tech-trends,
Quantum technologies,quantum-technologies,exact,mckinsey-tech-trends,
"Quantum technologies (computing, sensing, communications)",quantum-technologies,judgment,deloitte-tech-trends,"McKinsey's 'Quantum technologies' covers computing, sensing and communications; Deloitte 2022 'Quantum and then some' names the same three. Same scope. (subject dupes review, d48)"
Quantum Teleportation,quantum-teleportation,exact,ftsg-tech-trends,
Quantum Wires,quantum-wires,exact,mit-tr-10-breakthrough,
Queen Elizabeth II platinum jubilee,queen-elizabeth-ii-platinum-jubilee,exact,economist-world-ahead,
Question answering computing systems,question-answering-computing-systems,exact,envisioning-health,
R&D collaboration,r-and-d-collaboration,exact,deloitte-tmt-predictions,
Racetrack Memory,racetrack-memory,exact,mit-tr-10-breakthrough,
Radiation-hardened chips,radiation-hardened-chips,exact,deloitte-tmt-predictions,
Radicalism in the developed world,radicalism-in-the-developed-world,exact,eurasia-top-risks,
Radio,radio,exact,deloitte-tmt-predictions,
Ranking the World’s Smartest Cities,ranking-the-world-s-smartest-cities,exact,ftsg-tech-trends,
Ransomware as a Service,ransomware-as-a-service,exact,ftsg-tech-trends,
Ransomware-as-a-Service,ransomware-as-a-service,normalized,ftsg-tech-trends,
Rapid gene sequencing,rapid-gene-sequencing,exact,envisioning-health,
"Rapid growth of HIV, TB infections outside sub-Saharan Africa",rapid-growth-of-hiv-tb-infections-outside-sub-saharan-africa,exact,wef-global-risks,
Rapid iteration selective breeding,rapid-iteration-selective-breeding,exact,envisioning-horizons,
PGS,rapid-personal-gene-sequencing,judgment,envisioning-technology,PGS is the 2011 poster's acronym for personal gene sequencing; the raw revision records the rename.
Rapid personal gene sequencing,rapid-personal-gene-sequencing,exact,envisioning-technology,
Rapid Whole-Genome Sequencing in Critical Care,rapid-whole-genome-sequencing-in-critical-care,exact,ftsg-tech-trends,
Rare Earth Avoidance,rare-earth-avoidance,exact,ftsg-tech-trends,
Raúl Castro retires as Cuban president,raul-castro-retires-as-cuban-president,exact,economist-world-ahead,
(Re)Investing in Basic Research,re-investing-in-basic-research,exact,ftsg-tech-trends,
Re-platforming,re-platforming,exact,idc-futurescape,
Reactive furniture,reactive-furniture,exact,envisioning-education,
Reactive materials,reactive-materials,exact,envisioning-education,
Reading gender gap,reading-gender-gap,exact,deloitte-tmt-predictions,
Reading-navigation assistants voice interface,reading-navigation-assistants-voice-interface,exact,kurzweil,
Reading-navigation glasses for the blind,reading-navigation-glasses-for-the-blind,exact,kurzweil,
Reading-navigation systems read real-world text,reading-navigation-systems-read-real-world-text,exact,kurzweil,
Reading-navigation systems used by sighted,reading-navigation-systems-used-by-sighted,exact,kurzweil,
Reading on displays and direct-eye displays,reading-on-displays-and-direct-eye-displays,exact,kurzweil,
Reading software systems readily accepted,reading-software-systems-readily-accepted,exact,kurzweil,
Reading systems visually display documents,reading-systems-visually-display-documents,exact,kurzweil,
Real Estate and Home Building Powered by Platforms,real-estate-and-home-building-powered-by-platforms,exact,ftsg-tech-trends,
Real Estate in the Metaverse,real-estate-in-the-metaverse,exact,ftsg-tech-trends,
Real-time consumer reviews,real-time-consumer-reviews,exact,trendwatching,
Real-Time Context in Machine Learning,real-time-context-in-machine-learning,exact,ftsg-tech-trends,
Real-time data analytics,real-time-data-analytics,exact,accenture-tech-vision,
Real-Time Data Collection for Decision-Making and Planning,real-time-data-collection-for-decision-making-and-planning,exact,ftsg-tech-trends,
Real-Time Data for Enhanced Decisions,real-time-data-for-enhanced-decisions,exact,ftsg-tech-trends,
Real-Time Fact Checking,real-time-fact-checking,exact,ftsg-tech-trends,
Real-time generative AI,real-time-generative-ai,exact,a16z-big-ideas,
Real-Time Incident Center-aaS,real-time-incident-center-aas,exact,gartner-hype-cycle,
Real-time IT as a service,real-time-it-as-a-service,exact,idc-futurescape,
Real-time IT resource allocation,real-time-it-resource-allocation,exact,idc-futurescape,
Real-time language translation,real-time-language-translation,exact,kurzweil,
Real-time Machine Learning,real-time-machine-learning,normalized,ftsg-tech-trends,
Real-Time Machine Learning,real-time-machine-learning,exact,ftsg-tech-trends,
Real-time Machine Learning (RTML),real-time-machine-learning,judgment,ftsg-tech-trends,"Acronym only. (subject dupes review, d48)"
Real-Time Mapping,real-time-mapping,exact,ftsg-tech-trends,
Real-Time Optimization,real-time-optimization,exact,ftsg-tech-trends,
Real-Time Search,real-time-search,exact,mit-tr-10-breakthrough,
Real-time translation,real-time-translation,exact,kurzweil,
Real-World Asset (RWA) Tokenization,real-world-asset-rwa-tokenization,exact,ftsg-tech-trends,
Reality Mining,reality-mining,exact,mit-tr-10-breakthrough,
Really Simple Syndication,really-simple-syndication,exact,gartner-hype-cycle,
Realtime Deepfake Detectors,realtime-deepfake-detectors,exact,ftsg-tech-trends,
Rebuilding the Cold Chain,rebuilding-the-cold-chain,exact,ftsg-tech-trends,
Recession in major economies,recession-in-major-economies,exact,economist-world-ahead,
"Recessions in America, EU and Britain",recessions-in-america-eu-and-britain,exact,economist-world-ahead,
Recognition,recognition,exact,ftsg-tech-trends,
Recognition for Animation and Video,recognition-for-animation-and-video,exact,ftsg-tech-trends,
Record-Breaking Fusion Experiments,record-breaking-fusion-experiments,exact,ftsg-tech-trends,
Recording and analysis of workplace conversations,recording-and-analysis-of-workplace-conversations,exact,gartner-strategic-predictions,
Recreational cannabis legal in Canada and California,recreational-cannabis-legal-in-canada-and-california,exact,economist-world-ahead,
Recycling Hazardous Waste,recycling-hazardous-waste,exact,ftsg-tech-trends,
Recycling Material Waste,recycling-material-waste,exact,ftsg-tech-trends,
Recycling Product Waste,recycling-product-waste,exact,ftsg-tech-trends,
Rededication of Contaminated Land,rededication-of-contaminated-land,exact,ftsg-tech-trends,
Redefining Personal Mobility,redefining-personal-mobility,exact,ftsg-tech-trends,
Redefining the Roadside,redefining-the-roadside,exact,ftsg-tech-trends,
Reduced consumption,reduced-consumption,exact,trendwatching,
Reducing Carbon Emissions,reducing-carbon-emissions,exact,ftsg-tech-trends,
Reducing Corporate Reliance on Plastics,reducing-corporate-reliance-on-plastics,exact,ftsg-tech-trends,
Reducing Digital Carbon Emissions,reducing-digital-carbon-emissions,exact,ftsg-tech-trends,
Reducing Fossil Fuel Impact,reducing-fossil-fuel-impact,exact,ftsg-tech-trends,
Reducing Friction in Cross-Border Transactions,reducing-friction-in-cross-border-transactions,exact,ftsg-tech-trends,
Reducing Inference for 6G,reducing-inference-for-6g,exact,ftsg-tech-trends,
Reducing the Carbon Footprint of Fossil Fuels,reducing-the-carbon-footprint-of-fossil-fuels,exact,ftsg-tech-trends,
Reducing the Carbon Footprint of Natural Gas,reducing-the-carbon-footprint-of-natural-gas,exact,ftsg-tech-trends,
Reducing the Cost of Hydrogen Production,reducing-the-cost-of-hydrogen-production,exact,ftsg-tech-trends,
Reflecting Sunlight,reflecting-sunlight,exact,ftsg-tech-trends,
Regenerative Agriculture,regenerative-agriculture,exact,ftsg-tech-trends,
Regenerative agriculture products,regenerative-agriculture-products,exact,trendwatching,
Regenerative Design,regenerative-design,exact,ftsg-tech-trends,
Regenerative Farming Goes Mainstream,regenerative-farming-goes-mainstream,exact,ftsg-tech-trends,
Regenerative food and drink,regenerative-food-and-drink,exact,trendwatching,
Regenerative medicine,regenerative-medicine,exact,envisioning-technology,
Regional Approaches,regional-approaches,exact,ftsg-tech-trends,
Regulating AI,regulating-ai,exact,ftsg-tech-trends,
Regulating Autonomous Vehicle Testing,regulating-autonomous-vehicle-testing,exact,ftsg-tech-trends,
Regulating Data Ownership,regulating-data-ownership,exact,ftsg-tech-trends,
Regulating Deepfakes,regulating-deepfakes,exact,ftsg-tech-trends,
Regulating DNA Recognition Systems,regulating-dna-recognition-systems,exact,ftsg-tech-trends,
Regulating Human Gene Editing Intensifies,regulating-human-gene-editing-intensifies,exact,ftsg-tech-trends,
Regulating Messy Code,regulating-messy-code,exact,ftsg-tech-trends,
Regulating Open Banking,regulating-open-banking,exact,ftsg-tech-trends,
Regulation-specific LLMs for compliance,regulation-specific-llms-for-compliance,exact,a16z-big-ideas,
Regulatory Changes Toward Genome-Edited Crops,regulatory-changes-toward-genome-edited-crops,exact,ftsg-tech-trends,
Regulatory Compliance Frameworks for Web3 Technologies,regulatory-compliance-frameworks-for-web3-technologies,exact,ftsg-tech-trends,
Regulatory divergence,regulatory-divergence,exact,idc-futurescape,
Reinforcement Learning,reinforcement-learning,exact,gartner-hype-cycle;mit-tr-10-breakthrough,
Reinforcement Learning and Hierarchical RL,reinforcement-learning-and-hierarchical-rl,exact,ftsg-tech-trends,
Reinforcement Learning With Human Feedback (RLHF),reinforcement-learning-with-human-feedback-rlhf,exact,ftsg-tech-trends,
Reinventing the Queue Experience,reinventing-the-queue-experience,exact,ftsg-tech-trends,
Relationship Owners vs. Back-Office Providers,relationship-owners-vs-back-office-providers,exact,ftsg-tech-trends,
Relationships with automated personalities,relationships-with-automated-personalities,exact,kurzweil,
Relying on ADAS,relying-on-adas,exact,ftsg-tech-trends,
Relying Upon ADAS,relying-upon-adas,exact,ftsg-tech-trends,
Remote and virtualized work,remote-and-virtualized-work,exact,accenture-tech-vision,
Remote everything,remote-everything,exact,mit-tr-10-breakthrough,
Remote human teachers,remote-human-teachers,exact,kurzweil,
Remote Kill Switches,remote-kill-switches,exact,ftsg-tech-trends,
Remote learning is commonplace,remote-learning-is-commonplace,exact,kurzweil,
Remote Patient Monitoring,remote-patient-monitoring,exact,ftsg-tech-trends,
Remote Patient Monitoring (RPM),remote-patient-monitoring,judgment,ftsg-tech-trends,"Acronym only. (subject dupes review, d48)"
Remote presence,remote-presence,exact,envisioning-technology,
Remote presence for anything,remote-presence-for-anything,exact,kurzweil,
Remote student gatherings,remote-student-gatherings,exact,kurzweil,
Remote Worker Monitoring,remote-worker-monitoring,exact,ftsg-tech-trends,
Removing Zombie Cells,removing-zombie-cells,exact,ftsg-tech-trends,
renewable energy,renewable-energy,normalized,shell-scenarios,
Renewable Energy,renewable-energy,exact,ftsg-tech-trends,
Renewable energy share,renewable-energy-share,exact,mckinsey-tech-trends,
Renewable power share,renewable-power-share,exact,mckinsey-tech-trends,
Renewed interest in the Turing test,renewed-interest-in-the-turing-test,exact,kurzweil,
Rental of clean energy (solar batteries) amid power outages,rental-of-clean-energy-solar-batteries-amid-power-outages,exact,trendwatching,
Renting digital material,renting-digital-material,exact,kurzweil,
Replacement of legacy systems of record,replacement-of-legacy-systems-of-record,exact,a16z-big-ideas,
Reported AIDS cases worldwide,reported-aids-cases-worldwide,exact,economist-world-ahead,
Reports of computers passing Turing test,reports-of-computers-passing-turing-test,exact,kurzweil,
Repositioning perceived value and price,repositioning-perceived-value-and-price,exact,trendwatching,
Reprogrammable chips,reprogrammable-chips,exact,envisioning-technology,
Repurposed Technology,repurposed-technology,exact,ftsg-tech-trends,
Reputation economy,reputation-economy,exact,envisioning-technology,
Resale and trade-in of past purchases,resale-and-trade-in-of-past-purchases,exact,trendwatching,
Reshoring of supply chains,reshoring-of-supply-chains,exact,a16z-big-ideas,
Resilience as competitive advantage,resilience-as-competitive-advantage,exact,idc-futurescape,
Resilient Design,resilient-design,exact,ftsg-tech-trends,
Resolving Bias in Genome Research,resolving-bias-in-genome-research,exact,ftsg-tech-trends,
Resource geopolitization,resource-geopolitization,exact,wef-global-risks,
Resource-Hungry AI,resource-hungry-ai,exact,ftsg-tech-trends,
Resource nationalism,resource-nationalism,exact,eurasia-top-risks,
Resource-Positive Buildings,resource-positive-buildings,exact,gartner-hype-cycle,
Resource Scarcity Assistance,resource-scarcity-assistance,exact,ftsg-tech-trends,
Responsible AI,responsible-ai,exact,accenture-tech-vision;gartner-hype-cycle,
Responsible AI road maps,responsible-ai-road-maps,exact,idc-futurescape,
Responsive Recognition Technology,responsive-recognition-technology,exact,ftsg-tech-trends,
Retail APIs,retail-apis,exact,ftsg-tech-trends,
Rethinking the Cold Chain,rethinking-the-cold-chain,exact,ftsg-tech-trends,
Retinal and vision implants,retinal-and-vision-implants,exact,kurzweil,
Retinal projection displays,retinal-projection-displays,exact,kurzweil,
Retinal screens,retinal-screens,exact,envisioning-education;envisioning-technology,
Deglobalization,retrenchment-from-globalization,judgment,eurasia-top-risks;wef-global-risks,"WEF's own GRR 2020 retrospective figure relabels the 2007 entry ""Retrenchment from globalization"" as ""Deglobalization""."
Retrenchment from globalization,retrenchment-from-globalization,exact,wef-global-risks,
Deglobalization (developed),retrenchment-from-globalization-developed,judgment,wef-global-risks,"WEF's own GRR 2020 retrospective figure relabels the 2008 entry ""Retrenchment from globalization (developed)"" as ""Deglobalization (developed)""."
Retrenchment from globalization (developed),retrenchment-from-globalization-developed,exact,wef-global-risks,
Deglobalization (emerging),retrenchment-from-globalization-emerging,judgment,wef-global-risks,"WEF's own GRR 2020 retrospective figure relabels the 2009 entry ""Retrenchment from globalization (emerging)"" as ""Deglobalization (emerging)""."
Retrenchment from globalization (emerging),retrenchment-from-globalization-emerging,exact,wef-global-risks,
Retrofitting Old Homes with New Tech,retrofitting-old-homes-with-new-technology,judgment,ftsg-tech-trends,"Same FTSG trend (2020-2022); 'Tech' is short for 'Technology'. (subject dupes review, d48)"
Retrofitting Old Homes With New Technology,retrofitting-old-homes-with-new-technology,exact,ftsg-tech-trends,
Reusable blockchain infrastructure components,reusable-blockchain-infrastructure-components,exact,a16z-big-ideas,
Reusable Rockets,reusable-rockets,exact,ark-big-ideas;ftsg-tech-trends;mit-tr-10-breakthrough,
"Reuse, resale and upcycling programs",reuse-resale-and-upcycling-programs,exact,trendwatching,
Revenge Porn,revenge-porn,exact,ftsg-tech-trends,
Reverse Autonomous Learning,reverse-autonomous-learning,exact,ftsg-tech-trends,
Reverse cryonics,reverse-cryonics,exact,envisioning-health,
Reverse-engineering the human brain,reverse-engineering-the-human-brain,exact,kurzweil,
Reversing Environmental Rules and Regulations,reversing-environmental-rules-and-regulations,exact,ftsg-tech-trends,
Reversing Paralysis,reversing-paralysis,exact,mit-tr-10-breakthrough,
Reviving Ancient Viruses,reviving-ancient-viruses,exact,ftsg-tech-trends,
Rewarding failure in business process management,rewarding-failure-in-business-process-management,exact,gartner-strategic-predictions,
Rewards for self-improving behaviour,rewards-for-self-improving-behaviour,exact,trendwatching,
Rewilding,rewilding,exact,ftsg-tech-trends,
Rewilding: Animals/Nature,rewilding-animals-nature,exact,ftsg-tech-trends,
Rewilding Barren Terrains,rewilding-barren-terrains,exact,ftsg-tech-trends,
RF power harvesting,rf-power-harvesting,exact,deloitte-tmt-predictions,
RFID,rfid,exact,deloitte-tmt-predictions;gartner-hype-cycle,
RFID (Case/Pallet),rfid-case-pallet,exact,gartner-hype-cycle,
RFID (Item),rfid-item,exact,gartner-hype-cycle,
Passive Radio Frequency Identification,rfid-passive,judgment,gartner-hype-cycle,"Same technology, abbreviated."
RFID (passive),rfid-passive,exact,gartner-hype-cycle,
Rich-country bond-market crisis,rich-country-bond-market-crisis,exact,economist-world-ahead,
Ride-hailing fees,ride-hailing-fees,exact,ark-big-ideas,
Rigged!: Who governs the US?,rigged-who-governs-the-us,exact,eurasia-top-risks,
Right to Eavesdrop/ Be Eavesdropped On,right-to-eavesdrop-be-eavesdropped-on,exact,ftsg-tech-trends,
Right To Eavesdrop/ Be Eavesdropped On,right-to-eavesdrop-be-eavesdropped-on,exact,ftsg-tech-trends,
Right to Repair,right-to-repair,exact,ftsg-tech-trends,
Rights and Regulations,rights-and-regulations,exact,ftsg-tech-trends,
Rings,rings,exact,ftsg-tech-trends,
Rings and Bracelets,rings-and-bracelets,exact,ftsg-tech-trends,
Risc-V,risc-v,normalized,ftsg-tech-trends,
RISC-V,risc-v,exact,deloitte-tmt-predictions;ftsg-tech-trends,
RISC-V AI Chips,risc-v-ai-chips,exact,ftsg-tech-trends,
Rise of AI Nationalism,rise-of-ai-nationalism,exact,ftsg-tech-trends,
Rising Cyber Risk,rising-cyber-risk,exact,ftsg-tech-trends,
Rising Foundational Security Concerns,rising-foundational-security-concerns,exact,ftsg-tech-trends,
Greenhouse gas emissions,rising-greenhouse-gas-emissions,judgment,wef-global-risks,"WEF's own GRR 2020 retrospective figure relabels the 2012 entry ""Rising greenhouse gas emissions"" as ""Greenhouse gas emissions""."
Rising greenhouse gas emissions,rising-greenhouse-gas-emissions,exact,wef-global-risks,
Rising Regulation of Web 3.0,rising-regulation-of-web-3-0,exact,ftsg-tech-trends,
Risk profile,risk-profile,exact,ftsg-tech-trends,
Risky business,risky-business,exact,eurasia-top-risks,
"Risqué, mature consumer culture",risque-mature-consumer-culture,exact,trendwatching,
"Risqué, non-corporate brands in emerging markets",risque-non-corporate-brands-in-emerging-markets,exact,trendwatching,
RNAi Therapy,rnai-therapy,exact,mit-tr-10-breakthrough,
Road and emissions deaths,road-and-emissions-deaths,exact,ark-big-ideas,
Robo-bosses,robo-bosses,exact,gartner-strategic-predictions,
Robot Abuse,robot-abuse,exact,ftsg-tech-trends,
Robot and Drone Swarms,robot-and-drone-swarms,exact,ftsg-tech-trends,
Robot Companions,robot-companions,exact,ftsg-tech-trends,
Robot Compilers,robot-compilers,exact,ftsg-tech-trends,
Robot Compiling,robot-compiling,exact,ftsg-tech-trends,
Robot Compiling and Training,robot-compiling-and-training,exact,ftsg-tech-trends,
Robot Design,robot-design,exact,mit-tr-10-breakthrough,
Robot dexterity,robot-dexterity,exact,mit-tr-10-breakthrough,
Robot “Eyes”,robot-eyes,exact,ftsg-tech-trends,
Robot Rights,robot-rights,exact,ftsg-tech-trends,
Robot training data and evaluation,robot-training-data-and-evaluation,exact,a16z-big-ideas,
Robotaxi Expansion,robotaxi-expansion,exact,ftsg-tech-trends,
Robotaxi Growth,robotaxi-growth,exact,ftsg-tech-trends,
Autonomous Ride-Hail,robotaxis,judgment,ark-big-ideas,ARK renamed this chapter over the years (raw INDEX); MIT uses the same term.
Autonomous Ride-Hailing,robotaxis,judgment,ark-big-ideas,ARK renamed this chapter over the years (raw INDEX); MIT uses the same term.
Mobility-as-a-Service,robotaxis,judgment,ark-big-ideas,"ARK's 2017-2018 'Mobility-as-a-Service' chapter is its autonomous ride-hail chapter under an earlier name: its claims are about autonomous taxi cost, autonomous MaaS sales and platform value (the EV claims sit in the chapter as context, as in later chapters)."
Robotaxis,robotaxis,exact,ark-big-ideas;mit-tr-10-breakthrough,
Robotic farm swarms,robotic-farm-swarms,exact,envisioning-horizons,
Robotic healthcare assistants,robotic-healthcare-assistants,exact,envisioning-health,
Robotic Picking and Replenishing,robotic-picking-and-replenishing,exact,ftsg-tech-trends,
Robotic Process Automation,robotic-process-automation,exact,ftsg-tech-trends,
Robotic Process Automation (RPA),robotic-process-automation,judgment,ftsg-tech-trends,"Acronym only. (subject dupes review, d48)"
Robotic surgery,robotic-surgery,exact,envisioning-health;envisioning-technology,
Robotic Surgery,robotic-surgery,normalized,ftsg-tech-trends,
Robotic “Vision”,robotic-vision,exact,ftsg-tech-trends,
Robotics,robotics,exact,ark-big-ideas;deloitte-tech-trends;ftsg-tech-trends;mckinsey-tech-trends,
3D Printing & Robotics,robotics-and-3d-printing,judgment,ark-big-ideas,"Same ARK chapter, words reordered."
Robotics & 3D Printing,robotics-and-3d-printing,exact,ark-big-ideas,
Robotics market value,robotics-market-value,exact,ark-big-ideas,
Robotics outside controlled environments,robotics-outside-controlled-environments,exact,accenture-tech-vision,
Robotization and automation,robotization-and-automation,exact,idc-futurescape,
Robots,robots,exact,ftsg-tech-trends,
Robots as a Service (RaaS),robots-as-a-service-raas,exact,ftsg-tech-trends,
Robots-as-a-Service (RaaS),robots-as-a-service-raas,normalized,ftsg-tech-trends,
Robots as Essential Workers,robots-as-essential-workers,exact,ftsg-tech-trends,
Robots Coexisting with Creative Applications,robots-coexisting-with-creative-applications,exact,ftsg-tech-trends,
Robots Expand Creative Collaboration,robots-expand-creative-collaboration,exact,ftsg-tech-trends,
"Robots in agriculture, forestry and cities",robots-in-agriculture-forestry-and-cities,exact,trendwatching,
Robots in the Home,robots-in-the-home,exact,ftsg-tech-trends,
Robots That Teach Each Other,robots-that-teach-each-other,exact,mit-tr-10-breakthrough,
Robots with Cognitive Skills,robots-with-cognitive-skills,exact,ftsg-tech-trends,
Rogue Russia,rogue-russia,exact,eurasia-top-risks,
Rollable Screens,rollable-screens,exact,ftsg-tech-trends,
Rotating memory fully replaced,rotating-memory-fully-replaced,exact,kurzweil,
Routes to Web3,routes-to-web3,exact,ftsg-tech-trends,
Routine video-phone sex,routine-video-phone-sex,exact,kurzweil,
RSS Enterprise,rss-enterprises,normalized,gartner-hype-cycle,
RSS Enterprises,rss-enterprises,exact,gartner-hype-cycle,
Rugged mobile devices,rugged-mobile-devices,exact,deloitte-tmt-predictions,
Rule of Don,rule-of-don,exact,eurasia-top-risks,
Running Out of Space,running-out-of-space,exact,ftsg-tech-trends,
Running Out Of Space For Genome Storage,running-out-of-space-for-genome-storage,exact,ftsg-tech-trends,
Russia,russia,exact,eurasia-top-risks;nic-global-trends,
Russia Bolsters Cyber Warfare Efforts,russia-bolsters-cyber-warfare-efforts,exact,ftsg-tech-trends,
Russia-China relations,russia-china-relations,exact,eurasia-top-risks,
Russia's domestic politics,russia-s-domestic-politics,exact,eurasia-top-risks,
Russia's second front,russia-s-second-front,exact,eurasia-top-risks,
Russia still rogue,russia-still-rogue,exact,eurasia-top-risks,
Russian foreign policy,russian-foreign-policy,exact,eurasia-top-risks,
Russian presidential election 2018,russian-presidential-election-2018,exact,economist-world-ahead,
S2S teaching platforms,s2s-teaching-platforms,exact,envisioning-education,
Safeguarding and Verifying Leaked Data,safeguarding-and-verifying-leaked-data,exact,ftsg-tech-trends,
Safeguarding Genetic Privacy,safeguarding-genetic-privacy,exact,ftsg-tech-trends,
Safeguarding Personal and One-To- Few Networks,safeguarding-personal-and-one-to-few-networks,exact,ftsg-tech-trends,
Sand for Glacier Melt,sand-for-glacier-melt,exact,ftsg-tech-trends,
Sandcastling Glaciers,sandcastling-glaciers,exact,ftsg-tech-trends,
Sanitation without sewers,sanitation-without-sewers,exact,mit-tr-10-breakthrough,
Satellite bandwidth cost,satellite-bandwidth-cost,exact,ark-big-ideas,
Satellite-Based Internet Services,satellite-based-internet-services,exact,ftsg-tech-trends,
Satellite broadband antenna cost,satellite-broadband-antenna-cost,exact,ark-big-ideas,
Satellite connectivity,satellite-connectivity,exact,ark-big-ideas,
Satellite constellations,satellite-constellations,exact,ark-big-ideas,
Satellite Data,satellite-data,exact,ftsg-tech-trends,
Satellite Internet,satellite-internet,exact,ftsg-tech-trends,
Satellite-To-Smartphone Connectivity,satellite-to-smartphone-connectivity,exact,ftsg-tech-trends,
Satellites,satellites,exact,ftsg-tech-trends,
Satellites Versus Traditional Providers,satellites-versus-traditional-providers,exact,ftsg-tech-trends,
Saturation of OTT Streaming Services,saturation-of-ott-streaming-services,exact,ftsg-tech-trends,
Saudi Arabia,saudi-arabia,exact,eurasia-top-risks,
Saudi Arabia vs. Iran,saudi-arabia-vs-iran,exact,eurasia-top-risks,
Scaled NFT Utility,scaled-nft-utility,exact,ftsg-tech-trends,
Scaling AI Clusters,scaling-ai-clusters,exact,ftsg-tech-trends,
Scaling Cannabis Infusion Techniques,scaling-cannabis-infusion-techniques,exact,ftsg-tech-trends,
Scaling Cryptocurrencies,scaling-cryptocurrencies,exact,ftsg-tech-trends,
Scaling of Telemedicine,scaling-of-telemedicine,exact,ftsg-tech-trends,
Scaling the Overview Effect,scaling-the-overview-effect,exact,ftsg-tech-trends,
Scaling the Qubits,scaling-the-qubits,exact,ftsg-tech-trends,
Scattershot Approach to U.S. Regulations,scattershot-approach-to-u-s-regulations,exact,ftsg-tech-trends,
School Surveillance,school-surveillance,exact,ftsg-tech-trends,
Schools rely on software-based instruction,schools-rely-on-software-based-instruction,exact,kurzweil,
Science Is Back,science-is-back,exact,ftsg-tech-trends,
"Science-technology convergence (next-generation computing, materials, biology)",science-technology-convergence-next-generation-computing-materials-biology,exact,accenture-tech-vision,
Scoring,scoring,exact,ftsg-tech-trends,
Scoring Agencies are on the Rise,scoring-agencies-are-on-the-rise,exact,ftsg-tech-trends,
Scoring Agencies on the Rise,scoring-agencies-on-the-rise,normalized,ftsg-tech-trends,
Scoring Agencies On the Rise,scoring-agencies-on-the-rise,exact,ftsg-tech-trends,
Scoring Companies,scoring-companies,exact,ftsg-tech-trends,
Scoring Everything,scoring-everything,exact,ftsg-tech-trends,
Scoring in China,scoring-in-china,exact,ftsg-tech-trends,
Scoring Uighurs,scoring-uighurs,exact,ftsg-tech-trends,
Scoring Uyghurs,scoring-uyghurs,exact,ftsg-tech-trends,
Scoring Vulnerable Populations,scoring-vulnerable-populations,exact,ftsg-tech-trends,
Screenless web browsing,screenless-web-browsing,exact,gartner-strategic-predictions,
Screens,screens,exact,ftsg-tech-trends,
Sea-steading,sea-steading,exact,envisioning-technology,
Seasteading,sea-steading,normalized,ftsg-tech-trends,
Search for Far-Off Life,search-for-far-off-life,exact,ftsg-tech-trends,
Search for Near-by Life,search-for-near-by-life,exact,ftsg-tech-trends,
Search Interfaces Evolve with AI and Voice,search-interfaces-evolve-with-ai-and-voice,exact,ftsg-tech-trends,
Searching The IoT and the IoPT (Internet of Physical Things),searching-the-iot-and-the-iopt-internet-of-physical-things,exact,ftsg-tech-trends,
Second-generation biofuels,second-generation-biofuels,exact,envisioning-horizons,
Second-screen TV viewing,second-screen-tv-viewing,exact,deloitte-tmt-predictions,
Secondary Reuse,secondary-reuse,exact,ftsg-tech-trends,
"Secret encryption, with no oversight",secret-encryption-with-no-oversight,exact,kurzweil,
Secure Access Service Edge (SASE),secure-access-service-edge-sase,exact,gartner-hype-cycle,
Securing Distributed Infrastructure,securing-distributed-infrastructure,exact,ftsg-tech-trends,
Securing EV Charging Infrastructure,securing-ev-charging-infrastructure,exact,ftsg-tech-trends,
Securing the HoT,securing-the-hot,exact,ftsg-tech-trends,
Securing the HOT (Home of Things),securing-the-hot,judgment,ftsg-tech-trends,"Same FTSG trend; the parenthesis expands the acronym. (subject dupes review, d48)"
Security,security,exact,ftsg-tech-trends,
Security analytics,security-analytics,exact,accenture-tech-vision,
Security as CEO priority,security-as-ceo-priority,exact,idc-futurescape,
Security Risks in the Age of AI,security-risks-in-the-age-of-ai,exact,ftsg-tech-trends,
Security Risks Take Different Shapes,security-risks-take-different-shapes,exact,ftsg-tech-trends,
Security strategy diversification,security-strategy-diversification,exact,idc-futurescape,
Security threat from small groups with AI,security-threat-from-small-groups-with-ai,exact,kurzweil,
Seeking a New Life in the Off-World Colonies,seeking-a-new-life-in-the-off-world-colonies,exact,ftsg-tech-trends,
Self-Assembling Robots,self-assembling-robots,exact,ftsg-tech-trends,
Self-Assembly Tech,self-assembly-technology,judgment,ftsg-tech-trends,"Same FTSG trend (2023, 2024); 'Tech' is short for 'Technology'. (subject dupes review, d48)"
Self-Assembly Technology,self-assembly-technology,exact,ftsg-tech-trends,
Self-Aware Vehicles,self-aware-vehicles,exact,ftsg-tech-trends,
Self-defined luxury,self-defined-luxury,exact,trendwatching,
Self-Driving Microscopes,self-driving-microscopes,exact,ftsg-tech-trends,
Self-Driving Trucks,self-driving-trucks,exact,mit-tr-10-breakthrough,
Self-experimentation and biohacking for wellness,self-experimentation-and-biohacking-for-wellness,exact,trendwatching,
Self-Finding Digital Infrastructure,self-finding-digital-infrastructure,exact,ftsg-tech-trends,
Self-Funding Digital Infrastructure,self-funding-digital-infrastructure,exact,ftsg-tech-trends,
Self-Healing Concrete Uses Bacteria to Repair Damage,self-healing-concrete-uses-bacteria-to-repair-damage,exact,ftsg-tech-trends,
Self-healing materials,self-healing-materials,exact,envisioning-horizons;envisioning-technology,
Self-Healing Materials,self-healing-materials,normalized,ftsg-tech-trends,
Self-Healing System Technology,self-healing-system-technology,exact,gartner-hype-cycle,
Self-Integrating Applications,self-integrating-applications,exact,gartner-hype-cycle,
Self-Organized Planning,self-organized-planning,exact,ftsg-tech-trends,
Self-paced learning,self-paced-learning,exact,envisioning-education,
Self-Repairing Networks,self-repairing-networks,exact,ftsg-tech-trends,
Self Repairing Quantum,self-repairing-quantum-systems,judgment,ftsg-tech-trends,"Same FTSG trend (2022, 2023); suffix only. (subject dupes review, d48)"
Self-Repairing Quantum Systems,self-repairing-quantum-systems,exact,ftsg-tech-trends,
Self-service digital tool mashup,self-service-digital-tool-mashup,exact,idc-futurescape,
Self-Sovereign Identity,self-sovereign-identity,exact,ftsg-tech-trends,
Self-Sovereign Identity Solutions,self-sovereign-identity-solutions,exact,ftsg-tech-trends,
Self-Sovereign Identity Solutions with Privacy Focus,self-sovereign-identity-solutions-with-privacy-focus,exact,ftsg-tech-trends,
Self-Steering Satellites,self-steering-satellites,exact,ftsg-tech-trends,
Self-Supervised Learning,self-supervised-learning,exact,gartner-hype-cycle,
Self-tracking of personal health,self-tracking-of-personal-health,exact,trendwatching,
Selfie Security,selfie-security,exact,ftsg-tech-trends,
Sell America,sell-america,exact,eurasia-top-risks,
semantic web,semantic-web,normalized,pew-elon-imagining,
Semantic web,semantic-web,exact,envisioning-technology,
Semantic Web,semantic-web,normalized,gartner-hype-cycle,
Semiconductor shortage,semiconductor-shortage,exact,deloitte-tmt-predictions,
Semiconductor supply chain,semiconductor-supply-chain,exact,deloitte-tmt-predictions,
Semiconductor sustainability,semiconductor-sustainability,exact,deloitte-tmt-predictions,
Semiconductor talent shortage,semiconductor-talent-shortage,exact,mckinsey-tech-trends,
Semiconductor venture capital,semiconductor-venture-capital,exact,deloitte-tmt-predictions,
Sense and Avoid Technology,sense-and-avoid-technology,exact,ftsg-tech-trends,
Senses in the Metaverse,senses-in-the-metaverse,exact,ftsg-tech-trends,
Senses In The Metaverse,senses-in-the-metaverse,normalized,ftsg-tech-trends,
Sensing City,sensing-city,exact,mit-tr-10-breakthrough,
Sensitive Content Warnings,sensitive-content-warnings,exact,ftsg-tech-trends,
Sensitive data in public cloud,sensitive-data-in-public-cloud,exact,gartner-strategic-predictions,
Sensor Fusion,sensor-fusion,exact,ftsg-tech-trends,
Sensor internet traffic,sensor-internet-traffic,exact,gartner-strategic-predictions,
Sensorial Elements,sensorial-elements,exact,ftsg-tech-trends,
Sensors,sensors,exact,envisioning-technology,
Sensory Journalism,sensory-journalism,exact,ftsg-tech-trends,
Separating Chromosomes,separating-chromosomes,exact,mit-tr-10-breakthrough,
Sequencing Ancient Genomes,sequencing-ancient-genomes,exact,ftsg-tech-trends,
Server processor architecture,server-processor-architecture,exact,ark-big-ideas,
Server virtualization software market,server-virtualization-software-market,exact,gartner-strategic-predictions,
Serverless Cloud,serverless-cloud,exact,ftsg-tech-trends,
Serverless Computing,serverless-computing,exact,ftsg-tech-trends,
Serverless computing and NoOps,serverless-computing-and-noops,exact,deloitte-tech-trends,
Serverless Edge,serverless-edge,exact,ftsg-tech-trends,
Serverless GPU,serverless-gpu,exact,ftsg-tech-trends,
Serverless PaaS,serverless-paas,exact,gartner-hype-cycle,
Service Bots,service-bots,exact,ftsg-tech-trends,
Service Oriented Architecture (SOA),service-oriented-architecture,judgment,gartner-hype-cycle,SOA is the abbreviation of service-oriented architecture.
Service-oriented architecture,service-oriented-architecture,normalized,accenture-tech-vision;deloitte-tech-trends,
Service-Oriented Architecture,service-oriented-architecture,exact,gartner-hype-cycle,
SOA,service-oriented-architecture,judgment,gartner-hype-cycle,SOA is the abbreviation of service-oriented architecture.
Service-Oriented Business Applications,service-oriented-business-applications,exact,gartner-hype-cycle,
Services helping households go green and save money,services-helping-households-go-green-and-save-money,exact,trendwatching,
Services tailored to Chinese travellers and shoppers,services-tailored-to-chinese-travellers-and-shoppers,exact,trendwatching,
Income disparity,severe-income-disparity,judgment,wef-global-risks,"WEF's own GRR 2020 retrospective figure relabels the 2012 entry ""Severe income disparity"" as ""Income disparity""."
Severe income disparity,severe-income-disparity,exact,wef-global-risks,
Sextech,sextech,exact,ftsg-tech-trends,
Shape-Shifters,shape-shifters,exact,ftsg-tech-trends,
Shared mobility,shared-mobility,exact,mckinsey-tech-trends,
Shared national fiber networks,shared-national-fiber-networks,exact,deloitte-tmt-predictions,
Sharing and renting instead of owning,sharing-and-renting-instead-of-owning,exact,trendwatching,
Sharing Economy & Lendership,sharing-economy-and-lendership,exact,ftsg-tech-trends,
Sharing Economy and Lendership,sharing-economy-and-lendership,exact,ftsg-tech-trends,
Sharkskin for Planes,sharkskin-for-planes,exact,ftsg-tech-trends,
Shia crescendo,shia-crescendo,exact,eurasia-top-risks,
Shifting definitions of luxury,shifting-definitions-of-luxury,exact,trendwatching,
Shifts in the Servicing Model,shifts-in-the-servicing-model,exact,ftsg-tech-trends,
Shipping Industry ESGs,shipping-industry-esgs,exact,ftsg-tech-trends,
Short-form video,short-form-video,exact,deloitte-tmt-predictions,
Short-range device-to-device connectivity,short-range-device-to-device-connectivity,exact,deloitte-tmt-predictions,
Silicon and code supply chain delays,silicon-and-code-supply-chain-delays,exact,idc-futurescape,
Silicon Anode Batteries,silicon-anode-batteries,exact,gartner-hype-cycle,
Silicon Nationalism,silicon-nationalism,exact,ftsg-tech-trends,
Silicon photonics,silicon-photonics,normalized,deloitte-tmt-predictions,
Silicon Photonics,silicon-photonics,exact,mit-tr-10-breakthrough,
Silk Thread That Powers Up: Smart Textiles Enter New Era,silk-thread-that-powers-up-smart-textiles-enter-new-era,exact,ftsg-tech-trends,
Simpler musical instrument interfaces,simpler-musical-instrument-interfaces,exact,kurzweil,
Simulated Driving Experience,simulated-driving-experience,exact,ftsg-tech-trends,
Simulated persons in transactions,simulated-persons-in-transactions,exact,kurzweil,
Simulated Space Environments,simulated-space-environments,exact,ftsg-tech-trends,
Simulated teachers,simulated-teachers,exact,kurzweil,
Simulating Empathy and Emotion,simulating-empathy-and-emotion,exact,ftsg-tech-trends,
Simulating Human Experiences,simulating-human-experiences,exact,ftsg-tech-trends,
Simulating Molecular Interactions,simulating-molecular-interactions,exact,ftsg-tech-trends,
Simulating Warfare,simulating-warfare,exact,ftsg-tech-trends,
Simultaneous conventional terrorist attacks worldwide,simultaneous-conventional-terrorist-attacks-worldwide,exact,wef-global-risks,
Single-Cell Analysis,single-cell-analysis,exact,mit-tr-10-breakthrough,
Single-Cell Sequencing Expands Applications,single-cell-sequencing-expands-applications,exact,ftsg-tech-trends,
Single-Nucleotide Polymorphism (SNP) Profiling,single-nucleotide-polymorphism-snp-profiling,exact,ftsg-tech-trends,
Situated VR,situated-vr,exact,ftsg-tech-trends,
Skills underfunding,skills-underfunding,exact,idc-futurescape,
Skin Care and Beauty,skin-care-and-beauty,exact,ftsg-tech-trends,
Skin-embedded screens,skin-embedded-screens,exact,envisioning-technology,
Skinput,skinput,exact,ftsg-tech-trends,
Skinput Systems,skinput,judgment,ftsg-tech-trends,"Suffix only. (subject dupes review, d48)"
Slack,slack,exact,mit-tr-10-breakthrough,
Sleep Tech,sleep-tech,exact,ftsg-tech-trends,
China economic slowdown,slowing-chinese-economy-6,judgment,wef-global-risks,"WEF's own GRR 2020 retrospective figure relabels the 2009 entry ""Slowing Chinese economy (<6%)"" as ""China economic slowdown""."
Slowing Chinese economy (<6%),slowing-chinese-economy-6,exact,wef-global-risks,
Small but high-resolution interfaces,small-but-high-resolution-interfaces,exact,kurzweil,
Small Data,small-data,exact,gartner-hype-cycle,
Small language models,small-language-models,exact,mit-tr-10-breakthrough,
Small Language Models,small-language-models,normalized,ftsg-tech-trends,
Small Language Models for AI at the Edge,small-language-models-for-ai-at-the-edge,exact,ftsg-tech-trends,
Small modular nuclear reactors,small-modular-nuclear-reactors,exact,a16z-big-ideas,
Small Modular Reactors,small-modular-reactors,exact,ftsg-tech-trends,
Small Scale Hydro,small-scale-hydro,normalized,ftsg-tech-trends,
Small-Scale Hydro,small-scale-hydro,exact,ftsg-tech-trends,
Smaller Companies in Space,smaller-companies-in-space,exact,ftsg-tech-trends,
"Smaller, faster, temporary consumption units (snack packs, fast fashion, small cars)",smaller-faster-temporary-consumption-units-snack-packs-fast-fashion-small-cars,exact,trendwatching,
"Smaller, respectful online communities",smaller-respectful-online-communities,exact,trendwatching,
Smart Advisors,smart-advisors,exact,gartner-hype-cycle,
Smart agents and the post-app era,smart-agents-and-the-post-app-era,exact,gartner-strategic-predictions,
Smart Appliance Screens,smart-appliance-screens,exact,ftsg-tech-trends,
Smart Bacteria Target Disease From Within,smart-bacteria-target-disease-from-within,exact,ftsg-tech-trends,
Smart Belts and Shoes,smart-belts-and-shoes,exact,ftsg-tech-trends,
Smart Biohazard Wearables,smart-biohazard-wearables,exact,ftsg-tech-trends,
Smart Boats,smart-boats,exact,ftsg-tech-trends,
Smart building digital vandalism,smart-building-digital-vandalism,exact,gartner-strategic-predictions,
Smart Buildings,smart-buildings,exact,ftsg-tech-trends,
Smart Camera News Networks,smart-camera-news-networks,exact,ftsg-tech-trends,
Smart Cameras,smart-cameras,exact,ftsg-tech-trends,
Smart Cards,smart-cards,exact,gartner-hype-cycle,
Smart cities,smart-cities,exact,envisioning-technology,
Smart Cities,smart-cities,normalized,ftsg-tech-trends,
Smart City Initiatives,smart-city-initiatives,exact,ftsg-tech-trends,
Smart City Systems,smart-city-systems,exact,ftsg-tech-trends,
Smart clothing,smart-clothing,exact,envisioning-technology,
Smart Contact Lenses,smart-contact-lenses,exact,ftsg-tech-trends,
Smart contract networks,smart-contract-networks,exact,ark-big-ideas,
Smart Contract Networks,smart-contract-networks,normalized,ark-big-ideas,
Smart Contracts,smart-contract-networks,judgment,ark-big-ideas,"Same ARK chapter, reworded."
Smart Data Discovery,smart-data-discovery,exact,gartner-hype-cycle,
Smart Drinks Merge Hydration with Brain and Gut Benefits,smart-drinks-merge-hydration-with-brain-and-gut-benefits,exact,ftsg-tech-trends,
Smart drugs,smart-drugs,exact,envisioning-technology,
Smart Dust,smart-dust,exact,ftsg-tech-trends;gartner-hype-cycle,
Smart dust sensors,smart-dust-sensors,exact,envisioning-horizons,
Smart energy network,smart-energy-network,exact,envisioning-horizons,
Smart(er) Government,smart-er-government,exact,ftsg-tech-trends,
Smart Eyewear and Head-Mounted Displays,smart-eyewear-and-head-mounted-displays,exact,ftsg-tech-trends,
Smart Fabrics,smart-fabrics,exact,gartner-hype-cycle,
Smart Farms,smart-farms,exact,ftsg-tech-trends,
Smart Glasses,smart-glasses,exact,ftsg-tech-trends,
Smart Gloves,smart-gloves,exact,ftsg-tech-trends,
Smart grid,smart-grid,exact,deloitte-tmt-predictions,
Smart grids and distributed energy,smart-grids-and-distributed-energy,exact,a16z-big-ideas,
Smart Helmets,smart-helmets,exact,ftsg-tech-trends,
smart home,smart-home,exact,pew-elon-imagining,
Smart Home Automation and Monitoring,smart-home-automation-and-monitoring,exact,ftsg-tech-trends,
Smart Home Digital Emissions,smart-home-digital-emissions,exact,ftsg-tech-trends,
Smart Home Gyms,smart-home-gyms,exact,ftsg-tech-trends,
Smart infrastructure,smart-infrastructure,exact,envisioning-technology,
Smart Kitchens,smart-kitchens,exact,ftsg-tech-trends,
Smart machines and industrialized services,smart-machines-and-industrialized-services,exact,gartner-strategic-predictions,
Smart machines and knowledge worker careers,smart-machines-and-knowledge-worker-careers,exact,gartner-strategic-predictions,
Smart Machines Create Complex Living Tissue,smart-machines-create-complex-living-tissue,exact,ftsg-tech-trends,
Smart machines in fast-growing companies,smart-machines-in-fast-growing-companies,exact,gartner-strategic-predictions,
Smart materials,smart-materials,exact,envisioning-horizons,
Smart Materials,smart-materials,exact,ftsg-tech-trends,
Smart Ocean Filters,smart-ocean-filters,exact,ftsg-tech-trends,
Smart operational technology software spending,smart-operational-technology-software-spending,exact,gartner-strategic-predictions,
Smart Oracles,smart-oracles,exact,ftsg-tech-trends,
Smart Parking and Roadways Predictability,smart-parking-and-roadways-predictability,exact,ftsg-tech-trends,
Smart Pesticides Use RNA to Target Pests,smart-pesticides-use-rna-to-target-pests,exact,ftsg-tech-trends,
Smart Ports,smart-ports,exact,ftsg-tech-trends,
Smart meters,smart-power-meters,judgment,envisioning-technology,Same device; the poster's raw revision records the rename.
Smart power meters,smart-power-meters,exact,envisioning-technology,
Smart Resource Management,smart-resource-management,exact,ftsg-tech-trends,
Smart Rings and Bracelets,smart-rings-and-bracelets,exact,ftsg-tech-trends,
Smart Robots,smart-robots,exact,gartner-hype-cycle,
Smart robots vs frontline workers,smart-robots-vs-frontline-workers,exact,gartner-strategic-predictions,
Smart Rooms,smart-rooms,exact,ftsg-tech-trends,
Smart Royalties,smart-royalties,exact,ftsg-tech-trends,
Smart Shoes,smart-shoes,exact,ftsg-tech-trends,
Smart Smallsats,smart-smallsats,exact,ftsg-tech-trends,
Smart speakers,smart-speakers,exact,deloitte-tmt-predictions,
Smart Textiles,smart-textiles,exact,ftsg-tech-trends,
Smart Thread,smart-thread,exact,ftsg-tech-trends,
Smart Threads,smart-thread,normalized,ftsg-tech-trends,
Smart toys,smart-toys,exact,envisioning-technology,
Smart Toys and Privacy Concerns,smart-toys-and-privacy-concerns,exact,ftsg-tech-trends,
Smart Transformers,smart-transformers,exact,mit-tr-10-breakthrough,
Smart Virtual Personal Assistants (SVPAs),smart-virtual-personal-assistants-svpas,exact,ftsg-tech-trends,
Smart Warehouses,smart-warehouses,exact,ftsg-tech-trends,
Smart Watches,smart-watches,exact,mit-tr-10-breakthrough,
Smartwatches,smart-watches,normalized,ftsg-tech-trends,
Smart Wind and Solar Power,smart-wind-and-solar-power,exact,mit-tr-10-breakthrough,
Smart Workspace,smart-workspace,exact,gartner-hype-cycle,
Smarter Home Security,smarter-home-security,exact,ftsg-tech-trends,
Smarter Plastics,smarter-plastics,exact,ftsg-tech-trends,
Smartphone adoption among over-55s,smartphone-adoption-among-over-55s,exact,deloitte-tmt-predictions,
Smartphone apps requesting consumer data,smartphone-apps-requesting-consumer-data,exact,gartner-strategic-predictions,
Smartphone authentication,smartphone-authentication,exact,deloitte-tmt-predictions,
Smartphone carbon footprint,smartphone-carbon-footprint,exact,deloitte-tmt-predictions,
Smartphone ecosystem revenue,smartphone-ecosystem-revenue,exact,deloitte-tmt-predictions,
Smartphone overuse,smartphone-overuse,exact,deloitte-tmt-predictions,
Smartphone penetration,smartphone-penetration,exact,ark-big-ideas;deloitte-tmt-predictions,
Smartphone replacement cycle,smartphone-replacement-cycle,exact,deloitte-tmt-predictions,
Smartphone shipments,smartphone-shipments,exact,deloitte-tmt-predictions,
Smartphone,smartphones,normalized,gartner-hype-cycle,
Smartphones,smartphones,exact,gartner-hype-cycle,
Smartphones in diabetic care,smartphones-in-diabetic-care,exact,gartner-strategic-predictions,
SME teams bundled in aaS offerings,sme-teams-bundled-in-aas-offerings,exact,idc-futurescape,
Smooth-talking AI assistants,smooth-talking-ai-assistants,exact,mit-tr-10-breakthrough,
SMS,sms,exact,deloitte-tmt-predictions,
SNARKs (succinct proofs) for verifiable computation,snarks-succinct-proofs-for-verifiable-computation,exact,a16z-big-ideas,
Social Analytics,social-analytics,exact,gartner-hype-cycle,
Social and Digital Payments,social-and-digital-payments,exact,ftsg-tech-trends,
Social and video commerce,social-and-video-commerce,exact,a16z-big-ideas,
Social business (enterprise social technologies),social-business-enterprise-social-technologies,exact,deloitte-tech-trends,
Social cohesion erosion,social-cohesion-erosion,exact,wef-global-risks,
Social commerce,social-commerce,exact,ark-big-ideas;deloitte-tmt-predictions,
Social Computing Platforms,social-computing-platforms,exact,gartner-hype-cycle,
Social Distancing Technologies,social-distancing-technologies,exact,gartner-hype-cycle,
Social games,social-games,exact,deloitte-tmt-predictions,
Social graph,social-graph,exact,envisioning-technology,
Social impact and ethics of exponential technologies,social-impact-and-ethics-of-exponential-technologies,exact,deloitte-tech-trends,
Social Indexing,social-indexing,exact,mit-tr-10-breakthrough,
Social media marketing (social activation),social-media-marketing-social-activation,exact,deloitte-tech-trends,
Social media platforms,social-media-platforms,exact,accenture-tech-vision,
Social Network Analysis,social-network-analysis,exact,gartner-hype-cycle,
Social network communication tools,social-network-communication-tools,exact,deloitte-tmt-predictions,
Social network finances,social-network-finances,exact,deloitte-tmt-predictions,
Social network investment bubble,social-network-investment-bubble,exact,gartner-strategic-predictions,
Social networking,social-networking,exact,deloitte-tmt-predictions,
Social networking monetization,social-networking-monetization,exact,deloitte-tmt-predictions,
Social networks,social-networks,exact,deloitte-tmt-predictions,
Social Payments,social-payments,exact,ftsg-tech-trends,
Social security collapse,social-security-collapse,exact,wef-global-risks,
Social Software Suites,social-software-suites,exact,gartner-hype-cycle,
Social TV,social-tv,exact,gartner-hype-cycle;mit-tr-10-breakthrough,
Social Tweaks to Social Network Algorithms,social-tweaks-to-social-network-algorithms,exact,ftsg-tech-trends,
Societal and/or political polarization,societal-polarization,judgment,wef-global-risks,"Same risk, reworded."
Societal polarization,societal-polarization,exact,wef-global-risks,
Sodium-ion batteries,sodium-ion-batteries,exact,mit-tr-10-breakthrough,
Soft Implantables,soft-implantables,exact,ftsg-tech-trends,
Soft Robotics,soft-robotics,exact,ftsg-tech-trends,
Soft Robotics Get a Grip,soft-robotics-get-a-grip,exact,ftsg-tech-trends,
Soft Robotics/Getting a Grip,soft-robotics-getting-a-grip,exact,ftsg-tech-trends,
Software 2.0,software-2-0,exact,mckinsey-tech-trends,
Software agents,software-agents,exact,envisioning-technology,
Software as a service,software-as-a-service,exact,gartner-strategic-predictions,
Software as Service/ASAP,software-as-service-asap,exact,gartner-hype-cycle,
Software-assisted composition,software-assisted-composition,exact,kurzweil,
Software-assisted writing,software-assisted-writing,exact,kurzweil,
Software Assurance,software-assurance,exact,mit-tr-10-breakthrough,
Software-Defined Anything,software-defined-anything,exact,gartner-hype-cycle,
Software-Defined Anything (SDx),software-defined-anything,judgment,gartner-hype-cycle,Same entry with its abbreviation added.
Software-defined infrastructure,software-defined-infrastructure,exact,deloitte-tech-trends,
Software-defined networking,software-defined-networking,normalized,accenture-tech-vision,
Software-Defined Networking,software-defined-networking,exact,mit-tr-10-breakthrough,
Software-Defined Security,software-defined-security,exact,gartner-hype-cycle,
Software development capacity,software-development-capacity,exact,idc-futurescape,
"Software development tooling (low-code, AI-assisted)",software-development-tooling-low-code-ai-assisted,exact,mckinsey-tech-trends,
Software for banking and trading operations,software-for-banking-and-trading-operations,exact,a16z-big-ideas,
Software for healthcare providers,software-for-healthcare-providers,exact,a16z-big-ideas,
Software helps overcome learning disabilities,software-helps-overcome-learning-disabilities,exact,kurzweil,
Software viruses and bioengineered agents,software-viruses-and-bioengineered-agents,exact,kurzweil,
solar energy,solar-energy,exact,shell-scenarios,
Solar Energy Coatings,solar-energy-coatings,exact,ftsg-tech-trends,
Solar Energy Expansion,solar-energy-expansion,exact,ftsg-tech-trends,
Solar Fuel,solar-fuel,exact,mit-tr-10-breakthrough,
Solar Geoengineering,solar-geoengineering,exact,ftsg-tech-trends,
Solar Highways,solar-highways,exact,ftsg-tech-trends,
Solar Lawn Mowing,solar-lawn-mowing,exact,ftsg-tech-trends,
Solar Microgrids,solar-microgrids,exact,mit-tr-10-breakthrough,
Solar panel positioning robots,solar-panel-positioning-robots,exact,envisioning-horizons,
Solar PV manufacturing in India,solar-pv-manufacturing-in-india,exact,mckinsey-tech-trends,
Solar Radiation Management,solar-radiation-management,exact,ftsg-tech-trends,
Solar Refrigeration,solar-refrigeration,exact,ftsg-tech-trends,
Solar sail,solar-sail,exact,envisioning-technology,
Solar thermal,solar-thermal,exact,envisioning-technology,
Solar Thermophotovoltaics,solar-thermophotovoltaics,exact,ftsg-tech-trends,
Solar Vehicles,solar-vehicles,exact,ftsg-tech-trends,
SolarCity's Gigafactory,solarcity-s-gigafactory,exact,mit-tr-10-breakthrough,
Solid State Batteries,solid-state-batteries,normalized,ftsg-tech-trends,
Solid-State Batteries,solid-state-batteries,exact,ftsg-tech-trends;mit-tr-10-breakthrough,
Solid-State Drives,solid-state-drives,exact,gartner-hype-cycle,
Solid state storage,solid-state-storage,exact,deloitte-tmt-predictions,
Sonic Lock Picking,sonic-lock-picking,exact,ftsg-tech-trends,
South Africa,south-africa,exact,eurasia-top-risks;nic-global-trends,
South Asia security,south-asia-security,exact,eurasia-top-risks,
South China Sea,south-china-sea,exact,nic-global-trends,
Southeast Asia,southeast-asia,exact,eurasia-top-risks,
Sovereign and government cloud,sovereign-cloud,judgment,deloitte-tmt-predictions,Same concept.
Sovereign Cloud,sovereign-cloud,exact,gartner-hype-cycle,
Sovereign cloud partnerships,sovereign-cloud-partnerships,exact,gartner-strategic-predictions,
Sovereign / region-specific AI platforms,sovereign-region-specific-ai-platforms,exact,gartner-strategic-predictions,
Soviet troop withdrawals demanded by China,soviet-troop-withdrawals-demanded-by-china,exact,economist-world-ahead,
Space,space,exact,ftsg-tech-trends,
Space and Off-Planet Exploration,space-and-off-planet-exploration,exact,ftsg-tech-trends,
Space Arks,space-arks,exact,ftsg-tech-trends,
Space Barons,space-barons,exact,ftsg-tech-trends,
Space-Based Defense,space-based-defense,exact,ftsg-tech-trends,
Space-Based Factories,space-based-factories,exact,ftsg-tech-trends,
Space-Based Farming,space-based-farming,exact,ftsg-tech-trends,
Space-Based Internet,space-based-internet,exact,ftsg-tech-trends,
Space-Based Quantum Internet,space-based-quantum-internet,exact,ftsg-tech-trends,
Space-based solar power,space-based-solar-power,exact,envisioning-horizons;envisioning-technology,
Space-Based Solar Power,space-based-solar-power,normalized,ftsg-tech-trends,
Space-Based Solar Power (SBSP),space-based-solar-power,judgment,ftsg-tech-trends,"Same technology; '(SBSP)' is only the acronym. FTSG 2025's claim defines SBSP as collecting solar energy in space and beaming it to Earth, as the other three sources do. (subject dupes review, d48)"
Space Blocs,space-blocs,exact,ftsg-tech-trends,
Space Blocs and Strategic Partnerships,space-blocs-and-strategic-partnerships,exact,ftsg-tech-trends,
Space Cuisine,space-cuisine,exact,ftsg-tech-trends,
Space Defense,space-defense,exact,ftsg-tech-trends,
Space Diplomacy,space-diplomacy,exact,ftsg-tech-trends,
Space economy,space-economy,exact,mckinsey-tech-trends,
Space elevator,space-elevator,exact,envisioning-technology,
Space Entertainment and Events,space-entertainment-and-events,exact,ftsg-tech-trends,
Space Exploration,space-exploration,exact,ftsg-tech-trends,
Space Exploration Robots and Drones,space-exploration-robots-and-drones,exact,ftsg-tech-trends,
Space Factories,space-factories,exact,ftsg-tech-trends,
Space-for-Earth Economy,space-for-earth-economy,exact,ftsg-tech-trends,
Space Forces,space-forces,exact,ftsg-tech-trends,
Space Habitats,space-habitats,exact,ftsg-tech-trends,
Space Habitats and Colonization,space-habitats-and-colonization,exact,ftsg-tech-trends,
Space Imaging,space-imaging,exact,ftsg-tech-trends,
Space industrial base,space-industrial-base,exact,a16z-big-ideas,
Space industry backbone revenue,space-industry-backbone-revenue,exact,mckinsey-tech-trends,
Space industry participants,space-industry-participants,exact,mckinsey-tech-trends,
Space Junk,space-junk,exact,ftsg-tech-trends,
Space Mining,space-mining,exact,ftsg-tech-trends,
Space Opens Up to Smaller Private Companies,space-opens-up-to-smaller-private-companies,exact,ftsg-tech-trends,
Space Regulation,space-regulation,exact,ftsg-tech-trends,
Space Robots and Drones,space-robots-and-drones,exact,ftsg-tech-trends,
Space Shuttle flights resume,space-shuttle-flights-resume,exact,economist-world-ahead,
Space Sustainability Initiatives,space-sustainability-initiatives,exact,ftsg-tech-trends,
Space technologies,space-technologies,exact,mckinsey-tech-trends,
Space Telecoms,space-telecoms,exact,ftsg-tech-trends,
Space tourism,space-tourism,exact,envisioning-technology,
Space Tourism,space-tourism,normalized,ftsg-tech-trends,
Space tourism passengers vs government astronauts,space-tourism-passengers-vs-government-astronauts,exact,economist-world-ahead,
Space Traffic Management,space-traffic-management,exact,ftsg-tech-trends,
SpaceX lunar tourist flight,spacex-lunar-tourist-flight,exact,economist-world-ahead,
Spanish general election 2008,spanish-general-election-2008,exact,economist-world-ahead,
Spatial Audio,spatial-audio,exact,ftsg-tech-trends,
Spatial Audio and 3D soundscaping,spatial-audio-and-3d-soundscaping,exact,ftsg-tech-trends,
Spatial Biology Improves with AI,spatial-biology-improves-with-ai,exact,ftsg-tech-trends,
Spatial computing,spatial-computing,normalized,accenture-tech-vision;deloitte-tech-trends,
Spatial Computing,spatial-computing,exact,gartner-hype-cycle,
Spatial computing and the industrial metaverse,spatial-computing-and-the-industrial-metaverse,exact,deloitte-tech-trends,
Spatial Displays,spatial-displays,exact,ftsg-tech-trends,
Specialized AI Cloud,specialized-ai-cloud,exact,ftsg-tech-trends,
Specialized AI video generation,specialized-ai-video-generation,exact,a16z-big-ideas,
Specialized brain regions recognized,specialized-brain-regions-recognized,exact,kurzweil,
Specialized Cannabis CRM Platforms,specialized-cannabis-crm-platforms,exact,ftsg-tech-trends,
"Specialized compute hardware (AI chips, quantum, neuromorphic)",specialized-compute-hardware-ai-chips-quantum-neuromorphic,exact,deloitte-tech-trends,
Specialized CRM Platforms,specialized-crm-platforms,exact,ftsg-tech-trends,
Specialized labor marketplaces,specialized-labor-marketplaces,exact,a16z-big-ideas,
Speculation regarding computer consciousness,speculation-regarding-computer-consciousness,exact,kurzweil,
Speech recognition,speech-recognition,exact,envisioning-technology,
Speech Recognition,speech-recognition,normalized,gartner-hype-cycle,
Speech Recognition for Mobile Devices,speech-recognition-for-mobile-devices,exact,gartner-hype-cycle,
Speech Recognition for Telephony and Call Center,speech-recognition-for-telephony-and-call-center,exact,gartner-hype-cycle,
Speech Recognition for Telephony and the Call Center,speech-recognition-for-telephony-and-call-center,judgment,gartner-hype-cycle,Same entry; spelling and wording vary between editions and sources.
Speech Recognition for Telepony and Call Center,speech-recognition-for-telephony-and-call-center,judgment,gartner-hype-cycle,Same entry; spelling and wording vary between editions and sources.
Speech recognition in call centers,speech-recognition-for-telephony-and-call-center,judgment,gartner-hype-cycle,Same entry; spelling and wording vary between editions and sources.
Speech recognition on desktops,speech-recognition-on-desktops,exact,gartner-hype-cycle,
Speech Synthesis,speech-synthesis,exact,ftsg-tech-trends,
Speech-to-speech translation,speech-to-speech-translation,normalized,kurzweil,
Speech-to-Speech Translation,speech-to-speech-translation,exact,gartner-hype-cycle,
Speech-to-text lens displays for the deaf,speech-to-text-lens-displays-for-the-deaf,exact,kurzweil,
Spheres of influence,spheres-of-influence,exact,eurasia-top-risks,
SPIMES,spimes,exact,envisioning-technology,
Spintronics,spintronics,exact,ftsg-tech-trends,
Splinternets,splinternets,exact,ftsg-tech-trends,
Sports athlete data,sports-athlete-data,exact,deloitte-tmt-predictions,
Sports Betting and Investing Soars,sports-betting-and-investing-soars,exact,ftsg-tech-trends,
Sports betting and TV sports,sports-betting-and-tv-sports,exact,deloitte-tmt-predictions,
Sports broadcast rights,sports-broadcast-rights,exact,deloitte-tmt-predictions,
Sports-Led Streaming,sports-led-streaming,exact,ftsg-tech-trends,
Sports NFTs,sports-nfts,exact,deloitte-tmt-predictions,
Sports stadium investment,sports-stadium-investment,exact,deloitte-tmt-predictions,
Sports streaming rights,sports-streaming-rights,exact,deloitte-tmt-predictions,
Sports Tech,sports-tech,exact,ftsg-tech-trends,
Spotting Fakes,spotting-fakes,exact,ftsg-tech-trends,
Spotting Machine-Written Text,spotting-machine-written-text,exact,ftsg-tech-trends,
Stability and Growth Pact reprimands,stability-and-growth-pact-reprimands,exact,economist-world-ahead,
Stablecoin on/off ramps,stablecoin-on-off-ramps,exact,a16z-big-ideas,
Stablecoins,stablecoins,exact,ark-big-ideas;ftsg-tech-trends,
Stablecoins and bank core ledger modernization,stablecoins-and-bank-core-ledger-modernization,exact,a16z-big-ideas,
Staked media (cryptographically verifiable commitments),staked-media-cryptographically-verifiable-commitments,exact,a16z-big-ideas,
Staking,staking,exact,ftsg-tech-trends,
standard internet connection speed,standard-internet-connection-speed,exact,envisioning-technology,
standard RAM,standard-ram,exact,envisioning-technology,
standard storage capacity,standard-storage-capacity,exact,envisioning-technology,
Start-up-like IT culture,start-up-like-it-culture,exact,idc-futurescape,
State-based armed conflict,state-based-armed-conflict,exact,wef-global-risks,
State capitalism with American characteristics,state-capitalism-with-american-characteristics,exact,eurasia-top-risks,
State Charters for Blockchain,state-charters-for-blockchain,exact,ftsg-tech-trends,
State collapse,state-collapse,exact,wef-global-risks,
State collapse or crisis,state-collapse,judgment,wef-global-risks,"Same risk, reworded."
state fragility,state-fragility,exact,nic-global-trends,
State Governments Tackle Digital Privacy,state-governments-tackle-digital-privacy,exact,ftsg-tech-trends,
State Laws for Facial Recognition,state-laws-for-facial-recognition,exact,ftsg-tech-trends,
State-sponsored Security Breaches,state-sponsored-security-breaches,normalized,ftsg-tech-trends,
State-Sponsored Security Breaches,state-sponsored-security-breaches,exact,ftsg-tech-trends,
States Compete for Space Investments,states-compete-for-space-investments,exact,ftsg-tech-trends,
States Regulate Biometric Data,states-regulate-biometric-data,exact,ftsg-tech-trends,
States Unite Against Big Tech,states-unite-against-big-tech,exact,ftsg-tech-trends,
Status beyond traditional consumption,status-beyond-traditional-consumption,exact,trendwatching,
"Status beyond traditional consumption (experience, participation, connection, eco status)",status-beyond-traditional-consumption,judgment,trendwatching,"trendwatching's 2008 STATUS SPHERES says it succeeds 2007 STATUS LIFESTYLES; the parenthesis lists the 2007 sub-lifestyles. (subject dupes review, d48)"
Status Shifts,status-shifts,exact,ftsg-tech-trends,
Steady economic progress,steady-economic-progress,exact,kurzweil,
Steel and Iron,steel-and-iron,exact,ftsg-tech-trends,
Stem-cell therapies that work,stem-cell-therapies-that-work,exact,mit-tr-10-breakthrough,
Stem-cell treatments,stem-cell-treatments,exact,envisioning-health;envisioning-technology,
Stock prices and long-term bond yields,stock-prices-and-long-term-bond-yields,exact,economist-world-ahead,
Storing Captured Carbon with Algae and Bacteria,storing-captured-carbon-with-algae-and-bacteria,exact,ftsg-tech-trends,
Storing Images in DNA With Biological Camera,storing-images-in-dna-with-biological-camera,exact,ftsg-tech-trends,
Storms and cyclones,storms-and-cyclones,exact,wef-global-risks,
Strange Computer Glitches Will Keep Happening,strange-computer-glitches-will-keep-happening,exact,ftsg-tech-trends,
Strategic data,strategic-data,exact,eurasia-top-risks,
Strategic data management,strategic-data-management,exact,idc-futurescape,
Strategic Defence Initiative and comprehensive arms deal,strategic-defence-initiative-and-comprehensive-arms-deal,exact,economist-world-ahead,
Strategic Encryption Management,strategic-encryption-management,exact,ftsg-tech-trends,
Strategic panopticon,strategic-panopticon,exact,ftsg-tech-trends,
Strategic Sustainability Plans,strategic-sustainability-plans,exact,ftsg-tech-trends,
Stratospheric Aerosol Scattering with Sulfur Dioxide,stratospheric-aerosol-scattering-with-sulfur-dioxide,exact,ftsg-tech-trends,
Streamers,streamers,exact,ftsg-tech-trends,
Streaming,streaming,exact,ark-big-ideas,
Streaming Media over Web,streaming-media-over-web,exact,gartner-hype-cycle,
Streaming revenue,streaming-revenue,exact,ark-big-ideas,
Streaming Social Video,streaming-social-video,exact,ftsg-tech-trends,
Streaming video aggregation,streaming-video-aggregation,exact,deloitte-tmt-predictions,
Streaming video churn,streaming-video-churn,exact,deloitte-tmt-predictions,
Streaming video pricing tiers,streaming-video-pricing-tiers,exact,deloitte-tmt-predictions,
Strengthening Municipal Cyber-Security Efforts,strengthening-municipal-cyber-security-efforts,exact,ftsg-tech-trends,
Stretchable Silicon,stretchable-silicon,exact,mit-tr-10-breakthrough,
Student-designed learning mechanics,student-designed-learning-mechanics,exact,envisioning-education,
Student-developed apps,student-developed-apps,exact,envisioning-education,
Students learn basic skills with software,students-learn-basic-skills-with-software,exact,kurzweil,
Sub-orbital spaceflight,sub-orbital-spaceflight,exact,envisioning-technology,
Sub-Saharan Africa,sub-saharan-africa,exact,nic-global-trends,
Subscription Economy Matures,subscription-economy-matures,exact,ftsg-tech-trends,
Subsea Power Grids,subsea-power-grids,exact,ftsg-tech-trends,
Sudan,sudan,exact,eurasia-top-risks,
Sudan internal conflict,sudan-internal-conflict,exact,economist-world-ahead,
Summarization at Scale,summarization-at-scale,exact,ftsg-tech-trends,
Super Animals,super-animals,exact,ftsg-tech-trends,
Super-efficient solar cells,super-efficient-solar-cells,exact,mit-tr-10-breakthrough,
Super-Fast Molecule Discovery,super-fast-molecule-discovery,exact,ftsg-tech-trends,
Super Pigs,super-pigs,exact,ftsg-tech-trends,
Superapps,superapps,exact,gartner-hype-cycle,
Superbugs,superbugs,exact,ftsg-tech-trends,
"Superbugs, Viruses and Phages",superbugs-viruses-and-phages,exact,ftsg-tech-trends,
Supercharged Photosynthesis,supercharged-photosynthesis,exact,mit-tr-10-breakthrough,
Supercloud,supercloud,exact,ftsg-tech-trends,
Supercomputer with human brain capacity,supercomputer-with-human-brain-capacity,exact,kurzweil,
Supercomputers match capacity of human brain,supercomputers-match-capacity-of-human-brain,exact,kurzweil,
Superconducting interties,superconducting-interties,exact,envisioning-technology,
Superconductors,superconductors,exact,ftsg-tech-trends,
Supercritical Geothermal,supercritical-geothermal,exact,ftsg-tech-trends,
Supergrids,supergrids,exact,mit-tr-10-breakthrough,
Superhuman Abilities,superhuman-abilities,exact,ftsg-tech-trends,
Supermaneuverable processes,supermaneuverable-processes,exact,gartner-strategic-predictions,
Superomniphobic materials,superomniphobic-materials,exact,envisioning-horizons,
Superpowering Blockchain with AI and IoT,superpowering-blockchain-with-ai-and-iot,exact,ftsg-tech-trends,
Supersized AI Models,supersized-ai-models,exact,ftsg-tech-trends,
Supersonic Flights,supersonic-flights,exact,ftsg-tech-trends,
Supplier and partner relationships,supplier-and-partner-relationships,exact,idc-futurescape,
Supply Chain Attacks,supply-chain-attacks,exact,ftsg-tech-trends,
Supply Chain Fragility,supply-chain-fragility,exact,ftsg-tech-trends,
Supply Chain Sustainability,supply-chain-sustainability,exact,ftsg-tech-trends,
Supply Chain Verification,supply-chain-verification,exact,ftsg-tech-trends,
Support for laid-off employees,support-for-laid-off-employees,exact,trendwatching,
Support for local small businesses,support-for-local-small-businesses,exact,trendwatching,
Surface Computers,surface-computers,exact,gartner-hype-cycle,
Surpassing Benchmarks,surpassing-benchmarks,exact,ftsg-tech-trends,
Surpassing NLP Benchmarks,surpassing-nlp-benchmarks,exact,ftsg-tech-trends,
Surprising Mergers and Acquisitions,surprising-mergers-and-acquisitions,exact,ftsg-tech-trends,
Surveillance Scoring-as-a-Service (SSaaS),surveillance-scoring-as-a-service-ssaas,exact,ftsg-tech-trends,
Surveilling Vulnerable Communities,surveilling-vulnerable-communities,exact,ftsg-tech-trends,
Survival-crafting games,survival-crafting-games,exact,a16z-big-ideas,
Suspended animation,suspended-animation,exact,envisioning-health,
"Sustainability add-ons for wellbeing (slow travel, offsetting)",sustainability-add-ons-for-wellbeing-slow-travel-offsetting,exact,trendwatching,
Sustainability addressable market,sustainability-addressable-market,exact,mckinsey-tech-trends,
Sustainability as a business imperative,sustainability-as-a-business-imperative,exact,trendwatching,
Sustainability as Corporate Identity,sustainability-as-corporate-identity,exact,ftsg-tech-trends,
Sustainability in Supply Chain and Logistics,sustainability-in-supply-chain-and-logistics,exact,ftsg-tech-trends,
Sustainability in technology projects,sustainability-in-technology-projects,exact,idc-futurescape,
Sustainability Tech,sustainability-tech,exact,ftsg-tech-trends,
Sustainable AI frameworks,sustainable-ai-frameworks,exact,idc-futurescape,
Sustainable consumption,sustainable-consumption,exact,mckinsey-tech-trends,
Sustainable IT,sustainable-it,exact,idc-futurescape,
Sustainable IT governance,sustainable-it-governance,exact,idc-futurescape,
Sustainable IT supply chains,sustainable-it-supply-chains,exact,idc-futurescape,
Sustainable Packaging,sustainable-packaging,exact,ftsg-tech-trends,
Sustainable Public Goods Funding Models,sustainable-public-goods-funding-models,exact,ftsg-tech-trends,
Sustainable Shipping,sustainable-shipping,exact,ftsg-tech-trends,
SUVs largest share of new-vehicle sales,suvs-largest-share-of-new-vehicle-sales,exact,economist-world-ahead,
Swarm Efficiency,swarm-efficiency,exact,ftsg-tech-trends,
Swarm robotics,swarm-robotics,exact,envisioning-technology,
Sweat Power,sweat-power,exact,ftsg-tech-trends,
Synchronized visual-auditory text presentation,synchronized-visual-auditory-text-presentation,exact,kurzweil,
Syngas from the Sun,syngas-from-the-sun,exact,ftsg-tech-trends,
Syngas From the Sun,syngas-from-the-sun,normalized,ftsg-tech-trends,
Synth-pop Makes a Comeback,synth-pop-makes-a-comeback,exact,ftsg-tech-trends,
Synthesized Dairy,synthesized-dairy,exact,ftsg-tech-trends,
Synthesizing and Generating Trust,synthesizing-and-generating-trust,exact,ftsg-tech-trends,
Synthesizing Trust,synthesizing-trust,exact,ftsg-tech-trends,
Synthetic Age Reversal,synthetic-age-reversal,exact,ftsg-tech-trends,
Synthetic biology,synthetic-biology,exact,envisioning-horizons;envisioning-technology,
Synthetic Biology,synthetic-biology,normalized,ftsg-tech-trends;mit-tr-10-breakthrough,
Synthetic biology (CRISPR gene editing),synthetic-biology,judgment,deloitte-tech-trends,"Deloitte 2017 names this exponential's focus 'Synthetic biology'; the CRISPR parenthesis is a gloss. (subject dupes review, d48)"
Synthetic Biology Boosts CRISPR Applications,synthetic-biology-boosts-crispr-applications,exact,ftsg-tech-trends,
Synthetic blood,synthetic-blood,exact,envisioning-health;envisioning-technology,
Synthetic Cells,synthetic-cells,exact,mit-tr-10-breakthrough,
Synthetic Characters,synthetic-characters,exact,gartner-hype-cycle,
Synthetic Data,synthetic-data,exact,gartner-hype-cycle,
Synthetic data for AI,synthetic-data,judgment,mit-tr-10-breakthrough,Same technology.
Synthetic data and privacy,synthetic-data-and-privacy,exact,gartner-strategic-predictions,
Synthetic data for AI training,synthetic-data-for-ai-training,exact,deloitte-tech-trends,
Synthetic Data Sets,synthetic-data-sets,exact,ftsg-tech-trends,
Synthetic Health Data,synthetic-health-data,exact,ftsg-tech-trends,
Synthetic Media,synthetic-media,exact,ftsg-tech-trends,
Synthetic media and AI authenticity,synthetic-media-and-ai-authenticity,exact,accenture-tech-vision,
Synthetic Media and Content,synthetic-media-and-content,exact,ftsg-tech-trends,
Synthetic Media and Sexual Harassment,synthetic-media-and-sexual-harassment,exact,ftsg-tech-trends,
Synthetic Media and Society,synthetic-media-and-society,exact,ftsg-tech-trends,
Synthetic Media for Personalization at Scale,synthetic-media-for-personalization-at-scale,exact,ftsg-tech-trends,
Synthetic Media in Hollywood,synthetic-media-in-hollywood,exact,ftsg-tech-trends,
Synthetic Media in the Classroom and Workplace,synthetic-media-in-the-classroom-and-workplace,exact,ftsg-tech-trends,
Synthetic Media Marketplaces,synthetic-media-marketplaces,exact,ftsg-tech-trends,
Synthetic Media Technologies,synthetic-media-technologies,exact,ftsg-tech-trends,
Synthetic Milk and Cheese,synthetic-milk-and-cheese,exact,ftsg-tech-trends,
Synthetic Personalities,synthetic-personalities,exact,ftsg-tech-trends,
Synthetic Property Rights and Legal Protections,synthetic-property-rights-and-legal-protections,exact,ftsg-tech-trends,
Synthetic Sex Tapes,synthetic-sex-tapes,exact,ftsg-tech-trends,
Synthetic Skin,synthetic-skin,exact,ftsg-tech-trends,
Synthetic Speech,synthetic-speech,exact,ftsg-tech-trends,
Synthetic Trees & Algae-Based CO2 Absorption,synthetic-trees-and-algae-based-co2-absorption,exact,ftsg-tech-trends,
Synthetic Voice Fraud,synthetic-voice-fraud,exact,ftsg-tech-trends,
Synthetic Voices,synthetic-voices,exact,ftsg-tech-trends,
Synthetic voices sound fully human,synthetic-voices-sound-fully-human,exact,kurzweil,
Synthetic Wombs,synthetic-wombs,exact,ftsg-tech-trends,
Syria,syria,exact,eurasia-top-risks,
Syrian refugee outflow,syrian-refugee-outflow,exact,economist-world-ahead,
T-Rays,t-rays,exact,mit-tr-10-breakthrough,
Tablet PC,tablet-pc,exact,gartner-hype-cycle,
Media Tablet,tablets,judgment,gartner-hype-cycle,Same device class (tablet computers); the poster's raw revision records the rename.
Media Tablets,tablets,judgment,gartner-hype-cycle,Same device class (tablet computers); the poster's raw revision records the rename.
Tablets,tablets,exact,deloitte-tmt-predictions;envisioning-education;envisioning-technology,
Tabs & Pads,tablets,judgment,envisioning-technology,Same device class (tablet computers); the poster's raw revision records the rename.
Tablets in the workforce,tablets-in-the-workforce,exact,gartner-strategic-predictions,
Tactile VR resolution,tactile-vr-resolution,exact,kurzweil,
Taiwan,taiwan,exact,eurasia-top-risks;nic-global-trends,
Taiwan/China,taiwan-china,exact,eurasia-top-risks,
Taiwan crisis,taiwan-crisis,exact,eurasia-top-risks,
Taiwan presidential election 2020,taiwan-presidential-election-2020,exact,economist-world-ahead,
Taliban return to power,taliban-return-to-power,exact,economist-world-ahead,
Tangible User Interfaces,tangible-user-interfaces,exact,gartner-hype-cycle,
Tapping the Mesh,tapping-the-mesh,exact,kurzweil,
Targeted Attacks on Digital Assistants,targeted-attacks-on-digital-assistants,exact,ftsg-tech-trends,
Targeted Attacks on Voice Interfaces,targeted-attacks-on-voice-interfaces,exact,ftsg-tech-trends,
Targeted malware,targeted-malware,exact,gartner-strategic-predictions,
Targeted TV advertising,targeted-tv-advertising,exact,deloitte-tmt-predictions,
'Tariff man' at large,tariff-man-at-large,exact,eurasia-top-risks,
Task-assignment algorithms,task-assignment-algorithms,exact,envisioning-education,
Tattooables,tattooables,exact,ftsg-tech-trends,
Tattoos and Electronic Skins,tattoos-and-electronic-skins,exact,ftsg-tech-trends,
Teacher-assignment algorithms,teacher-assignment-algorithms,exact,envisioning-education,
Teachers as mentors,teachers-as-mentors,exact,kurzweil,
Teaching News Literacy,teaching-news-literacy,exact,ftsg-tech-trends,
Tech-based empowerment cycle,tech-based-empowerment-cycle,exact,idc-futurescape,
Tech-by-wire control silos,tech-by-wire-control-silos,exact,idc-futurescape,
Tech Companies Acting Like Banks,tech-companies-acting-like-banks,exact,ftsg-tech-trends,
Tech Companies Influencing Privacy Laws,tech-companies-influencing-privacy-laws,exact,ftsg-tech-trends,
Tech governance failure,tech-governance-failure,exact,wef-global-risks,
Tech industry climate action,tech-industry-climate-action,exact,deloitte-tmt-predictions,
Tech-led buyouts (software-enabled acquisitions),tech-led-buyouts-software-enabled-acquisitions,exact,a16z-big-ideas,
Tech Pivots on Defense,tech-pivots-on-defense,exact,ftsg-tech-trends,
Tech provider AI investment,tech-provider-ai-investment,exact,idc-futurescape,
Tech tit-for-tat,tech-tit-for-tat,exact,eurasia-top-risks,
Tech venture debt,tech-venture-debt,exact,deloitte-tmt-predictions,
Tech Workers Fighting for Privacy,tech-workers-fighting-for-privacy,normalized,ftsg-tech-trends,
Tech Workers Fighting For Privacy,tech-workers-fighting-for-privacy,exact,ftsg-tech-trends,
Techlash in the US,techlash-in-the-us,exact,eurasia-top-risks,
Techlash Leads to Messy Code and Security Problems,techlash-leads-to-messy-code-and-security-problems,exact,ftsg-tech-trends,
Technical debt,technical-debt,exact,deloitte-tech-trends,
Technical debt and core modernization,technical-debt-and-core-modernization,exact,deloitte-tech-trends,
Technical debt management,technical-debt-management,exact,idc-futurescape,
Technical debt remediation,technical-debt-remediation,exact,idc-futurescape,
Techno-Nationalism,techno-nationalism,exact,ftsg-tech-trends,
Technological singularity,technological-singularity,exact,kurzweil,
Technological Sovereignty,technological-sovereignty,exact,gartner-hype-cycle,
Technology sovereignty,technological-sovereignty,judgment,deloitte-tmt-predictions,"Same concept, reworded."
Technology adoption cycles,technology-adoption-cycles,exact,deloitte-tmt-predictions,
technology and democracy,technology-and-democracy,exact,pew-elon-imagining,
Technology and the Middle East,technology-and-the-middle-east,exact,eurasia-top-risks,
Technology architecture (role of architects),technology-architecture-role-of-architects,exact,deloitte-tech-trends,
Technology-Assisted Supply Chain Transparency,technology-assisted-supply-chain-transparency,exact,ftsg-tech-trends,
Technology-Assisted Workplace Safety,technology-assisted-workplace-safety,exact,ftsg-tech-trends,
Technology-augmented workforce,technology-augmented-workforce,exact,accenture-tech-vision,
Technology business models,technology-business-models,exact,deloitte-tmt-predictions,
"Technology democratization (low-code, no-code)",technology-democratization-low-code-no-code,exact,accenture-tech-vision,
Technology-enabled corporate strategy (strategy platforms),technology-enabled-corporate-strategy-strategy-platforms,exact,deloitte-tech-trends,
technology firms and authoritarian censorship,technology-firms-and-authoritarian-censorship,exact,pew-elon-imagining,
Technology for community and regional banks,technology-for-community-and-regional-banks,exact,a16z-big-ideas,
Technology Policy,technology-policy,exact,ftsg-tech-trends,
Technology talent and workforce,technology-talent-and-workforce,exact,deloitte-tech-trends,
Technopolar world,technopolar-world,exact,eurasia-top-risks,
Telco support systems software,telco-support-systems-software,exact,deloitte-tmt-predictions,
Tele-medicine,tele-medicine,exact,envisioning-technology,
Telehealth (eVisits),tele-medicine,judgment,deloitte-tmt-predictions,Same practice: remote clinical visits.
Telehealth (video visits),tele-medicine,judgment,deloitte-tmt-predictions,Same practice: remote clinical visits.
Telemedicine,tele-medicine,normalized,ftsg-tech-trends,
Telecom carbon emissions,telecom-carbon-emissions,exact,deloitte-tmt-predictions,
Telecom connections,telecom-connections,exact,deloitte-tmt-predictions,
Telecom customer data analytics,telecom-customer-data-analytics,exact,deloitte-tmt-predictions,
Telecom incumbent market share,telecom-incumbent-market-share,exact,deloitte-tmt-predictions,
Telecom incumbents and disruptive technologies,telecom-incumbents-and-disruptive-technologies,exact,deloitte-tmt-predictions,
Telecom mergers and acquisitions,telecom-mergers-and-acquisitions,exact,deloitte-tmt-predictions,
Telecom operator diversification,telecom-operator-diversification,exact,deloitte-tmt-predictions,
Telecom operator IT services,telecom-operator-it-services,exact,deloitte-tmt-predictions,
Telecom sector and the credit crunch,telecom-sector-and-the-credit-crunch,exact,deloitte-tmt-predictions,
Telecom sustainability,telecom-sustainability,exact,deloitte-tmt-predictions,
Telecoms,telecoms,exact,ftsg-tech-trends,
Telematics,telematics,exact,envisioning-technology,
Telemedicine widely used,telemedicine-widely-used,exact,kurzweil,
Telemetrics,telemetrics,exact,envisioning-health,
Telephone communication has moving images,telephone-communication-has-moving-images,exact,kurzweil,
Telephones are primarily wireless,telephones-are-primarily-wireless,exact,kurzweil,
Telepresence,telepresence,exact,envisioning-education;envisioning-horizons;envisioning-technology;gartner-hype-cycle,
Telepresence indistinguishable from physical presence,telepresence-indistinguishable-from-physical-presence,exact,kurzweil,
Telepresence realism,telepresence-realism,exact,kurzweil,
Telepresence resolution,telepresence-resolution,exact,kurzweil,
Telerobotics,telerobotics,exact,ftsg-tech-trends,
Telescopic & microscopic vision,telescopic-and-microscopic-vision,exact,envisioning-health,
Television,television,exact,deloitte-tmt-predictions,
telework and work-life boundaries,telework-and-work-life-boundaries,exact,pew-elon-imagining,
Temporary Social Media,temporary-social-media,exact,mit-tr-10-breakthrough,
Tera-Architecture,tera-architecture,exact,gartner-hype-cycle,
Tera-architectures,tera-architecture,normalized,gartner-hype-cycle,
Teraherz Waves,teraherz-waves,exact,gartner-hype-cycle,
Terraforming,terraforming,exact,ftsg-tech-trends,
Terrestrial Microwave Power Beaming,terrestrial-microwave-power-beaming,exact,ftsg-tech-trends,
terrorism,terrorism,normalized,nic-global-trends,
Terrorism,terrorism,exact,eurasia-top-risks,
"Terrorism continues to be threat, yet contained",terrorism-continues-to-be-threat-yet-contained,exact,wef-global-risks,
Terrorist attacks,terrorist-attacks,exact,wef-global-risks,
Terrorist attacks continue at 2004-05 frequency and intensity,terrorist-attacks-continue-at-2004-05-frequency-and-intensity,exact,wef-global-risks,
Tesla Autopilot,tesla-autopilot,exact,mit-tr-10-breakthrough,
Tethers,tethers,exact,envisioning-technology,
Tetrataenite 2.0,tetrataenite-2-0,exact,ftsg-tech-trends,
Text Analytics,text-analytics,exact,gartner-hype-cycle,
Text Mining,text-mining,exact,gartner-hype-cycle,
Text-to-speech,text-to-speech-speech-synthesis,judgment,gartner-hype-cycle,Same technology.
Text-to-Speech/Speech Synthesis,text-to-speech-speech-synthesis,exact,gartner-hype-cycle,
Text-to-Synthetic Compound: LLMs Automate Chemistry,text-to-synthetic-compound-llms-automate-chemistry,exact,ftsg-tech-trends,
Textless NLP,textless-nlp,exact,ftsg-tech-trends,
The 360-Degree Selfie,the-360-degree-selfie,exact,mit-tr-10-breakthrough,
The 6G Cyber-physical Continuum,the-6g-cyber-physical-continuum,exact,ftsg-tech-trends,
The AI Cloud,the-ai-cloud,exact,ftsg-tech-trends,
The AI Consumer Operating System,the-ai-consumer-operating-system,exact,ark-big-ideas,
The AI-Driven Chip War,the-ai-driven-chip-war,exact,ftsg-tech-trends,
The AI Training Data Market,the-ai-training-data-market,exact,ftsg-tech-trends,
The Anthropocene Epoch,the-anthropocene-epoch,exact,ftsg-tech-trends,
The Appchain Thesis on Ethereum,the-appchain-thesis-on-ethereum,exact,ftsg-tech-trends,
The Battle for Content Value,the-battle-for-content-value,exact,ftsg-tech-trends,
The Big Nine’s Health Initiatives,the-big-nine-s-health-initiatives,exact,ftsg-tech-trends,
The capricious Kremlin,the-capricious-kremlin,exact,eurasia-top-risks,
The Case For Radical Transparency,the-case-for-radical-transparency,exact,ftsg-tech-trends,
The Cell Atlas,the-cell-atlas,exact,mit-tr-10-breakthrough,
The China footprint,the-china-footprint,exact,eurasia-top-risks,
The Cloud,the-cloud,exact,ftsg-tech-trends,
The Connected Worker,the-connected-worker,exact,ftsg-tech-trends,
The Convergence of Gaming Devices for Productivity,the-convergence-of-gaming-devices-for-productivity,exact,ftsg-tech-trends,
The cow-free burger,the-cow-free-burger,exact,mit-tr-10-breakthrough,
The Crypto Art Market,the-crypto-art-market,exact,ftsg-tech-trends,
The Decade of Connected Eyewear,the-decade-of-connected-eyewear,exact,ftsg-tech-trends,
The dollar,the-dollar,exact,eurasia-top-risks,
The Donroe Doctrine,the-donroe-doctrine,exact,eurasia-top-risks,
The Effects of China Slowdown,the-effects-of-china-slowdown,exact,eurasia-top-risks,
The End of Attention Metrics,the-end-of-attention-metrics,exact,ftsg-tech-trends,
The End of Biological Privacy,the-end-of-biological-privacy,exact,ftsg-tech-trends,
The end of passwords,the-end-of-passwords,exact,mit-tr-10-breakthrough,
The End of Remote Control,the-end-of-remote-control,exact,ftsg-tech-trends,
The end of the 9/11 era,the-end-of-the-9-11-era,exact,eurasia-top-risks,
The erosion of institutions,the-erosion-of-institutions,exact,eurasia-top-risks,
The European Approach to Regulating AI,the-european-approach-to-regulating-ai,exact,ftsg-tech-trends,
The Evolution to Nano-Fulfillment Centers,the-evolution-to-nano-fulfillment-centers,exact,ftsg-tech-trends,
The fight for critical minerals,the-fight-for-critical-minerals,exact,eurasia-top-risks,
The First Amendment in a Digital Age,the-first-amendment-in-a-digital-age,exact,ftsg-tech-trends,
The First Amendment in the Digital Age,the-first-amendment-in-the-digital-age,exact,ftsg-tech-trends,
The first gene-editing treatment,the-first-gene-editing-treatment,exact,mit-tr-10-breakthrough,
The G-Zero,the-g-zero,exact,eurasia-top-risks,
The G-Zero wins,the-g-zero-wins,exact,eurasia-top-risks,
The government can access personal data,the-government-can-access-personal-data,exact,kurzweil,
The Great Decoupling,the-great-decoupling,exact,eurasia-top-risks,
The hollow alliance,the-hollow-alliance,exact,eurasia-top-risks,
The Holographic Live Performance,the-holographic-live-performance,exact,ftsg-tech-trends,
The Internet Of Senses,the-internet-of-senses,exact,ftsg-tech-trends,
The Islamic State,the-islamic-state,exact,eurasia-top-risks,
The Lunar Cargo and Mobility Gap,the-lunar-cargo-and-mobility-gap,exact,ftsg-tech-trends,
“The Merge” Liquidation,the-merge-liquidation,exact,ftsg-tech-trends,
The Metaverse,the-metaverse,exact,ftsg-tech-trends,
The Metaverse Is the Wild West,the-metaverse-is-the-wild-west,exact,ftsg-tech-trends,
The Middle East’s expanding unrest,the-middle-east-s-expanding-unrest,exact,eurasia-top-risks,
The Mil-Tech Industrial Complex,the-mil-tech-industrial-complex,exact,ftsg-tech-trends,
The new axis of evil,the-new-axis-of-evil,exact,eurasia-top-risks,
The new China,the-new-china,exact,eurasia-top-risks,
The New Hybrid Workweek,the-new-hybrid-workweek,exact,ftsg-tech-trends,
The New Influencer Economy,the-new-influencer-economy,exact,ftsg-tech-trends,
The New Mil-Tech Industrial Complex,the-new-mil-tech-industrial-complex,exact,ftsg-tech-trends,
The New Space Economy,the-new-space-economy,exact,ftsg-tech-trends,
The Panopticon,the-panopticon,exact,ftsg-tech-trends,
The Persian Gulf,the-persian-gulf,exact,eurasia-top-risks,
The Politics of Europe,the-politics-of-europe,exact,eurasia-top-risks,
The Post-Natural Age,the-post-natural-age,exact,ftsg-tech-trends,
The Proliferation of Splinternets,the-proliferation-of-splinternets,exact,ftsg-tech-trends,
The Quantum Internet,the-quantum-internet,exact,ftsg-tech-trends,
The Race for Smart Ports,the-race-for-smart-ports,exact,ftsg-tech-trends,
The Race to Establish A.I. Rules,the-race-to-establish-a-i-rules,exact,ftsg-tech-trends,
The Re-Invention of the Data Center,the-re-invention-of-the-data-center,exact,ark-big-ideas,
The rise & ubiquity of portable computers,the-rise-and-ubiquity-of-portable-computers,exact,kurzweil,
The rise of e-books and digital distribution,the-rise-of-e-books-and-digital-distribution,exact,kurzweil,
The Rise of MLOps,the-rise-of-mlops,exact,ftsg-tech-trends,
The Rise of Quant Funds,the-rise-of-quant-funds,exact,ftsg-tech-trends,
The Rise of Strategic Sectors,the-rise-of-strategic-sectors,exact,eurasia-top-risks,
The rise of technologists,the-rise-of-technologists,exact,eurasia-top-risks,
The Rise of Undocumented A.I. Accidents,the-rise-of-undocumented-a-i-accidents,exact,ftsg-tech-trends,
The Rising Regulation of Web3,the-rising-regulation-of-web3,exact,ftsg-tech-trends,
The Satellite Boom,the-satellite-boom,exact,ftsg-tech-trends,
The Search for Cosmic Resources,the-search-for-cosmic-resources,exact,ftsg-tech-trends,
The Search for Nearby Life,the-search-for-nearby-life,exact,ftsg-tech-trends,
The size of the underclass is stable,the-size-of-the-underclass-is-stable,exact,kurzweil,
The Space Economy,the-space-economy,exact,ftsg-tech-trends,
The Subscription Economy Matures,the-subscription-economy-matures,exact,ftsg-tech-trends,
The Superman Memory Crystal,the-superman-memory-crystal,exact,ftsg-tech-trends,
The Synthetic Tsunami,the-synthetic-tsunami,exact,ftsg-tech-trends,
The U.S. remains world’s top military power,the-u-s-remains-world-s-top-military-power,exact,kurzweil,
The Unhackable Internet,the-unhackable-internet,exact,ftsg-tech-trends,
The United States vs. itself,the-united-states-vs-itself,exact,eurasia-top-risks,
The US at home,the-us-at-home,exact,eurasia-top-risks,
The US-China Chip War,the-us-china-chip-war,exact,ftsg-tech-trends,
The water weapon,the-water-weapon,exact,eurasia-top-risks,
The White House vs Silicon Valley,the-white-house-vs-silicon-valley,exact,eurasia-top-risks,
The World’s Smallest EEG Electrode Caps,the-world-s-smallest-eeg-electrode-caps,exact,ftsg-tech-trends,
Theme Parks Go Green,theme-parks-go-green,exact,ftsg-tech-trends,
Theory of Mind Models,theory-of-mind-models,exact,ftsg-tech-trends,
Therapeutics market value,therapeutics-market-value,exact,ark-big-ideas,
Theresa May successor,theresa-may-successor,exact,economist-world-ahead,
Thermal batteries,thermal-batteries,exact,mit-tr-10-breakthrough,
Thermal storage,thermal-storage,exact,envisioning-horizons,
Thermo-bimetals,thermo-bimetals,exact,envisioning-horizons,
Thermoelectric Generators,thermoelectric-generators,exact,ftsg-tech-trends,
Thermophotovoltaic,thermophotovoltaic,exact,ftsg-tech-trends,
Thin high-resolution handheld displays,thin-high-resolution-handheld-displays,exact,kurzweil,
Thinkables,thinkables,exact,ftsg-tech-trends,
Third-generation biofuels,third-generation-biofuels,exact,envisioning-horizons,
Third-Party Verified Identities,third-party-verified-identities,exact,ftsg-tech-trends,
Thorium reactor,thorium-reactors,normalized,envisioning-horizons;envisioning-technology,
Thorium reactors,thorium-reactors,exact,envisioning-technology,
Thought Detection,thought-detection,exact,ftsg-tech-trends,
threats to open access to online content,threats-to-open-access-to-online-content,exact,pew-elon-imagining,
Tiangong space station completion,tiangong-space-station-completion,exact,economist-world-ahead,
Tidal turbines,tidal-turbines,exact,envisioning-horizons;envisioning-technology,
Tidal Turbines,tidal-turbines,normalized,ftsg-tech-trends,
Tik Tok boom,tik-tok-boom,exact,eurasia-top-risks,
TikTok recommendation algorithms,tiktok-recommendation-algorithms,exact,mit-tr-10-breakthrough,
Time spent gaming,time-spent-gaming,exact,ark-big-ideas,
Time spent online,time-spent-online,exact,ark-big-ideas,
Tiny AI,tiny-ai,exact,mit-tr-10-breakthrough,
Tiny flying weapons,tiny-flying-weapons,exact,kurzweil,
Tissue-embedded sensors,tissue-embedded-sensors,exact,envisioning-health,
Tissue regeneration,tissue-regeneration,exact,envisioning-health,
TMT divestitures,tmt-divestitures,exact,deloitte-tmt-predictions,
Token Economics,token-economics,exact,ftsg-tech-trends,
"Tokenization of TradFi, Digital Assets & Security Tokens",tokenization-of-tradfi-digital-assets-and-security-tokens,exact,ftsg-tech-trends,
Tokenization of unconventional assets,tokenization-of-unconventional-assets,exact,a16z-big-ideas,
Tokenized assets,tokenized-assets,exact,ark-big-ideas,
Tokenized Assets,tokenized-assets,normalized,ark-big-ideas,
Tokenized government bonds,tokenized-government-bonds,exact,a16z-big-ideas,
Tokenized Loyalty Programs,tokenized-loyalty-programs,exact,ftsg-tech-trends,
Tokenized personalized wealth management,tokenized-personalized-wealth-management,exact,a16z-big-ideas,
Tokenizing Value,tokenizing-value,exact,ftsg-tech-trends,
Tokenomics,tokenomics,exact,ftsg-tech-trends,
Tokens For Smart Royalties and Freelancers,tokens-for-smart-royalties-and-freelancers,exact,ftsg-tech-trends,
Tokyo Olympics and Euro 2020 held in 2020,tokyo-olympics-and-euro-2020-held-in-2020,exact,economist-world-ahead,
Tools for Detecting Copyright Violations in AI Outputs,tools-for-detecting-copyright-violations-in-ai-outputs,exact,ftsg-tech-trends,
Tools for Exposing Deepfakes,tools-for-exposing-deepfakes,exact,ftsg-tech-trends,
Tools for Identifying AI-Generated Writing,tools-for-identifying-ai-generated-writing,exact,ftsg-tech-trends,
Tools For Upskilling,tools-for-upskilling,exact,ftsg-tech-trends,
Tools giving consumers instant professional-quality output,tools-giving-consumers-instant-professional-quality-output,exact,trendwatching,
Tools to Combat Broadly Malicious AI Behavior,tools-to-combat-broadly-malicious-ai-behavior,exact,ftsg-tech-trends,
Tools to Manage Digital Identity and Assets,tools-to-manage-digital-identity-and-assets,exact,ftsg-tech-trends,
Tools to Thwart Recognition Systems,tools-to-thwart-recognition-systems,exact,ftsg-tech-trends,
Torrents,torrents,exact,ftsg-tech-trends,
Touch Recognition,touch-recognition,exact,ftsg-tech-trends,
Touch-Sensitive Materials,touch-sensitive-materials,exact,ftsg-tech-trends,
Touch-Sensitive Prosthetics,touch-sensitive-prosthetics,exact,ftsg-tech-trends,
Touchless kinetic musical interfaces,touchless-kinetic-musical-interfaces,exact,kurzweil,
Touchscreens and personal screens,touchscreens-and-personal-screens,exact,trendwatching,
TPUs (Tensor Processing Units),tpus-tensor-processing-units,exact,ftsg-tech-trends,
TPV Batteries,tpv-batteries,exact,ftsg-tech-trends,
Trackers Everywhere,trackers-everywhere,exact,ftsg-tech-trends,
Tracking Intangible Value,tracking-intangible-value,exact,ftsg-tech-trends,
Tracking Platforms,tracking-platforms,exact,ftsg-tech-trends,
Traditional TV viewing (UK),traditional-tv-viewing-uk,exact,deloitte-tmt-predictions,
Training Biocomputers to Learn New Skills,training-biocomputers-to-learn-new-skills,exact,ftsg-tech-trends,
Training Language Models to Achieve Scale,training-language-models-to-achieve-scale,exact,ftsg-tech-trends,
Trains,trains,exact,ftsg-tech-trends,
Trans-Pacific Partnership agreement,trans-pacific-partnership-agreement,exact,economist-world-ahead,
Transactions From Anywhere,transactions-from-anywhere,exact,ftsg-tech-trends,
Transcranial magnetic stimulation,transcranial-magnetic-stimulation,exact,envisioning-horizons,
Transfer Learning,transfer-learning,exact,gartner-hype-cycle,
Transitioning to Textless NLP,transitioning-to-textless-nlp,exact,ftsg-tech-trends,
Translating telephone,translating-telephone,exact,kurzweil,
Translating telephone apps,translating-telephone-apps,exact,kurzweil,
Transparency exposing internal company culture (#MeToo),transparency-exposing-internal-company-culture-metoo,exact,trendwatching,
Transparency in Metrics,transparency-in-metrics,exact,ftsg-tech-trends,
transparency versus privacy,transparency-versus-privacy,exact,pew-elon-imagining,
Transportation-as-a-Service,transportation-as-a-service,exact,ftsg-tech-trends,
Transportation as a Service Business Models,transportation-as-a-service-business-models,exact,ftsg-tech-trends,
Transportation-as-a-Service Business Models,transportation-as-a-service-business-models,normalized,ftsg-tech-trends,
Transportation Trends,transportation-trends,exact,ftsg-tech-trends,
Travel to Mars,travel-to-mars,exact,ftsg-tech-trends,
Traveling wave reactor,traveling-wave-reactor,exact,envisioning-technology,
Traveling-Wave Reactor,traveling-wave-reactor,normalized,mit-tr-10-breakthrough,
Trigger Warnings,trigger-warnings,exact,ftsg-tech-trends,
Triple-play bundles,triple-play-bundles,exact,deloitte-tmt-predictions,
Trolls,trolls,exact,ftsg-tech-trends,
True-To-Reality Simulations,true-to-reality-simulations,exact,ftsg-tech-trends,
Trump fails,trump-fails,exact,eurasia-top-risks,
Trump impeachment and Senate acquittal,trump-impeachment-and-senate-acquittal,exact,economist-world-ahead,
Trump's friends in trouble,trump-s-friends-in-trouble,exact,eurasia-top-risks,
Trump White House,trump-white-house,exact,eurasia-top-risks,
Trumponomics,trumponomics,exact,eurasia-top-risks,
Trust-building perks in travel,trust-building-perks-in-travel,exact,trendwatching,
Trust in autonomous systems,trust-in-autonomous-systems,exact,idc-futurescape,
Trust in Media,trust-in-media,exact,ftsg-tech-trends,
Trust-Minimized Infrastructure Development,trust-minimized-infrastructure-development,exact,ftsg-tech-trends,
Trust protection failures,trust-protection-failures,exact,idc-futurescape,
Trusted Computing Group,trusted-computing-platforms,judgment,gartner-hype-cycle,Gartner's 2005 label names the industry group behind the same trusted platform technology.
Trusted Computing Platforms,trusted-computing-platforms,exact,gartner-hype-cycle,
Trustworthy AI,trustworthy-ai,exact,deloitte-tech-trends,
Truth Decay in an Era of Synthetic Media,truth-decay-in-an-era-of-synthetic-media,exact,ftsg-tech-trends,
Truth Verification,truth-verification,exact,gartner-hype-cycle,
Trying to Predict Sea Level Rise,trying-to-predict-sea-level-rise,exact,ftsg-tech-trends,
Trying To Regulate Big Tech,trying-to-regulate-big-tech,exact,ftsg-tech-trends,
Turing test passed,turing-test-passed,exact,kurzweil,
Turkey,turkey,exact,eurasia-top-risks,
Turkish and Nigerian presidential elections,turkish-and-nigerian-presidential-elections,exact,economist-world-ahead,
Turning Plastics Into Fuel,turning-plastics-into-fuel,exact,ftsg-tech-trends,
Turnkey Consumer-Grade Application Development,turnkey-consumer-grade-application-development,exact,ftsg-tech-trends,
TV advertising,tv-advertising,exact,deloitte-tmt-predictions,
TV audience measurement,tv-audience-measurement,exact,deloitte-tmt-predictions,
TV remote control and gesture/voice interfaces,tv-remote-control-and-gesture-voice-interfaces,exact,deloitte-tmt-predictions,
TV viewing time,tv-viewing-time,exact,deloitte-tmt-predictions,
Twitter killers,twitter-killers,exact,mit-tr-10-breakthrough,
Two-Factor Biometric Authentication,two-factor-biometric-authentication,exact,ftsg-tech-trends,
Two-factor Biometric-based Authentication,two-factor-biometric-based-authentication,exact,ftsg-tech-trends,
"Two steps greener, one step back",two-steps-greener-one-step-back,exact,eurasia-top-risks,
Two-way translating telephones common,two-way-translating-telephones-common,exact,kurzweil,
U.S. mobile commerce,u-s-mobile-commerce,exact,gartner-strategic-predictions,
U.S. multiculturalism an asset,u-s-multiculturalism-an-asset,exact,kurzweil,
U.S. still global economic leader,u-s-still-global-economic-leader,exact,kurzweil,
Uber for X,uber-for-x,exact,ftsg-tech-trends,
Ubiquitous computers in education,ubiquitous-computers-in-education,exact,kurzweil,
Ubiquitous Computing,ubiquitous-computing,exact,gartner-hype-cycle,
Ubiquitous Digital Assistants,ubiquitous-digital-assistants,exact,ftsg-tech-trends,
Ubiquitous Digital Assistants Get Smarter,ubiquitous-digital-assistants-get-smarter,exact,ftsg-tech-trends,
Ubiquitous high-bandwidth communication,ubiquitous-high-bandwidth-communication,exact,kurzweil,
"Ubiquitous online access (mobile broadband, inflight internet)",ubiquitous-online-access-mobile-broadband-inflight-internet,exact,trendwatching,
Ubiquitous Sensor Distribution,ubiquitous-sensor-distribution,exact,ftsg-tech-trends,
Ubiquity of intelligent virtual assistants,ubiquity-of-intelligent-virtual-assistants,exact,kurzweil,
Ubiquity of online transactions,ubiquity-of-online-transactions,exact,kurzweil,
UHV Power Lines,uhv-power-lines,exact,ftsg-tech-trends,
UK general election,uk-general-election,exact,economist-world-ahead,
UK general election 1992,uk-general-election-1992,exact,economist-world-ahead,
UK Labour leadership,uk-labour-leadership,exact,economist-world-ahead,
UK stagflation,uk-stagflation,exact,economist-world-ahead,
Ukraine,ukraine,exact,eurasia-top-risks,
Ukraine-Russia deal under US pressure,ukraine-russia-deal-under-us-pressure,exact,economist-world-ahead,
Ultra-capacitors,ultra-capacitors,exact,envisioning-technology,
Ultra-Efficient Solar,ultra-efficient-solar,exact,mit-tr-10-breakthrough,
Ultra-Efficient Solar Power,ultra-efficient-solar-power,exact,mit-tr-10-breakthrough,
Ultra-High-Voltage Direct Current and Macro Grids,ultra-high-voltage-direct-current-and-macro-grids,exact,ftsg-tech-trends,
Ultra-High-Voltage Power Lines,ultra-high-voltage-power-lines,exact,ftsg-tech-trends,
Ultra-Long-Read Sequencing Becomes Mainstream,ultra-long-read-sequencing-becomes-mainstream,exact,ftsg-tech-trends,
Ultra-Long Space Missions,ultra-long-space-missions,exact,ftsg-tech-trends,
Ultra-White Paint,ultra-white-paint,exact,ftsg-tech-trends,
Ultraprivate Phones,ultraprivate-phones,exact,ftsg-tech-trends,
Ultraprivate Smartphones,ultraprivate-smartphones,exact,mit-tr-10-breakthrough,
Ultrasound Stickers,ultrasound-stickers,exact,ftsg-tech-trends,
Ultrawideband,ultrawideband,exact,gartner-hype-cycle,
UWB/803.15.3a/WiMedia,ultrawideband,judgment,gartner-hype-cycle,Same radio technology (UWB); the 2002 label lists its standards.
Unbranded technology products,unbranded-technology-products,exact,deloitte-tmt-predictions,
Unbreakable encryption is popular,unbreakable-encryption-is-popular,exact,kurzweil,
Unbundling of online classifieds,unbundling-of-online-classifieds,exact,a16z-big-ideas,
Unconventional sustainable supply chains,unconventional-sustainable-supply-chains,exact,trendwatching,
Uncovering Hidden Bias in AI,uncovering-hidden-bias-in-ai,exact,ftsg-tech-trends,
Underclass neutralized by welfare state,underclass-neutralized-by-welfare-state,exact,kurzweil,
Underdeveloped Africa,underdeveloped-africa,exact,eurasia-top-risks,
Underground Cities,underground-cities,exact,ftsg-tech-trends,
Underground Climate Change,underground-climate-change,exact,ftsg-tech-trends,
"Undersea Fiber, Brought To You By Big Tech",undersea-fiber-brought-to-you-by-big-tech,exact,ftsg-tech-trends,
Undocumented AI Accidents,undocumented-ai-accidents,exact,ftsg-tech-trends,
Undocumented AI Accidents on the Rise,undocumented-ai-accidents-on-the-rise,exact,ftsg-tech-trends,
Structurally high unemployment/underemployment,unemployment-and-underemployment,judgment,wef-global-risks,"Same risk, reworded."
Unemployment,unemployment-and-underemployment,judgment,wef-global-risks,"WEF's own GRR 2020 retrospective figure relabels the 2014 entry ""Unemployment and underemployment"" as ""Unemployment""."
Unemployment and underemployment,unemployment-and-underemployment,exact,wef-global-risks,
"Unexpected, immersive brand communication",unexpected-immersive-brand-communication,exact,trendwatching,
Ungoverned AI,ungoverned-ai,exact,eurasia-top-risks,
Ungoverned spaces,ungoverned-spaces,exact,eurasia-top-risks,
Unhackable internet,unhackable-internet,exact,mit-tr-10-breakthrough,
Unified AI platforms,unified-ai-platforms,exact,idc-futurescape,
Unified Communications,unified-communications,exact,gartner-hype-cycle,
Unified Learning Processes,unified-learning-processes,exact,ftsg-tech-trends,
Unified Omnichannel Management,unified-omnichannel-management,exact,ftsg-tech-trends,
Unique and Innovative Partnerships,unique-and-innovative-partnerships,exact,ftsg-tech-trends,
United Arab Emirates: Balancing Innovation with Guidelines,united-arab-emirates-balancing-innovation-with-guidelines,exact,ftsg-tech-trends,
United Kingdom,united-kingdom,exact,eurasia-top-risks,
United States,united-states,exact,eurasia-top-risks,
United States: Accelerating AI Fast,united-states-accelerating-ai-fast,exact,ftsg-tech-trends,
Universal Authentication,universal-authentication,exact,mit-tr-10-breakthrough,
Universal basic income,universal-basic-income,exact,kurzweil,
Universal Basic Income,universal-basic-income,normalized,ftsg-tech-trends,
Universal Basic Income (UBI),universal-basic-income,judgment,ftsg-tech-trends,"Acronym only. (subject dupes review, d48)"
Universal Cancer Vaccines,universal-cancer-vaccines,exact,ftsg-tech-trends,
Universal Genetic Databases,universal-genetic-databases,exact,ftsg-tech-trends,
Universal Memory,universal-memory,exact,mit-tr-10-breakthrough,
Universe Mapping,universe-mapping,exact,ftsg-tech-trends,
Unlimited mobile data plans,unlimited-mobile-data-plans,exact,gartner-strategic-predictions,
Unlocking Bioinformatics Data,unlocking-bioinformatics-data,exact,ftsg-tech-trends,
Unmanned drones the size of birds or smaller,unmanned-drones-the-size-of-birds-or-smaller,exact,kurzweil,
Unmanned intelligent flying drones dominate,unmanned-intelligent-flying-drones-dominate,exact,kurzweil,
Unmanned Traffic Management,unmanned-traffic-management,exact,ftsg-tech-trends,
Unpiloted Military Vehicles,unpiloted-military-vehicles,exact,ftsg-tech-trends,
Unpredictable leaders,unpredictable-leaders,exact,eurasia-top-risks,
Unpredictable Sea Level Rise,unpredictable-sea-level-rise,exact,ftsg-tech-trends,
Unregulated Pet Cloning,unregulated-pet-cloning,exact,ftsg-tech-trends,
Untangling Code,untangling-code,exact,mit-tr-10-breakthrough,
Upcycled and Circular Fashion,upcycled-and-circular-fashion,exact,ftsg-tech-trends,
Updating Post-Quantum Cryptography Standards,updating-post-quantum-cryptography-standards,exact,ftsg-tech-trends,
Upgrading Babies,upgrading-babies,exact,ftsg-tech-trends,
Upgrading Embryos Before Birth,upgrading-embryos-before-birth,exact,ftsg-tech-trends,
Upgrading Photosynthesis,upgrading-photosynthesis,exact,ftsg-tech-trends,
Uploading Photos To Law Enforcement Databases,uploading-photos-to-law-enforcement-databases,exact,ftsg-tech-trends,
Upskilling,upskilling,exact,ftsg-tech-trends,
Upskilling for AI,upskilling-for-ai,exact,ftsg-tech-trends,
Urban Planning for Multi-Use Roads,urban-planning-for-multi-use-roads,exact,ftsg-tech-trends,
urbanization,urbanization,exact,nic-global-trends,
Urbanization and urban consumers,urbanization-and-urban-consumers,exact,trendwatching,
US,us,exact,eurasia-top-risks,
US and China rate cuts; ECB bond purchases,us-and-china-rate-cuts-ecb-bond-purchases,exact,economist-world-ahead,
US and European recessions,us-and-european-recessions,exact,economist-world-ahead,
U.S. and Global Election Security,us-and-global-election-security,normalized,ftsg-tech-trends,
US and Global Election Security,us-and-global-election-security,exact,ftsg-tech-trends,
Us as Input,us-as-input,exact,ftsg-tech-trends,
US battery factories,us-battery-factories,exact,mckinsey-tech-trends,
US-China,us-china,exact,eurasia-top-risks,
US/China,us-china,normalized,eurasia-top-risks,
US-China breakdown,us-china-breakdown,exact,eurasia-top-risks,
US-China crisis,us-china-crisis,exact,eurasia-top-risks,
US-China relations,us-china-relations,exact,eurasia-top-risks;nic-global-trends,
US-China relations 1993,us-china-relations-1993,exact,economist-world-ahead,
US-China tensions broaden,us-china-tensions-broaden,exact,eurasia-top-risks,
US-China trade war under Biden,us-china-trade-war-under-biden,exact,economist-world-ahead,
US Chips Act,us-chips-act,exact,ftsg-tech-trends,
US: CRISPR Human Trials Enter New Era of Safety Protocols,us-crispr-human-trials-enter-new-era-of-safety-protocols,exact,ftsg-tech-trends,
US crypto market structure legislation,us-crypto-market-structure-legislation,exact,a16z-big-ideas,
US domestic policy,us-domestic-policy,exact,eurasia-top-risks,
US domestic politics,us-domestic-politics,exact,eurasia-top-risks,
US economic expansion record,us-economic-expansion-record,exact,economist-world-ahead,
US elections,us-elections,exact,eurasia-top-risks,
US energy independence,us-energy-independence,exact,nic-global-trends,
US federal budget deficit,us-federal-budget-deficit,exact,economist-world-ahead,
US financial regulation,us-financial-regulation,exact,eurasia-top-risks,
US GDP,us-gdp,exact,ark-big-ideas,
US global role,us-global-role,exact,nic-global-trends,
US: Gradual balancing of accounts,us-gradual-balancing-of-accounts,exact,wef-global-risks,
US gridlock,us-gridlock,exact,eurasia-top-risks,
US inflation after tariffs,us-inflation-after-tariffs,exact,economist-world-ahead,
US-Iran relations,us-iran-relations,exact,eurasia-top-risks,
US midterm elections,us-midterm-elections,exact,economist-world-ahead,
US midterm elections 2018 (House),us-midterm-elections-2018-house,exact,economist-world-ahead,
US midterms,us-midterms,exact,eurasia-top-risks,
US military,us-military,exact,nic-global-trends,
US millennials outnumber baby-boomers,us-millennials-outnumber-baby-boomers,exact,economist-world-ahead,
US political revolution,us-political-revolution,exact,eurasia-top-risks,
US post-election violence,us-post-election-violence,exact,economist-world-ahead,
US presidential election 1992,us-presidential-election-1992,exact,economist-world-ahead,
US presidential election 2004,us-presidential-election-2004,exact,economist-world-ahead,
US presidential election 2008,us-presidential-election-2008,exact,economist-world-ahead,
US presidential election 2016,us-presidential-election-2016,exact,economist-world-ahead,
US presidential election 2020,us-presidential-election-2020,exact,economist-world-ahead,
US presidential election 2024,us-presidential-election-2024,exact,economist-world-ahead,
US recession,us-recession,exact,economist-world-ahead,
US recession timing,us-recession-timing,exact,economist-world-ahead,
US-Soviet arms control 1987,us-soviet-arms-control-1987,exact,economist-world-ahead,
US tariffs on China and allies,us-tariffs-on-china-and-allies,exact,economist-world-ahead,
US: Tightening Rules on Lab-Grown Meat and Modified Crops,us-tightening-rules-on-lab-grown-meat-and-modified-crops,exact,ftsg-tech-trends,
US: Unsustainable deficit impacts growth,us-unsustainable-deficit-impacts-growth,exact,wef-global-risks,
US vs rest-of-world stockmarkets,us-vs-rest-of-world-stockmarkets,exact,economist-world-ahead,
Usage-based compensation for web content used by AI,usage-based-compensation-for-web-content-used-by-ai,exact,a16z-big-ideas,
Usage-based data pricing,usage-based-data-pricing,exact,deloitte-tmt-predictions,
"USD 1,000 computer with human brain capacity",usd-1-000-computer-with-human-brain-capacity,exact,kurzweil,
"USD 4,000 device equals human brain capacity",usd-4-000-device-equals-human-brain-capacity,exact,kurzweil,
Used smartphones,used-smartphones,exact,deloitte-tmt-predictions,
User-Direct Media Formats,user-direct-media-formats,exact,ftsg-tech-trends,
User Directed Media Formats,user-directed-media-formats,exact,ftsg-tech-trends,
User engagement and enterprise user experience,user-engagement-and-enterprise-user-experience,exact,deloitte-tech-trends,
User experience and natural interfaces,user-experience-and-natural-interfaces,exact,accenture-tech-vision,
User-experience-first crypto product design,user-experience-first-crypto-product-design,exact,a16z-big-ideas,
User-generated content,user-generated-content,exact,deloitte-tmt-predictions,
User-generated content game development,user-generated-content-game-development,exact,a16z-big-ideas,
User-generated content monetization,user-generated-content-monetization,exact,deloitte-tmt-predictions,
User-generated game content,user-generated-game-content,exact,deloitte-tmt-predictions,
User interface simplicity,user-interface-simplicity,exact,deloitte-tmt-predictions,
Users’ servers store virtual reality environments,users-servers-store-virtual-reality-environments,exact,kurzweil,
Using A.I. in Critical Systems,using-a-i-in-critical-systems,exact,ftsg-tech-trends,
Using A.I. to Speed the Process of Scientific Discovery,using-a-i-to-speed-the-process-of-scientific-discovery,exact,ftsg-tech-trends,
Using AI to Improve Talk Therapy,using-ai-to-improve-talk-therapy,exact,ftsg-tech-trends,
Using CRISPR for Sustainable Wood Production,using-crispr-for-sustainable-wood-production,exact,ftsg-tech-trends,
Using DNA to Store Data,using-dna-to-store-data,exact,ftsg-tech-trends,
Using Geothermal for Energy Storage,using-geothermal-for-energy-storage,exact,ftsg-tech-trends,
Using Live Organisms (Ethically),using-live-organisms-ethically,exact,ftsg-tech-trends,
Using Our DNA As Hard Drives,using-our-dna-as-hard-drives,exact,ftsg-tech-trends,
Using Synthetic Media to get around Copyright Laws,using-synthetic-media-to-get-around-copyright-laws,exact,ftsg-tech-trends,
Using Synthetic Media to Get Around Copyright Laws,using-synthetic-media-to-get-around-copyright-laws,normalized,ftsg-tech-trends,
Using Synthetic Media to Skirt Copyright Laws,using-synthetic-media-to-skirt-copyright-laws,exact,ftsg-tech-trends,
Using the Coldness of Outer Space,using-the-coldness-of-outer-space,exact,ftsg-tech-trends,
Using the Human Genome Map,using-the-human-genome-map,exact,ftsg-tech-trends,
Using Viruses to Deliver Big DNA Payloads,using-viruses-to-deliver-big-dna-payloads,exact,ftsg-tech-trends,
Utility fog,utility-fog,exact,envisioning-technology,
Utility-scale energy storage cost,utility-scale-energy-storage-cost,exact,ark-big-ideas,
Utilizing Mobility Data,utilizing-mobility-data,exact,ftsg-tech-trends,
Vaccine Diplomacy,vaccine-diplomacy,exact,ftsg-tech-trends,
Vaccine Nationalism,vaccine-nationalism,exact,ftsg-tech-trends,
Vaccine Passports,vaccine-passports,exact,ftsg-tech-trends,
Value-based care technology stack,value-based-care-technology-stack,exact,a16z-big-ideas,
Value-based enterprise software sales,value-based-enterprise-software-sales,exact,a16z-big-ideas,
Value Stream Management Platforms,value-stream-management-platforms,exact,gartner-hype-cycle,
Values-based rather than demographic segmentation,values-based-rather-than-demographic-segmentation,exact,trendwatching,
Vanishing Messages,vanishing-messages,exact,ftsg-tech-trends,
Vaping and E-cigarettes,vaping-and-e-cigarettes,exact,ftsg-tech-trends,
Variable rate swath control,variable-rate-swath-control,exact,envisioning-horizons,
VASIMR,vasimr,exact,envisioning-technology,
Vast Differences in Verification Systems,vast-differences-in-verification-systems,exact,ftsg-tech-trends,
VAT carousel fraud,vat-carousel-fraud,exact,deloitte-tmt-predictions,
Vector Databases,vector-databases,exact,ftsg-tech-trends,
Vehicle miles traveled,vehicle-miles-traveled,exact,ark-big-ideas,
Vehicle-to-Vehicle Communications,vehicle-to-vehicle-communications,exact,ftsg-tech-trends,
vehicles,vehicles,exact,shell-scenarios,
Vehicular Biospheres,vehicular-biospheres,exact,ftsg-tech-trends,
Venezuela,venezuela,exact,eurasia-top-risks,
Venezuelan presidential election 2018,venezuelan-presidential-election-2018,exact,economist-world-ahead,
Vera C. Rubin Observatory,vera-c-rubin-observatory,exact,mit-tr-10-breakthrough,
Verifiable delay function (VDF) hardware,verifiable-delay-function-vdf-hardware,exact,a16z-big-ideas,
Verification,verification,exact,ftsg-tech-trends,
Verification Methodology,verification-methodology,exact,ftsg-tech-trends,
Verification System Asymmetry,verification-system-asymmetry,exact,ftsg-tech-trends,
Verified Loyalty Programs,verified-loyalty-programs,exact,ftsg-tech-trends,
Vertical Earth observation products,vertical-earth-observation-products,exact,a16z-big-ideas,
Vertical agriculture,vertical-farming,judgment,envisioning-technology,Same practice; the poster's raw revision records the rename.
Vertical farming,vertical-farming,exact,envisioning-horizons;envisioning-technology,
Vertical Farming Grows Up,vertical-farming-grows-up,exact,ftsg-tech-trends,
Vertical industrial robotics,vertical-industrial-robotics,exact,a16z-big-ideas,
Vertical Integration,vertical-integration,exact,ftsg-tech-trends,
Vertical Integration From Hardware to LLMs,vertical-integration-from-hardware-to-llms,exact,ftsg-tech-trends,
Vertical (purpose-built) AI applications,vertical-purpose-built-ai-applications,exact,a16z-big-ideas,
Vertical Wind Turbines,vertical-wind-turbines,exact,ftsg-tech-trends,
Very few transportation accidents,very-few-transportation-accidents,exact,kurzweil,
Vibe Coding,vibe-coding,exact,gartner-hype-cycle,
Vices,vices,exact,ftsg-tech-trends,
Video,video,exact,ftsg-tech-trends,
Video Analytics for Customer Service,video-analytics-for-customer-service,exact,gartner-hype-cycle,
Video calling,video-calling,exact,deloitte-tmt-predictions,
Video Conferencing,video-conferencing,exact,gartner-hype-cycle,
Video downloads,video-downloads,exact,deloitte-tmt-predictions,
Video game market,video-game-market,exact,deloitte-tmt-predictions,
Video game revenue models,video-game-revenue-models,exact,deloitte-tmt-predictions,
Video lessons,video-lessons,exact,envisioning-education,
Video on demand in Africa,video-on-demand-in-africa,exact,deloitte-tmt-predictions,
Video podcasts,video-podcasts,exact,deloitte-tmt-predictions,
Video Search,video-search,exact,gartner-hype-cycle,
Video Telepresence,video-telepresence,exact,gartner-hype-cycle,
Video telepresence and air travel,video-telepresence-and-air-travel,exact,gartner-strategic-predictions,
Vinyl records,vinyl-records,exact,deloitte-tmt-predictions,
Viral Sales and Product Exposure,viral-sales-and-product-exposure,exact,ftsg-tech-trends,
Virtual acoustic instruments,virtual-acoustic-instruments,exact,kurzweil,
Virtual and augmented reality experiences as status,virtual-and-augmented-reality-experiences-as-status,exact,trendwatching,
Virtual artists,virtual-artists,exact,kurzweil,
Virtual Assets,virtual-assets,exact,ftsg-tech-trends,
Intelligent Software Assistant,virtual-assistants,judgment,mit-tr-10-breakthrough,Same Hype Cycle technology group; MIT's 2009 'Intelligent Software Assistant' is the same product class.
Virtual assistants,virtual-assistants,normalized,kurzweil,
Virtual Assistants,virtual-assistants,exact,gartner-hype-cycle,
Virtual Personal Assistants,virtual-assistants,judgment,gartner-hype-cycle,Same Hype Cycle technology group; MIT's 2009 'Intelligent Software Assistant' is the same product class.
Virtual brand characters and avatars,virtual-brand-characters-and-avatars,exact,trendwatching,
Virtual Crime,virtual-crime,exact,ftsg-tech-trends,
Virtual currencies,virtual-currencies,exact,envisioning-technology,
Virtual events and gatherings,virtual-events-and-gatherings,exact,trendwatching,
"Virtual events on game platforms (Roblox, Fortnite)",virtual-events-on-game-platforms-roblox-fortnite,exact,trendwatching,
Virtual-experience software top entertainment,virtual-experience-software-top-entertainment,exact,kurzweil,
Virtual experiences,virtual-experiences,exact,kurzweil,
Virtual fantasy worlds,virtual-fantasy-worlds,exact,kurzweil,
Virtual meetings,virtual-meetings,exact,kurzweil,
Virtual parallel supercomputers,virtual-parallel-supercomputers,exact,kurzweil,
Virtual personal assistants in business,virtual-personal-assistants-in-business,exact,gartner-strategic-predictions,
Virtual Possessions and Ownership,virtual-possessions-and-ownership,exact,ftsg-tech-trends,
Virtual Power Plants,virtual-power-plants,exact,ftsg-tech-trends,
Virtual private networks,virtual-private-networks,exact,gartner-hype-cycle,
Virtual production,virtual-production,exact,deloitte-tmt-predictions,
Virtual property,virtual-property,exact,envisioning-technology,
Immersive virtual reality,virtual-reality,judgment,envisioning-education;envisioning-technology,The poster's 'immersive virtual reality' is virtual reality.
Virtual reality,virtual-reality,normalized,deloitte-tmt-predictions,
Virtual Reality,virtual-reality,exact,ftsg-tech-trends;gartner-hype-cycle,
Virtual reality chat rooms,virtual-reality-chat-rooms,exact,kurzweil,
Virtual Reality Concerts,virtual-reality-concerts,exact,ftsg-tech-trends,
virtual reality productivity and addiction,virtual-reality-productivity-and-addiction,exact,pew-elon-imagining,
Virtual sex limited by virtual-touch technology,virtual-sex-limited-by-virtual-touch-technology,exact,kurzweil,
Virtual sex partners on the rise,virtual-sex-partners-on-the-rise,exact,kurzweil,
Virtual sexual encounters,virtual-sexual-encounters,exact,kurzweil,
Virtual tactile environments,virtual-tactile-environments,exact,kurzweil,
Virtual Trainers,virtual-trainers,exact,ftsg-tech-trends,
Virtual Training for Real World Jobs,virtual-training-for-real-world-jobs,exact,ftsg-tech-trends,
Virtual Training For Real-World Jobs,virtual-training-for-real-world-jobs,normalized,ftsg-tech-trends,
Virtual triage,virtual-triage,exact,envisioning-health,
Virtual workspaces in the metaverse,virtual-workspaces-in-the-metaverse,exact,gartner-strategic-predictions,
Public Virtual Worlds,virtual-worlds,judgment,gartner-hype-cycle,Same Hype Cycle technology group; Gartner reworded the label.
Virtual Environments/Virtual Worlds,virtual-worlds,judgment,gartner-hype-cycle,Same Hype Cycle technology group; Gartner reworded the label.
Virtual worlds,virtual-worlds,normalized,deloitte-tmt-predictions,
Virtual Worlds,virtual-worlds,exact,ark-big-ideas;gartner-hype-cycle,
Virtual worlds revenue,virtual-worlds-revenue,exact,ark-big-ideas,
Virtualization,virtualization,exact,deloitte-tech-trends;deloitte-tmt-predictions;ftsg-tech-trends,
Visibility Track and Trace,visibility-track-and-trace,exact,ftsg-tech-trends,
Visible sustainability in beauty,visible-sustainability-in-beauty,exact,trendwatching,
Visibly eco-friendly products as status markers,visibly-eco-friendly-products-as-status-markers,exact,trendwatching,
Vision-driven leadership,vision-driven-leadership,exact,idc-futurescape,
Visual and tactile music for the deaf,visual-and-tactile-music-for-the-deaf,exact,kurzweil,
Visual and voice search,visual-and-voice-search,exact,gartner-strategic-predictions,
Visual artists working digitally,visual-artists-working-digitally,exact,kurzweil,
Visual Commonsense Reasoning (VCR),visual-commonsense-reasoning-vcr,exact,ftsg-tech-trends,
"Visual search and object recognition (point a phone, get information)",visual-search-and-object-recognition-point-a-phone-get-information,exact,trendwatching,
Voice and AI assistants that know the user,voice-and-ai-assistants-that-know-the-user,exact,trendwatching,
voice and touch interfaces,voice-and-touch-interfaces,exact,pew-elon-imagining,
Voice Cloning,voice-cloning,exact,ftsg-tech-trends,
Voice-first AI applications,voice-first-ai-applications,exact,a16z-big-ideas,
"Voice, Gesture, and Neural Interfaces",voice-gesture-and-neural-interfaces,exact,ftsg-tech-trends,
"Voice, Gesture, and Touchless Interfaces",voice-gesture-and-touchless-interfaces,exact,ftsg-tech-trends,
Voice of society metric,voice-of-society-metric,exact,gartner-strategic-predictions,
Voice-operated assistive technology for the blind,voice-operated-assistive-technology-for-the-blind,exact,kurzweil,
Voice Portals,voice-portals,exact,gartner-hype-cycle,
Voiceprints,voiceprints,exact,ftsg-tech-trends,
Voice over IP,voip,judgment,gartner-hype-cycle,VoIP is the abbreviation of voice over IP.
Voice Over IP,voip,judgment,gartner-hype-cycle,VoIP is the abbreviation of voice over IP.
Voice Over IP Services,voip,judgment,gartner-hype-cycle,VoIP is the abbreviation of voice over IP.
VoIP,voip,exact,deloitte-tmt-predictions;gartner-hype-cycle,
VOIP,voip,normalized,gartner-hype-cycle,
Vokenization,vokenization,exact,ftsg-tech-trends,
VoLTE / VoWiFi,volte-vowifi,exact,deloitte-tmt-predictions,
Volumetric (3D) screens,volumetric-3d-screens,exact,envisioning-technology,
Volumetric and Holographic Displays,volumetric-and-holographic-displays,exact,gartner-hype-cycle,
Volumetric Displays,volumetric-displays,exact,gartner-hype-cycle,
Volumetric Video,volumetric-video,exact,ftsg-tech-trends,
VR For Marketing,vr-for-marketing,exact,ftsg-tech-trends,
VR headsets,vr-headsets,exact,mckinsey-tech-trends,
VR Headsets,vr-headsets,normalized,ftsg-tech-trends,
VR in Location-Based Entertainment,vr-in-location-based-entertainment,exact,ftsg-tech-trends,
VR Marketing,vr-marketing,exact,ftsg-tech-trends,
VR-only lifeforms,vr-only-lifeforms,exact,envisioning-technology,
VR therapy,vr-therapy,exact,trendwatching,
VRML/Avatars,vrml-avatars,exact,gartner-hype-cycle,
Wall-sized screens,wall-sized-screens,exact,envisioning-education;envisioning-horizons,
WAP mobile internet,wap-mobile-internet,exact,deloitte-tmt-predictions,
War in Ukraine outcome,war-in-ukraine-outcome,exact,economist-world-ahead,
"Wars in Ukraine, Sudan and Myanmar continue",wars-in-ukraine-sudan-and-myanmar-continue,exact,economist-world-ahead,
Washington Politics,washington-politics,exact,eurasia-top-risks,
Waste,waste,exact,ftsg-tech-trends,
Waste upcycled into new product categories,waste-upcycled-into-new-product-categories,exact,trendwatching,
Watches,watches,exact,ftsg-tech-trends,
Water Infrastructure Engineering,water-infrastructure-engineering,exact,ftsg-tech-trends,
Water Resilience & Flood Management,water-resilience-and-flood-management,exact,ftsg-tech-trends,
water scarcity,water-scarcity,exact,nic-global-trends,
Water stress,water-stress,exact,eurasia-top-risks,
Water crises,water-supply-crises,judgment,wef-global-risks,"WEF's own GRR 2020 retrospective figure relabels the 2012 entry ""Water supply crises"" as ""Water crises""."
Water supply crises,water-supply-crises,exact,wef-global-risks,
Watermarking,watermarking,exact,ftsg-tech-trends,
Wave Power,wave-power,exact,ftsg-tech-trends,
Weak Incumbents,weak-incumbents,exact,eurasia-top-risks,
Weaponization of Finance,weaponization-of-finance,exact,eurasia-top-risks,
Weaponizing Wikileaks,weaponizing-wikileaks,exact,ftsg-tech-trends,
Weapons of mass disruption,weapons-of-mass-disruption,exact,eurasia-top-risks,
Wearable AI,wearable-ai,exact,ftsg-tech-trends,
Wearable Air Conditioners,wearable-air-conditioners,exact,ftsg-tech-trends,
Wearable Computers,wearable-computers,exact,gartner-hype-cycle,
Wearable data and sales,wearable-data-and-sales,exact,gartner-strategic-predictions,
Wearable Ecosystems,wearable-ecosystems,exact,ftsg-tech-trends,
Wearable health monitors,wearable-health-monitors,exact,kurzweil,
Wearable Intelligence,wearable-intelligence,exact,ftsg-tech-trends,
Wearable personal computers & devices,wearable-personal-computers-and-devices,exact,kurzweil,
Wearable smart electronics,wearable-smart-electronics,exact,gartner-strategic-predictions,
Wearable User Interfaces,wearables,judgment,gartner-hype-cycle,Same Hype Cycle technology group; Gartner shortened the label.
Wearables,wearables,exact,deloitte-tmt-predictions;ftsg-tech-trends;gartner-hype-cycle,
Wearables and Biointerfaces,wearables-and-biointerfaces,exact,ftsg-tech-trends,
Wearables in the enterprise,wearables-in-the-enterprise,exact,deloitte-tech-trends,
Weather engineering,weather-engineering,exact,envisioning-technology,
Weather Modification,weather-modification,exact,ftsg-tech-trends,
Web 2.0,web-2-0,exact,gartner-hype-cycle,
Web 2.0 Workplace Technologies,web-2-0-workplace-technologies,exact,gartner-hype-cycle,
Web 3.0,web-3-0,exact,ftsg-tech-trends,
Web 3-Enabled Health Care Enhancements,web-3-enabled-health-care-enhancements,exact,ftsg-tech-trends,
Web browsers,web-browsers,exact,deloitte-tmt-predictions,
Web Platforms,web-platforms,exact,gartner-hype-cycle,
Web-Scale Content Analysis,web-scale-content-analysis,exact,ftsg-tech-trends,
Web search,web-search,exact,deloitte-tmt-predictions,
Web services,web-services,normalized,gartner-hype-cycle,
Web Services,web-services,exact,gartner-hype-cycle,
Web Services-Enabled Business Models,web-services-enabled-business-models,normalized,gartner-hype-cycle,
Web-Services-Enabled Business Models,web-services-enabled-business-models,exact,gartner-hype-cycle,
Web3,web3,exact,ark-big-ideas;gartner-hype-cycle;mckinsey-tech-trends,
Web3 games,web3-games,exact,a16z-big-ideas,
Web3-Powered Education and Skill Verification,web3-powered-education-and-skill-verification,exact,ftsg-tech-trends,
WebAR/WebVR,webar-webvr,exact,ftsg-tech-trends,
WebAssembly,webassembly,exact,gartner-hype-cycle,
WebAssembly (Wasm),webassembly,judgment,gartner-hype-cycle,"Acronym only. (subject dupes review, d48)"
WebRTC,webrtc,exact,ftsg-tech-trends,
Webtops,webtops,exact,gartner-hype-cycle,
Weekly code deployment,weekly-code-deployment,exact,idc-futurescape,
Weight-loss drugs,weight-loss-drugs,exact,mit-tr-10-breakthrough,
Weird Glitches,weird-glitches,exact,ftsg-tech-trends,
Wetware (biofeedback),wetware-biofeedback,exact,envisioning-technology,
WFH Security,wfh-security,exact,ftsg-tech-trends,
What’s Next for Xi’s Tech Policy,what-s-next-for-xi-s-tech-policy,exact,ftsg-tech-trends,
White-label payment processing in Latin America,white-label-payment-processing-in-latin-america,exact,a16z-big-ideas,
Wi-Fi,wi-fi,exact,deloitte-tmt-predictions,
Wi-Fi 7,wi-fi-7,exact,ftsg-tech-trends,
Wi-Fi Hot Spots,wi-fi-hot-spots,exact,gartner-hype-cycle,
Wi-Fi hotspots,wi-fi-hot-spots,normalized,deloitte-tmt-predictions,
Wide-bandgap semiconductors,wide-bandgap-semiconductors,exact,deloitte-tmt-predictions,
Widespread cybercrime and cyber insecurity,widespread-cybercrime-and-cyber-insecurity,exact,wef-global-risks,
Wi-Fi Recognition,wifi-recognition,normalized,ftsg-tech-trends,
WiFi Recognition,wifi-recognition,exact,ftsg-tech-trends,
WiGig,wigig,exact,envisioning-horizons,
Wikis,wikis,exact,gartner-hype-cycle,
WiMAX,wimax,exact,deloitte-tmt-predictions,
wind energy,wind-energy,exact,shell-scenarios,
Wind Replaces Batteries,wind-replaces-batteries,exact,ftsg-tech-trends,
Windows 8 enterprise deployment,windows-8-enterprise-deployment,exact,gartner-strategic-predictions,
Wireless Body Area Networks,wireless-body-area-networks,exact,ftsg-tech-trends,
Wireless Charging Everywhere,wireless-charging-everywhere,exact,ftsg-tech-trends,
Wireless Communications,wireless-communications,exact,gartner-hype-cycle,
Wireless health monitoring and life expectancy,wireless-health-monitoring-and-life-expectancy,exact,gartner-strategic-predictions,
Wireless Inductive Vehicle Charging,wireless-inductive-vehicle-charging,exact,ftsg-tech-trends,
Wireless Kitchens,wireless-kitchens,exact,ftsg-tech-trends,
Wireless LAN,wireless-lan,exact,deloitte-tmt-predictions,
Wireless LANs/802.11,wireless-lans-802-11,exact,gartner-hype-cycle,
Wireless LANs/802.11s,wireless-lans-802-11,judgment,gartner-hype-cycle,Plural spelling of the same entry.
Power from the Air,wireless-power,judgment,mit-tr-10-breakthrough,MIT's 2008 entry is wireless power transfer.
Wireless Power,wireless-power,exact,gartner-hype-cycle;mit-tr-10-breakthrough,
Wireless Power Transfer,wireless-power-transfer,exact,ftsg-tech-trends,
Wireless telecom consolidation,wireless-telecom-consolidation,exact,deloitte-tmt-predictions,
WAP/Wireless Web,wireless-web-wap,judgment,gartner-hype-cycle,"Same entry, words reordered."
Wireless Web/WAP,wireless-web-wap,exact,gartner-hype-cycle,
Women,women,exact,ftsg-tech-trends,
Women in IT,women-in-it,exact,deloitte-tmt-predictions,
Women in tech,women-in-tech,exact,deloitte-tmt-predictions,
Women's sports,women-s-sports,exact,deloitte-tmt-predictions,
Women/ Wearables,women-wearables,exact,ftsg-tech-trends,
Work From Anywhere,work-from-anywhere,exact,ftsg-tech-trends,
Worker Surveillance,worker-surveillance,exact,ftsg-tech-trends,
Workflow,workflow,exact,gartner-hype-cycle,
workforce retraining,workforce-retraining,exact,pew-elon-imagining,
Workplace and Learning Technologies,workplace-and-learning-technologies,exact,ftsg-tech-trends,
World Building,world-building,exact,ftsg-tech-trends,
World Building on Blockchain,world-building-on-blockchain,exact,ftsg-tech-trends,
World GDP growth 2015 vs 2014,world-gdp-growth-2015-vs-2014,exact,economist-world-ahead,
World median age above 30,world-median-age-above-30,exact,economist-world-ahead,
World models for interactive storytelling,world-models-for-interactive-storytelling,exact,a16z-big-ideas,
world population,world-population,exact,envisioning-technology;nic-global-trends,
World population reaches 7 billion,world-population-reaches-7-billion,exact,economist-world-ahead,
World Series 1996,world-series-1996,exact,economist-world-ahead,
World Wide Web,world-wide-web,exact,gartner-hype-cycle,
Worlds for Purpose,worlds-for-purpose,exact,ftsg-tech-trends,
Worlds for the Enterprise,worlds-for-the-enterprise,exact,ftsg-tech-trends,
Worldwide Web + Intranets,worldwide-web-plus-intranets,exact,gartner-hype-cycle,
Writing with voice recognition,writing-with-voice-recognition,exact,kurzweil,
Wrongful Recognition,wrongful-recognition,exact,ftsg-tech-trends,
X as a Service (XaaS),x-as-a-service-xaas,exact,ftsg-tech-trends,
XBRL,xbrl,exact,gartner-hype-cycle,
XBRL financial reporting,xbrl-financial-reporting,exact,deloitte-tmt-predictions,
xDSL,xdsl,exact,gartner-hype-cycle,
xDSL/Cable Modems,xdsl-cable-modems,exact,gartner-hype-cycle,
Xenotransplantation,xenotransplantation,exact,ftsg-tech-trends,
Xi’s Tech Ambitions,xi-s-tech-ambitions,exact,ftsg-tech-trends,
XML,xml,exact,gartner-hype-cycle,
XR Accessibility,xr-accessibility,exact,ftsg-tech-trends,
XR Fine Art,xr-fine-art,exact,ftsg-tech-trends,
XR in Diagnostics,xr-in-diagnostics,exact,ftsg-tech-trends,
Young children learn to read with software tools,young-children-learn-to-read-with-software-tools,exact,kurzweil,
Your Own Private 5G,your-own-private-5g,exact,ftsg-tech-trends,
youth bulges,youth-bulges,exact,nic-global-trends,
Youth disillusionment,youth-disillusionment,exact,wef-global-risks,
Youth TV viewing,youth-tv-viewing,exact,deloitte-tmt-predictions,
Zero Carbon Natural Gas,zero-carbon-natural-gas,normalized,ftsg-tech-trends,
Zero-Carbon Natural Gas,zero-carbon-natural-gas,exact,ftsg-tech-trends;mit-tr-10-breakthrough,
Zero Day Exploits,zero-day-exploits,exact,ftsg-tech-trends,
Zero-Day Exploits on the Rise,zero-day-exploits-on-the-rise,normalized,ftsg-tech-trends,
Zero-Day Exploits On The Rise,zero-day-exploits-on-the-rise,exact,ftsg-tech-trends,
Zero-Day Exploits Rising,zero-day-exploits-rising,exact,ftsg-tech-trends,
Zero G Bioprinting,zero-g-bioprinting,exact,ftsg-tech-trends,
Zero-knowledge developer tooling,zero-knowledge-developer-tooling,exact,a16z-big-ideas,
Zero-Knowledge Proofs,zero-knowledge-proofs,exact,ftsg-tech-trends,
Zero-Knowledge Proofs Go Commercial,zero-knowledge-proofs-go-commercial,exact,ftsg-tech-trends,
"Zero-knowledge proofs, multi-party computation and post-quantum cryptography",zero-knowledge-proofs-multi-party-computation-and-post-quantum-cryptography,exact,a16z-big-ideas,
Zero-rated app data plans,zero-rated-app-data-plans,exact,deloitte-tmt-predictions,
Zero-Touch,zero-touch,exact,ftsg-tech-trends,
Zero trust security,zero-trust-security,exact,deloitte-tech-trends,
Zero-trust security and blockchain,zero-trust-security-and-blockchain,exact,mckinsey-tech-trends,
Zero UIs,zero-uis,exact,ftsg-tech-trends,
zkVM provers (verifiable computation),zkvm-provers-verifiable-computation,exact,a16z-big-ideas,
Zombie USMCA,zombie-usmca,exact,eurasia-top-risks,
