id,name,kind,aliases,related,notes
1-000-pc-at-a-trillion-calculations-per-second,"$1,000 PC at a trillion calculations per second",technology,"$1,000 PC at a trillion calculations per second",,
100-genome,$100 Genome,technology,$100 Genome,rapid-personal-gene-sequencing,
100-year-software,100-Year Software,technology,100-Year Software,,
15-minute-cities-and-car-free-urban-design,15-minute cities and car-free urban design,other,15-minute cities and car-free urban design,,
20-fall-of-the-us,20% fall of the US$,risk,20% fall of the US$,,
2012-political-transitions,2012 Political Transitions,risk,2012 Political Transitions,,
3-d-flat-panel-displays,3-D Flat-Panel Displays,technology,3-D Flat-Panel Displays;3D Flat-Panel TVs and Displays,3d-television,
3-d-metal-printing,3-D Metal Printing,technology,3-D Metal Printing,3d-printing,
3-d-transistors,3-D Transistors,technology,3-D Transistors,,
360-degree-video,360-degree Video,technology,360-degree Video,,
360-video,360° Video,technology,360° Video,,
3d,3D,technology,3D,volumetric-3d-screens,
3d-ai-companions,3D AI companions,technology,3D AI companions,,
3d-bioprinting,3D Bioprinting,technology,3D Bioprinting;3D Bioprinting Systems,3d-printing,
3d-bioprinting-systems-for-organ-transplant,3D Bioprinting Systems for Organ Transplant,technology,3D Bioprinting Systems for Organ Transplant;Organ printing,3d-bioprinting,
3d-chips,3D chips,technology,3D chips,,
3d-cinema,3D cinema,technology,3D cinema,,
3d-direct-eye-displays-in-glasses-and-contacts,3D direct-eye displays in glasses and contacts,technology,3D direct-eye displays in glasses and contacts,,
3d-holography-displays,3D holography displays,technology,3D holography displays,,
3d-nanotube-lattice-circuits,3D nanotube lattice circuits,technology,3D nanotube lattice circuits,,
3d-phone-calls-via-direct-eye-displays,3D phone calls via direct-eye displays,technology,3D phone calls via direct-eye displays,,
3d-printed-coral-reef,3D-Printed Coral Reef,technology,3D-Printed Coral Reef,,
3d-printed-drugs,3D Printed Drugs,technology,3D Printed Drugs;3D-printed drugs,,
3d-printed-houses,3D Printed Houses,technology,3D Printed Houses;3D-Printed Houses,,
3d-printed-organs,3D printed organs,technology,3D printed organs,,
3d-printing,3D printing,technology,3-D Printing;3D Printing;3D printers;3D printing;Additive Manufacturing;Additive manufacturing,3-d-metal-printing;3d-bioprinting;3d-printing-for-personalized-products;3d-printing-market;4d-printing;consumer-3d-printing;enterprise-3d-printing;microscale-3-d-printing;nanoscale-3d-printing;personal-fabricators;robotics-and-3d-printing,
3d-printing-and-intellectual-property-loss,3D printing and intellectual property loss,technology,3D printing and intellectual property loss,,
3d-printing-and-intellectual-property-theft,3D printing and intellectual property theft,technology,3D printing and intellectual property theft,,
3d-printing-for-personalized-products,3D printing for personalized products,technology,3D printing for personalized products,3d-printing,
3d-printing-market,3D printing market,quantity,3D printing market,3d-printing,
3d-scanners,3D Scanners,technology,3D Scanners,,
3d-sensing-cameras,3D Sensing Cameras,technology,3D Sensing Cameras,,
3d-television,3D television,technology,3D television,3-d-flat-panel-displays,
3d-web,3D Web,technology,3-D Web;3D Web,,
3g-mobile-networks,3G mobile networks,technology,3G mobile networks,,
3rd-platform-share-of-it-spending,3rd Platform share of IT spending,technology,3rd Platform share of IT spending,,
3rd-platform-sourcing-failures,3rd Platform sourcing failures,technology,3rd Platform sourcing failures,,
40-fall-of-the-us,40% fall of the US$,risk,40% fall of the US$,,
46,46*,risk,46*,,
4d-printing,4D Printing,technology,4D Printing,3d-printing,
4g,4G,technology,4G;4G Standard;Fourth-Generation Wireless Technology;LTE / 4G deployment,,
4k,4K,technology,4K,,
4k-television,4K television,technology,4K television,,
5g,5G,technology,5G;5G networks,5g-and-lte-advanced;5g-standalone-networks;low-cost-5g-smartphones,
5g-adoption-in-north-america,5G adoption in North America,technology,5G adoption in North America,,
5g-and-iot-connectivity,5G and IoT connectivity,technology,5G and IoT connectivity,,
5g-and-lte-advanced,5G and LTE-Advanced,technology,5G and LTE-Advanced,5g,
5g-for-the-metaverse,5G for the Metaverse,technology,5G for the Metaverse,,
5g-health-effects,5G health effects,technology,5G health effects,,
5g-networks-and-the-industrial-internet-of-things-iiot,5G Networks and the Industrial Internet of Things (IIoT),technology,5G Networks and the Industrial Internet of Things (IIoT),,
5g-population-coverage,5G population coverage,technology,5G population coverage,,
5g-private-networks-and-china-s-influence,5G: Private Networks and China’s Influence,technology,5G: Private Networks and China’s Influence,,
5g-standalone-networks,5G standalone networks,technology,5G standalone networks,5g,
5g-triggers-a-surge-of-new-businesses,5G Triggers a Surge of New Businesses,technology,5G Triggers a Surge of New Businesses,,
5geopolitics,5Geopolitics,technology,5Geopolitics,,
6g,6G,technology,6G,,
6g-global-competition,6G Global Competition,technology,6G Global Competition,,
802-11ax,802.11ax,technology,802.11ax;Wi-Fi 6,,
802-11g,802.11g,technology,802.11g,,
802-15-4-zigbee,802.15.4 (ZigBee),technology,802.15.4 (ZigBee),,
802-16-2004-wimax,802.16 2004 WiMAX,technology,802.16 2004 WiMAX;802.16d WiMAX,,
8k-television,8K television,technology,8K television,,
a-bigger-role-for-ambient-interfaces,A Bigger Role For Ambient Interfaces,technology,A Bigger Role For Ambient Interfaces,,
a-chip-design-that-changes-everything,A chip design that changes everything,technology,A chip design that changes everything,,
a-developers-quantum-toolbox,A Developers’ Quantum Toolbox,technology,A Developers’ Quantum Toolbox,,
a-faster-fourier-transform,A Faster Fourier Transform,technology,A Faster Fourier Transform,,
a-i-and-digital-dividends,A.I. and Digital Dividends,technology,A.I. and Digital Dividends,,
a-i-at-the-edge,A.I. at the Edge,technology,A.I. at the Edge;AI At The Edge;AI at the Edge,,
a-i-at-the-edge-or-a-i-not-in-the-cloud,A.I. at the Edge (or A.I. Not in the Cloud),technology,A.I. at the Edge (or A.I. Not in the Cloud),,
a-i-for-drug-development,A.I. for Drug Development,technology,A.I. for Drug Development,,
a-i-for-interviews,A.I. for Interviews,technology,A.I. for Interviews;AI for Interviews,,
a-i-in-the-cloud,A.I. in the Cloud,technology,A.I. in the Cloud;AI in the Cloud,,
a-i-powered-automated-hacking-systems,A.I.-Powered Automated Hacking Systems,technology,A.I.-Powered Automated Hacking Systems;AI-Powered Automated Hacking Systems,,
a-i-still-has-a-bias-problem,A.I. Still Has a Bias Problem,technology,A.I. Still Has a Bias Problem;AI Still Has a Bias Problem,,
a-i-systems-intentionally-hiding-data,A.I. Systems Intentionally Hiding Data,technology,A.I. Systems Intentionally Hiding Data,,
a-i-to-catch-cheaters,A.I. to Catch Cheaters,technology,A.I. to Catch Cheaters;AI to Catch Cheaters,,
a-list-synths,A-List Synths,technology,A-List Synths,,
a-list-synths-virtual-idols-and-influencers,"A-List Synths, Virtual Idols, and Influencers",technology,"A-List Synths, Virtual Idols, and Influencers",,
a-long-lasting-grid-battery,A long-lasting grid battery,technology,A long-lasting grid battery,,
a-new-focus-for-light,A New Focus for Light,technology,A New Focus for Light,,
a-new-wave-of-genetically-modified-foods,A New Wave of Genetically Modified Foods,technology,A New Wave of Genetically Modified Foods,,
a-nuclear-renaissance-for-ai-workloads,A Nuclear Renaissance for AI Workloads,technology,A Nuclear Renaissance for AI Workloads,,
a-patchwork-approach,A Patchwork Approach,technology,A Patchwork Approach,,
a-pill-for-covid,A pill for covid,technology,A pill for covid,,
a-return-to-dictatorship-in-brazil,A return to dictatorship in Brazil,risk,A return to dictatorship in Brazil,,
a-return-to-natural-farming-with-technology,A Return to Natural Farming— With Technology,technology,A Return to Natural Farming— With Technology,,
a-search-engine-for-the-world-s-dna,A Search Engine for the World’s DNA,technology,A Search Engine for the World’s DNA,,
a-shortage-of-genome-storage,A Shortage of Genome Storage,technology,A Shortage of Genome Storage,,
a-weaker-merkel,A weaker Merkel,risk,A weaker Merkel,,
abortion-pills-via-telemedicine,Abortion pills via telemedicine,technology,Abortion pills via telemedicine,,
abstracted-crypto-ux-hide-the-wires,"Abstracted crypto UX (""hide the wires"")",technology,"Abstracted crypto UX (""hide the wires"")",,
abusing-the-notification-layer,Abusing The Notification Layer,technology,Abusing The Notification Layer;Abusing the Notification Layer,,
accelerated-adoption,Accelerated Adoption,technology,Accelerated Adoption,,
accelerating-government-digitalization,Accelerating Government Digitalization,technology,Accelerating Government Digitalization,,
accent-recognition,Accent Recognition,technology,Accent Recognition,,
access-to-high-cost-therapies-glp-1-cell-and-gene-therapy,"Access to high-cost therapies (GLP-1, cell and gene therapy)",technology,"Access to high-cost therapies (GLP-1, cell and gene therapy)",,
accessibility-tech,Accessibility Tech,technology,Accessibility Tech,,
accessibility-tech-goes-mainstream,Accessibility Tech Goes Mainstream,technology,Accessibility Tech Goes Mainstream,,
accessible-design-for-people-with-disabilities,Accessible design for people with disabilities,other,Accessible design for people with disabilities,,
accessible-public-data,Accessible Public Data,technology,Accessible Public Data,,
accidents,Accidents,risk,Accidents,,
accountability-and-trust,Accountability and Trust,technology,Accountability and Trust,,
acellular-meat-production,Acellular Meat Production,technology,Acellular Meat Production,,
achievements-and-badges,Achievements & badges,technology,Achievements & badges,,
active-and-intelligent-packaging,Active & Intelligent Packaging,technology,Active & Intelligent Packaging,,
active-crypto-usage,Active crypto usage,technology,Active crypto usage,,
active-cyber-defense,Active cyber defense,technology,Active cyber defense,,
active-metadata-management,Active Metadata Management,technology,Active Metadata Management,,
activity-streams,Activity Streams,technology,Activity Streams,,
activity-vision,Activity Vision,technology,Activity Vision,,
ad-blocking,Ad blocking,technology,Ad blocking,,
ad-supported-video-on-demand,Ad-supported video on demand,technology,Ad-supported video on demand,,
adaptable-surfaces,Adaptable Surfaces,technology,Adaptable Surfaces,,
adaptive-and-assistive-wearables,Adaptive and Assistive Wearables,technology,Adaptive and Assistive Wearables,,
adaptive-dna-storage-codex,Adaptive DNA Storage Codex,technology,Adaptive DNA Storage Codex,,
adaptive-driving-systems,Adaptive Driving Systems,technology,Adaptive Driving Systems,,
adaptive-dynamic-and-immersive-advertisements,"Adaptive, Dynamic, and Immersive Advertisements",technology,"Adaptive, Dynamic, and Immersive Advertisements",,
adaptive-experiences,Adaptive Experiences,technology,Adaptive Experiences,,
adaptive-learning,Adaptive Learning,technology,Adaptive Learning,,
adaptive-ml,Adaptive ML,technology,Adaptive ML,,
adaptive-reuse-and-deconstruction,Adaptive Reuse and Deconstruction,technology,Adaptive Reuse and Deconstruction,,
adaptive-wearable-technologies,Adaptive Wearable Technologies,technology,Adaptive Wearable Technologies,,
adaptive-workforce,Adaptive workforce,technology,Adaptive workforce,,
additive-construction,Additive Construction,technology,Additive Construction,,
additive-manufacturing-3d-printing,Additive manufacturing (3D printing),technology,Additive manufacturing (3D printing),,
additive-manufacturing-and-printing,Additive Manufacturing and Printing,technology,Additive Manufacturing and Printing,,
addressable-tv-advertising,Addressable TV advertising,technology,Addressable TV advertising,,
addressing-bias,Addressing Bias,technology,Addressing Bias,,
addressing-housing-shortages,Addressing Housing Shortages,technology,Addressing Housing Shortages,,
addressing-political-bias,Addressing Political Bias,technology,Addressing Political Bias,,
addressing-race-and-gender-bias,Addressing Race and Gender Bias,technology,Addressing Race and Gender Bias,,
addressing-the-labor-crisis,Addressing the Labor Crisis,technology,Addressing the Labor Crisis,,
adopting-serverless-computing,Adopting Serverless Computing,technology,Adopting Serverless Computing,,
adopting-unified-learning-processes,Adopting Unified Learning Processes,technology,Adopting Unified Learning Processes,,
adoption-of-hybrid-cloud,Adoption of Hybrid Cloud,technology,Adoption of Hybrid Cloud,,
adult-workers-mostly-learning,Adult workers mostly learning,technology,Adult workers mostly learning,,
advanced-a-i-chipsets,Advanced A.I. Chipsets,technology,Advanced A.I. Chipsets;Advanced AI Chipsets,,
advanced-ai-symbolic-deep-and-broad-reasoning,"Advanced AI (symbolic, deep and broad reasoning)",technology,"Advanced AI (symbolic, deep and broad reasoning)",,
advanced-analytics-for-scouting-talent,Advanced Analytics for Scouting Talent,technology,Advanced Analytics for Scouting Talent,,
advanced-analytics-with-self-service-delivery,Advanced Analytics With Self-Service Delivery,technology,Advanced Analytics With Self-Service Delivery,,
advanced-computing-quantum-and-novel-architectures,Advanced computing (quantum and novel architectures),technology,Advanced computing (quantum and novel architectures),,
advanced-connectivity,Advanced connectivity,technology,Advanced connectivity,,
advanced-connectivity-5g-6g-lpwa-leo-satellites,"Advanced connectivity (5G/6G, LPWA, LEO satellites)",technology,"Advanced connectivity (5G/6G, LPWA, LEO satellites)",,
advanced-connectivity-5g-edge-networking,"Advanced connectivity (5G, edge, networking)",technology,"Advanced connectivity (5G, edge, networking)",,
advanced-cooling-technologies,Advanced Cooling Technologies,technology,Advanced Cooling Technologies,,
advanced-cyptography-for-privacy-and-efficiency,Advanced Cyptography for Privacy and Efficiency,technology,Advanced Cyptography for Privacy and Efficiency,,
advanced-economies-real-gdp-growth,Advanced economies real GDP growth,quantity,real GDP growth,advanced-economies-real-gdp-growth-world-bank,"Real GDP growth, calendar-year annual average over the previous year, percent. Not Q4-over-Q4 growth (the Fed SEP measure), which needs its own subject. Group as defined by the IMF at the time of each edition."
advanced-economies-real-gdp-growth-world-bank,Advanced economies real GDP growth (World Bank grouping),quantity,real GDP growth,,"Real GDP growth, calendar-year annual average over the previous year, percent. Not Q4-over-Q4 growth (the Fed SEP measure), which needs its own subject. World Bank grouping, from June 2016; not the IMF grouping of the same name."
advanced-materials-nanomaterials-graphene-2-d-materials,"Advanced materials (nanomaterials, graphene, 2-D materials)",technology,"Advanced materials (nanomaterials, graphene, 2-D materials)",,
advanced-media-technologies-adoption,Advanced media technologies adoption,technology,Advanced media technologies adoption,,
advanced-prosthetics,Advanced Prosthetics,technology,Advanced Prosthetics,,
advanced-robotics,Advanced Robotics,technology,Advanced Robotics,,
advances-in-sports-medicine-and-wearables,Advances in Sports Medicine and Wearables,technology,Advances in Sports Medicine and Wearables,,
advancing-data-processing-with-photonics,Advancing Data Processing with Photonics,technology,Advancing Data Processing with Photonics,,
adversarial-attacks,Adversarial Attacks,technology,Adversarial Attacks,,
adversarial-images,Adversarial Images,technology,Adversarial Images,,
adverse-outcomes-of-ai-technologies,Adverse outcomes of AI technologies,risk,Adverse outcomes of AI technologies,,
adverse-tech-advances,Adverse tech advances,risk,Adverse tech advances,,
advertising-as-entertainment,Advertising as Entertainment,technology,Advertising as Entertainment,,
aerial-and-oceanic-exploration-of-other-planets,Aerial and Oceanic Exploration of Other Planets,technology,Aerial and Oceanic Exploration of Other Planets,,
aerogel,Aerogel,technology,Aerogel,,
aeroponic-growing,Aeroponic Growing,technology,Aeroponic Growing,,
affective-computing,Affective Computing,technology,Affective Computing,,
affective-computing-emotion-ai,Affective computing (emotion AI),technology,Affective computing (emotion AI),,
afghanistan-deaths-and-emigration,Afghanistan deaths and emigration,other,Afghanistan deaths and emigration,,
afghanistan-food-shortages,Afghanistan food shortages,other,Afghanistan food shortages,,
afghanistan-pakistan,Afghanistan/Pakistan,risk,Afghanistan/Pakistan,,
africa-s-security,Africa's security,risk,Africa's security,,
african-developer-talent,African developer talent,technology,African developer talent,,
ag-fintech,Ag-Fintech,technology,Ag-Fintech,,
ag-marketplaces,Ag Marketplaces,technology,Ag Marketplaces,,
age-reversal,Age Reversal,technology,Age Reversal,,
agent-native-infrastructure,Agent-native infrastructure,technology,Agent-native infrastructure,,
agentic-ai-in-service-contracts,Agentic AI in service contracts,technology,Agentic AI in service contracts,,
agentic-ai-orchestration,Agentic AI orchestration,technology,Agentic AI orchestration,,
agentic-software-development,Agentic software development,technology,Agentic software development,,
agents,Agents,technology,Agents,ai-agents,
agents-as-it-interface,Agents as IT interface,technology,Agents as IT interface,ai-agents,
agents-exchange-structured-knowledge,Agents exchange structured knowledge,technology,Agents exchange structured knowledge,,
agents-from-assistants-to-actors,Agents: From Assistants to Actors,technology,Agents: From Assistants to Actors,,
agents-will-increasingly-perform-tasks-on-our-behalf,Agents Will Increasingly Perform Tasks on Our Behalf,technology,Agents Will Increasingly Perform Tasks on Our Behalf,,
agile-connectivity-via-apis,Agile connectivity via APIs,technology,Agile connectivity via APIs,,
agile-devops-beyond-it,Agile/DevOps beyond IT,technology,Agile/DevOps beyond IT,,
agile-funding-of-technology-cio-cfo-collaboration,Agile funding of technology (CIO-CFO collaboration),technology,Agile funding of technology (CIO-CFO collaboration),,
agile-robots,Agile Robots,technology,Agile Robots,,
aging-clocks,Aging clocks,technology,Aging clocks,,
agricultural-biotechnology,agricultural biotechnology,other,agricultural biotechnology,,
agricultural-clouds,Agricultural Clouds,technology,Agricultural Clouds,,
agricultural-drones,Agricultural Drones,technology,Agricultural Drones,commercial-uavs,
agricultural-robots,Agricultural robots,technology,Agricultural robots,,
agricultural-technology,Agricultural technology,technology,Agricultural technology,,
agtech,AgTech,technology,AgTech,,
ai-accelerators,AI accelerators,quantity,AI accelerators,,
ai-agent-abuse-and-security-breaches,AI agent abuse and security breaches,technology,AI agent abuse and security breaches,,
ai-agent-use-in-the-g2000,AI agent use in the G2000,technology,AI agent use in the G2000,ai-agents,
ai-agents,AI Agents,technology,AI Agents;Agentic AI,agents;agents-as-it-interface;ai-agent-use-in-the-g2000;autonomous-agents;enterprise-ai-agents;intelligent-agents;multiagent-systems;software-agents,
ai-agents-and-agent-ecosystems,AI agents and agent ecosystems,technology,AI agents and agent ecosystems,,
ai-agents-as-web-users,AI agents as web users,technology,AI agents as web users,,
ai-agents-for-autonomous-decision-making,AI Agents for Autonomous Decision-Making,technology,AI Agents for Autonomous Decision-Making,,
ai-agents-in-b2b-buying,AI agents in B2B buying,technology,AI agents in B2B buying,,
ai-agents-in-games,AI agents in games,technology,AI agents in games,,
ai-agents-in-saas,AI agents in SaaS,technology,AI agents in SaaS,,
ai-aligned-with-customer-business-models,AI aligned with customer business models,technology,AI aligned with customer business models,,
ai-alignment,AI Alignment,technology,AI Alignment,,
ai-alignment-goes-mainstream,AI Alignment Goes Mainstream,technology,AI Alignment Goes Mainstream,,
ai-analysis-of-qualitative-data,AI analysis of qualitative data,technology,AI analysis of qualitative data,,
ai-and-blockchain-convergence,AI and blockchain convergence,technology,AI and blockchain convergence,,
ai-and-data-governance,AI and data governance,technology,AI and data governance,,
ai-and-human-agency,AI and human agency,other,AI and human agency,,
ai-and-human-well-being,AI and human well-being,other,AI and human well-being,,
ai-and-job-roles,AI and job roles,technology,AI and job roles,,
ai-and-middle-management,AI and middle management,technology,AI and middle management,,
ai-and-robotics-in-daily-life,AI and robotics in daily life,other,AI and robotics in daily life,,
ai-and-robotics-job-displacement,AI and robotics job displacement,other,AI and robotics job displacement,,
ai-and-the-replication-crisis,AI and the Replication Crisis,technology,AI and the Replication Crisis,,
ai-as-a-content-medium,AI as a Content Medium,technology,AI as a Content Medium,,
ai-as-a-shield,AI as a Shield,technology,AI as a Shield,,
ai-as-a-tool-to-address-political-bias,AI as a Tool to Address Political Bias,technology,AI as a Tool to Address Political Bias,,
ai-as-critical-infrastructure,AI as Critical Infrastructure,technology,AI as Critical Infrastructure,,
ai-as-user-interface,AI as user interface,technology,AI as user interface,,
ai-assistants-for-latin-american-smbs,AI assistants for Latin American SMBs,technology,AI assistants for Latin American SMBs,,
ai-assisted-asset-pricing-and-management,AI Assisted Asset Pricing and Management,technology,AI Assisted Asset Pricing and Management,,
ai-assisted-campaigns,AI-Assisted Campaigns,technology,AI-Assisted Campaigns,,
ai-assisted-chip-design,AI-Assisted Chip Design,technology,AI-Assisted Chip Design,,
ai-assisted-cloud-governance,AI-assisted cloud governance,technology,AI-assisted cloud governance,,
ai-assisted-creativity,AI Assisted Creativity,technology,AI Assisted Creativity;AI-Assisted Creativity;AI-assisted creativity,,
ai-assisted-data-modeling,AI-Assisted Data Modeling,technology,AI-Assisted Data Modeling,,
ai-assisted-data-modeling-for-insurers,AI-Assisted Data Modeling for Insurers,technology,AI-Assisted Data Modeling for Insurers,,
ai-assisted-diagnosis-and-clinical-decision-making,AI-Assisted Diagnosis and Clinical Decision-Making,technology,AI-Assisted Diagnosis and Clinical Decision-Making,,
ai-assisted-education,AI-Assisted Education,technology,AI-Assisted Education,,
ai-assisted-humanitarianism-in-war,AI-Assisted Humanitarianism in War,technology,AI-Assisted Humanitarianism in War,,
ai-assisted-invention,AI-Assisted Invention,technology,AI-Assisted Invention,,
ai-assisted-situational-awareness,AI-Assisted Situational Awareness,technology,AI-Assisted Situational Awareness,,
ai-augmented-design,AI-Augmented Design,technology,AI-Augmented Design,,
ai-augmented-process-decisions,AI Augmented Process Decisions,technology,AI Augmented Process Decisions,,
ai-augmented-software-engineering,AI-Augmented Software Engineering,technology,AI-Augmented Development;AI-Augmented Software Engineering,,
ai-automation-in-cybersecurity,AI automation in cybersecurity,technology,AI automation in cybersecurity,,
ai-based-writing,AI-based writing,technology,AI-based writing,,
ai-bias-leads-to-societal-problems,AI Bias Leads To Societal Problems,technology,AI Bias Leads To Societal Problems,,
ai-brain-drain,AI Brain Drain,technology,AI Brain Drain,,
ai-brain-drain-from-academia,AI Brain Drain from Academia,technology,AI Brain Drain from Academia,,
ai-breakthroughs-in-mathematics,AI Breakthroughs in Mathematics,technology,AI Breakthroughs in Mathematics,,
ai-breathes-life-into-legacy-systems,AI Breathes Life Into Legacy Systems,technology,AI Breathes Life Into Legacy Systems;AI Breathes life into Legacy Systems,,
ai-chatbots-and-virtual-entities-as-companions,AI chatbots and virtual entities as companions,other,AI chatbots and virtual entities as companions,,
ai-chatbots-in-healthcare,AI chatbots in healthcare,other,AI chatbots in healthcare,,
ai-chips,AI chips,technology,AI Chips;AI chips,deep-neural-network-asics;edge-ai-chips;machine-learning-chips,
ai-chipsets,AI Chipsets,technology,AI Chipsets,,
ai-claims-processing,AI Claims Processing,technology,AI Claims Processing,,
ai-companions,AI companions,technology,AI companions,,
ai-compute-cost,AI compute cost,quantity,AI compute cost,,
ai-consumer-revenue,AI consumer revenue,quantity,AI consumer revenue,,
ai-copilots-for-white-collar-work,AI copilots for white-collar work,technology,AI copilots for white-collar work,,
ai-created-new-materials,AI-Created New Materials,technology,AI-Created New Materials,,
ai-creative-tools,AI creative tools,technology,AI creative tools,,
ai-credit-counseling,AI credit counseling,technology,AI credit counseling,,
ai-data-center-capacity-demand,AI data center capacity demand,technology,AI data center capacity demand,,
ai-data-center-electricity-use,AI data center electricity use,technology,AI data center electricity use,,
ai-democratizes-music-production,AI Democratizes Music Production,technology,AI Democratizes Music Production,,
ai-designed-proteins-transform-medicine,AI-Designed Proteins Transform Medicine,technology,AI-Designed Proteins Transform Medicine,,
ai-designer-self-regulation,AI designer self-regulation,technology,AI designer self-regulation,,
ai-diplomacy,AI Diplomacy,technology,AI Diplomacy,,
ai-discovered-molecules,AI-discovered molecules,technology,AI-discovered molecules,,
ai-driven-chip-design,AI-Driven Chip Design,technology,AI-Driven Chip Design,,
ai-driven-experimentation,AI-Driven Experimentation,technology,AI-Driven Experimentation,,
ai-driven-genome-annotation-improves-insights,AI-Driven Genome Annotation Improves Insights,technology,AI-Driven Genome Annotation Improves Insights,,
ai-driven-hypotheses,AI-Driven Hypotheses,technology,AI-Driven Hypotheses,,
ai-driven-innovation,AI-Driven Innovation,technology,AI-Driven Innovation,,
ai-driven-molecular-modeling,AI-Driven Molecular Modeling,technology,AI-Driven Molecular Modeling,,
ai-driven-robotics-market,AI-driven robotics market,technology,AI-driven robotics market,,
ai-driven-social-simulation-games,AI-driven social simulation games,technology,AI-driven social simulation games,,
ai-driven-spatial-biology-advances-precision-medicine,AI-Driven Spatial Biology Advances Precision Medicine,technology,AI-Driven Spatial Biology Advances Precision Medicine,,
ai-eats-its-users,AI eats its users,risk,AI eats its users,,
ai-economics-models,AI economics models,technology,AI economics models,,
ai-education-surge,AI Education Surge,technology,AI Education Surge,,
ai-embedded-pcs,AI embedded PCs,technology,AI embedded PCs,,
ai-empowered-people,AI-Empowered People,technology,AI-Empowered People,,
ai-enabled-circular-consumption,AI-enabled circular consumption,other,AI-enabled circular consumption,,
ai-enabled-control-platforms,AI-enabled control platforms,technology,AI-enabled control platforms,,
ai-enabled-interfaces,AI-enabled interfaces,technology,AI-enabled interfaces,,
ai-energy-consumption,AI energy consumption,technology,AI energy consumption,,
ai-enhanced-virtual-care,AI-enhanced virtual care,technology,AI-enhanced virtual care,,
ai-ethics-in-biomedicine-becomes-a-priority,AI Ethics in Biomedicine Becomes a Priority,technology,AI Ethics in Biomedicine Becomes a Priority,,
ai-face-recognition-and-missing-people,AI face recognition and missing people,technology,AI face recognition and missing people,,
ai-first-drug-development,AI-First Drug Development,technology,AI-First Drug Development,,
ai-first-drug-discovery,AI-First Drug Discovery,technology,AI-First Drug Discovery,,
ai-first-games,AI-first games,technology,AI-first games,,
ai-for-code-research,AI for Code Research,technology,AI for Code Research,,
ai-for-everybody,AI for Everybody,technology,AI for Everybody,,
ai-for-everything,AI for everything,technology,AI for everything,,
ai-for-incident-detection,AI for incident detection,technology,AI for incident detection,,
ai-for-it-operations,AI for IT operations,technology,AI for IT operations,,
ai-for-mental-health,AI for Mental Health,technology,AI for Mental Health,,
ai-for-protein-folding,AI for protein folding,technology,AI for protein folding,,
ai-for-research,AI for research,technology,AI for research,,
ai-for-scientific-discovery-and-engineering,AI for scientific discovery and engineering,technology,AI for scientific discovery and engineering,,
ai-for-the-creative-process,AI For the Creative Process,technology,A.I. for the Creative Process;AI For the Creative Process,,
ai-free-skills-assessments,AI-free skills assessments,technology,AI-free skills assessments,,
ai-generated-fine-art,AI Generated Fine Art,technology,AI Generated Fine Art;AI-Generated Fine Art,,
ai-generated-misinformation-and-disinformation,AI-generated misinformation and disinformation,risk,AI-generated misinformation and disinformation,misinformation-and-disinformation,
ai-generated-proteins,AI-Generated Proteins,technology,AI-Generated Proteins,,
ai-generated-voice-acting,AI Generated Voice Acting,technology,AI Generated Voice Acting;AI-Generated Voice Acting,,
ai-generators-and-copyright-infringement,AI Generators and Copyright Infringement,technology,AI Generators and Copyright Infringement,,
ai-governance-policies,AI governance policies,technology,AI governance policies,,
ai-hardware-ai-chips-ai-pcs-edge-devices-data-centers,"AI hardware (AI chips, AI PCs, edge devices, data centers)",technology,"AI hardware (AI chips, AI PCs, edge devices, data centers)",,
ai-hardware-revenue,AI hardware revenue,quantity,AI hardware revenue,,
ai-hiding-its-own-data,AI Hiding Its Own Data,technology,AI Hiding Its Own Data,,
ai-human-collaboration-metrics,AI-human collaboration metrics,technology,AI-human collaboration metrics,,
ai-improves-patient-outcomes,AI Improves Patient Outcomes,technology,AI Improves Patient Outcomes,,
ai-in-board-governance,AI in board governance,technology,AI in board governance,,
ai-in-chip-design,AI in chip design,technology,AI in chip design,,
ai-in-core-enterprise-systems-erp,AI in core enterprise systems (ERP),technology,AI in core enterprise systems (ERP),,
ai-in-cyber-defense,AI in Cyber Defense,technology,AI in Cyber Defense,,
ai-in-cybersecurity,AI in cybersecurity,technology,AI in cybersecurity,,
ai-in-diagnostics,AI in diagnostics,quantity,AI in diagnostics,,
ai-in-enterprise-apps,AI in enterprise apps,technology,AI in enterprise apps,,
ai-in-healthcare-and-life-sciences,AI in healthcare and life sciences,technology,AI in healthcare and life sciences,,
ai-in-hiring,AI in Hiring,technology,AI in Hiring,,
ai-in-mathematics,AI in Mathematics,technology,AI in Mathematics,,
ai-in-underwriting,AI in Underwriting,technology,AI in Underwriting,,
ai-in-wind-farms,AI in Wind Farms,technology,AI in Wind Farms,,
ai-inference-at-scale,AI inference at scale,technology,AI inference at scale,,
ai-inference-compute,AI inference compute,technology,AI inference compute,,
ai-inference-cost,AI inference cost,quantity,AI inference cost,,
ai-infrastructure,AI Infrastructure,technology,AI Infrastructure,,
ai-infrastructure-and-inference-compute,AI infrastructure and inference compute,technology,AI infrastructure and inference compute,,
ai-infrastructure-and-model-architectures,AI infrastructure and model architectures,technology,AI infrastructure and model architectures,,
ai-infrastructure-spending,AI infrastructure spending,quantity,AI infrastructure spending,,
ai-integrated-it-products,AI-integrated IT products,technology,AI-integrated IT products,,
ai-integration-in-web3,AI Integration in Web3,technology,AI Integration in Web3,,
ai-intentionally-hiding-data,AI Intentionally Hiding Data,technology,AI Intentionally Hiding Data,,
ai-interpretability,AI interpretability,technology,AI interpretability,,
ai-liability,AI Liability,technology,AI Liability,,
ai-lowers-the-barrier-to-misinformation,AI Lowers the Barrier to Misinformation,technology,AI Lowers the Barrier to Misinformation,,
ai-market-value,AI market value,quantity,AI market value,,
ai-marketplaces,AI Marketplaces,technology,AI Marketplaces,,
ai-models-llms-small-language-models-agentic-ai,"AI models (LLMs, small language models, agentic AI)",technology,"AI models (LLMs, small language models, agentic AI)",,
ai-monitoring-of-employee-sentiment,AI monitoring of employee sentiment,technology,AI monitoring of employee sentiment,,
ai-nationalism,AI Nationalism,technology,AI Nationalism,,
ai-native-animation-and-storytelling,AI-native animation and storytelling,technology,AI-native animation and storytelling,,
ai-native-application-layer,AI-native application layer,technology,AI-native application layer,,
ai-native-b2b-workflow-products,AI-native B2B workflow products,technology,AI-native B2B workflow products,,
ai-native-core-systems-in-banking-and-insurance,AI-native core systems in banking and insurance,technology,AI-native core systems in banking and insurance,,
ai-native-data-stack,AI-native data stack,technology,AI-native data stack,,
ai-native-education,AI Native Education,technology,AI Native Education,,
ai-native-games,AI-native games,technology,AI-native games,,
ai-native-industrial-base,AI-native industrial base,technology,AI-native industrial base,,
ai-native-technology-organization,AI-native technology organization,technology,AI-native technology organization,,
ai-native-ui-and-ux,AI-native UI and UX,technology,AI-native UI and UX,,
ai-native-universities,AI-native universities,technology,AI-native universities,,
ai-net-job-creation,AI net job creation,technology,AI net job creation,,
ai-nuclear-renaissance,AI Nuclear Renaissance,technology,AI Nuclear Renaissance,,
ai-on-the-mainframe,AI on the Mainframe,technology,AI on the Mainframe,,
ai-onboarding-and-integration,AI Onboarding and Integration,technology,AI Onboarding and Integration,,
ai-optimization,AI Optimization,technology,AI Optimization,,
ai-paas,AI PaaS,technology,AI PaaS,,
ai-personalization-of-products,AI personalization of products,technology,AI personalization of products,,
ai-personas-in-employment-contracts,AI personas in employment contracts,technology,AI personas in employment contracts,,
ai-persuasion,AI Persuasion,technology,AI Persuasion,,
ai-powered-analysis-and-interpretation,AI-Powered Analysis and Interpretation,technology,AI-Powered Analysis and Interpretation,,
ai-powered-automated-hacking,AI-Powered Automated Hacking,technology,AI-Powered Automated Hacking,,
ai-powered-crm,AI-powered CRM,technology,AI-powered CRM,,
ai-powered-cx,AI-Powered CX,technology,AI-Powered CX,,
ai-powered-fire-prevention,AI Powered Fire Prevention,technology,AI Powered Fire Prevention,,
ai-powered-insuretech,AI-Powered InsureTech,technology,AI-Powered InsureTech,,
ai-powered-molecular-simulations-accelerate-r-and-d,AI-Powered Molecular Simulations Accelerate R&D,technology,AI-Powered Molecular Simulations Accelerate R&D,,
ai-powered-movement,AI-powered movement,technology,AI-powered movement,,
ai-powered-robotic-training,AI-Powered Robotic Training,technology,AI-Powered Robotic Training,,
ai-powered-vertical-service-roll-ups,AI-powered vertical service roll-ups,technology,AI-powered vertical service roll-ups,,
ai-productivity,AI productivity,quantity,AI Productivity;AI productivity,,
ai-productivity-as-economic-indicator,AI productivity as economic indicator,technology,AI productivity as economic indicator,,
ai-proficiency-testing-in-hiring,AI proficiency testing in hiring,technology,AI proficiency testing in hiring,,
ai-project-delivery,AI project delivery,technology,AI project delivery,,
ai-ran,AI-RAN,technology,AI-RAN,,
ai-reasoning,AI Reasoning,technology,AI Reasoning,,
ai-regulation,AI regulation,technology,AI regulation,,
ai-replicants-of-people,AI replicants of people,technology,AI replicants of people,,
ai-reshapes-drug-discovery-and-development,AI Reshapes Drug Discovery and Development,technology,AI Reshapes Drug Discovery and Development,,
ai-s-two-speed-economy,AI’s Two Speed Economy,technology,AI’s Two Speed Economy,,
ai-safety-legal-claims-death-by-ai,AI safety legal claims (death by AI),technology,AI safety legal claims (death by AI),,
ai-sales-automation,AI sales automation,technology,AI sales automation,,
ai-scalability,AI Scalability,technology,AI Scalability,,
ai-search,AI search,quantity,AI search,,
ai-search-versus-google-search,AI search versus Google search,technology,AI search versus Google search,,
ai-security-and-ai-for-cyber-defense,AI security and AI for cyber defense,technology,AI security and AI for cyber defense,,
ai-share-of-data-center-demand,AI share of data center demand,technology,AI share of data center demand,,
ai-share-of-it-spend,AI share of IT spend,technology,AI share of IT spend,,
ai-shifts-search,AI Shifts Search,technology,AI Shifts Search,,
ai-shopping-agents,AI shopping agents,quantity,AI shopping agents,,
ai-simulation,AI Simulation,technology,AI Simulation,,
ai-skills-training,AI skills training,other,AI skills training,,
ai-software-development-market,AI software development market,technology,AI software development market,,
ai-software-spending,AI software spending,quantity,AI software spending,,
ai-space-robots,AI Space Robots,technology,AI Space Robots,,
ai-speeds-scientific-discovery,AI Speeds Scientific Discovery,technology,AI Speeds Scientific Discovery,,
ai-spoofing,AI Spoofing,technology,AI Spoofing,,
ai-staffing-in-healthcare,AI staffing in healthcare,technology,AI staffing in healthcare,,
ai-start-up-acquisitions,AI start-up acquisitions,technology,AI start-up acquisitions,,
ai-startup-defensibility,AI startup defensibility,technology,AI startup defensibility,,
ai-startups-as-customers-of-ai-startups,AI startups as customers of AI startups,technology,AI startups as customers of AI startups,,
ai-stuck-in-experimentation,AI stuck in experimentation,technology,AI stuck in experimentation,,
ai-summarizing-itself,AI Summarizing Itself,technology,AI Summarizing Itself,,
ai-supercomputing,AI Supercomputing,technology,AI Supercomputing,,
ai-systems-of-action-for-workers,AI systems of action for workers,technology,AI systems of action for workers,,
ai-that-makes-images,AI that makes images,technology,AI that makes images,generative-ai,
ai-therapists,AI therapists,technology,AI therapists,,
ai-to-ai-communication,AI-to-AI Communication,technology,AI-to-AI Communication,,
ai-to-guide-air-strikes,AI to Guide Air Strikes,technology,AI to Guide Air Strikes,,
ai-to-improve-patient-outcomes,AI to Improve Patient Outcomes,technology,AI to Improve Patient Outcomes,,
ai-to-speed-up-new-materials-development,AI to Speed Up New Materials Development,technology,AI to Speed Up New Materials Development,,
ai-to-speed-up-scientific-discovery,AI to Speed Up Scientific Discovery,technology,AI to Speed Up Scientific Discovery,,
ai-tools-for-children-s-education,AI tools for children's education,technology,AI tools for children's education,,
ai-training-cost,AI training cost,quantity,AI training cost,,
ai-trism,AI TRiSM,technology,AI TRiSM,,
ai-unbound,AI unbound,risk,AI unbound,,
ai-universities,AI Universities,technology,AI Universities,,
ai-upskilling,AI Upskilling,technology,AI Upskilling,,
ai-used-to-guide-military-strikes,AI Used to Guide Military Strikes,technology,AI Used to Guide Military Strikes,,
ai-voice-agents-for-business,AI voice agents for business,technology,AI voice agents for business,,
ai-voice-generators,AI Voice Generators,technology,AI Voice Generators,,
ai-waste-sorting-robots,AI Waste-Sorting Robots,technology,AI Waste-Sorting Robots,,
ai-wearables-and-ai-native-devices,AI wearables and AI-native devices,technology,AI wearables and AI-native devices,,
ai-wind-farms,AI Wind Farms,technology,AI Wind Farms,,
air,Air,technology,Air,,
air-and-soil-sensors,Air & soil sensors,technology,Air & soil sensors,,
air-lanes,Air Lanes,technology,Air Lanes,,
air-lanes-for-drones,Air Lanes for Drones,technology,Air Lanes for Drones,,
airborne-networks,Airborne Networks,technology,Airborne Networks,,
airborne-wind-energy,Airborne Wind Energy,technology,Airborne Wind Energy,,
ais-persuade-humans,AIs Persuade Humans,technology,AIs Persuade Humans,,
ajax,Ajax,technology,Ajax,,
al-qaeda-2-0,Al Qaeda 2.0,risk,Al Qaeda 2.0,,
algae-grown-limestone,Algae-Grown Limestone,technology,Algae-Grown Limestone,,
algo-generated-lessons,Algo-generated lessons,technology,Algo-generated lessons,,
algorithm-conceived-business,Algorithm-conceived business,technology,Algorithm-conceived business,,
algorithm-ethics-and-oversight,Algorithm Ethics and Oversight,technology,Algorithm Ethics and Oversight,,
algorithm-marketplaces,Algorithm Marketplaces,technology,Algorithm Marketplaces,,
algorithmic-curation,Algorithmic Curation,technology,Algorithmic Curation,,
algorithmic-design,Algorithmic Design,technology,Algorithmic Design,,
algorithmic-determinism,Algorithmic Determinism,technology,Algorithmic Determinism,,
algorithmic-discrimination,Algorithmic Discrimination,technology,Algorithmic Discrimination,,
algorithmic-fact-checking,Algorithmic Fact Checking,technology,Algorithmic Fact Checking;Algorithmic Fact-Checking,,
algorithmic-influence-on-workers,Algorithmic influence on workers,technology,Algorithmic influence on workers,,
algorithmic-personality-detection,Algorithmic Personality Detection,technology,Algorithmic Personality Detection,,
algorithmic-purchasers,Algorithmic Purchasers,technology,Algorithmic Purchasers,,
algorithmic-warfare,Algorithmic Warfare,technology,Algorithmic Warfare,,
algorithmic-warfighting,Algorithmic Warfighting,technology,Algorithmic Warfighting,,
algorithms,Algorithms,technology,Algorithms,,
algorithms-and-society,algorithms and society,other,algorithms and society,,
algorithms-designed-to-target-vulnerable-populations,Algorithms Designed to Target Vulnerable Populations,technology,Algorithms Designed to Target Vulnerable Populations,,
algorithms-for-design,Algorithms for Design,technology,Algorithms for Design,,
algorithms-targeting-vulnerable-populations,Algorithms Targeting Vulnerable Populations,technology,Algorithms Targeting Vulnerable Populations,,
all-media-is-digital-with-global-support,All media is digital with global support,technology,All media is digital with global support,,
all-media-on-demand,All media on demand,technology,All media on demand,,
all-students-have-a-computer-of-their-own,All students have a computer of their own,technology,All students have a computer of their own,,
all-students-use-computation,All students use computation,technology,All students use computation,,
altered-states,Altered States,technology,Altered States,,
alternative-credit-scoring,Alternative Credit Scoring,technology,Alternative Credit Scoring,,
alternative-energy-for-data-center,Alternative Energy for Data Center,technology,Alternative Energy for Data Center,,
alternative-fuel-supply,Alternative Fuel Supply,technology,Alternative Fuel Supply,,
alternative-funding-mechanisms,Alternative Funding Mechanisms,technology,Alternative Funding Mechanisms,,
alternative-inventory-sources-for-sellers,Alternative inventory sources for sellers,technology,Alternative inventory sources for sellers,,
alternative-leagues-and-associations,Alternative Leagues and Associations,technology,Alternative Leagues and Associations,,
alternative-materials,Alternative Materials,technology,Alternative Materials,,
always-online,Always online,technology,Always online,,
amazon-s-health-care-ambitions,Amazon’s Health Care Ambitions,technology,Amazon’s Health Care Ambitions,,
ambient-and-glanceable-displays,Ambient and Glanceable Displays,technology,Ambient and Glanceable Displays,,
ambient-computing,Ambient computing,technology,Ambient computing,,
ambient-computing-expands,Ambient Computing Expands,technology,Ambient Computing Expands,,
ambient-computing-ubiquitous-interfaces,Ambient computing (ubiquitous interfaces),technology,Ambient computing (ubiquitous interfaces),,
ambient-interfaces,Ambient Interfaces,technology,Ambient Interfaces,,
ambient-proximity,Ambient Proximity,technology,Ambient Proximity,,
ambient-surveillance,Ambient Surveillance,technology,Ambient Surveillance,,
ambient-tracking,Ambient Tracking,technology,Ambient Tracking,,
america-s-troubled-alliances,America’s troubled alliances,risk,America’s troubled alliances,,
amping-up-diffusion-models,Amping Up Diffusion Models,technology,Amping Up Diffusion Models,,
amusement-parks-for-niche-interests,Amusement Parks for Niche Interests,technology,Amusement Parks for Niche Interests,,
an-ecg-on-your-wrist,An ECG on your wrist,technology,An ECG on your wrist,,
analog-fallbacks,Analog Fallbacks,technology,Analog Fallbacks,,
analytics-driven-software-design,Analytics-driven software design,technology,Analytics-driven software design,,
analytics-of-unstructured-dark-data,Analytics of unstructured (dark) data,technology,Analytics of unstructured (dark) data,,
ancient-arctic-viruses-could-awaken-as-permafrost-melts,Ancient Arctic Viruses Could Awaken as Permafrost Melts,technology,Ancient Arctic Viruses Could Awaken as Permafrost Melts,,
ancient-dna-analysis,Ancient DNA analysis,technology,Ancient DNA analysis,,
ancient-dna-reveals-hidden-chapters-of-human-history,Ancient DNA Reveals Hidden Chapters of Human History,technology,Ancient DNA Reveals Hidden Chapters of Human History,,
anecdotal-observations-now-usable-marketing-data,"Anecdotal Observations, Now Usable Marketing Data",technology,"Anecdotal Observations, Now Usable Marketing Data",,
animal-decoding,Animal Decoding,technology,Animal Decoding,,
animal-human-hybrids-promise-organ-solutions,Animal-Human Hybrids Promise Organ Solutions,technology,Animal-Human Hybrids Promise Organ Solutions,,
animals,Animals,technology,Animals,,
animals-emerge-as-surprise-allies-in-carbon-capture-quest,Animals Emerge as Surprise Allies in Carbon Capture Quest,technology,Animals Emerge as Surprise Allies in Carbon Capture Quest,,
anime-games,Anime games,technology,Anime games,,
annotated-reality-glasses,Annotated-reality glasses,technology,Annotated-reality glasses,,
anomaly-detection-in-medical-imaging,Anomaly Detection in Medical Imaging,technology,Anomaly Detection in Medical Imaging,,
anonymity,Anonymity,technology,Anonymity,,
anonymity-and-bias-free-services,Anonymity and bias-free services,other,Anonymity and bias-free services,,
anonymous-by-design,Anonymous By Design,technology,Anonymous By Design,,
antenna-terrestrial-tv,Antenna (terrestrial) TV,technology,Antenna (terrestrial) TV,,
anthropocene,Anthropocene,technology,Anthropocene,,
anthropocene-age,Anthropocene Age,technology,Anthropocene Age,,
anthropocene-and-climate,Anthropocene and Climate,technology,Anthropocene and Climate,,
anti-aging-drugs,Anti-aging drugs,technology,Anti-aging drugs;Reversal of aging,,
anti-aging-science-moves-beyond-wrinkles-to-cell-repair,Anti-Aging Science Moves Beyond Wrinkles to Cell Repair,technology,Anti-Aging Science Moves Beyond Wrinkles to Cell Repair,,
anti-aging-stem-cell-treatments,Anti-aging stem-cell treatments,technology,Anti-aging stem-cell treatments,,
anti-overconsumption-and-mindful-shopping,Anti-overconsumption and mindful shopping,other,Anti-overconsumption and mindful shopping,,
anti-technology-refuseniks-and-violence,anti-technology refuseniks and violence,other,anti-technology refuseniks and violence,,
anti-trust-lawsuits,Anti-Trust Lawsuits,technology,Anti-Trust Lawsuits,,
anticipatory-computing,Anticipatory Computing,technology,Anticipatory Computing,,
antitrust,Antitrust,technology,Antitrust,,
antitrust-action,Antitrust Action,technology,Antitrust Action,,
antitrust-laws,Antitrust Laws,technology,Antitrust Laws,,
antitrust-probes-and-lawsuits,Antitrust Probes and Lawsuits,technology,Antitrust Probes and Lawsuits,,
api-access-to-back-offices,API Access to Back Offices,technology,API Access to Back Offices,,
api-centric-saas,API-Centric SaaS,technology,API-Centric SaaS,,
api-protection,API Protection,technology,API Protection,,
apis-and-the-api-economy,APIs and the API economy,technology,APIs and the API economy,,
app-driven-diagnostics,App-driven diagnostics,technology,App-driven diagnostics,,
apple-computer-market-share,Apple computer market share,technology,Apple computer market share,,
apple-mixed-reality-headset-launch,Apple mixed-reality headset launch,other,Apple mixed-reality headset launch,,
apple-pay,Apple Pay,technology,Apple Pay,mobile-payment,
apple-vision-pro,Apple Vision Pro,technology,Apple Vision Pro,,
appliance-robots,Appliance robots,technology,Appliance robots,,
application-management-services,Application management services,technology,Application management services,,
application-sharing,Application Sharing,technology,Application Sharing,,
application-specific-semiconductors,Application-specific semiconductors,technology,Application-specific semiconductors,,
application-stores,Application Stores,technology,Application Stores,,
applied-ai,Applied AI,technology,Applied AI,,
applied-ai-for-hr,Applied AI for HR,technology,Applied AI for HR,,
applied-gaming,Applied Gaming,technology,Applied Gaming,,
apps-shaping-the-remote-workspace,Apps Shaping the Remote Workspace,technology,Apps Shaping the Remote Workspace,,
apps-shaping-the-virtual-workspace,Apps Shaping the Virtual Workspace,technology,Apps Shaping the Virtual Workspace,,
apps-versus-the-open-web,apps versus the open web,other,apps versus the open web,,
ar-and-vr-market,AR and VR market,quantity,AR and VR market,augmented-reality;virtual-reality,
ar-as-a-tool-to-enhance-print,AR as a Tool to Enhance Print,technology,AR as a Tool to Enhance Print,,
ar-cloud,AR Cloud,technology,AR Cloud,augmented-reality,
ar-face-filters-to-protect-individual-s-identity,AR Face Filters to Protect Individual’s identity,technology,AR Face Filters to Protect Individual’s identity,,
ar-for-the-enterprise,AR for the Enterprise,technology,AR for the Enterprise,,
ar-in-location-based-entertainment,AR in Location-Based Entertainment,technology,AR in Location-Based Entertainment,,
ar-lenses-and-filters,AR Lenses and Filters,technology,AR Lenses and Filters,,
ar-surgery-assistance,AR surgery assistance,technology,AR surgery assistance,,
ar-voice-and-biometric-interfaces,"AR, voice and biometric interfaces",technology,"AR, voice and biometric interfaces",,
ar-vr-headset-market,AR/VR headset market,technology,AR/VR headset market,,
ar-vr-therapeutics,AR/VR Therapeutics,technology,AR/VR Therapeutics,,
arab-summer,Arab summer,risk,Arab summer,,
architectural-framework,Architectural framework,technology,Architectural framework,,
arcologies,Arcologies,technology,Arcologies,,
arm-based-pc-chips,ARM-based PC Chips,technology,ARM-based PC Chips,,
armed-conflicts-are-rare,Armed conflicts are rare,technology,Armed conflicts are rare,,
arrested-global-development,Arrested global development,risk,Arrested global development,,
art-platforms-built-to-improve-mental-health,Art Platforms Built to Improve Mental Health,technology,Art Platforms Built to Improve Mental Health,,
article-50-notification,Article 50 notification,other,Article 50 notification,,
artificial-cells,Artificial Cells,technology,Artificial Cells,,
artificial-embryos,Artificial Embryos,technology,Artificial Embryos,,
artificial-emotional-intelligence,Artificial Emotional Intelligence,technology,Artificial Emotional Intelligence,,
artificial-general-intelligence,Artificial General Intelligence,technology,Artificial General Intelligence;Artificial general intelligence,general-purpose-machine-intelligence,
artificial-general-purpose-cells,Artificial general-purpose cells,technology,Artificial general-purpose cells,,
artificial-human-genomes,Artificial Human Genomes,technology,Artificial Human Genomes,,
artificial-intelligence,Artificial Intelligence,technology,Artificial Intelligence;Artificial intelligence,,
artificial-intelligence-for-news,Artificial Intelligence for News,technology,Artificial Intelligence For News;Artificial Intelligence for News,,
artificial-intelligence-in-hiring,Artificial Intelligence in Hiring,technology,Artificial Intelligence in Hiring,,
artificial-intelligence-in-the-enterprise,Artificial intelligence in the enterprise,technology,Artificial intelligence in the enterprise,,
artificial-limbs,Artificial limbs,technology,Artificial limbs,hybrid-assisted-limbs,
artificial-minimal-cells,Artificial Minimal Cells,technology,Artificial Minimal Cells,,
artificial-muscles,Artificial muscles,technology,Artificial muscles,,
artificial-nervous-systems,Artificial Nervous Systems,technology,Artificial Nervous Systems,,
artificial-photosynthesis,Artificial photosynthesis,technology,Artificial photosynthesis,,
artificial-rainstorms,Artificial Rainstorms,technology,Artificial Rainstorms,,
artificial-retinas,Artificial retinas,technology,Artificial retinas,,
artificial-trees,Artificial Trees,technology,Artificial Trees,,
artificial-vascular-system,Artificial vascular system,technology,Artificial vascular system,,
as-a-service-adoption-barriers,As-a-service adoption barriers,technology,As-a-service adoption barriers,,
as-a-service-bundles,As-a-service bundles,technology,As-a-service bundles,,
as-a-service-spending-shift,As-a-service spending shift,technology,As-a-service spending shift,,
asia-economy,Asia economy,other,Asia economy,,
asia-geopolitics,Asia geopolitics,risk,Asia geopolitics,,
asia-nationalism,Asia Nationalism,risk,Asia Nationalism,,
asia-pacific-it-service-providers,Asia/Pacific IT service providers,technology,Asia/Pacific IT service providers,,
asian-companies-in-western-it-hiring,Asian companies in Western IT hiring,technology,Asian companies in Western IT hiring,,
asics-application-specific-integrated-circuits,ASICs (Application-Specific Integrated Circuits),technology,ASICs (Application-Specific Integrated Circuits),,
asking-tech-companies-to-help-fight-terrorism,Asking Tech Companies To Help Fight Terrorism,technology,Asking Tech Companies To Help Fight Terrorism,,
asps,ASPs,technology,ASPs,,
assembloids,Assembloids,technology,Assembloids,,
assessment-algorithms,Assessment algorithms,technology,Assessment algorithms,,
asset-bubble-burst,Asset bubble burst,risk,Asset bubble burst,,
asset-intelligence-connected-sensors-auto-id,"Asset intelligence (connected sensors, auto-ID)",technology,"Asset intelligence (connected sensors, auto-ID)",,
asset-price-collapse,Asset price collapse,risk,Asset price collapse;Blow up in asset prices,,
asset-tokenization,Asset Tokenization,technology,Asset Tokenization,,
assistant-personalities,Assistant personalities,technology,Assistant personalities,,
assistant-to-agent-transactions,Assistant-to-agent transactions,technology,Assistant-to-agent transactions,,
assisted-creativity,Assisted Creativity,technology,Assisted Creativity,,
assisted-driving-before-full-automation,Assisted Driving Before Full Automation,technology,Assisted Driving Before Full Automation,,
assistive-amusement-park-robots,Assistive Amusement Park Robots,technology,Assistive Amusement Park Robots,,
assistive-exoskeletons,Assistive Exoskeletons,technology,Assistive Exoskeletons,,
asteroid-mining-for-resources,Asteroid Mining For Resources,technology,Asteroid Mining For Resources;Asteroid Mining for Resources,,
at-home-medical-laboratory-tests,At-Home Medical Laboratory Tests,technology,At-Home Medical Laboratory Tests,,
at-home-sensors,At-home sensors,technology,At-home sensors,,
athletes-as-brands,Athletes as Brands,technology,Athletes as Brands,,
atmospheric-climate-engineering,Atmospheric Climate Engineering,technology,Atmospheric Climate Engineering,,
atmospheric-co2-concentration,atmospheric CO2 concentration,quantity,atmospheric CO2 concentration,,
atomic-magnetometers,Atomic Magnetometers,technology,Atomic Magnetometers,,
attack-on-network-infrastructure-or-power-grid,attack on network infrastructure or power grid,other,attack on network infrastructure or power grid,,
attacking-underwater-it-infrastructure,Attacking Underwater IT Infrastructure,technology,Attacking Underwater IT Infrastructure,,
attention,Attention,technology,Attention,,
attention-metrics,Attention Metrics,technology,Attention Metrics,,
attention-tracking,Attention tracking,technology,Attention tracking,,
audio-entertainment,Audio entertainment,technology,Audio entertainment,,
audio-mining-speech-analytics,Audio Mining/Speech Analytics,technology,Audio Mining;Audio Mining/Speech Analytics,,
audiobooks-and-podcasts,Audiobooks and podcasts,technology,Audiobooks and podcasts,,
audited-green-credentials-for-suppliers,Audited green credentials for suppliers,technology,Audited green credentials for suppliers,,
auditory-lenses,Auditory lenses,technology,Auditory lenses,,
auditory-vision-substitution,Auditory vision substitution,technology,Auditory vision substitution,,
augmentation-vs-automation-returns,Augmentation vs automation returns,technology,Augmentation vs automation returns,,
augmented-and-automated-processes,Augmented & Automated Processes,technology,Augmented & Automated Processes,,
augmented-and-virtual-reality-in-the-enterprise,Augmented and virtual reality in the enterprise,technology,Augmented and virtual reality in the enterprise,,
augmented-connected-workforce,Augmented Connected Workforce,technology,Augmented Connected Workforce,,
augmented-construction,Augmented Construction,technology,Augmented Construction,,
augmented-data-discovery,Augmented Data Discovery,technology,Augmented Data Discovery,,
augmented-experiences,Augmented Experiences,technology,Augmented Experiences,,
augmented-experiences-at-home,Augmented Experiences at Home,technology,Augmented Experiences at Home,,
augmented-finops,Augmented FinOps,technology,Augmented FinOps,,
augmented-game-management,Augmented Game Management,technology,Augmented Game Management,,
augmented-hearing,Augmented hearing,technology,Augmented hearing,,
augmented-intelligence,Augmented Intelligence,technology,Augmented Intelligence,,
augmented-intelligence-ai-and-advanced-analytics,Augmented intelligence (AI and advanced analytics),technology,Augmented intelligence (AI and advanced analytics),,
augmented-knowledge,Augmented Knowledge,technology,Augmented Knowledge,,
augmented-olfaction,Augmented olfaction,technology,Augmented olfaction,,
augmented-reality,Augmented reality,technology,AR;Augmented Reality;Augmented reality,ar-and-vr-market;ar-cloud;augmented-reality-shopping;mixed-reality,
augmented-reality-and-virtual-worlds,augmented reality and virtual worlds,other,augmented reality and virtual worlds,,
augmented-reality-glasses,Augmented Reality Glasses,technology,Augmented Reality Glasses,,
augmented-reality-shopping,Augmented reality shopping,technology,Augmented reality shopping,augmented-reality,
augmented-training-analytics,Augmented Training Analytics,technology,Augmented Training Analytics,,
australia-uninterrupted-growth,Australia uninterrupted growth,other,Australia uninterrupted growth,,
authenticated-provenance,Authenticated Provenance,technology,Authenticated Provenance,,
authentication-and-trust-in-cybersecurity,Authentication and trust in cybersecurity,technology,Authentication and trust in cybersecurity,,
authenticity,Authenticity,technology,Authenticity,,
auto-complete-for-everything,Auto-Complete for Everything,technology,Auto-Complete for Everything,,
auto-insurance-premiums,Auto insurance premiums,quantity,Auto insurance premiums,,
automaker-restructuring,Automaker Restructuring,technology,Automaker Restructuring,,
automated-algorithm-led-shopping,"Automated, algorithm-led shopping",other,"Automated, algorithm-led shopping",,
automated-assist-in-cars,Automated assist in cars,technology,Automated assist in cars,,
automated-attacks-using-ai,Automated Attacks Using AI,technology,Automated Attacks Using AI,,
automated-content-production,Automated Content Production,technology,Automated Content Production,,
automated-credit-risk-modeling,Automated Credit Risk Modeling,technology,Automated Credit Risk Modeling,,
automated-data-centers,Automated Data Centers,technology,Automated Data Centers,,
automated-design,Automated Design,technology,Automated Design,,
automated-driving-on-highways,Automated driving on highways,technology,Automated driving on highways,,
automated-driving-systems-on-nearly-all-roads,Automated driving systems on nearly all roads,technology,Automated driving systems on nearly all roads,,
automated-hacking,Automated Hacking,technology,Automated Hacking,,
automated-machine-learning-automl,Automated Machine Learning (AutoML),technology,Automated Machine Learning (AutoML),,
automated-medical-transcription,Automated Medical Transcription,technology,Automated Medical Transcription,,
automated-personalities-not-equal-to-humans,Automated personalities not equal to humans,technology,Automated personalities not equal to humans,,
automated-personalities-superior-in-some-ways,Automated personalities superior in some ways,technology,Automated personalities superior in some ways,,
automated-production-customer-as-first-human-touch,Automated production (customer as first human touch),technology,Automated production (customer as first human touch),,
automated-regulatory-compliance-and-esg,Automated regulatory compliance and ESG,technology,Automated regulatory compliance and ESG,,
automated-reinforcement-learning,Automated Reinforcement Learning,technology,Automated Reinforcement Learning,,
automated-target-recognition,Automated Target Recognition,technology,Automated Target Recognition,,
automated-target-recognition-and-ai-guided-strikes,Automated Target Recognition and AI-Guided Strikes,technology,Automated Target Recognition and AI-Guided Strikes,,
automated-versioning,Automated Versioning,technology,Automated Versioning,,
automatic-ambient-noise-dubbing,Automatic Ambient Noise Dubbing,technology,Automatic Ambient Noise Dubbing,,
automatic-content-recognition,Automatic Content Recognition,technology,Automatic Content Recognition,,
automatic-emergency-braking-and-road-safety,Automatic emergency braking and road safety,technology,Automatic emergency braking and road safety,,
automatic-medical-transcribing,Automatic Medical Transcribing,technology,Automatic Medical Transcribing,,
automatic-voice-cloning-and-dubbing,Automatic Voice Cloning and Dubbing,technology,Automatic Voice Cloning and Dubbing,,
automatic-voice-transcription,Automatic Voice Transcription,technology,Automatic Voice Transcription,,
automating-chemical-synthesis,Automating Chemical Synthesis,technology,Automating Chemical Synthesis,,
automating-content-production,Automating Content Production,technology,Automating Content Production,,
automating-last-mile-delivery,Automating Last Mile Delivery,technology,Automating Last Mile Delivery,,
automating-loyalty,Automating Loyalty,technology,Automating Loyalty,,
automating-offensive-attacks-using-ai,Automating Offensive Attacks Using AI,technology,Automating Offensive Attacks Using AI,,
automating-the-supply-chain,Automating the Supply Chain,technology,Automating the Supply Chain,,
automating-wind-farms,Automating Wind Farms,technology,Automating Wind Farms,,
automation,Automation,technology,Automation,,
automation-and-gdp,Automation and GDP,quantity,Automation and GDP,,
automation-of-it-jobs,Automation of IT jobs,technology,Automation of IT jobs,,
automation-of-it-services-labor,Automation of IT services labor,technology,Automation of IT services labor,,
automation-of-processes,Automation of Processes,technology,Automation of Processes,,
automation-of-work-activities,Automation of work activities,technology,Automation of work activities,,
automotive-computing,Automotive Computing,technology,Automotive Computing,,
automotive-software-market,Automotive software market,technology,Automotive software market,,
autonomic-it-platforms-devops-containers-software-defined-infrastructure,"Autonomic IT platforms (DevOps, containers, software-defined infrastructure)",technology,"Autonomic IT platforms (DevOps, containers, software-defined infrastructure)",,
autonomic-systems,Autonomic Systems,technology,Autonomic Systems,,
autonomous-agents,Autonomous Agents,technology,Autonomous Agents,ai-agents,
autonomous-cobots-for-optimization,Autonomous Cobots for Optimization,technology,Autonomous Cobots for Optimization,,
autonomous-cobots-for-warehousing-and-delivery,Autonomous Cobots for Warehousing and Delivery,technology,Autonomous Cobots for Warehousing and Delivery,,
autonomous-driving-level-4,Autonomous Driving Level 4,technology,Autonomous Driving Level 4,autonomous-vehicles,
autonomous-driving-level-5,Autonomous Driving Level 5,technology,Autonomous Driving Level 5,autonomous-vehicles,
autonomous-driving-revenue,Autonomous-driving revenue,technology,Autonomous-driving revenue,,
autonomous-edge-decision-making-in-defense,Autonomous edge decision-making in defense,technology,Autonomous edge decision-making in defense,,
autonomous-enhancements,Autonomous Enhancements,technology,Autonomous Enhancements,,
autonomous-field-vehicles,Autonomous Field Vehicles,technology,Autonomous Field Vehicles,autonomous-vehicles,
autonomous-last-mile-delivery,Autonomous Last Mile Delivery,technology,Autonomous Last Mile Delivery,,
autonomous-last-mile-logistics,Autonomous Last Mile Logistics,technology,Autonomous Last Mile Logistics,,
autonomous-logistics,Autonomous logistics,technology,Autonomous Logistics;Autonomous logistics,,
autonomous-mobile-robots,Autonomous Mobile Robots,technology,Autonomous Mobile Robots,,
autonomous-mobility-market-value,Autonomous mobility market value,quantity,Autonomous mobility market value,,
autonomous-nanoengineered-machines,Autonomous nanoengineered machines,technology,Autonomous nanoengineered machines,,
autonomous-programmable-robot-swarms,"Autonomous, Programmable Robot Swarms",technology,"Autonomous, Programmable Robot Swarms;Autonomous, Programmable RobotSwarms",,
autonomous-quantum-design,Autonomous Quantum Design,technology,Autonomous Quantum Design,,
autonomous-restaurants,Autonomous Restaurants,technology,Autonomous Restaurants,,
autonomous-ride-hailing-adoption,Autonomous ride-hailing adoption,quantity,Autonomous ride-hailing adoption,,
autonomous-ride-hailing-cost,Autonomous ride-hailing cost,quantity,Autonomous ride-hailing cost,,
autonomous-ride-hailing-economic-impact,Autonomous ride-hailing economic impact,quantity,Autonomous ride-hailing economic impact,,
autonomous-ride-hailing-market-value,Autonomous ride-hailing market value,quantity,Autonomous ride-hailing market value,,
autonomous-ride-hailing-profits,Autonomous ride-hailing profits,quantity,Autonomous ride-hailing profits,,
autonomous-ride-hailing-revenue,Autonomous ride-hailing revenue,quantity,Autonomous ride-hailing revenue,,
autonomous-robot-swarms,Autonomous Robot Swarms,technology,Autonomous Robot Swarms,,
autonomous-robot-teams,Autonomous Robot Teams,technology,Autonomous Robot Teams,,
autonomous-science-labs,Autonomous science labs,technology,Autonomous science labs,,
autonomous-ships,Autonomous Ships,technology,Autonomous Ships,,
autonomous-software-agents-in-the-economy,Autonomous software agents in the economy,technology,Autonomous software agents in the economy,,
autonomous-sourcing,Autonomous Sourcing,technology,Autonomous Sourcing,,
autonomous-talent-acquisition,Autonomous Talent Acquisition,technology,Autonomous Talent Acquisition,,
autonomous-technology-beyond-human-control,autonomous technology beyond human control,other,autonomous technology beyond human control,,
autonomous-testing-facilities,Autonomous Testing Facilities,technology,Autonomous Testing Facilities,,
autonomous-trucking,Autonomous trucking,technology,Autonomous trucking,,
autonomous-trucking-cost,Autonomous trucking cost,quantity,Autonomous trucking cost,autonomous-vehicles,
autonomous-underwater-vehicles,Autonomous Underwater Vehicles,technology,Autonomous Underwater Vehicles,,
autonomous-vehicle-legislation,Autonomous Vehicle Legislation,technology,Autonomous Vehicle Legislation,,
autonomous-vehicle-testing-gets-regulated,Autonomous Vehicle Testing Gets Regulated,technology,Autonomous Vehicle Testing Gets Regulated,,
autonomous-vehicle-unit-costs,Autonomous vehicle unit costs,technology,Autonomous vehicle unit costs,,
autonomous-vehicles,Autonomous Vehicles,technology,Autonomous Vehicles;Self-driving vehicles,autonomous-driving-level-4;autonomous-driving-level-5;autonomous-field-vehicles;autonomous-trucking-cost;flying-autonomous-vehicles;robotaxis;self-driving-trucks;tesla-autopilot,
autonomous-weapons-policies,Autonomous Weapons Policies,technology,Autonomous Weapons Policies,,
autonomy-of-experts,Autonomy-of-Experts,technology,Autonomy-of-Experts,,
auxetic-materials,Auxetic materials,technology,Auxetic materials,,
av-simulation,AV Simulation,technology,AV Simulation,,
av-viability,AV Viability,technology,AV Viability,,
avatar-portability,Avatar Portability,technology,Avatar Portability,,
avatars,Avatars,technology,Avatars,,
avatars-and-avatar-portability,Avatars and Avatar Portability,technology,Avatars and Avatar Portability,,
avatars-present-the-news-with-humans-in-charge,Avatars Present the News with Humans in Charge,technology,Avatars Present the News with Humans in Charge,,
avian-influenza,Avian influenza,risk,Avian influenza,,
avoiding-weaponized-dependency,Avoiding Weaponized Dependency,technology,Avoiding Weaponized Dependency,,
axis-of-rogues,Axis of rogues,risk,Axis of rogues,,
axoft,Axoft,technology,Axoft,,
b2b-distribution-for-consumer-companies,B2B distribution for consumer companies,technology,B2B distribution for consumer companies,,
b2b-e-markets,B2B E-Markets,technology,B2B E-Markets,,
b2c-e-business,B2C E-Business,technology,B2C E-Business,,
babel-fish-earbuds,Babel-Fish Earbuds,technology,Babel-Fish Earbuds,machine-translation,
backdoors,Backdoors,technology,Backdoors,,
backlash-against-science,Backlash against science,risk,Backlash against science,,
bacteria-that-turn-rocks-into-massive-carbon-sponges,Bacteria That Turn Rocks Into Massive Carbon Sponges,technology,Bacteria That Turn Rocks Into Massive Carbon Sponges,,
bacterial-factories,Bacterial Factories,technology,Bacterial Factories,,
bacterial-nanosyringes,Bacterial Nanosyringes,technology,Bacterial Nanosyringes,,
bacterial-storage-for-co2,Bacterial Storage for CO2,technology,Bacterial Storage for CO2,,
bacteriophage-therapies-gain-momentum-in-antibiotic-resistance-fight,Bacteriophage Therapies Gain Momentum in Antibiotic Resistance Fight,technology,Bacteriophage Therapies Gain Momentum in Antibiotic Resistance Fight,,
bad-seeds,Bad seeds,risk,Bad seeds,,
balancing-the-flow-of-power-within-the-grid,Balancing the Flow of Power Within the Grid,technology,Balancing the Flow of Power Within the Grid,,
banking-for-cannabis-dispensaries,Banking for Cannabis Dispensaries,technology,Banking for Cannabis Dispensaries,,
banning-germ-line-editing,Banning Germ Line Editing,technology,Banning Germ Line Editing,,
base-edited-baby,Base-edited baby,technology,Base-edited baby,gene-editing,
base-editing-surpasses-traditional-crispr,Base Editing Surpasses Traditional CRISPR,technology,Base Editing Surpasses Traditional CRISPR,,
basic-necessities-provided,Basic necessities provided,technology,Basic necessities provided,,
basic-web-services,Basic Web Services,technology,Basic Web Services,,
battery-demand,Battery demand,quantity,Battery demand,,
battery-prices,Battery prices,technology,Battery prices,,
battery-recycling,Battery recycling,technology,Battery Recycling;Battery recycling,,
battery-supported-transportation,Battery-Supported Transportation,technology,Battery-Supported Transportation,,
battery-technology,Battery technology,technology,Battery technology,,
baxter-the-blue-collar-robot,Baxter: The Blue-Collar Robot,technology,Baxter: The Blue-Collar Robot,,
bayesian-machine-learning,Bayesian Machine Learning,technology,Bayesian Machine Learning,machine-learning,
bci-plus-robots,BCI + Robots,technology,BCI + Robots,,
beauty-goes-brain-deep-with-mood-altering-ingredients,Beauty Goes Brain-Deep with Mood-Altering Ingredients,technology,Beauty Goes Brain-Deep with Mood-Altering Ingredients,,
beggar-thy-world,Beggar thy world,risk,Beggar thy world,,
behavioral-biometrics,Behavioral Biometrics,technology,Behavioral Biometrics,,
behavioral-economics,Behavioral Economics,technology,Behavioral Economics,,
behind-the-scenes-optimizations,Behind-the-scenes Optimizations,technology,Behind-the-scenes Optimizations,,
beijing-olympics-gold-medal-table,Beijing Olympics gold-medal table,other,Beijing Olympics gold-medal table,,
beijing-winter-olympics-and-qatar-world-cup-boycotts,Beijing Winter Olympics and Qatar World Cup boycotts,other,Beijing Winter Olympics and Qatar World Cup boycotts,,
benefits-selection-and-management,Benefits Selection and Management,technology,Benefits Selection and Management,,
best-of-breed-enterprise-applications,Best-of-breed enterprise applications,technology,Best-of-breed enterprise applications,,
better-batteries,Better Batteries,technology,Better Batteries,,
better-digital-wallets,Better Digital Wallets,technology,Better Digital Wallets,,
better-plastics-recycling,Better Plastics Recycling,technology,Better Plastics Recycling,,
bias-in-genetic-research,Bias in Genetic Research,technology,Bias in Genetic Research,,
bias-in-recognition-algorithms,Bias in Recognition Algorithms,technology,Bias in Recognition Algorithms,,
bias-in-recognition-technologies,Bias in Recognition Technologies,technology,Bias in Recognition Technologies,,
bias-in-scoring-systems,Bias in Scoring Systems,technology,Bias in Scoring Systems,,
bidirectional-brain-machine-interface,Bidirectional Brain-Machine Interface,technology,Bidirectional Brain-Machine Interface,brain-computer-interface,
bidirectional-charging,Bidirectional Charging,technology,Bidirectional Charging,,
big-ag-data,Big Ag Data,technology,Big Ag Data,,
big-data,Big Data,technology,Big Data;Big Data and Extreme Information Processing and Management;Big data;big data,big-data-exploitation;big-data-from-cheap-phones;big-data-jobs,
big-data-architectures,Big data architectures,technology,Big data architectures,,
big-data-exploitation,Big data exploitation,technology,Big data exploitation,big-data,
big-data-for-better-produce,Big Data for Better Produce,technology,Big Data for Better Produce,,
big-data-from-cheap-phones,Big Data from Cheap Phones,technology,Big Data from Cheap Phones,big-data,
big-data-jobs,Big data jobs,technology,Big data jobs,big-data,
big-tech-companies-at-the-edge,Big Tech Companies at the Edge,technology,Big Tech Companies at the Edge,,
big-tech-disrupts-health-care,Big Tech Disrupts Health Care,technology,Big Tech Disrupts Health Care,,
big-tech-gets-into-farming,Big Tech Gets into Farming,technology,Big Tech Gets into Farming,,
big-tech-gets-into-healthcare,Big Tech Gets Into Healthcare,technology,Big Tech Gets Into Healthcare,,
bigger-bolder-telescopes,"Bigger, Bolder Telescopes",technology,"Bigger, Bolder Telescopes",,
bimodal-it-technical-debt,Bimodal IT technical debt,technology,Bimodal IT technical debt,,
bio-cyberattacks,Bio-Cyberattacks,technology,Bio-Cyberattacks,,
bio-defense-gets-smart-computer-upgrade,Bio-Defense Gets Smart Computer Upgrade,technology,Bio-Defense Gets Smart Computer Upgrade,,
bio-enhanced-fuels,Bio-enhanced fuels,technology,Bio-enhanced fuels,,
bio-markers,Bio-markers,technology,Bio-markers;Biomarkers,,
bio-materials,Bio-materials,technology,Bio-materials;Biomaterials,,
bio-software-and-tools-stack,Bio software and tools stack,technology,Bio software and tools stack,,
bioacoustic-recognition,Bioacoustic Recognition,technology,Bioacoustic Recognition,,
bioacoustic-sensing,Bioacoustic Sensing,technology,Bioacoustic Sensing;Bioacustic Sensing,,
biobank-releases,Biobank Releases,technology,Biobank Releases,,
biochips,Biochips,technology,Biochips,,
biodegradable-and-edible-packaging,Biodegradable and Edible Packaging,technology,Biodegradable and Edible Packaging,,
biodegradable-sensors,Biodegradable Sensors,technology,Biodegradable Sensors,,
biodiversity-loss,Biodiversity loss,risk,Biodiversity loss,biodiversity-loss-and-ecosystem-collapse,
biodiversity-loss-and-ecosystem-collapse,Biodiversity loss and ecosystem collapse,risk,Biodiversity loss and ecosystem collapse,biodiversity-loss,
bioelectronic-drugs,Bioelectronic drugs,technology,Bioelectronic drugs,,
bioelectronics,Bioelectronics,technology,Bioelectronics,,
bioengineered-defences,Bioengineered defences,technology,Bioengineered defences,,
bioengineered-trees,Bioengineered Trees,technology,Bioengineered Trees,,
bioengineering,Bioengineering,technology,Bioengineering,,
bioengineering-danger-recognized,Bioengineering danger recognized,technology,Bioengineering danger recognized,,
bioengineering-economic-impact,Bioengineering economic impact,technology,Bioengineering economic impact,,
biofuel-from-algae,Biofuel from Algae,technology,Biofuel from Algae;Biofuels From Algae,,
biofuel-from-hemp,Biofuel from Hemp,technology,Biofuel from Hemp;Biofuels From Hemp,,
biofuels,Biofuels,technology,Biofuels;biofuels,,
biohack-rules-tighten-as-field-grows-rapidly,Biohack Rules Tighten As Field Grows Rapidly,technology,Biohack Rules Tighten As Field Grows Rapidly,,
biohacking,Biohacking,technology,Biohacking,,
biohybrid-robotics,Biohybrid Robotics,technology,Biohybrid Robotics,,
bioinspired-robotics,Bioinspired Robotics,technology,Bioinspired Robotics,,
biointerfaces,Biointerfaces,technology,Biointerfaces,,
biointerfaces-and-gestural-interfaces,Biointerfaces & Gestural Interfaces,technology,Biointerfaces & Gestural Interfaces,,
biological-adaptations-for-space,Biological Adaptations for Space,technology,Biological Adaptations for Space,,
biological-circuits,Biological Circuits,technology,Biological Circuits,,
biological-dvrs,Biological DVRs,technology,Biological DVRs,,
biological-machines,Biological Machines,technology,Biological Machines,,
biological-privacy,Biological Privacy,technology,Biological Privacy,,
biological-robots,Biological Robots,technology,Biological Robots,,
biological-warfare-is-greatest-threat,Biological warfare is greatest threat,technology,Biological warfare is greatest threat,,
biologically-extended-senses,Biologically extended senses,technology,Biologically extended senses,,
biology-plays-games,Biology Plays Games,technology,Biology Plays Games,,
biomanufacturing-in-space,Biomanufacturing in Space,technology,Biomanufacturing in Space,,
biomechanical-harvesting,Biomechanical harvesting,technology,Biomechanical harvesting,,
biomechatronics,Biomechatronics,technology,Biomechatronics,,
biometric-authentication-in-web3,Biometric Authentication in Web3,technology,Biometric Authentication in Web3,,
biometric-authentication-methods,Biometric Authentication Methods,technology,Biometric Authentication Methods;Biometric User Identification;Biometric authentication;Biometrix Authentication Methods,,
biometric-camouflage,Biometric Camouflage,technology,Biometric Camouflage,,
biometric-identity-documentss,Biometric Identity Documentss,technology,Biometric Identity Documentss,,
biometric-information-privacy-acts,Biometric Information Privacy Acts,technology,Biometric Information Privacy Acts,,
biometric-malware,Biometric Malware,technology,Biometric Malware,,
biometric-payments,Biometric Payments,technology,Biometric Payments,mobile-payment,
biometric-scoring,Biometric Scoring,technology,Biometric Scoring,,
biometric-screening-systems,Biometric Screening Systems,technology,Biometric Screening Systems,,
biometric-sensors,Biometric sensors,technology,Biometric sensors,sensors,
biometrics,Biometrics,technology,Biometrics,,
biomolecule-based-packaging,Biomolecule-Based Packaging,technology,Biomolecule-Based Packaging,,
bionic-implants,Bionic implants,technology,Bionic implants,,
bionic-noses,Bionic Noses,technology,Bionic Noses,,
biopharma-in-space,Biopharma in Space,technology,Biopharma in Space,,
bioplastics,Bioplastics,technology,Bioplastics,,
bioprinting-and-tissue-engineering,Bioprinting and Tissue Engineering,technology,Bioprinting and Tissue Engineering,,
bioprinting-electronics,Bioprinting Electronics,technology,Bioprinting Electronics,,
bioprinting-regulation,Bioprinting regulation,technology,Bioprinting regulation,,
bioprinting-regulation-debate,Bioprinting regulation debate,technology,Bioprinting regulation debate,,
biosensor-and-chip-based-diagnostics,Biosensor and Chip-Based Diagnostics,technology,Biosensor and Chip-Based Diagnostics,,
biosequestration,Biosequestration,technology,Biosequestration,,
biotech-cultured-or-artificial-tissue,Biotech - Cultured or Artificial Tissue,technology,Biotech - Cultured or Artificial Tissue,,
biotech-drug-target-differentiation,Biotech drug target differentiation,technology,Biotech drug target differentiation,,
biotech-focus-on-common-diseases,Biotech focus on common diseases,technology,Biotech focus on common diseases,,
biotechnology-access-equity-becomes-a-global-issue,Biotechnology Access Equity Becomes a Global Issue,technology,Biotechnology Access Equity Becomes a Global Issue,,
biotechnology-omics-biomachines,"Biotechnology (omics, biomachines)",technology,"Biotechnology (omics, biomachines)",,
bitcoin,Bitcoin,technology,Bitcoin,cryptocurrencies,
bitcoin-and-blockchain,Bitcoin and Blockchain,technology,Bitcoin and Blockchain,,
bitcoin-network-value,Bitcoin network value,quantity,Bitcoin network value,,
bitcoin-plus-blockchain,Bitcoin + Blockchain,technology,Bitcoin + Blockchain,,
bitcoin-preparing-for-institutions,Bitcoin: Preparing For Institutions,technology,Bitcoin: Preparing For Institutions,,
bitcoin-price,Bitcoin price,quantity,Bitcoin price,,
bladeless-turbines,Bladeless Turbines,technology,Bladeless Turbines,,
blending-imagined-and-real-worlds-gaming-ar-immersive-play,"Blending imagined and real worlds (gaming, AR, immersive play)",other,"Blending imagined and real worlds (gaming, AR, immersive play)",,
blockchain,Blockchain,technology,Blockchain;Public Blockchains,cryptocurrencies;smart-contract-networks,
blockchain-and-distributed-ledgers,Blockchain and distributed ledgers,technology,Blockchain and distributed ledgers,,
blockchain-and-web3-decentralized-trust,Blockchain and Web3 (decentralized trust),technology,Blockchain and Web3 (decentralized trust),,
blockchain-art-market,Blockchain Art Market,technology,Blockchain Art Market,,
blockchain-authentication-of-news,Blockchain authentication of news,technology,Blockchain authentication of news,,
blockchain-business-valuation,Blockchain business valuation,technology,Blockchain business valuation,,
blockchain-cryptocurrencies-in-banking,Blockchain cryptocurrencies in banking,technology,Blockchain cryptocurrencies in banking,,
blockchain-digital-identity-and-reputation,Blockchain (digital identity and reputation),technology,Blockchain (digital identity and reputation),,
blockchain-for-data-security,Blockchain for Data Security,technology,Blockchain for Data Security,,
blockchain-for-digital-trust,Blockchain for digital trust,technology,Blockchain for digital trust,,
blockchain-integration,Blockchain Integration,technology,Blockchain Integration;Blockchain Integrations,,
blockchain-light-clients-mobile,Blockchain light clients (mobile),technology,Blockchain light clients (mobile),,
blockchain-market-value,Blockchain market value,quantity,Blockchain market value,,
blockchain-modularity,Blockchain Modularity,technology,Blockchain Modularity,,
blockchain-powered-park-operations,Blockchain-Powered Park Operations,technology,Blockchain-Powered Park Operations,,
blockchain-privacy-poisoning,Blockchain privacy poisoning,technology,Blockchain privacy poisoning,,
blockchain-technologies,Blockchain Technologies,technology,Blockchain Technologies,,
blockchain-voting-and-liquid-democracy,Blockchain voting and liquid democracy,technology,Blockchain voting and liquid democracy,,
blocking-the-ad-blockers,Blocking the Ad Blockers,technology,Blocking the Ad Blockers,,
blogging,Blogging,technology,Blogging,,
blogs,Blogs,technology,Blogs,,
blogs-and-user-generated-content,Blogs and user-generated content,technology,Blogs and user-generated content,,
blood-stream-sensors,Blood stream sensors,technology,Blood stream sensors,,
blue-carbon-credits,Blue Carbon Credits,technology,Blue Carbon Credits,,
blue-carbon-offsets,Blue Carbon Offsets,technology,Blue Carbon Offsets,,
bluetooth,Bluetooth,technology,Bluetooth,,
bluetooth-cable-replacement,Bluetooth Cable Replacement,technology,Bluetooth Cable Replacement,,
bluetooth-networking,Bluetooth Networking,technology,Bluetooth Networking,,
boards,Boards,technology,Boards,,
body-on-a-chip,Body-on-a-Chip,technology,Body-on-a-Chip,,
bone-recognition,Bone Recognition,technology,Bone Recognition,,
boris-johnson-removal,Boris Johnson removal,other,Boris Johnson removal,,
bossless-teams,Bossless teams,technology,Bossless teams,,
botnets-of-things,Botnets of Things,technology,Botnets of Things,,
bots,Bots,technology,Bots,,
botsourcing,Botsourcing,technology,Botsourcing,,
bounty-programs,Bounty Programs,technology,Bounty Programs,,
bpm-suites,BPM Suites,technology,BPM Suites,,
bpo-provider-consolidation,BPO provider consolidation,technology,BPO provider consolidation,,
brain-algorithms-applied-to-neural-nets,Brain algorithms applied to neural nets,technology,Brain algorithms applied to neural nets,,
brain-computer-interface,Brain-Computer Interface,technology,Brain Machine Interfaces;Brain-Computer Interface;Brain-Computer Interfaces;Brain-Machine Interface;Brain-computer interfaces;Computer Brain Interface;Computer-Brain Interface;Computer-Brain Interface/Thought Recognition,bidirectional-brain-machine-interface,
brain-computer-interfaces-and-neuroprosthetics,Brain-Computer Interfaces and Neuroprosthetics,technology,Brain-Computer Interfaces and Neuroprosthetics,,
brain-generated-music,Brain-generated music,technology,Brain-generated music,,
brain-machine-interfaces-bmis,Brain-Machine Interfaces (BMIs),technology,Brain-Machine Interfaces (BMIs),,
brain-machine-interfaces-brain-computer-interfaces-and-neuroprosthetics,"Brain Machine Interfaces, Brain-Computer Interfaces, and Neuroprosthetics",technology,"Brain Machine Interfaces, Brain-Computer Interfaces, and Neuroprosthetics",,
brain-mapping,Brain Mapping,technology,Brain Mapping,,
brain-models-open-window-to-neural-disease,Brain Models Open Window To Neural Disease,technology,Brain Models Open Window To Neural Disease,,
brain-organoids,Brain Organoids,technology,Brain Organoids,,
brain-reverse-engineering-by-scanning,Brain reverse engineering by scanning,technology,Brain reverse engineering by scanning,,
brain-to-brain-communication,Brain-to-Brain Communication,technology,Brain-to-Brain Communication,,
brain-to-brain-interfaces,Brain-to-brain interfaces,technology,Brain-to-Brain Interfaces;Brain-to-brain interfaces,,
brand-initiatives-against-loneliness,Brand initiatives against loneliness,other,Brand initiatives against loneliness,,
brand-kindness-and-surprise-gestures,Brand kindness and surprise gestures,other,Brand kindness and surprise gestures,,
brand-led-local-community-improvement,Brand-led local community improvement,other,Brand-led local community improvement,,
brand-mobile-apps,Brand mobile apps,technology,Brand mobile apps,,
brand-social-justice-initiatives,Brand social-justice initiatives,other,Brand social-justice initiatives,,
brand-take-back-and-recycling,Brand take-back and recycling,other,Brand take-back and recycling,,
brands-acting-on-social-and-environmental-change,Brands acting on social and environmental change,other,Brands acting on social and environmental change,,
brands-asking-customers-to-act-sustainably,Brands asking customers to act sustainably,other,Brands asking customers to act sustainably,,
brands-delivering-civic-and-public-services,Brands delivering civic and public services,other,Brands delivering civic and public services,,
brands-funding-local-changemakers,Brands funding local changemakers,other,Brands funding local changemakers,,
brands-helping-consumers-reach-adult-life-goals-adulting,Brands helping consumers reach adult life goals ('adulting'),other,Brands helping consumers reach adult life goals ('adulting'),,
brands-lobbying-for-or-imposing-pro-social-rules,Brands lobbying for or imposing pro-social rules,other,Brands lobbying for or imposing pro-social rules,,
brands-making-customers-prove-their-worth-for-exclusive-access,Brands making customers prove their worth for exclusive access,other,Brands making customers prove their worth for exclusive access,,
brands-offering-useful-services-instead-of-advertising,Brands offering useful services instead of advertising,other,Brands offering useful services instead of advertising,,
brands-pivoting-to-relief-and-relaxation,Brands pivoting to relief and relaxation,other,Brands pivoting to relief and relaxation,,
brands-responding-to-nationalism-vs-globalism,Brands responding to nationalism vs. globalism,other,Brands responding to nationalism vs. globalism,,
brands-responding-to-online-consumer-feedback-in-real-time,Brands responding to online consumer feedback in real time,other,Brands responding to online consumer feedback in real time,,
brands-showing-care-during-the-downturn,Brands showing care during the downturn,other,Brands showing care during the downturn,,
brands-showing-human-flaws,Brands showing human flaws,other,Brands showing human flaws,,
brands-taking-public-stances,Brands taking public stances,other,Brands taking public stances,,
brazil,Brazil,risk,Brazil,,
brazil-ipca-inflation,Brazil IPCA inflation,quantity,"IPCA inflation, December to December",,"IPCA consumer price inflation, December over December, percent (IBGE)."
brazil-on-the-path-to-ai-legislation,Brazil: On the Path to AI Legislation,technology,Brazil: On the Path to AI Legislation,,
brazil-real-gdp-growth,Brazil real GDP growth,quantity,real GDP growth,,"Real GDP growth, calendar-year annual average over the previous year, percent. Not Q4-over-Q4 growth (the Fed SEP measure), which needs its own subject."
brazil-selic-rate-year-end,Brazil Selic target rate at year end,quantity,Selic target rate at year end,,"Copom Selic target in force at the end of the year, percent per year."
brazil-usd-brl-exchange-rate-december-average,"USD/BRL exchange rate, December average",quantity,exchange rate at year end,brazil-usd-brl-exchange-rate-last-business-day,"Average PTAX sell rate in December, BRL per USD. The Focus survey uses this definition from 2021-01-25."
brazil-usd-brl-exchange-rate-last-business-day,USD/BRL exchange rate on the last business day of the year,quantity,exchange rate at year end,brazil-usd-brl-exchange-rate-december-average,"PTAX sell rate on the last business day of the year, BRL per USD. The Focus survey used this definition until 2021-01-24."
breaking-the-millisecond-barrier,Breaking the Millisecond Barrier,technology,Breaking the Millisecond Barrier,,
breaking-up-big-tech,Breaking Up Big Tech,technology,Breaking Up Big Tech,,
breakthroughs-in-light-absorption,Breakthroughs in Light Absorption,technology,Breakthroughs in Light Absorption,,
brewing-great-nonalcoholic-beers,Brewing Great Nonalcoholic Beers,technology,Brewing Great Nonalcoholic Beers,,
brexit,Brexit,risk,Brexit,,
brexit-date,Brexit date,other,Brexit date,,
brexit-in-2019,Brexit in 2019,other,Brexit in 2019,,
bric-economies,BRIC Economies,technology,BRIC Economies,,
brics-gdp-relative-to-g7-gdp,BRICs GDP relative to G7 GDP,quantity,BRICs GDP relative to G7 GDP,,
brics-vs-g7,BRICS vs. G7,risk,BRICS vs. G7,,
bridging-legacy-infrastructure,Bridging Legacy Infrastructure,technology,Bridging Legacy Infrastructure,,
bring-your-own-computer-byoc,Bring your own computer (BYOC),technology,Bring your own computer (BYOC),,
bring-your-own-enhancement-byoe,Bring your own enhancement (BYOE),technology,Bring your own enhancement (BYOE),,
bring-your-own-identity,Bring Your Own Identity,technology,Bring Your Own Identity,,
broadband-adoption,Broadband adoption,technology,Broadband adoption,,
broadband-appliances,Broadband appliances,technology,Broadband appliances,,
broadband-data-caps,Broadband data caps,technology,Broadband data caps,,
broadband-investments,Broadband Investments,technology,Broadband Investments,,
broadband-on-the-moon,Broadband On The Moon,technology,Broadband On The Moon,,
broadband-over-power-lines,Broadband over Power Lines,technology,Broadband over Power Lines,,
broadband-pricing,Broadband pricing,technology,Broadband pricing,,
broadband-speed-and-margins,Broadband speed and margins,technology,Broadband speed and margins,,
broadband-speed-demand,Broadband speed demand,technology,Broadband speed demand,,
broadband-speeds,Broadband speeds,technology,Broadband speed;Broadband speeds,,
broadcast-tv-audience-fragmentation,Broadcast TV audience fragmentation,technology,Broadcast TV audience fragmentation,,
browser-based-ar,Browser-Based AR,technology,Browser-Based AR,,
bug-protein,Bug Protein,technology,Bug Protein,,
build-through-the-bear,Build through the Bear,technology,Build through the Bear,,
building-a-comprehensive-human-cell-atlas,Building A Comprehensive Human Cell Atlas,technology,Building A Comprehensive Human Cell Atlas;Building a Comprehensive Human Cell Atlas,,
building-a-silicon-valley-of-the-middle-east,Building a Silicon Valley of the Middle East,technology,Building a Silicon Valley of the Middle East,,
building-a-strategic-panopticon,Building a Strategic Panopticon,technology,Building a Strategic Panopticon,,
building-better-batteries,Building Better Batteries,technology,Building Better Batteries,,
building-electrification,Building Electrification,technology,Building Electrification,,
building-full-chromosomes,Building Full Chromosomes,technology,Building Full Chromosomes,,
building-in-house-solutions,Building In-House Solutions,technology,Building In-House Solutions,,
building-supersized-ai-models,Building Supersized AI Models,technology,Building Supersized AI Models,,
burnout-and-mental-wellbeing,Burnout and mental wellbeing,other,Burnout and mental wellbeing,,
business-analytics,Business analytics,technology,Business analytics,,
business-automation,Business Automation,technology,Business Automation,,
business-banking-infrastructure,Business banking infrastructure,technology,Business banking infrastructure,,
business-ecosystems-and-platforms,Business ecosystems and platforms,technology,Business ecosystems and platforms,,
business-kpis-in-it-compensation,Business KPIs in IT compensation,technology,Business KPIs in IT compensation,,
business-model-evolution,Business Model Evolution,technology,Business Model Evolution,,
business-process-platforms,Business Process Platforms,technology,Business Process Platforms,,
business-rule-engines,Business Rule Engines,technology,Business Rule Engines,,
business-travel-recovery,Business travel recovery,other,Business travel recovery,,
businesses-owning-no-it-assets,Businesses owning no IT assets,technology,Businesses owning no IT assets,,
byod,BYOD,technology,BYOD,,
byod-malware,BYOD malware,technology,BYOD malware,,
cable-modems,Cable Modems,technology,Cable Modems,xdsl-cable-modems,
cables-are-disappearing,Cables are disappearing,technology,Cables are disappearing,,
cables-disappear,Cables disappear,technology,Cables disappear,,
calculations-per-second-for-a-1-000-computer,"calculations per second for a $1,000 computer",quantity,"calculations per second for a $1,000 computer",,
calls-for-responsible-gene-editing,Calls For Responsible Gene Editing,technology,Calls For Responsible Gene Editing,,
camera-phone-sales,Camera-phone sales,other,Camera-phone sales,,
canadian-troops-in-kandahar,Canadian troops in Kandahar,other,Canadian troops in Kandahar,,
cancel-culture-and-accountability-politics,Cancel Culture and Accountability Politics,technology,Cancel Culture and Accountability Politics,,
cancel-culture-and-its-backlash,Cancel Culture and its Backlash,technology,Cancel Culture and its Backlash,,
cancer-genomics,Cancer Genomics,technology,Cancer Genomics,,
cannabis-compliance-systems,Cannabis Compliance Systems,technology,Cannabis Compliance Systems,,
cannabis-delivery-logistics,Cannabis Delivery Logistics,technology,Cannabis Delivery Logistics,,
cannabis-supply-chains,Cannabis Supply Chains,technology,Cannabis Supply Chains,,
cannabusiness-tech,Cannabusiness Tech,technology,Cannabusiness Tech,,
capacitors,Capacitors,technology,Capacitors,,
capital-controls,Capital controls,risk,Capital controls,,
capsule-networks,Capsule Networks,technology,Capsule Networks,,
capturing-iiot-metadata,Capturing IIoT Metadata,technology,Capturing IIOT Metadata;Capturing IIoT Metadata,,
car-interfaces-drive-the-voice-assistant-wars,Car Interfaces Drive the Voice Assistant Wars,technology,Car Interfaces Drive the Voice Assistant Wars,,
car-os,Car OS,technology,Car OS,,
car-t-for-solid-tumors,CAR-T for solid tumors,quantity,CAR-T for solid tumors,,
car-to-car-communication,Car-to-Car Communication,technology,Car-to-Car Communication,,
carbon-based-alcohol,Carbon-Based Alcohol,technology,Carbon-Based Alcohol,,
carbon-based-fashion-accessories,Carbon-Based Fashion Accessories,technology,Carbon-Based Fashion Accessories,,
carbon-based-food,Carbon-Based Food,technology,Carbon-Based Food,,
carbon-based-jet-fuel,Carbon-Based Jet Fuel,technology,Carbon-Based Jet Fuel,,
carbon-based-polyester,Carbon-Based Polyester,technology,Carbon-Based Polyester,,
carbon-based-steak,Carbon-Based “Steak”,technology,Carbon-Based “Steak”,,
carbon-based-transistors,Carbon-Based Transistors,technology,Carbon-Based Transistors,,
carbon-capture-and-storage,Carbon Capture and Storage,quantity,Carbon Capture and Storage;carbon capture and storage,,
carbon-costs-in-it-business-cases,Carbon costs in IT business cases,technology,Carbon costs in IT business cases,,
carbon-credits,Carbon Credits,technology,Carbon Credits,,
carbon-labels-on-products,Carbon labels on products,other,Carbon labels on products,,
carbon-ledger-platforms,Carbon Ledger Platforms,technology,Carbon Ledger Platforms,,
carbon-nanotubes,Carbon nanotubes,technology,Carbon Nanotube;Carbon Nanotubes;Carbon nanotubes,,
carbon-neutral-or-negative-building-materials,Carbon Neutral or Negative Building Materials,technology,Carbon Neutral or Negative Building Materials,,
carbon-pricing,carbon pricing,quantity,carbon pricing,,
carbon-removal,Carbon removal (direct air capture),technology,A carbon removal factory;Carbon dioxide catcher,carbon-sequestration,
carbon-sequestration,Carbon sequestration,technology,Carbon sequestration,carbon-removal,
carbon-tracking,Carbon Tracking,technology,Carbon Tracking,,
carbon-verification,Carbon Verification,technology,Carbon Verification,,
caros,CarOS,technology,CarOS,,
cars,Cars,technology,Cars,,
carv2-0,CARv2.0,technology,CARv2.0,,
cascading-knowledge-maps,Cascading knowledge maps,technology,Cascading knowledge maps,,
catering-amusement-park-experiences-to-an-audience-of-one,Catering Amusement Park Experiences to an Audience of One,technology,Catering Amusement Park Experiences to an Audience of One,,
cattle-burping-remedies,Cattle burping remedies,technology,Cattle burping remedies,,
causal-ai,Causal AI,technology,Causal AI,,
cbd-infused-drinks,CBD-Infused Drinks,technology,CBD-Infused Drinks,,
cbd-infused-products,CBD-Infused Products,technology,CBD-Infused Products,,
cbdcs,CBDCs,technology,CBDCs,,
ccs-as-a-service,CCS-as-a-Service,technology,CCS-as-a-Service,,
cell-and-gene-therapy,Cell and Gene Therapy,technology,Cell and Gene Therapy,gene-therapy,
cell-phone-viruses,Cell-Phone Viruses,technology,Cell-Phone Viruses,,
cell-reset-button-scientists-turn-back-biological-clock,Cell Reset Button: Scientists Turn Back Biological Clock,technology,Cell Reset Button: Scientists Turn Back Biological Clock,,
cell-therapy-2-0,Cell Therapy 2.0,technology,Cell Therapy 2.0,,
cellular-agriculture,Cellular Agriculture,technology,Cellular Agriculture,,
cellular-culture-agriculture,Cellular Culture Agriculture,technology,Cellular Culture Agriculture,,
cellulolytic-enzymes,Cellulolytic Enzymes,technology,Cellulolytic Enzymes,,
censorship-in-the-digital-age,Censorship in the Digital Age,technology,Censorship in the Digital Age,,
central-bank-backed-digital-currencies,Central Bank-Backed Digital Currencies,technology,Central Bank-Backed Digital Currencies,,
central-banks-get-political,Central banks get political,risk,Central banks get political,,
cermets,Cermets,technology,Cermets,,
certifying-commercial-astronauts,Certifying Commercial Astronauts,technology,Certifying Commercial Astronauts,,
chain-of-thought-models,Chain-of-Thought Models,technology,Chain-of-Thought Models,,
change-in-central-europe,Change in central Europe,other,Change in central Europe,,
changing-social-norms-gender-media-education,"Changing social norms (gender, media, education)",other,"Changing social norms (gender, media, education)",,
character-recognition-and-analytics,Character Recognition and Analytics,technology,Character Recognition and Analytics,,
charging-gets-a-roadmap,Charging Gets A Roadmap,technology,Charging Gets A Roadmap;Charging Gets a Roadmap,,
charging-standardization,Charging Standardization,technology,Charging Standardization,,
charging-stations,Charging Stations,technology,Charging Stations,,
chatbot-spending,Chatbot spending,technology,Chatbot spending,,
chatgpt-as-an-app-distribution-platform,ChatGPT as an app distribution platform,technology,ChatGPT as an app distribution platform,,
cheaper-genome-sequencing,Cheaper Genome Sequencing,technology,Cheaper Genome Sequencing,,
chemical-induced-proximity-drug-modality,Chemical-induced proximity (drug modality),technology,Chemical-induced proximity (drug modality),,
chemical-production,Chemical Production,technology,Chemical Production,,
chemicals,Chemicals,technology,Chemicals,,
chernobyl-reactor-repair,Chernobyl reactor repair,other,Chernobyl reactor repair,,
chief-digital-officer,Chief Digital Officer,technology,Chief Digital Officer,,
chief-health-officers,Chief Health Officers,technology,Chief Health Officers,,
chief-heat-officers,Chief Heat Officers,technology,Chief Heat Officers,,
chief-medical-officers,Chief Medical Officers,technology,Chief Medical Officers,,
chief-trust-officer,Chief Trust Officer,technology,Chief Trust Officer,,
child-safe-ai,Child Safe AI,technology,Child Safe AI,,
children-use-print-to-speech-reading-software,Children use print-to-speech reading software,technology,Children use print-to-speech reading software,,
china,China,risk,China,,
china-ai-reshapes-drug-approval-process,China: AI Reshapes Drug Approval Process,technology,China: AI Reshapes Drug Approval Process,,
china-and-india-gdp-growth,China and India GDP growth,other,China and India GDP growth,,
china-as-economic-powerhouse,China as economic powerhouse,technology,China as economic powerhouse,,
china-at-home,China at home,risk,China at home,,
china-deflation,China deflation,other,China deflation,,
china-digital-infrastructure,China digital infrastructure,technology,China digital infrastructure,,
china-dna-data-protection-laws-signal-new-cyberbio-era,China: DNA Data Protection Laws Signal New Cyberbio Era,technology,China: DNA Data Protection Laws Signal New Cyberbio Era,,
china-economic-hard-landing,China economic hard landing,risk,China economic hard landing;China hard landing,,
china-economy,China economy,other,China economy,,
china-exchange-rate-unification,China exchange-rate unification,other,China exchange-rate unification,,
china-loves-a-vacuum,China loves a vacuum,risk,China loves a vacuum,,
china-media-market,China media market,technology,China media market,,
china-military,China military,other,China military,,
china-moderate-prosperity-target,"China ""moderate prosperity"" target",other,"China ""moderate prosperity"" target",,
china-no-hard-landing,China: no hard landing,risk,China: no hard landing,,
china-overreacts,China overreacts,risk,China overreacts,,
china-real-gdp-growth,China real GDP growth,quantity,real GDP growth,,"Real GDP growth, calendar-year annual average over the previous year, percent. Not Q4-over-Q4 growth (the Fed SEP measure), which needs its own subject."
china-reveals-more-cyber-warfare-tactics,China Reveals More Cyber Warfare Tactics,technology,China Reveals More Cyber Warfare Tactics,,
china-s-a-i-rules,China’s A.I. Rules,technology,China’s A.I. Rules,,
china-s-ai-ethics,China’s AI ethics,technology,China’s AI ethics,,
china-s-big-tech,China’s Big Tech,technology,China’s Big Tech,,
china-s-deflation-trap,China's deflation trap,risk,China's deflation trap,,
china-s-expanding-market,China’s Expanding Market,technology,China’s Expanding Market,,
china-s-foreign-infrastructure-investment,China’s Foreign Infrastructure Investment,technology,China’s Foreign Infrastructure Investment,,
china-s-genetically-edited-babies,China’s Genetically Edited Babies,technology,China’s Genetically Edited Babies,,
china-s-global-auto-ambitions,China’s Global Auto Ambitions,technology,China’s Global Auto Ambitions,,
china-s-hard-landing,China’s hard landing,risk,China’s hard landing,,
china-s-national-dna-drive,China’s National DNA Drive,technology,China’s National DNA Drive,,
china-s-open-road,China’s Open Road,technology,China’s Open Road,,
china-s-panopticon,China’s Panopticon,technology,China’s Panopticon,,
china-s-quest-for-cyber-sovereignty,China’s Quest for Cyber Sovereignty,technology,China’s Quest for Cyber Sovereignty,,
china-s-quest-for-global-cybersovereignty,China’s Quest for Global Cybersovereignty,technology,China’s Quest for Global Cybersovereignty,,
china-s-space-ambitions,China’s Space Ambitions,technology,China’s Space Ambitions,,
china-s-supremacy,China’s supremacy,technology,China’s supremacy,,
china-s-tech-crackdown,China’s Tech Crackdown,technology,China’s Tech Crackdown,,
china-state-directed-strategy-and-tight-oversight,China: State-Directed Strategy and Tight Oversight,technology,China: State-Directed Strategy and Tight Oversight,,
china-vs-information,China vs information,risk,China vs information,,
china-zero-covid-policy,China zero-covid policy,other,China zero-covid policy,,
chinese-green-consumer-innovation,Chinese green consumer innovation,other,Chinese green consumer innovation,,
chinese-mobile-handset-vendors,Chinese mobile handset vendors,technology,Chinese mobile handset vendors,,
chinese-semiconductors,Chinese semiconductors,technology,Chinese semiconductors,,
chinese-tech-firms-in-us-china-fights,Chinese tech firms in US-China fights,other,Chinese tech firms in US-China fights,,
chip-onshoring,Chip Onshoring,technology,Chip Onshoring;Chips Onshoring,,
chip-talent-shortage,Chip Talent Shortage,technology,Chip Talent Shortage,,
chiplets,Chiplets,technology,Chiplets,,
chips-for-inference,Chips for Inference,technology,Chips for Inference,,
chips-that-can-perceive-sensory-data,Chips That Can Perceive Sensory Data,technology,Chips That Can Perceive Sensory Data,,
chips-to-optimize-ai-workload,Chips to Optimize AI Workload,technology,Chips to Optimize AI Workload,,
chronic-disease,Chronic disease,risk,Chronic disease,,
chronic-disease-in-developed-countries,Chronic disease in developed countries,risk,"Chronic disease in developed countries;Chronic disease, developed world;Chronic diseases",,
chronic-fiscal-imbalances,Chronic fiscal imbalances,risk,Chronic fiscal imbalances;Fiscal imbalances,,
chrono-urbanism,Chrono-Urbanism,technology,Chrono-Urbanism,,
cio-as-coo-by-proxy,CIO as COO by proxy,technology,CIO as COO by proxy,,
cio-cmo-customer-data-strategy,CIO-CMO customer data strategy,technology,CIO-CMO customer data strategy,,
cio-co-leading-innovation,CIO co-leading innovation,technology,CIO co-leading innovation,,
cio-compensation-tied-to-it-revenue,CIO compensation tied to IT revenue,technology,CIO compensation tied to IT revenue,,
cio-leadership-in-digital-transformation,CIO leadership in digital transformation,technology,CIO leadership in digital transformation,,
cio-led-adversity-centers,CIO-led adversity centers,technology,CIO-led adversity centers,,
cio-led-data-governance,CIO-led data governance,technology,CIO-led data governance,,
cio-role,CIO role,technology,CIO role,,
cio-role-challenged-by-lob,CIO role challenged by LOB,technology,CIO role challenged by LOB,,
cio-role-it-portfolio-management,CIO role (IT portfolio management),technology,CIO role (IT portfolio management),,
cio-time-on-analytics-cybersecurity-and-digital-revenue,"CIO time on analytics, cybersecurity and digital revenue",technology,"CIO time on analytics, cybersecurity and digital revenue",,
cios-as-digital-business-leaders,CIOs as digital business leaders,technology,CIOs as digital business leaders,,
cios-in-business-decision-making,CIOs in business decision making,technology,CIOs in business decision making,,
cios-measured-on-business-model-cocreation,CIOs measured on business model cocreation,technology,CIOs measured on business model cocreation,,
circuit-knitting,Circuit Knitting,technology,Circuit Knitting,,
circular-economy,Circular Economy,technology,Circular Economy,,
cislunar-activity,Cislunar Activity,technology,Cislunar Activity,,
ciso-remit-expansion,CISO remit expansion,technology,CISO remit expansion,,
citizen-activism-and-distrust-of-institutions,Citizen activism and distrust of institutions,other,Citizen activism and distrust of institutions,,
citizen-data-science,Citizen Data Science,technology,Citizen Data Science,,
citizen-led-denial-of-service-protest,Citizen-led denial of service protest,technology,Citizen-led denial of service protest,,
citizen-surveillance,Citizen Surveillance,technology,Citizen Surveillance,,
citizen-twin,Citizen Twin,technology,Citizen Twin,,
city-level-cyber-security,City-Level Cyber Security,technology,City-Level Cyber Security,,
city-scale-digital-twins,City-Scale Digital Twins,technology,City-Scale Digital Twins,,
citywide-metaverses,Citywide Metaverses,technology,Citywide Metaverses,,
claim-enhancements,Claim Enhancements,technology,Claim Enhancements,,
clandestine-disappearing-drones,"Clandestine, Disappearing Drones",technology,"Clandestine, Disappearing Drones",,
classroom-performance-dashboards,Classroom performance dashboards,technology,Classroom performance dashboards,,
clean-earth-magnets-for-clean-energy,Clean Earth Magnets for Clean Energy,technology,Clean Earth Magnets for Clean Energy,,
clean-energy,Clean energy,technology,Clean energy,,
clean-energy-technologies,Clean energy technologies,technology,Clean energy technologies,,
clean-hydrogen,Clean Hydrogen,technology,Clean Hydrogen,,
cleaner-fuels,Cleaner Fuels,technology,Cleaner Fuels,,
cleaner-jet-fuel,Cleaner jet fuel,technology,Cleaner jet fuel,,
cleaning-bots,Cleaning Bots,technology,Cleaning Bots,,
cleantech-and-solar-pv,CleanTech and solar PV,technology,CleanTech and solar PV,,
click-and-collect-retail,Click and collect retail,technology,Click and collect retail,,
climate,Climate,technology,Climate,,
climate-change,Climate change,risk,Climate change;climate change,failure-of-climate-change-adaptation,
climate-change-attribution,Climate change attribution,technology,Climate change attribution,,
climate-engineering,Climate engineering,technology,Climate engineering,,
climate-impact-on-insurers,Climate Impact on Insurers,technology,Climate Impact on Insurers,,
climate-infiltrates-art-and-performance,Climate Infiltrates Art and Performance,technology,Climate Infiltrates Art and Performance,,
climate-migrants,Climate Migrants,technology,Climate Migrants,,
climate-migration,Climate Migration,technology,Climate Migration,,
climate-net-zero-meets-g-zero,Climate: Net zero meets G-Zero,risk,Climate: Net zero meets G-Zero,,
climate-politics,Climate Politics,technology,Climate Politics,,
climate-positive-consumer-experience,Climate-Positive Consumer Experience,technology,Climate-Positive Consumer Experience,,
climate-technologies-ccus-carbon-removal-circularity,"Climate technologies (CCUS, carbon removal, circularity)",technology,"Climate technologies (CCUS, carbon removal, circularity)",,
climate-technology-workforce,Climate technology workforce,technology,Climate technology workforce,,
cloning-and-synthesizing-viruses,Cloning and Synthesizing Viruses,technology,Cloning and Synthesizing Viruses,,
closed-ecological-systems,Closed ecological systems,technology,Closed ecological systems,,
closed-europe,Closed Europe,risk,Closed Europe,,
closed-source-code,Closed-Source Code,technology,Closed-Source Code,,
cloud-ai-and-enterprise-ai-software,Cloud AI and enterprise AI software,technology,Cloud AI and enterprise AI software,,
cloud-ai-market,Cloud AI market,technology,Cloud AI market,,
cloud-and-edge-computing,Cloud and edge computing,technology,Cloud and edge computing,,
cloud-and-edge-data-processing,Cloud and edge data processing,technology,Cloud and edge data processing,,
cloud-architecture-modernization,Cloud architecture modernization,technology,Cloud architecture modernization,,
cloud-based-control-platforms,Cloud-based control platforms,technology,Cloud-based control platforms,,
cloud-based-wireless-body-area-networks,Cloud-Based Wireless Body Area Networks,technology,Cloud-Based Wireless Body Area Networks;Cloud-based Wireless Body Area Networks,,
cloud-brightening-to-protect-coral-reefs,Cloud Brightening to Protect Coral Reefs,technology,Cloud Brightening to Protect Coral Reefs,,
cloud-centric-shift-after-the-pandemic,Cloud-centric shift after the pandemic,technology,Cloud-centric shift after the pandemic,,
cloud-computing,Cloud computing,technology,Cloud Computing;Cloud computing,,
cloud-computing-saas-paas,"Cloud computing (SaaS, PaaS)",technology,"Cloud computing (SaaS, PaaS)",,
cloud-computing-versus-desktop-software,cloud computing versus desktop software,other,cloud computing versus desktop software,,
cloud-cost-management-finops,Cloud cost management (FinOps),technology,Cloud cost management (FinOps),,
cloud-data-ecosystems,Cloud Data Ecosystems,technology,Cloud Data Ecosystems,,
cloud-delivery-of-consulting-and-si-revenue,Cloud delivery of consulting and SI revenue,technology,Cloud delivery of consulting and SI revenue,,
cloud-development-environments,Cloud Development Environments,technology,Cloud Development Environments,,
cloud-ecosystem-for-automation,Cloud ecosystem for automation,technology,Cloud ecosystem for automation,,
cloud-ecosystem-vendor-consolidation,Cloud ecosystem vendor consolidation,technology,Cloud ecosystem vendor consolidation,,
cloud-gaming,Cloud gaming,quantity,Cloud gaming,,
cloud-injections,Cloud Injections,technology,Cloud Injections,,
cloud-megaplatform-concentration,Cloud megaplatform concentration,technology,Cloud megaplatform concentration,,
cloud-modernization-for-ai,Cloud modernization for AI,technology,Cloud modernization for AI,,
cloud-native,Cloud-Native,technology,Cloud-Native;Cloud-native apps,,
cloud-neutrality,Cloud Neutrality,technology,Cloud Neutrality,,
cloud-orchestration-multicloud-and-hybrid,Cloud orchestration (multicloud and hybrid),technology,Cloud orchestration (multicloud and hybrid),,
cloud-out-to-edge,Cloud-Out to Edge,technology,Cloud-Out to Edge,,
cloud-programming,Cloud Programming,technology,Cloud Programming,,
cloud-provider-selection,Cloud provider selection,technology,Cloud provider selection,,
cloud-robotics,Cloud Robotics,technology,Cloud Robotics,,
cloud-security-failures,Cloud security failures,technology,Cloud security failures,,
cloud-security-testing,Cloud security testing,technology,Cloud security testing,,
cloud-seeding,Cloud Seeding,technology,Cloud Seeding,,
cloud-share-of-it-spending,Cloud share of IT spending,technology,Cloud share of IT spending,,
cloud-spending,Cloud spending,technology,Cloud spending,,
cloud-strain-from-ai-boom,Cloud Strain From AI Boom,technology,Cloud Strain From AI Boom,,
cloud-streaming,Cloud Streaming,technology,Cloud Streaming,,
cloud-sustainability,Cloud Sustainability,technology,Cloud Sustainability,,
cloud-value,Cloud value,technology,Cloud value,,
cloud-web-platforms,Cloud/Web Platforms,technology,Cloud/Web Platforms,,
cloud-xr-gaming,Cloud XR Gaming,technology,Cloud XR Gaming,,
co-warehousing,Co-Warehousing,technology,Co-Warehousing,,
co2-based-industrial-materials,CO2-Based Industrial Materials,technology,CO2-Based Industrial Materials,,
co2-based-materials,CO2-Based Materials,technology,CO2-Based Materials,,
co2-emissions,CO2 emissions,quantity,CO2 emissions,,
co2-storage,CO2 Storage,technology,CO2 Storage,,
coal,coal,quantity,coal,,
coalition-of-the-unwilling,Coalition of the unwilling,risk,Coalition of the unwilling,,
cobots,Cobots,technology,Cobots,,
cochlear-implants-widely-used,Cochlear implants widely used,technology,Cochlear implants widely used,,
cognitive-active-safety-features,Cognitive Active Safety Features,technology,Cognitive Active Safety Features,,
cognitive-analytics-ai-machine-learning-nlp,"Cognitive analytics (AI, machine learning, NLP)",technology,"Cognitive analytics (AI, machine learning, NLP)",,
cognitive-and-neural-optimization,Cognitive and Neural Optimization,technology,Cognitive and Neural Optimization,,
cognitive-computing,Cognitive Computing,technology,Cognitive Computing,,
cognitive-effects-of-hyperconnectivity-on-young-people,cognitive effects of hyperconnectivity on young people,other,cognitive effects of hyperconnectivity on young people,,
cognitive-expert-advisors,Cognitive Expert Advisors,technology,Cognitive Expert Advisors,,
cognitive-offloading,Cognitive Offloading,technology,Cognitive Offloading,,
cognitive-radio,Cognitive Radio,technology,Cognitive Radio,,
cognitive-services-in-apps,Cognitive services in apps,technology,Cognitive services in apps,,
cognitive-technologies-ai-in-enterprise-software,Cognitive technologies (AI) in enterprise software,technology,Cognitive technologies (AI) in enterprise software,,
cold-war-2-0,Cold War 2.0,risk,Cold War 2.0,,
collaborative-robotics,Collaborative Robotics,technology,Collaborative Robotics,,
collaborative-robots,Collaborative robots,technology,Collaborative Robots;Collaborative robots,,
collaborative-software,Collaborative Software,technology,Collaborative Software,,
collective-intelligence,Collective Intelligence,technology,Collective Intelligence,,
colombia-farc-peace-agreement,Colombia-FARC peace agreement,other,Colombia-FARC peace agreement,,
colour-screen-handsets,Colour-screen handsets,technology,Colour-screen handsets,,
commercial-and-military-space-integration,Commercial and Military Space Integration,technology,Commercial and Military Space Integration,,
commercial-full-body-exoskeletons,Commercial Full-Body Exoskeletons,technology,Commercial Full-Body Exoskeletons,,
commercial-grids,Commercial Grids,technology,Commercial Grids,,
commercial-nanomachines,Commercial nanomachines,technology,Commercial nanomachines,,
commercial-quadrupedal-robots,Commercial Quadrupedal Robots,technology,Commercial Quadrupedal Robots,,
commercial-space-programs,Commercial Space Programs,technology,Commercial Space Programs,,
commercial-space-stations,Commercial space stations,technology,Commercial space stations,,
commercial-spaceflight,Commercial spaceflight,technology,Commercial spaceflight;Private spaceflight,,
commercial-uavs,Commercial UAVs,technology,Commercial UAVs;Commercial UAVs (Drones);UAVs,agricultural-drones;drone-delivery;drones;mass-market-military-drones,
commitment-to-sustainable-sports,Commitment to Sustainable Sports,technology,Commitment to Sustainable Sports,,
commodity-shocks,Commodity shocks,risk,Commodity shocks,,
community-and-local-currencies,Community and local currencies,other,Community and local currencies,,
community-audio,Community Audio,technology,Community Audio,,
community-based-efforts,Community-based Efforts,technology,Community-based Efforts,,
community-dashboards,Community Dashboards,technology,Community Dashboards,,
community-developed-content-cdc,Community-Developed Content (CDC),technology,Community-Developed Content (CDC),,
community-resilience-interventions,Community Resilience Interventions,technology,Community Resilience Interventions,,
companies-co-creating-with-skilled-consumers-crowdsourcing,Companies co-creating with skilled consumers (crowdsourcing),other,Companies co-creating with skilled consumers (crowdsourcing),,
companies-enabled-by-new-model-capabilities,Companies enabled by new model capabilities,technology,Companies enabled by new model capabilities,,
companies-manipulating-a-i-systems-for-competitive-advantage,Companies Manipulating A.I. Systems for Competitive Advantage,technology,Companies Manipulating A.I. Systems for Competitive Advantage,,
companies-open-sourcing-sustainability-solutions,Companies open-sourcing sustainability solutions,other,Companies open-sourcing sustainability solutions,,
companies-sunsetting-implant-support,Companies Sunsetting Implant Support,technology,Companies Sunsetting Implant Support,,
comparative-interactomics,Comparative Interactomics,technology,Comparative Interactomics,,
compassionate-cause-linked-discounts,"Compassionate, cause-linked discounts",other,"Compassionate, cause-linked discounts",,
complementary-work,Complementary Work,technology,Complementary Work,,
complete-virtuality,Complete virtuality,technology,Complete virtuality,,
completing-the-human-genome,Completing the Human Genome,technology,Completing the Human Genome,,
complex-event-processing,Complex-Event Processing,technology,Complex Event Processing;Complex-Event Processing,,
compliance-challenges-and-unrealistic-budgets,Compliance Challenges and Unrealistic Budgets,technology,Compliance Challenges and Unrealistic Budgets,,
compliance-software,Compliance software,technology,Compliance software,,
complicated-legal-decisions,Complicated Legal Decisions,technology,Complicated Legal Decisions,,
composable-applications,Composable Applications,technology,Composable Applications,,
composable-business,Composable business,technology,Composable business,,
composable-enterprise,Composable Enterprise,technology,Composable Enterprise,,
composable-networks,Composable Networks,technology,Composable Networks,,
composite-ai,Composite AI,technology,Composite AI;Composite AI adoption,,
comprehensive-carbon-accounting-for-businesses,Comprehensive Carbon Accounting for Businesses,technology,Comprehensive Carbon Accounting for Businesses,,
compressed-air-energy-storage,Compressed Air Energy Storage,technology,Compressed Air Energy Storage,,
compressed-air-storage-caes,Compressed Air Storage (CAES),technology,Compressed Air Storage (CAES),,
computation-everywhere-for-students,Computation everywhere for students,technology,Computation everywhere for students,,
computational-biology-advancements,Computational Biology Advancements,technology,Computational Biology Advancements,,
computational-journalism,Computational Journalism,technology,Computational Journalism,,
computational-photography,Computational photography,technology,Computational Photography;Computational photography,,
computational-storage,Computational Storage,technology,Computational Storage,,
computer-and-communication-security-is-priority,Computer and communication security is priority,technology,Computer and communication security is priority,,
computer-chess-world-champion,Computer chess world champion,technology,Computer chess world champion,,
computer-directed-reporting,Computer-Directed Reporting,technology,Computer-Directed Reporting,,
computer-displays-built-into-eyeglasses,Computer displays built into eyeglasses,technology,Computer displays built into eyeglasses,,
computer-displays-have-all-the-qualities-of-paper,Computer displays have all the qualities of paper,technology,Computer displays have all the qualities of paper,,
computer-using-agents,Computer-Using Agents,technology,Computer-Using Agents,,
computer-vision-in-the-physical-world,Computer vision in the physical world,technology,Computer vision in the physical world,,
computerized-prosthetics,Computerized prosthetics,technology,Computerized prosthetics,,
computers-are-essential-knowledge-tools,Computers are essential knowledge tools,technology,Computers are essential knowledge tools,,
computers-have-wireless-internet-connectivity,Computers have wireless Internet connectivity,technology,Computers have wireless Internet connectivity,,
computers-include-video-cameras-face-recognition,"Computers include video cameras, face recognition",technology,"Computers include video cameras, face recognition",,
computers-play-central-role-in-education,Computers play central role in education,technology,Computers play central role in education,,
concentrated-solar,Concentrated Solar,technology,Concentrated Solar,,
concern-about-machine-intelligence,Concern about machine intelligence,technology,Concern about machine intelligence,,
concern-grows-over-genetic-data-ownership,Concern Grows Over Genetic Data Ownership,technology,Concern Grows Over Genetic Data Ownership,,
conditional-money,Conditional Money,technology,Conditional Money,,
confidential-computing,Confidential Computing,technology,Confidential Computing,,
conflicting-norms-standards-and-regulations-for-scoring,"Conflicting Norms, Standards and Regulations for Scoring",technology,"Conflicting Norms, Standards and Regulations for Scoring",,
conflicting-norms-standards-and-regulations-in-scoring,"Conflicting Norms, Standards, and Regulations in Scoring",technology,"Conflicting Norms, Standards, and Regulations in Scoring",,
conflicting-views-about-institutional-roles,Conflicting Views About Institutional Roles,technology,Conflicting Views About Institutional Roles,,
congress,Congress,risk,Congress,,
connected-clothing,Connected Clothing,technology,Connected Clothing,,
connected-device-security-loopholes,Connected Device Security Loopholes,technology,Connected Device Security Loopholes,,
connected-devices,connected devices,quantity,Connected devices;connected devices,,
connected-fabrics,Connected Fabrics,technology,Connected Fabrics,,
connected-fabrics-and-apparel,Connected Fabrics and Apparel,technology,Connected Fabrics and Apparel,,
connected-home,Connected Home,technology,Connected Home,,
connected-intelligent-machines,Connected Intelligent Machines,technology,Connected Intelligent Machines,,
connected-objects-enabling-shared-access,Connected objects enabling shared access,other,Connected objects enabling shared access,,
connected-pcs,Connected PCs,technology,Connected PCs,,
connected-products-and-software-updates,Connected products and software updates,technology,Connected products and software updates,,
connected-things-requesting-support,Connected things requesting support,technology,Connected things requesting support,,
connected-toys,Connected Toys,technology,Connected Toys,,
connected-tv,Connected TV,technology,Connected TV,,
connected-tv-advertising,Connected TV advertising,quantity,Connected TV advertising,,
connected-tvs,Connected TVs,technology,Connected TVs,,
connected-wellbeing-and-vr-assisted-therapy,Connected Wellbeing and VR Assisted Therapy,technology,Connected Well-being and VR Assisted Therapy;Connected Wellbeing and VR Assisted Therapy,,
connectomics,Connectomics,technology,Connectomics,,
conservative-party-leadership-challenge,Conservative Party leadership challenge,other,Conservative Party leadership challenge,,
considering-environmental-impacts-of-health-care,Considering Environmental Impacts of Health Care,technology,Considering Environmental Impacts of Health Care,,
considering-health-equity,Considering Health Equity,technology,Considering Health Equity,,
consolidation,Consolidation,technology,Consolidation,,
consolidation-in-ai,Consolidation in AI,technology,Consolidation in AI,,
consolidation-in-ai-s-ecosystem,Consolidation in AI’s Ecosystem,technology,Consolidation in AI’s Ecosystem,,
constellation-management,Constellation Management,technology,Constellation Management,,
construction,Construction,technology,Construction,,
consumer-3d-printing,Consumer 3D Printing,technology,Consumer 3D Printing,3d-printing,
consumer-ai-applications,Consumer AI applications,technology,Consumer AI applications,,
consumer-ai-for-social-connection,Consumer AI for social connection,technology,Consumer AI for social connection,,
consumer-ai-user-experience,Consumer AI user experience,technology,Consumer AI user experience,,
consumer-brain-computer-interface-products,Consumer Brain-Computer Interface Products,technology,Consumer Brain-Computer Interface Products,,
consumer-centred-internet-of-things,Consumer-centred Internet of Things,other,Consumer-centred Internet of Things,,
consumer-customization-of-technology-with-generative-ai,Consumer customization of technology with generative AI,other,Consumer customization of technology with generative AI,,
consumer-data-protection,Consumer data protection,technology,Consumer data protection,,
consumer-designed-physical-products-digital-design-to-manufacturing,Consumer-designed physical products (digital design to manufacturing),other,Consumer-designed physical products (digital design to manufacturing),,
consumer-device,Consumer > Device,technology,Consumer > Device,,
consumer-device-revenue,Consumer device revenue,technology,Consumer device revenue,,
consumer-device-targeting,Consumer Device Targeting,technology,Consumer Device Targeting,,
consumer-electronics-energy-use,Consumer electronics energy use,technology,Consumer electronics energy use,,
consumer-facing-artificial-intelligence,Consumer-facing artificial intelligence,other,Consumer-facing artificial intelligence,,
consumer-facing-robo-advisers,Consumer-Facing Robo-Advisers,technology,Consumer-Facing Robo-Advisers,,
consumer-generated-media,Consumer-Generated Media,technology,Consumer-Generated Media,,
consumer-grade-ai-applications,Consumer-Grade AI Applications,technology,Consumer-Grade A.I. Applications;Consumer-Grade AI Applications;Consumer-grade AI Applications,,
consumer-health-technology-biomarkers-wearables-screening,"Consumer health technology (biomarkers, wearables, screening)",technology,"Consumer health technology (biomarkers, wearables, screening)",,
consumer-healthcare,Consumer healthcare,technology,Consumer healthcare,,
consumer-impact-of-social-media-scandals,Consumer impact of social media scandals,technology,Consumer impact of social media scandals,,
consumer-iot-vulnerabilities,Consumer IoT Vulnerabilities,technology,Consumer IoT Vulnerabilities,,
consumer-obfuscation-of-behavior-tracking,Consumer obfuscation of behavior tracking,technology,Consumer obfuscation of behavior tracking,,
consumer-participation-in-brand-cause-campaigns,Consumer participation in brand cause campaigns,other,Consumer participation in brand cause campaigns,,
consumer-preventive-healthcare-healthy-maus,"Consumer preventive healthcare (""healthy MAUs"")",technology,"Consumer preventive healthcare (""healthy MAUs"")",,
consumer-reviews-and-price-opinion-transparency-online,Consumer reviews and price/opinion transparency online,other,Consumer reviews and price/opinion transparency online,,
consumer-technology-demand,Consumer technology demand,technology,Consumer technology demand,,
consumer-technology-identity-and-personalization,Consumer technology identity and personalization,technology,Consumer technology identity and personalization,,
consumer-telematics,Consumer Telematics,technology,Consumer Telematics,,
consumer-tracking-and-alert-services,Consumer tracking and alert services,other,Consumer tracking and alert services,,
consumerization,Consumerization,technology,Consumerization,,
consumerization-of-it,Consumerization of IT,technology,Consumerization of IT,,
consumers-as-curators-and-taste-matched-recommendation,Consumers as curators and taste-matched recommendation,other,Consumers as curators and taste-matched recommendation,,
consumers-monetizing-their-own-personal-data,Consumers monetizing their own personal data,other,Consumers monetizing their own personal data,,
consumers-using-their-own-data,Consumers using their own data,other,Consumers using their own data,,
consumption-no-longer-defined-by-demographics,Consumption no longer defined by demographics,other,Consumption no longer defined by demographics,,
contact-lens-displays,Contact Lens Displays,technology,Contact Lens Displays,,
contact-tracing,Contact Tracing,technology,Contact Tracing,,
contactless-payments,Contactless Payments,technology,Contactless Payments,,
contain-and-control-security,Contain-and-control security,technology,Contain-and-control security,,
container-api-playbook,Container/API playbook,technology,Container/API playbook,,
content-analytics,Content Analytics,technology,Content Analytics,,
content-delivery-networks,Content delivery networks,technology,Content delivery networks,,
content-moderation-as-ceo-priority,Content moderation as CEO priority,technology,Content moderation as CEO priority,,
content-moderation-in-the-name-of-national-security,Content Moderation in the Name of National Security,technology,Content Moderation in the Name of National Security,,
content-provenance-and-permanent-archiving,Content Provenance and Permanent Archiving,technology,Content Provenance and Permanent Archiving,,
content-verification,Content Verification,technology,Content Verification,,
content-verification-in-a-deepfake-era,Content Verification in a Deepfake Era,technology,Content Verification in a Deepfake Era,,
context-aware-computing,Context-aware computing,technology,Context-aware computing,context-aware-mobile-services;context-delivery-architecture;context-enriched-services,
context-aware-earwear,Context-Aware Earwear,technology,Context-Aware Earwear,,
context-aware-mobile-services,Context-aware mobile services,technology,Context-aware mobile services,context-aware-computing,
context-aware-service-channels,Context-aware service channels,other,Context-aware service channels,,
context-aware-services,Context-aware services,technology,Context-aware services,,
context-brokering,Context Brokering,technology,Context Brokering,,
context-delivery-architecture,Context Delivery Architecture,technology,Context Delivery Architecture,context-aware-computing,
context-enriched-services,Context-Enriched Services,technology,Context-Enriched Services,context-aware-computing,
continued-economic-expansion,Continued economic expansion,technology,Continued economic expansion,,
continued-media-consolidation,Continued Media Consolidation,technology,Continued Media Consolidation,,
continuing-education-for-employees,Continuing education for employees,technology,Continuing education for employees,,
continuous-additive-manufacturing,Continuous Additive Manufacturing,technology,Continuous Additive Manufacturing,,
continuous-factory-in-a-box,Continuous Factory-In-A-Box,technology,Continuous Factory-In-A-Box,,
continuous-innovation-capability,Continuous innovation capability,technology,Continuous innovation capability,,
continuous-learning,Continuous Learning,technology,Continuous Learning,,
continuous-partial-attention,Continuous Partial Attention,technology,Continuous Partial Attention,,
control-systems-for-ecosystems,Control systems for ecosystems,technology,Control systems for ecosystems,,
controlled-self-assembly,Controlled self-assembly,technology,Controlled self-assembly,,
converged-mobile-phones,Converged mobile phones,technology,Converged mobile phones,,
conversational-ai-platform,Conversational AI Platform,technology,Conversational AI Platform,,
conversational-user-interfaces,Conversational User Interfaces,technology,Conersation User Interfaces;Conversational Interfaces;Conversational User Interfaces,,
converting-carbon-dioxide-into-building-materials,Converting Carbon Dioxide into Building Materials,technology,Converting Carbon Dioxide into Building Materials,,
cooling-and-green-infrastructure,Cooling & Green Infrastructure,technology,Cooling & Green Infrastructure,,
cop26-glasgow,COP26 Glasgow,other,COP26 Glasgow,,
copyright-law-and-fair-use-in-synthetic-media,Copyright Law and Fair Use in Synthetic Media,technology,Copyright Law and Fair Use in Synthetic Media,,
copyright-protection-technology,copyright-protection technology,other,copyright-protection technology,,
cord-cutting,Cord Cutting,technology,Cord Cutting,,
core-system-modernization,Core system modernization,technology,Core system modernization,,
core-system-modernization-legacy-erp-cloud-migration,"Core system modernization (legacy, ERP, cloud migration)",technology,"Core system modernization (legacy, ERP, cloud migration)",,
corporate-ai-labs,Corporate AI Labs,technology,Corporate AI Labs,,
corporate-applications-on-personal-devices,Corporate applications on personal devices,technology,Corporate applications on personal devices,,
corporate-biometric-spoofing,Corporate Biometric Spoofing,technology,Corporate Biometric Spoofing,,
corporate-blogging,Corporate Blogging,technology,Coorperate Blogging;Coorperate blogging;Corporate Blogging,,
corporate-denial-of-service-cdos,Corporate Denial-of-Service (CDoS),technology,Corporate Denial-of-Service (CDoS),,
corporate-environmental-responsibility,Corporate Environmental Responsibility,technology,Corporate Environmental Responsibility,,
corporate-foreign-policy,Corporate Foreign Policy,technology,Corporate Foreign Policy,,
corporate-meteorologists,Corporate Meteorologists,technology,Corporate Meteorologists,,
corporate-microgrids,Corporate microgrids,technology,Corporate microgrids,,
corporate-partnerships,Corporate Partnerships,technology,Corporate Partnerships,,
corporate-semantic-web,Corporate Semantic Web,technology,Coorperate Semantic Web;Corporate Semantic Web,,
corporate-social-responsibility,Corporate social responsibility,technology,Corporate social responsibility,,
corporate-social-responsibility-and-impact-awareness,Corporate Social Responsibility and Impact Awareness,technology,Corporate Social Responsibility and Impact Awareness,,
corporate-transparency,Corporate transparency,other,Corporate transparency,,
corporates-adopt-net-zero-energy,Corporates Adopt Net-Zero Energy,technology,Corporates Adopt Net-Zero Energy,,
corporates-losing-the-culture-wars,Corporates losing the culture wars,risk,Corporates losing the culture wars,,
corruption,Corruption,risk,Corruption,,
cost-of-living-crisis,Cost-of-living crisis,risk,Cost-of-living crisis,,
cost-of-training-models,Cost of Training Models,technology,Cost of Training Models,,
counterfeit-chip-detection,Counterfeit Chip Detection,technology,Counterfeit Chip Detection,,
counterfeit-reality-deepfakes,Counterfeit reality / deepfakes,technology,Counterfeit reality / deepfakes,deepfake-detection,
counterfeit-reality-fabricated-media,Counterfeit reality / fabricated media,technology,Counterfeit reality / fabricated media,,
countering-ai-generated-misinformation,Countering AI-generated misinformation,other,Countering AI-generated misinformation,,
countering-overstimulation,Countering Overstimulation,technology,Countering Overstimulation,,
counterspace-capabilities,Counterspace Capabilities,technology,Counterspace Capabilities,,
countries-creating-digital-decentralized-currencies,Countries Creating Digital Decentralized Currencies,technology,Countries Creating Digital Decentralized Currencies,,
countries-develop-national-ai-strategies,Countries Develop National AI Strategies,technology,Countries Develop National AI Strategies,,
countries-try-to-regulate-ai-but-plans-diverge,"Countries try to regulate AI, but plans diverge",technology,"Countries try to regulate AI, but plans diverge",,
country-level-space-initiatives,Country-Level Space Initiatives,technology,Country-Level Space Initiatives,,
cover-line-predictions-for-1987,Cover-line predictions for 1987,other,Cover-line predictions for 1987,,
covid-19-organoids,COVID-19 Organoids,technology,COVID-19 Organoids,,
covid-19-sensors,COVID-19 Sensors,technology,COVID-19 Sensors,,
covid-related-hacking,COVID-Related Hacking,technology,COVID-Related Hacking,,
covid-variant-tracking,Covid variant tracking,technology,Covid variant tracking,,
cracking-down-on-big-tech,Cracking down on Big Tech,technology,Cracking down on Big Tech,,
cracks-in-support-for-ukraine,Cracks in support for Ukraine,risk,Cracks in support for Ukraine,,
crash-proof-code,Crash-Proof Code,technology,Crash-Proof Code,,
creating-3d-models-from-flat-2d-images,Creating 3D Models from Flat 2D Images,technology,Creating 3D Models from Flat 2D Images,,
creating-specialized-language-models,Creating Specialized Language Models,technology,Creating Specialized Language Models,,
creating-synthetic-wombs,Creating Synthetic Wombs,technology,Creating Synthetic Wombs,,
creator-economy-and-consumer-entrepreneurship,Creator economy and consumer entrepreneurship,other,Creator economy and consumer entrepreneurship,,
creator-empowerment,Creator Empowerment,technology,Creator Empowerment,,
credibility-scoring-and-anonymity,Credibility Scoring and Anonymity,technology,Credibility Scoring and Anonymity,,
credit-card-debt-on-bank-balance-sheets,Credit card debt on bank balance sheets,quantity,Credit card debt on bank balance sheets,,
credit-card-interest-income,Credit card interest income,quantity,Credit card interest income,,
crewed-lunar-flyby-artemis-ii,Crewed lunar flyby (Artemis II),other,Crewed lunar flyby (Artemis II),,
crispr,CRISPR,technology,CRISPR,,
crispr-animals,CRISPR Animals,technology,CRISPR Animals,,
crispr-based-antibiotics,CRISPR-Based Antibiotics,technology,CRISPR-Based Antibiotics,,
crispr-crops,CRISPR Crops,technology,CRISPR Crops,,
crispr-diagnostics,CRISPR Diagnostics,technology,CRISPR Diagnostics,,
crispr-edited-crops,CRISPR Edited Crops,technology,CRISPR Edited Crops,,
crispr-for-high-cholesterol,CRISPR for high cholesterol,technology,CRISPR for high cholesterol,gene-editing,
crispr-in-agriculture,CRISPR in agriculture,quantity,CRISPR in agriculture,gene-editing,
crispr-modified-livestock,CRISPR Modified Livestock,technology,CRISPR Modified Livestock,,
crispr-mosquitoes,CRISPR Mosquitoes,technology,CRISPR Mosquitoes,,
crispr-opens-new-chapter-in-animal-research,CRISPR Opens New Chapter in Animal Research,technology,CRISPR Opens New Chapter in Animal Research,,
crispr-therapies,CRISPR Therapies,technology,CRISPR Therapies,,
crispr-treatment-for-diseases,CRISPR Treatment for Diseases,technology,CRISPR Treatment for Diseases,,
critical-change-to-earth-systems,Critical change to Earth systems,risk,Critical change to Earth systems,,
critical-information-infrastructure-breakdown,Critical information infrastructure breakdown,risk,Breakdown of critical information infrastructure;Critical information infrastructure breakdown,,
critical-infrastructure-targets,Critical Infrastructure Targets,technology,Critical Infrastructure Targets,,
critical-raw-materials,Critical raw materials,technology,Critical raw materials,,
crop-sensors,Crop sensors,technology,Crop sensors,,
crops,Crops,technology,Crops,,
cross-chain-interoperability-advancements,Cross-Chain Interoperability Advancements,technology,Cross-Chain Interoperability Advancements,,
cross-industry-offerings,Cross-industry offerings,technology,Cross-industry offerings,,
cross-laminated-timber,Cross-Laminated Timber,technology,Cross-Laminated Timber,,
crowded-skies,Crowded Skies,technology,Crowded Skies,,
crowdfunding,Crowdfunding,technology,Crowdfunding,,
crowdfunding-pre-ordering-and-consumer-equity,"Crowdfunding, pre-ordering and consumer equity",other,"Crowdfunding, pre-ordering and consumer equity",,
crowdlearning,Crowdlearning,technology,Crowdlearning,,
crowdsleuthing,Crowdsleuthing,technology,Crowdsleuthing,,
crowdsourced-innovation-in-consumer-goods,Crowdsourced innovation in consumer goods,technology,Crowdsourced innovation in consumer goods,,
crowdsourcing,Crowdsourcing,technology,Crowdsourcing,,
crowdsourcing-revenue-boost,Crowdsourcing revenue boost,technology,Crowdsourcing revenue boost,,
crowdsourcing-that-rewards-the-best-contributors,Crowdsourcing that rewards the best contributors,other,Crowdsourcing that rewards the best contributors,,
crypto-agility,Crypto-Agility,technology,Crypto-Agility,,
crypto-app-stores-and-discovery,Crypto app stores and discovery,technology,Crypto app stores and discovery,,
crypto-company-business-models-beyond-trading,Crypto company business models beyond trading,technology,Crypto company business models beyond trading,,
crypto-goes-green,Crypto Goes Green,technology,Crypto Goes Green,,
crypto-mining-fuels-green-energy,Crypto Mining Fuels Green Energy,technology,Crypto Mining Fuels Green Energy,,
crypto-mining-malware,Crypto-Mining Malware,technology,Crypto-Mining Malware,,
crypto-native-asset-origination-and-stablecoins,Crypto-native asset origination and stablecoins,technology,Crypto-native asset origination and stablecoins,,
crypto-trading-bots,Crypto Trading Bots,technology,Crypto Trading Bots,,
crypto-user-experience-passkeys-smart-accounts-embedded-wallets,"Crypto user experience (passkeys, smart accounts, embedded wallets)",technology,"Crypto user experience (passkeys, smart accounts, embedded wallets)",,
crypto-verification-of-ai-generated-games,Crypto verification of AI-generated games,technology,Crypto verification of AI-generated games,,
crypto-wallets-for-ai-agents,Crypto wallets for AI agents,technology,Crypto wallets for AI agents,,
cryptoasset-market-value,Cryptoasset market value,quantity,Cryptoasset market value,,
cryptocurrencies,Cryptocurrencies,technology,Cryptocurrencies,bitcoin;blockchain;cryptocurrency-exchange;digital-money,
cryptocurrency-exchange,Cryptocurrency Exchange,technology,Cryptocurrency Exchange,cryptocurrencies,
cryptographic-certainty-in-digital-transactions,Cryptographic Certainty in Digital Transactions,technology,Cryptographic Certainty in Digital Transactions,,
cuba,Cuba,other,Cuba,,
cultivated-collagen,Cultivated Collagen,technology,Cultivated Collagen,,
cultivated-food-and-beverage,Cultivated Food and Beverage,technology,Cultivated Food and Beverage,,
cultivated-lab-grown-meat,Cultivated (lab-grown) meat,other,Cultivated (lab-grown) meat,,
cultivated-meat,Cultivated meat,technology,Cultivated meat,,
cultured-meat,Cultured Meat,technology,Cultured Meat,,
cultured-proteins,Cultured Proteins,technology,Cultured Proteins,,
curated-tasting,Curated Tasting,technology,Curated Tasting,,
custom-ai-chips,Custom AI Chips,technology,Custom AI Chips,,
custom-assistant-personalities,Custom assistant personalities,technology,Custom assistant personalities,,
custom-cancer-vaccines,Custom cancer vaccines,technology,Custom cancer vaccines,,
custom-cells,Custom Cells,technology,Custom Cells,,
custom-tissue-banks-will-drive-personalized-medicine,Custom Tissue Banks Will Drive Personalized Medicine,technology,Custom Tissue Banks Will Drive Personalized Medicine,,
customer-and-ecosystem-facing-it-services,Customer- and ecosystem-facing IT services,technology,Customer- and ecosystem-facing IT services,,
customer-and-personnel-recognition-systems,Customer and Personnel Recognition Systems,technology,Customer and Personnel Recognition Systems,,
customer-behavior-intelligence,Customer behavior intelligence,technology,Customer behavior intelligence,,
customer-created-experience-journeys,Customer-created experience journeys,technology,Customer-created experience journeys,,
customer-digital-assistants-with-face-and-voice-recognition,Customer digital assistants with face and voice recognition,technology,Customer digital assistants with face and voice recognition,,
customer-experience-investment,Customer experience investment,technology,Customer experience investment,,
customer-facing-service-robots,Customer-facing service robots,other,Customer-facing service robots,,
customized-machine-learning,Customized Machine Learning,technology,Customized Machine Learning,,
customized-portfolios,Customized Portfolios,technology,Customized Portfolios,,
cyber-attacks,Cyber attacks,risk,Cyber attacks;Cyberattacks,cyber-espionage-and-warfare;cyber-insecurity;cybersecurity-failure;widespread-cybercrime-and-cyber-insecurity,
cyber-espionage-and-warfare,Cyber espionage and warfare,risk,Cyber espionage and warfare,cyber-attacks,
cyber-gloves-off,Cyber gloves off,risk,Cyber gloves off,,
cyber-homicide,Cyber Homicide,technology,Cyber Homicide,,
cyber-insecurity,Cyber insecurity,risk,Cyber insecurity,cyber-attacks,
cyber-mission-forces-in-the-field,Cyber Mission Forces in the Field,technology,Cyber Mission Forces in the Field,,
cyber-recovery-and-high-availability,Cyber-recovery and high availability,technology,Cyber-recovery and high availability,,
cyber-risk-insurance,Cyber Risk Insurance,technology,Cyber Risk Insurance,,
cyber-tipping-point,Cyber tipping point,risk,Cyber tipping point,,
cyber-warfare,Cyber-warfare,technology,Cyber-warfare,,
cyber-warfare-in-space,Cyber Warfare in Space,technology,Cyber Warfare in Space,,
cyberattack-leading-to-physical-retaliation,Cyberattack leading to physical retaliation,technology,Cyberattack leading to physical retaliation,,
cyberattacks-on-software-flaws,Cyberattacks on software flaws,technology,Cyberattacks on software flaws,,
cyberbiosecurity,Cyberbiosecurity,technology,Cyberbiosecurity,,
cyberbullying-affidavits,Cyberbullying affidavits,technology,Cyberbullying affidavits,,
cybercrime-costs,Cybercrime costs,technology,Cybercrime costs,,
cybernetic-artists-affiliated-with-humans,Cybernetic artists affiliated with humans,technology,Cybernetic artists affiliated with humans,,
cybernetic-teammate,Cybernetic Teammate,technology,Cybernetic Teammate,,
cybersecurity,Cybersecurity,technology,Cybersecurity,,
cybersecurity-and-geopolitics,Cybersecurity and geopolitics,risk,Cybersecurity and geopolitics,,
cybersecurity-failure,Cybersecurity failure,risk,Cybersecurity failure,cyber-attacks,
cybersecurity-mesh-architecture,Cybersecurity Mesh Architecture,technology,Cybersecurity Mesh Architecture,,
cybersecurity-physical-cyber-threats,Cybersecurity (physical-cyber threats),technology,Cybersecurity (physical-cyber threats),,
cybersickness,Cybersickness,technology,Cybersickness,,
cyberthreats,Cyberthreats,technology,Cyberthreats,,
cycling-and-e-bikes,Cycling and e-bikes,technology,Cycling and e-bikes,,
dann-logic,DANN Logic,technology,DANN Logic,,
dark-genome-exploration-unlocks-hidden-functions,Dark Genome Exploration Unlocks Hidden Functions,technology,Dark Genome Exploration Unlocks Hidden Functions,,
dark-net,Dark Net,technology,Dark Net;Darknets,,
darq-technologies-distributed-ledger-ai-extended-reality-quantum-computing,"DARQ technologies (distributed ledger, AI, extended reality, quantum computing)",technology,"DARQ technologies (distributed ledger, AI, extended reality, quantum computing)",,
data,Data,technology,Data,,
data-as-a-problem,Data-as-a-Problem,technology,Data-as-a-Problem,,
data-as-a-product-architectures,Data-as-a-product architectures,technology,Data-as-a-product architectures,,
data-as-a-service-revenue,Data as a service revenue,technology,Data as a service revenue,,
data-broker-paas-dbrpaas,Data Broker PaaS (dbrPaaS),technology,Data Broker PaaS (dbrPaaS),,
data-center-capacity-demand,Data center capacity demand,technology,Data center capacity demand,,
data-center-cities,Data Center Cities,technology,Data Center Cities,,
data-center-electricity-use,Data center electricity use,technology,Data center electricity use,,
data-center-energy-efficiency,Data center energy efficiency,technology,Data center energy efficiency,,
data-center-power-and-cooling,Data center power and cooling,technology,Data center power and cooling,,
data-clean-rooms-and-exchanges,Data clean rooms and exchanges,technology,Data clean rooms and exchanges,,
data-collection-in-critical-industries,Data collection in critical industries,technology,Data collection in critical industries,,
data-controls-and-valuation,Data controls and valuation,technology,Data controls and valuation,,
data-driven-diagnostics,Data-driven diagnostics,technology,Data-driven diagnostics,,
data-driven-patient-communities,Data-driven patient communities,technology,Data-driven patient communities,,
data-enriched-broadcasting,Data-enriched Broadcasting,technology,Data-Enriched Broadcasting;Data-enriched Broadcasting,,
data-fabric,Data Fabric,technology,Data Fabric,,
data-fraud-or-theft,Data fraud or theft,risk,Data fraud or theft,,
data-governance-and-retention-policies,Data Governance and Retention Policies,technology,Data Governance and Retention Policies,,
data-governance-restructuring,Data governance restructuring,technology,Data governance restructuring,,
data-integrity-and-provenance,Data integrity and provenance,technology,Data integrity and provenance,,
data-lakes-offer-insights,Data Lakes Offer Insights,technology,Data Lakes Offer Insights,,
data-leakage-risk,Data leakage risk,technology,Data leakage risk,,
data-localization,Data Localization,technology,Data Localization,,
data-management-for-machine-learning,Data management for machine learning,technology,Data management for machine learning,,
data-manipulation-becomes-the-greater-threat,Data Manipulation Becomes the Greater Threat,technology,Data Manipulation Becomes the Greater Threat,,
data-minimization,Data Minimization,technology,Data Minimization,,
data-mining,Data Mining,technology,Data Mining;Database Mining,,
data-observability,Data Observability,technology,Data Observability,,
data-ownership,Data Ownership,technology,Data Ownership,,
data-platforms,Data platforms,technology,Data Platforms;Data platforms,,
data-poisoning-a-double-edged-sword,Data Poisoning: A Double-Edged Sword,technology,Data Poisoning: A Double-Edged Sword,,
data-privacy,Data privacy,technology,Data privacy,,
data-privacy-and-minimum-required-information,Data Privacy and Minimum Required Information,technology,Data Privacy and Minimum Required Information,,
data-privacy-enforcement-returns,Data Privacy Enforcement Returns,technology,Data Privacy Enforcement Returns,,
data-projectors,Data projectors,technology,Data projectors,,
data-retention,Data Retention,technology,Data Retention,,
data-retention-policies,Data Retention Policies,technology,Data Retention Policies,,
data-science,Data Science,technology,Data Science,,
data-services,Data services,technology,Data services,,
data-sharing-and-privacy-preserving-computation,Data sharing and privacy-preserving computation,technology,Data sharing and privacy-preserving computation,,
data-theft-becomes-data-manipulation,Data Theft Becomes Data Manipulation,technology,Data Theft Becomes Data Manipulation,,
data-transformation-and-governance,Data transformation and governance,technology,Data transformation and governance,,
data-transparency-and-sharing,Data transparency and sharing,technology,Data transparency and sharing,,
data-trusts,Data trusts,technology,Data trusts,,
data-visualization,Data visualization,technology,Data visualization,,
data-visualization-and-analytics,Data visualization and analytics,technology,Data visualization and analytics,,
datamining-crowds,Datamining Crowds,technology,Datamining Crowds,,
dateline-metaverse,Dateline: Metaverse,technology,Dateline: Metaverse,,
ddos-attacks,DDoS attacks,technology,DDoS attacks,,
ddos-attacks-on-the-rise,DDoS Attacks on the Rise,technology,DDoS Attacks on the Rise,,
ddos-attacks-will-increase,DDoS Attacks Will Increase,technology,DDoS Attacks Will Increase,,
de-extincting-animals,De-Extincting Animals,technology,De-Extincting Animals,,
de-extincting-lost-species,De-Extincting Lost Species,technology,De-Extincting Lost Species,,
deal-hunting-as-status,Deal hunting as status,other,Deal hunting as status,,
debt-crises,Debt crises,risk,Debt crises,,
decarbonizing-flight,Decarbonizing Flight,technology,Decarbonizing Flight,,
decarbonizing-mobility,Decarbonizing Mobility,technology,Decarbonizing Mobility,,
decentralized-ai,Decentralized AI,technology,Decentralized AI,,
decentralized-ai-alignment,Decentralized AI Alignment,technology,Decentralized AI Alignment,,
decentralized-autonomous-ai-chatbots,Decentralized autonomous AI chatbots,technology,Decentralized autonomous AI chatbots,,
decentralized-autonomous-organization,Decentralized Autonomous Organization,technology,Decentralized Autonomous Organization,,
decentralized-cloud-computing-services,Decentralized Cloud Computing Services,technology,Decentralized Cloud Computing Services,,
decentralized-content-platforms,Decentralized Content Platforms,technology,Decentralized Content Platforms,,
decentralized-creative-collaborative,Decentralized Creative Collaborative,technology,Decentralized Creative Collaborative,,
decentralized-curation,Decentralized Curation,technology,Decentralized Curation,,
decentralized-energy-on-blockchains,Decentralized energy on blockchains,technology,Decentralized energy on blockchains,,
decentralized-exchanges-and-automated-market-makers,Decentralized Exchanges and Automated Market Makers,technology,Decentralized Exchanges and Automated Market Makers,,
decentralized-fairer-web3,"Decentralized, fairer Web3",other,"Decentralized, fairer Web3",,
decentralized-finance,Decentralized Finance,technology,Decentralized Finance,smart-contract-networks,
decentralized-governance-daos,Decentralized governance (DAOs),technology,Decentralized governance (DAOs),,
decentralized-hacktivists,Decentralized Hacktivists,technology,Decentralized Hacktivists,,
decentralized-identity,Decentralized Identity,technology,Decentralized Identity,,
decentralized-identity-and-social-media,Decentralized identity and social media,technology,Decentralized identity and social media,,
decentralized-physical-infrastructure-networks-depin,Decentralized Physical Infrastructure Networks (DePIN),technology,Decentralized Physical Infrastructure Networks (DePIN),,
decentralized-quantum-resistant-messaging,Decentralized quantum-resistant messaging,technology,Decentralized quantum-resistant messaging,,
decentralized-science-desci-platforms,Decentralized Science (DeSci) Platforms,technology,Decentralized Science (DeSci) Platforms,,
decentralized-web,Decentralized Web,technology,Decentralized Web,,
decentralizing-venture-funding,Decentralizing Venture Funding,technology,Decentralizing Venture Funding,,
decision-intelligence,Decision Intelligence,technology,Decision Intelligence,,
decisions-involve-machine-intelligence,Decisions involve machine intelligence,technology,Decisions involve machine intelligence,,
decisions-to-allow-or-prevent-germline-editing,Decisions to Allow or Prevent Germline Editing,technology,Decisions to Allow or Prevent Germline Editing,,
decryption-keys-made-available-to-authorities,Decryption keys made available to authorities,technology,Decryption keys made available to authorities,,
deep-behaviors-and-predictive-machine-vision,Deep Behaviors and Predictive Machine Vision,technology,Deep Behaviors and Predictive Machine Vision,,
deep-learning,Deep Learning,technology,Deep Learning;Deep Neural Nets;Deep learning,deep-reinforcement-learning;machine-learning,
deep-learning-applied-to-medical-imaging,Deep Learning Applied to Medical Imaging,technology,Deep Learning Applied to Medical Imaging,,
deep-learning-for-farming-and-food-recognition,Deep Learning For Farming and Food Recognition,technology,Deep Learning For Farming and Food Recognition,,
deep-learning-for-food-recognition,Deep Learning for Food Recognition,technology,Deep Learning For Food Recognition;Deep Learning for Food Recognition,,
deep-learning-scales,Deep Learning Scales,technology,Deep Learning Scales,,
deep-linking,Deep Linking,technology,Deep Linking,,
deep-linking-everywhere,Deep Linking Everywhere,technology,Deep Linking Everywhere,,
deep-neural-network-asics,Deep Neural Network ASICs,technology,Deep Neural Network ASICs,ai-chips,
deep-neural-network-speech-recognition,Deep neural network speech recognition,technology,Deep neural network speech recognition,speech-recognition,
deep-neural-networks,Deep Neural Networks,technology,Deep Neural Networks,,
deep-reinforcement-learning,Deep Reinforcement Learning,technology,Deep Reinforcement Learning,deep-learning,
deepening-international-ties,Deepening International Ties,technology,Deepening International Ties,,
deepfake-detection,Deepfake detection,technology,Deepfake Detection;Deepfake detection,counterfeit-reality-deepfakes,
deepfake-detectors,Deepfake Detectors,technology,Deepfake Detectors,,
deepfake-regulation-and-synthetic-media-literacy,Deepfake Regulation and Synthetic Media Literacy,technology,Deepfake Regulation and Synthetic Media Literacy,,
deepfakes-and-synthetic-media-defense,Deepfakes and synthetic media defense,technology,Deepfakes and synthetic media defense,,
deepfakes-for-fun,Deepfakes for Fun,technology,Deepfakes for Fun,,
deepfaking-trust,Deepfaking Trust,technology,Deepfaking Trust,,
default-sustainability-built-into-products-and-processes,Default sustainability built into products and processes,other,Default sustainability built into products and processes,,
defi-ai-hybrids-defai,DeFi AI Hybrids (DeFAI),technology,DeFi AI Hybrids (DeFAI),,
defi-protocols-network-effects,DeFi Protocols Network Effects,technology,DeFi Protocols Network Effects,,
defining-online-harassment,Defining Online Harassment,technology,Defining Online Harassment,,
defining-parenthood,Defining Parenthood,technology,Defining Parenthood,,
defining-patient-access-to-medical-data,Defining Patient Access to Medical Data,technology,Defining Patient Access to Medical Data,,
defining-what-constitutes-online-harassment,Defining What Constitutes Online Harassment,technology,Defining What Constitutes Online Harassment,,
deflation-as-a-positive-development,Deflation as a positive development,technology,Deflation as a positive development,,
deliberately-unstable-business-processes,Deliberately unstable business processes,technology,Deliberately unstable business processes,,
delivery-tracking-and-security,Delivery Tracking and Security,technology,Delivery Tracking and Security,,
demand-for-ai-related-skills-increases-across-sectors,Demand for AI-related Skills Increases Across Sectors,technology,Demand for AI-related Skills Increases Across Sectors,,
demand-for-ai-talent-growing,Demand for AI Talent Growing,technology,Demand for AI Talent Growing,,
demand-for-ai-talent-growing-fast,Demand for AI Talent Growing Fast,technology,Demand for AI Talent Growing Fast,,
demand-for-battery-supported-transportation,Demand for Battery-Supported Transportation,technology,Demand for Battery-Supported Transportation,,
demand-for-electricity,Demand For Electricity,technology,Demand For Electricity,,
demands-for-accountability-and-trust,Demands for Accountability and Trust,technology,Demands for Accountability and Trust,,
democracy,democracy,other,democracy,,
democratizing-creativity,Democratizing Creativity,technology,Democratizing Creativity,,
deorbiting-debris,Deorbiting Debris,technology,Deorbiting Debris,,
deployable-ai-versions-of-you,Deployable AI Versions of You,technology,Deployable AI Versions of You,,
depth-imaging,Depth imaging,technology,Depth imaging,,
depth-of-field-recognition,Depth of Field Recognition,technology,Depth of Field Recognition,,
desalination,Desalination,technology,Desalination,megascale-desalination,
design-and-user-experience-in-the-enterprise,Design and user experience in the enterprise,technology,Design and user experience in the enterprise,,
designer-cells,Designer Cells,technology,Designer Cells,,
designer-phones,Designer phones,technology,Designer phones,,
designing-and-extending-life,Designing and Extending Life,technology,Designing and Extending Life,,
desk-phone-abandonment,Desk phone abandonment,technology,Desk phone abandonment,,
desk-sized-screens,Desk-sized screens,technology,Desk-sized screens,,
desktop-computer-telephony-integration,Desktop Computer-Telephony Integration,technology,Desktop Computer-Telephony Integration,,
desktop-search,Desktop Search,technology,Desktop Search,,
desktop-videoconferencing,Desktop Videoconferencing,technology,Desktop Videoconferencing,,
destination-sporting-events,Destination Sporting Events,technology,Destination Sporting Events,,
detecting-authentic-activity,Detecting Authentic Activity,technology,Detecting Authentic Activity,,
detecting-emotion,Detecting Emotion,technology,Detecting Emotion,,
developer-experience-devex,Developer experience (DevEx),technology,Developer experience (DevEx),,
developer-pc-processor-architecture,Developer PC processor architecture,quantity,Developer PC processor architecture,,
developer-tools-and-application-building-blocks,Developer Tools and Application Building Blocks,technology,Developer Tools and Application Building Blocks,,
developers-as-buyers-of-financial-infrastructure,Developers as buyers of financial infrastructure,technology,Developers as buyers of financial infrastructure,,
developing-countries-real-gdp-growth,Developing countries real GDP growth (World Bank grouping),quantity,real GDP growth,,"Real GDP growth, calendar-year annual average over the previous year, percent. Not Q4-over-Q4 growth (the Fed SEP measure), which needs its own subject. Low- and middle-income countries, World Bank grouping used until January 2016."
developing-economies,developing economies,quantity,developing economies,,
developing-new-legal-frameworks,Developing New Legal Frameworks,technology,Developing New Legal Frameworks,,
developing-next-generation-cyber-tools,Developing Next-Generation Cyber Tools,technology,Developing Next-Generation Cyber Tools,,
developing-practical-tools-for-language-models,Developing Practical Tools for Language Models,technology,Developing Practical Tools for Language Models,,
developing-space-habitats,Developing Space Habitats,technology,Developing Space Habitats,,
device-convergence,Device convergence,technology,Device convergence,,
device-subsidies-and-bundling,Device subsidies and bundling,technology,Device subsidies and bundling,,
devops,DevOps,technology,DevOps,,
devsecops,DevSecOps,technology,DevSecOps,,
dexes-and-amms,DEXes and AMMs,technology,DEXes and AMMs,,
diagnostic-beds,Diagnostic Beds,technology,Diagnostic Beds,,
diagnostics-without-tests,Diagnostics Without Tests,technology,Diagnostics Without Tests,,
diamonds,Diamonds,technology,Diamonds,,
differential-privacy,Differential Privacy,technology,Differential Privacy;Differential privacy,,
diffusion-of-weapons-of-mass-destruction,Diffusion of weapons of mass destruction,risk,Diffusion of weapons of mass destruction;Weapons of mass destruction,,
diffusion-tensor-imaging,Diffusion Tensor Imaging,technology,Diffusion Tensor Imaging,,
digital-addiction,Digital Addiction,technology,Digital Addiction,,
digital-addiction-policies,Digital addiction policies,technology,Digital addiction policies,,
digital-advertising,Digital advertising,quantity,Digital advertising,,
digital-agenda-priorities,Digital agenda priorities,technology,Digital agenda priorities,,
digital-and-ai-skills-tools,Digital and AI skills tools,technology,Digital and AI skills tools,,
digital-associates,Digital Associates,technology,Digital Associates,,
digital-autonomous-organizations-daos,Digital Autonomous Organizations (DAOs),technology,Digital Autonomous Organizations (DAOs),,
digital-beauty,Digital Beauty,technology,Digital Beauty,,
digital-border-clashes,Digital Border Clashes,technology,Digital Border Clashes,,
digital-business-workforce,Digital business workforce,technology,Digital business workforce,,
digital-caliphate,Digital Caliphate,technology,Digital Caliphate,,
digital-celebrities,Digital Celebrities,technology,Digital Celebrities,,
digital-charisma-filters,Digital charisma filters,technology,Digital charisma filters,,
digital-citizenship,Digital Citizenship,technology,Digital Citizenship,,
digital-consent,Digital Consent,technology,Digital Consent,,
digital-consumer,Digital Consumer,technology,Digital Consumer;Digital Consumers,,
digital-consumer-revenue,Digital consumer revenue,quantity,Digital consumer revenue,,
digital-contact-tracing,Digital contact tracing,technology,Digital contact tracing,,
digital-content-provenance-and-authentication,Digital Content Provenance and Authentication,technology,Digital Content Provenance and Authentication,,
digital-core-systems-finance-supply-chain,"Digital core systems (finance, supply chain)",technology,"Digital core systems (finance, supply chain)",,
digital-credit-and-currencies,Digital Credit and Currencies,technology,Digital Credit and Currencies,,
digital-currencies,Digital currencies,technology,Digital currencies,,
digital-customer-relationships,Digital customer relationships,technology,Digital customer relationships,,
digital-data-growth,Digital data growth,technology,Digital data growth,,
digital-dexterity,Digital Dexterity,technology,Digital Dexterity,,
digital-divide,Digital divide,technology,Digital divide,,
digital-dividends,Digital Dividends,technology,Digital Dividends,,
digital-dividends-to-fund-universal-basic-income-plans,Digital Dividends to Fund Universal Basic Income Plans,technology,Digital Dividends to Fund Universal Basic Income Plans,,
digital-download-management,Digital download management,technology,Digital download management,,
digital-eavesdropping-rights,Digital Eavesdropping Rights,technology,Digital Eavesdropping Rights,,
digital-ecosystems,Digital ecosystems,technology,Digital ecosystems,,
digital-emissions,Digital Emissions,technology,Digital Emissions,,
digital-engagement-content-and-context,Digital engagement (content and context),technology,Digital engagement (content and context),,
digital-evolution-ai-spontaneously-self-replicates,Digital Evolution: AI Spontaneously Self-Replicates,technology,Digital Evolution: AI Spontaneously Self-Replicates,,
digital-extensions-of-consumer-products,Digital extensions of consumer products,technology,Digital extensions of consumer products,,
digital-fashion,Digital Fashion,technology,Digital Fashion,,
digital-fashion-in-virtual-worlds,Digital fashion in virtual worlds,technology,Digital fashion in virtual worlds,,
digital-fitness-and-health-tech,Digital Fitness and Health Tech,technology,Digital Fitness and Health Tech,,
digital-fitness-and-training,Digital Fitness and Training,technology,Digital Fitness and Training,,
digital-format-obsolescence,Digital format obsolescence,technology,Digital format obsolescence,,
digital-frailty,Digital Frailty,technology,Digital Frailty,,
digital-front-door,Digital front door,technology,Digital front door,,
digital-giant-gatekeepers,Digital giant gatekeepers,technology,Digital giant gatekeepers,,
digital-giant-self-disruption,Digital giant self-disruption,technology,Digital giant self-disruption,,
digital-giants-in-daily-life,Digital giants in daily life,technology,Digital giants in daily life,,
digital-governance-models,Digital governance models,technology,Digital governance models,,
digital-humans,Digital Humans,technology,Digital Humans,,
digital-identity,Digital identity,technology,Digital Identity;Digital identity,,
digital-identity-and-cybercrime,Digital identity and cybercrime,technology,Digital identity and cybercrime,,
digital-identity-economic-value,Digital identity economic value,technology,Digital identity economic value,,
digital-identity-management,Digital identity management,technology,Digital identity management,,
digital-identity-programs,Digital Identity Programs,technology,Digital Identity Programs,,
digital-imaging-reimagined,"Digital Imaging, Reimagined",technology,"Digital Imaging, Reimagined",,
digital-immune-system,Digital Immune System,technology,Digital Immune System,,
digital-inclusion-and-internet-access,Digital inclusion and internet access,other,Digital inclusion and internet access,,
digital-industry-platforms,Digital industry platforms,technology,Digital industry platforms,,
digital-inequality,Digital inequality,risk,Digital inequality,,
digital-ink,Digital Ink,technology,Digital Ink,,
digital-leisure,Digital leisure,quantity,Digital leisure,,
digital-life-and-well-being,digital life and well-being,other,digital life and well-being,,
digital-litigation,Digital litigation,technology,Digital litigation,,
digital-makeup,Digital Makeup,technology,Digital Makeup,,
digital-marketing-technology,Digital marketing technology,technology,Digital marketing technology,,
digital-media-and-software,Digital media and software,technology,Digital media and software,,
digital-media-production,Digital media production,technology,Digital media production,,
digital-media-subscriptions,Digital media subscriptions,technology,Digital media subscriptions,,
digital-money,Digital money,technology,Digital money,cryptocurrencies,
digital-music-revenue,Digital music revenue,technology,Digital music revenue,,
digital-music-sales,Digital music sales,technology,Digital music sales,,
digital-objectives-shortfall,Digital objectives shortfall,technology,Digital objectives shortfall,,
digital-objects-on-personal-servers,Digital objects on personal servers,technology,Digital objects on personal servers,,
digital-objects-on-wireless-high-bandwidth-web,"Digital objects on wireless, high-bandwidth web",technology,"Digital objects on wireless, high-bandwidth web",,
digital-passports-and-smart-contracts,Digital Passports and Smart Contracts,technology,Digital Passports and Smart Contracts,,
digital-platform-conductor-tools,Digital Platform Conductor Tools,technology,Digital Platform Conductor Tools,,
digital-power-concentration,Digital power concentration,risk,Digital power concentration,,
digital-public-sphere,digital public sphere,other,digital public sphere,,
digital-radio-and-podcasting,Digital radio and podcasting,technology,Digital radio and podcasting,,
digital-real-estate-and-the-new-neighborhood,Digital Real Estate and the New “Neighborhood”,technology,Digital Real Estate and the New “Neighborhood”,,
digital-reality-ar-vr-mixed-reality,"Digital reality (AR, VR, mixed reality)",technology,"Digital reality (AR, VR, mixed reality)",,
digital-redlining,Digital Redlining,technology,Digital Redlining,,
digital-resiliency,Digital resiliency,technology,Digital resiliency,,
digital-revenue-goals,Digital revenue goals,technology,Digital revenue goals,,
digital-rights-management,Digital Rights Management,technology,Digital Rights Management,,
digital-security,Digital Security,technology,Digital Security,,
digital-self-incrimination,Digital Self-Incrimination,technology,Digital Self-Incrimination,,
digital-signatures,Digital Signatures,technology,Digital Signatures,,
digital-sovereignty,Digital sovereignty,technology,Digital sovereignty,technological-sovereignty,
digital-spaces,Digital Spaces,technology,Digital Spaces,,
digital-storage-costs,Digital storage costs,technology,Digital storage costs,,
digital-supply-chains,Digital supply chains,technology,Digital supply chains,,
digital-sustainability-teams,Digital sustainability teams,technology,Digital sustainability teams,,
digital-terrestrial-television,Digital terrestrial television,technology,Digital terrestrial television,,
digital-threat-modeling,Digital Threat Modeling,technology,Digital Threat Modeling,,
digital-transformation-in-corporate-strategy,Digital transformation in corporate strategy,technology,Digital transformation in corporate strategy,,
digital-transformation-in-health-care,Digital Transformation in Health Care,technology,Digital Transformation in Health Care,,
digital-transformation-overruns,Digital transformation overruns,technology,Digital transformation overruns,,
digital-transformation-platform-strategy,Digital transformation platform strategy,technology,Digital transformation platform strategy,,
digital-transformation-portfolio-management,Digital transformation portfolio management,technology,Digital transformation portfolio management,,
digital-transformation-scaling-failures,Digital transformation scaling failures,technology,Digital transformation scaling failures,,
digital-transformation-share-of-ict-spending,Digital transformation share of ICT spending,technology,Digital transformation share of ICT spending,,
digital-trust-and-cybersecurity,Digital trust and cybersecurity,technology,Digital trust and cybersecurity,,
digital-trust-and-digital-identity,Digital trust and digital identity,technology,Digital trust and digital identity,,
digital-trust-framework,Digital trust framework,technology,Digital trust framework,,
digital-trust-security-and-data-ethics,"Digital trust, security and data ethics",technology,"Digital trust, security and data ethics",,
digital-trust-services-spending,Digital-trust services spending,technology,Digital-trust services spending,,
digital-twin,Digital Twin,technology,Digital Twin;Digital Twins;Digital twins,,
digital-twin-of-a-customer,Digital Twin of a Customer,technology,Digital Twin of a Customer,,
digital-twin-of-the-person,Digital Twin of the Person,technology,Digital Twin of the Person,,
digital-twin-predictive-planning,Digital Twin Predictive Planning,technology,Digital Twin Predictive Planning,,
digital-twin-predictive-planning-and-prevention-monitoring,Digital Twin Predictive Planning and Prevention Monitoring,technology,Digital Twin Predictive Planning and Prevention Monitoring,,
digital-twin-testing-for-preparedness,Digital Twin Testing for Preparedness,technology,Digital Twin Testing for Preparedness,,
digital-twins-and-cognitive-twins-in-the-enterprise,Digital Twins and Cognitive Twins in the Enterprise,technology,Digital Twins and Cognitive Twins in the Enterprise,,
digital-twins-of-earth,Digital Twins of Earth,technology,Digital Twins of Earth,,
digital-video-recorders-and-tv-advertising,Digital video recorders and TV advertising,technology,Digital video recorders and TV advertising,,
digital-vs-film-camera-sales,Digital vs film camera sales,other,Digital vs film camera sales,,
digital-wallets,Digital wallets,technology,Digital Wallets;Digital wallets;Frictionless Value Transfers,mobile-payment,
digital-wellness-treatments,Digital Wellness Treatments,technology,Digital Wellness Treatments,,
digital-workplace-and-remote-work,Digital workplace and remote work,technology,Digital workplace and remote work,,
digitalization,Digitalization,technology,Digitalization,,
digitally-intermediated-field-trips,Digitally intermediated field trips,technology,Digitally intermediated field trips,,
digitally-retouching-history,Digitally Retouching History,technology,Digitally Retouching History,,
digitalops,DigitalOps,technology,DigitalOps,,
digitization-labor-reduction-and-social-unrest,"Digitization, labor reduction and social unrest",technology,"Digitization, labor reduction and social unrest",,
digitization-of-books,Digitization of books,technology,Digitization of books,,
digitization-of-industrial-economy,Digitization of industrial economy,technology,Digitization of industrial economy,,
digitized-global-gdp,Digitized global GDP,technology,Digitized global GDP,,
digitized-health-and-protective-labeling,Digitized Health & Protective Labeling,technology,Digitized Health & Protective Labeling,,
dilma-rousseff-impeachment,Dilma Rousseff impeachment,other,Dilma Rousseff impeachment,,
diminished-reality,Diminished Reality,technology,Diminished Reality,,
diminished-sensory-overload,Diminished Sensory Overload,technology,Diminished Sensory Overload,,
direct-air-capture,Direct Air Capture,technology,Direct Air Capture,,
direct-eye-display-modes,Direct-eye display modes,technology,Direct-eye display modes,,
direct-to-consumer-health-care-models,Direct-to-Consumer Health Care Models,technology,Direct-to-Consumer Health Care Models,,
direct-to-device-satellite-connectivity,Direct-to-device satellite connectivity,technology,Direct-to-device satellite connectivity,leo-satellite-broadband,
disabilities-not-significant,Disabilities not significant,technology,Disabilities not significant,,
disabled-people-fast-overcoming-handicaps,Disabled people fast overcoming handicaps,technology,Disabled people fast overcoming handicaps,,
disaggregated-networks,Disaggregated Networks,technology,Disaggregated Networks,,
discontent-in-latin-america,Discontent in Latin America,risk,Discontent in Latin America,,
diseases-treated-through-bioengineering,Diseases treated through bioengineering,technology,Diseases treated through bioengineering,,
disinfecting-bots,Disinfecting Bots,technology,Disinfecting Bots,,
disinformation-security,Disinformation Security,technology,Disinformation Security,,
disordered-consumption-and-news-avoidance,Disordered Consumption and News Avoidance,technology,Disordered Consumption and News Avoidance,,
dispatchable-solar,Dispatchable Solar,technology,Dispatchable Solar,,
dispatchable-wind-energy-production,Dispatchable Wind Energy Production,technology,Dispatchable Wind Energy Production,,
disruptive-innovation-market-value,Disruptive innovation market value,quantity,Disruptive innovation market value,,
dissociation-from-reality,Dissociation From Reality,technology,Dissociation From Reality,,
dissolving-bioelectronics,Dissolving Bioelectronics,technology,Dissolving Bioelectronics,,
distributed-computing-earning-models,Distributed Computing Earning Models,technology,Distributed Computing Earning Models,,
distributed-computing-for-a-cause,Distributed Computing For a Cause,technology,Distributed Computing For a Cause;Distributed Computing for a Cause,,
distributed-energy,Distributed Energy,technology,Distributed Energy,,
distributed-generation,Distributed generation,technology,Distributed generation,,
distributed-storage,Distributed Storage,technology,Distributed Storage,,
diverging-markets,Diverging markets,risk,Diverging markets,,
diversified-ai-inferencing,Diversified AI inferencing,technology,Diversified AI inferencing,,
diversifying-the-procurement-process,Diversifying the Procurement Process,technology,Diversifying the Procurement Process,,
diversity-and-financial-performance,Diversity and financial performance,technology,Diversity and financial performance,,
diversity-equity-and-inclusion-technology,"Diversity, equity and inclusion technology",technology,"Diversity, equity and inclusion technology",,
divided-states-of-america,Divided States of America,risk,Divided States of America,,
diy-biohacking-projects,DIY Biohacking Projects,technology,DIY Biohacking Projects,,
diy-health-and-wellness,DIY Health and Wellness,technology,DIY Health and Wellness,,
diy-vaccines,DIY Vaccines,technology,DIY Vaccines,,
dna-app-store,DNA App Store,technology,DNA App Store,,
dna-as-an-alternative-to-future-data-storage,DNA as an Alternative to Future Data Storage,technology,DNA as an Alternative to Future Data Storage,,
dna-based-marketing,DNA-Based Marketing,technology,DNA-Based Marketing,,
dna-based-molecular-computing,DNA-Based Molecular Computing,technology,DNA-Based Molecular Computing,,
dna-computing-and-storage,DNA Computing and Storage,technology,DNA Computing and Storage,,
dna-database-hacks,DNA Database Hacks,technology,DNA Database Hacks,,
dna-enabled-contamination-detection,DNA Enabled Contamination Detection,technology,DNA Enabled Contamination Detection,,
dna-logic,DNA Logic,technology,DNA Logic,,
dna-machines-process-data-at-molecular-scale,DNA Machines Process Data At Molecular Scale,technology,DNA Machines Process Data At Molecular Scale,,
dna-robots,DNA Robots,technology,DNA Robots,,
dna-sequencing,DNA Sequencing,technology,DNA Sequencing,rapid-personal-gene-sequencing,
dna-sequencing-revenue,DNA sequencing revenue,quantity,DNA sequencing revenue,,
dna-storage,DNA storage,technology,DNA Storage;DNA storage,,
dna-storage-and-compute,DNA Storage and Compute,technology,DNA Storage and Compute,,
dna-supply-lines-get-new-digital-defense,DNA Supply Lines Get New Digital Defense,technology,DNA Supply Lines Get New Digital Defense,,
dna-synthesis-cost,DNA synthesis cost,quantity,DNA synthesis cost,,
dna-technology-gets-new-security-shield,DNA Technology Gets New Security Shield,technology,DNA Technology Gets New Security Shield,,
doctorless-exams,Doctorless Exams,technology,Doctorless Exams,,
doctors-consult-knowledge-based-systems,Doctors consult knowledge-based systems,technology,Doctors consult knowledge-based systems,,
doctors-train-in-virtual-reality-simulations,Doctors train in virtual reality simulations,technology,Doctors train in virtual reality simulations,,
doctors-train-on-simulated-patients,Doctors train on simulated patients,technology,Doctors train on simulated patients,,
doctors-using-pattern-recognition-software,Doctors using pattern recognition software,technology,Doctors using pattern recognition software,,
domain-specific-genai-models,Domain-Specific GenAI Models,technology,Domain-Specific GenAI Models,,
domed-cities,Domed Cities,technology,Domed Cities,,
domestic-competition,Domestic Competition,technology,Domestic Competition,,
domestic-policy-drives-governance,Domestic Policy Drives Governance,technology,Domestic Policy Drives Governance,,
domestic-robots,Domestic robots,technology,Domestic Robots;Domestic robots;Household robots,,
dream-communication,Dream Communication,technology,Dream Communication,,
driverless-car,Driverless car,technology,Driverless car,,
drone-air-lanes,Drone Air Lanes,technology,Drone Air Lanes,,
drone-delivery,Drone Delivery,technology,Drone Delivery;Drone delivery;Light Cargo Delivery Drones,commercial-uavs,
drone-delivery-market,Drone delivery market,technology,Drone delivery market,,
drone-enabled-infrastructure,Drone-Enabled Infrastructure,technology,Drone-Enabled Infrastructure,,
drone-fleets,Drone Fleets,technology,Drone Fleets,,
drone-hardware,Drone hardware,quantity,Drone hardware,,
drone-lanes,Drone Lanes,technology,Drone Lanes,,
drone-operation-centers,Drone Operation Centers,technology,Drone Operation Centers,,
drone-surveillance,Drone Surveillance,technology,Drone Surveillance,,
drone-swarming-for-defense,Drone swarming for defense,technology,Drone swarming for defense,,
drone-swarms,Drone Swarms,technology,Drone Swarms,,
drone-traffic-management,Drone Traffic Management,technology,Drone Traffic Management,,
drones,Drones,technology,Drones,commercial-uavs,
drones-as-a-service,Drones as a Service,technology,Drones as a Service;Drones-as-a-Service,,
drones-for-dangerous-and-hard-to-reach-areas,Drones for Dangerous and Hard-To-Reach Areas,technology,Drones for Dangerous and Hard-To-Reach Areas,,
dropping-poor-fit-customers,Dropping poor-fit customers,technology,Dropping poor-fit customers,,
drug-r-and-d-cost,Drug R&D cost,quantity,Drug R&D cost,,
dtc-health-care-models,DTC Health Care Models,technology,DTC Health Care Models,,
dual-action-antibodies,Dual-Action Antibodies,technology,Dual-Action Antibodies,,
duna-legal-structure-for-blockchain-networks,DUNA legal structure for blockchain networks,technology,DUNA legal structure for blockchain networks,,
durable-biofilms,Durable Biofilms,technology,Durable Biofilms,,
dvd,DVD,technology,DVD;Digital Video Disk,,
dvd-rental-kiosks,DVD rental kiosks,technology,DVD rental kiosks,,
dx-platforms,DX platforms,technology,DX platforms,,
dye-sensitized-solar-cells,Dye Sensitized Solar Cells,technology,Dye Sensitized Solar Cells;Dye-sensitized Solar Cells,,
dynamic-and-deal-driven-pricing,Dynamic and deal-driven pricing,other,Dynamic and deal-driven pricing,,
dynamic-engagement-through-deep-personalization,Dynamic Engagement Through Deep Personalization,technology,Dynamic Engagement Through Deep Personalization,,
dynamic-line-rating-dlr-systems,Dynamic Line Rating (DLR) Systems,technology,Dynamic Line Rating (DLR) Systems,,
dynamic-line-rating-systems,Dynamic Line Rating Systems,technology,Dynamic Line Rating Systems,,
dynamic-listicles,Dynamic Listicles,technology,Dynamic Listicles,,
dynamic-menus,Dynamic Menus,technology,Dynamic Menus,,
dynamic-operations,Dynamic Operations,technology,Dynamic Operations,,
dynamic-operations-for-entertainment-venues,Dynamic Operations for Entertainment Venues,technology,Dynamic Operations for Entertainment Venues,,
dynamic-risk-governance,Dynamic Risk Governance,technology,Dynamic Risk Governance,,
dynamic-virtual-art,Dynamic virtual art,technology,Dynamic virtual art,,
e-book-readers,E-Book Readers,technology,E-Book Readers;E-readers and e-books,,
e-books-and-e-reference,E-books and e-reference,technology,E-books and e-reference,,
e-cash,E-Cash,technology,E-Cash;E-cash,internet-micropayment-systems,
e-government,E-government,technology,E-government,,
e-payments,E-Payments,technology,E-Payments;E-payments,internet-micropayment-systems,
e-residents,E-Residents,technology,E-Residents,,
e-tags,E-tags,technology,E-tags,,
e-tailer-partnerships-for-personalization,E-tailer partnerships for personalization,technology,E-tailer partnerships for personalization,,
earables,Earables,technology,Earables,,
early-genai-adoption,Early GenAI adoption,technology,Early GenAI adoption,,
earned-wage-access,Earned Wage Access,technology,Earned Wage Access,,
earth-engineering,Earth Engineering,technology,Earth Engineering,,
earth-observation-and-space-services,Earth observation and space services,technology,Earth observation and space services,,
earthquake-hits-tokyo,Earthquake hits Tokyo,risk,Earthquake hits Tokyo,,
earthquake-in-densely-pop-area-in-japan,Earthquake in densely pop. area in Japan,risk,Earthquake in densely pop. area in Japan,,
easier-transportation-to-space,Easier Transportation to Space,technology,Easier Transportation to Space,,
east-asia-and-pacific-real-gdp-growth-world-bank,East Asia and Pacific real GDP growth (World Bank region),quantity,real GDP growth,,"Real GDP growth, calendar-year annual average over the previous year, percent. Not Q4-over-Q4 growth (the Fed SEP measure), which needs its own subject. Developing countries of the World Bank region as defined in each edition; membership and weights change between editions."
east-asian-geopolitics,East Asian geopolitics,risk,East Asian geopolitics,,
eastern-europe-elections-and-unemployment,"Eastern Europe, elections & unemployment",risk,"Eastern Europe, elections & unemployment",,
easy-creation-of-disease-agents,Easy creation of disease agents,technology,Easy creation of disease agents,,
eating-ocean-trash,Eating Ocean Trash,technology,Eating Ocean Trash,,
eavesdropping-rights,Eavesdropping Rights,technology,Eavesdropping Rights,,
eco-products-that-outperform-incumbents,Eco products that outperform incumbents,other,Eco products that outperform incumbents,,
eco-shame-driving-sustainable-consumption,Eco-shame driving sustainable consumption,other,Eco-shame driving sustainable consumption,,
ecommerce-share-of-retail,Ecommerce share of retail,quantity,Ecommerce share of retail,,
economic-downturn,Economic downturn,risk,Economic downturn,,
economic-growth,economic growth,quantity,economic growth,,
economic-recovery,economic recovery,other,economic recovery,,
ecosystem-cybersecurity,Ecosystem cybersecurity,technology,Ecosystem cybersecurity,,
edge-ai,Edge AI,technology,Edge AI,edge-ai-chips;edge-ai-inference,
edge-ai-chips,Edge AI chips,technology,Edge AI chips,ai-chips;edge-ai,
edge-ai-inference,Edge AI inference,technology,Edge AI inference,edge-ai,
edge-ai-on-device-processing,Edge AI (on-device processing),technology,Edge AI (on-device processing),,
edge-analytics,Edge Analytics,technology,Edge Analytics,,
edge-computing,Edge Computing,technology,Edge Computing;Edge computing,,
edge-computing-and-intelligent-distributed-systems,Edge computing and intelligent distributed systems,technology,Edge computing and intelligent distributed systems,,
edge-computing-in-cloud-deployments,Edge computing in cloud deployments,technology,Edge computing in cloud deployments,,
edge-computing-spending,Edge computing spending,technology,Edge computing spending,,
edge-infrastructure,Edge infrastructure,technology,Edge infrastructure,,
edge-investments,Edge investments,technology,Edge investments,,
edge-management,Edge Management,technology,Edge Management,,
edge-operational-data,Edge operational data,technology,Edge operational data,,
edge-ot-and-it-governance,"Edge, OT and IT governance",technology,"Edge, OT and IT governance",,
edge-servers,Edge servers,technology,Edge servers,,
edna-detection,eDNA Detection,technology,eDNA Detection,,
education-app-stores,Education app stores,technology,Education app stores,,
education-in-the-metaverse,Education in the Metaverse,technology,Education In The Metaverse;Education in the Metaverse,,
educational-games,Educational games,technology,Educational games,,
educational-home-products-for-children,Educational home products for children,other,Educational home products for children,,
educational-programming-tools,Educational programming tools,technology,Educational programming tools,,
educational-workstation-computer-available,Educational workstation computer available,technology,Educational workstation computer available,,
eeg-brain-to-computer-interfaces,EEG Brain-to-computer interfaces,technology,EEG Brain-to-computer interfaces,,
effective-software-model-of-human-intelligence,Effective software model of human intelligence,technology,Effective software model of human intelligence,,
efficiency-improvements,Efficiency Improvements,technology,Efficiency Improvements,,
efficient-ai-algorithms,Efficient AI Algorithms,technology,Efficient AI Algorithms,,
efficient-ai-architectures,Efficient AI Architectures,technology,Efficient AI Architectures,,
efforts-to-ban-facial-recognition,Efforts to Ban Facial Recognition,technology,Efforts to Ban Facial Recognition,,
efforts-to-thwart-recognition-systems,Efforts to Thwart Recognition Systems,technology,Efforts to Thwart Recognition Systems,,
egg-stem-cells,Egg Stem Cells,technology,Egg Stem Cells,stem-cell-treatments,
egypt,Egypt,risk,Egypt,,
el-nino-is-back,El Nino is back,risk,El Nino is back,,
elections-in-france-brazil-philippines-and-angola,"Elections in France, Brazil, Philippines and Angola",other,"Elections in France, Brazil, Philippines and Angola",,
electric-vehicles,Electric Vehicles,technology,Electric Vehicles;The inevitable EV;electric vehicles,ev-price-parity-with-ice;global-ev-sales;global-passenger-ev-sales,
electric-vehicles-boom-especially-in-china,"Electric Vehicles Boom, Especially in China",technology,"Electric Vehicles Boom, Especially in China",,
electric-vehicles-cause-electricity-demand-spikes,Electric Vehicles Cause Electricity Demand Spikes,technology,Electric Vehicles Cause Electricity Demand Spikes,,
electric-wind,Electric Wind,technology,Electric Wind,,
electricity-rationing,Electricity rationing,technology,Electricity rationing,,
electrification-and-renewable-energy,Electrification and renewable energy,technology,Electrification and renewable energy,,
electrification-expands-beyond-passenger-cars,Electrification Expands Beyond Passenger Cars,technology,Electrification Expands Beyond Passenger Cars,,
electrification-expands-to-other-vehicles,Electrification Expands to Other Vehicles,technology,Electrification Expands to Other Vehicles,,
electrifying-cities,Electrifying Cities,technology,Electrifying Cities,,
electro-industrial-stack-electrification-hardware,Electro-industrial stack (electrification hardware),technology,Electro-industrial stack (electrification hardware),,
electronic-documents-replace-paper,Electronic documents replace paper,technology,Electronic documents replace paper,,
electronic-paper,Electronic paper,technology,Digital Paper/E-Paper;Electronic Ink/Digital Paper;Electronic Paper;Electronic paper,,
electronic-paper-screens,Electronic paper screens,technology,Electronic paper screens,,
electronic-transactions-access,Electronic transactions access,technology,Electronic transactions access,,
electrovibration,Electrovibration,technology,Electrovibration,,
elevating-human-contributions,Elevating Human Contributions,technology,Elevating Human Contributions,,
email-overload,Email overload,technology,Email overload,,
embedded-ai,Embedded AI,technology,Embedded AI,,
embedded-cybersecurity,Embedded cybersecurity,technology,Embedded cybersecurity,,
embedded-finance,Embedded Finance,technology,Embedded Finance,,
embedded-intelligence-and-automation,Embedded intelligence and automation,technology,Embedded intelligence and automation,,
embodied-agents,Embodied Agents,technology,Embodied Agents,,
embodied-ai,Embodied AI,technology,Embodied AI,,
embodied-avatars,Embodied avatars,technology,Embodied avatars,,
embryo-scoring,Embryo scoring,technology,Embryo scoring,,
emergent-computation,Emergent Computation,technology,Emergent Computation,,
emerging-and-developing-economies-real-gdp-growth,Emerging market and developing economies real GDP growth,quantity,real GDP growth,emerging-and-developing-economies-real-gdp-growth-world-bank,"Real GDP growth, calendar-year annual average over the previous year, percent. Not Q4-over-Q4 growth (the Fed SEP measure), which needs its own subject. Group as defined by the IMF at the time of each edition."
emerging-and-developing-economies-real-gdp-growth-world-bank,Emerging market and developing economies real GDP growth (World Bank grouping),quantity,real GDP growth,,"Real GDP growth, calendar-year annual average over the previous year, percent. Not Q4-over-Q4 growth (the Fed SEP measure), which needs its own subject. World Bank grouping, from June 2016; not the IMF grouping of the same name."
emerging-art-experiences,Emerging Art Experiences,technology,Emerging Art Experiences,,
emerging-digital-interfaces,Emerging Digital Interfaces,technology,Emerging Digital Interfaces,,
emerging-economies,emerging economies,other,emerging economies,,
emerging-forms-of-batteries,Emerging Forms of Batteries,technology,Emerging Forms of Batteries,,
emerging-forms-of-consensus-protocols,Emerging Forms of Consensus Protocols,technology,Emerging Forms of Consensus Protocols,,
emerging-implants,Emerging Implants,technology,Emerging Implants,,
emerging-market-brands-exporting-national-heritage,Emerging-market brands exporting national heritage,other,Emerging-market brands exporting national heritage,,
emerging-market-brands-serving-other-emerging-markets,Emerging-market brands serving other emerging markets,other,Emerging-market brands serving other emerging markets,,
emerging-market-equity-derivatives,Emerging-market equity derivatives,other,Emerging-market equity derivatives,,
emerging-market-growth-and-corporate-profits,Emerging-market growth and corporate profits,other,Emerging-market growth and corporate profits,,
emerging-market-mobile-operators,Emerging-market mobile operators,technology,Emerging-market mobile operators,,
emerging-markets,Emerging markets,risk,Emerging markets,,
emerging-markets-not-less-risky,Emerging markets: not less risky,risk,Emerging markets: not less risky,,
emerging-prosthetics,Emerging Prosthetics,technology,Emerging Prosthetics,,
emerging-space-faring-countries,Emerging Space-Faring Countries,technology,Emerging Space-Faring Countries;Emerging Spacefaring Countries,,
emerging-tech-talent-gap,Emerging tech talent gap,technology,Emerging tech talent gap,,
emerging-wearables,Emerging Wearables,technology,Emerging Wearables,,
emission-reduction-solutions,Emission Reduction Solutions,technology,Emission Reduction Solutions,,
emissions,Emissions,technology,Emissions,,
emotion-ai,Emotion AI,technology,Emotion AI,,
emotion-ai-in-advertising,Emotion AI in advertising,technology,Emotion AI in advertising,,
emotion-recognition,Emotion Recognition,technology,Emotion Recognition,,
emotion-tracking,Emotion tracking,technology,Emotion tracking,,
emotional-ai-in-healthcare-contracts,Emotional AI in healthcare contracts,technology,Emotional AI in healthcare contracts,,
emotional-recognition,Emotional Recognition,technology,Emotional Recognition,,
emphasizing-data-ethics,Emphasizing Data Ethics,technology,Emphasizing Data Ethics,,
employee-communications-applications,Employee Communications Applications,technology,Employee Communications Applications,,
employee-engagement-and-retention,Employee Engagement and Retention,technology,Employee Engagement and Retention,,
employee-experience-programs,Employee experience programs,technology,Employee experience programs,,
employee-health-and-location-data,Employee health and location data,technology,Employee health and location data,,
employee-ownership,Employee ownership,other,Employee ownership,,
employee-treatment-as-a-brand-asset,Employee treatment as a brand asset,other,Employee treatment as a brand asset,,
employee-value-metrics-in-investment-decisions,Employee value metrics in investment decisions,technology,Employee value metrics in investment decisions,,
employment-of-people-with-disabilities,Employment of people with disabilities,technology,Employment of people with disabilities,,
empowered-it-product-teams,Empowered IT product teams,technology,Empowered IT product teams,,
empty-lands,Empty lands,risk,Empty lands,,
enabled-devices-for-urban-management,Enabled Devices for Urban Management,technology,Enabled Devices for Urban Management,,
encrypted-communications,Encrypted communications,technology,Encrypted communications,,
encrypted-messaging-networks,Encrypted Messaging Networks,technology,Encrypted Messaging Networks,,
encryption-ai-security-blockchain-identity,"Encryption, AI security, blockchain identity",technology,"Encryption, AI security, blockchain identity",,
encryption-and-privacy,Encryption and privacy,technology,Encryption and privacy,,
encryption-breaking-quantum,Encryption Breaking Quantum,technology,Encryption Breaking Quantum,,
encryption-management,Encryption Management,technology,Encryption Management,,
end-to-end-principle-and-internet-control,end-to-end principle and internet control,other,end-to-end principle and internet control,,
end-user-influence-on-it-acquisitions,End-user influence on IT acquisitions,technology,End-user influence on IT acquisitions,,
endless-applications,Endless Applications,technology,Endless Applications,,
energy-and-sustainability-technologies,Energy and sustainability technologies,technology,Energy and sustainability technologies,,
energy-bottlenecks-in-latin-america,Energy bottlenecks in Latin America,risk,Energy bottlenecks in Latin America,,
energy-crunch,Energy crunch,risk,Energy crunch,,
energy-demand,energy demand,other,energy demand,,
energy-from-thin-air,Energy From Thin Air,technology,Energy From Thin Air,,
energy-harvesting,Energy harvesting,technology,Energy harvesting,,
energy-intensity,energy intensity,quantity,energy intensity,,
energy-optimization,Energy Optimization,technology,Energy Optimization,,
energy-price-shock,Energy price shock,risk,Energy price shock,,
energy-storage,Energy Storage,technology,Energy Storage;Energy storage,,
energy-surcharges-on-cloud-services,Energy surcharges on cloud services,technology,Energy surcharges on cloud services,,
energy-system,energy system,other,energy system,,
energy-trading-platforms-for-blockchain,Energy Trading Platforms for Blockchain,technology,Energy Trading Platforms for Blockchain,,
energy-transition,energy transition,other,energy transition,,
enernet,Enernet,technology,Enernet,,
engineered-animal-ecosystems,Engineered Animal Ecosystems,technology,Engineered Animal Ecosystems,,
engineered-food-and-meals,Engineered Food and Meals,technology,Engineered Food and Meals,,
engineered-fungi-create-fire-safe-building-materials,Engineered Fungi Create Fire-Safe Building Materials,technology,Engineered Fungi Create Fire-Safe Building Materials,,
engineered-microbes-create-cleaner-textiles,Engineered Microbes Create Cleaner Textiles,technology,Engineered Microbes Create Cleaner Textiles,,
engineered-mosquitoes,Engineered Mosquitoes,technology,Engineered Mosquitoes,,
engineered-plant-ecosystems,Engineered Plant Ecosystems,technology,Engineered Plant Ecosystems,,
engineered-stem-cells,Engineered Stem Cells,technology,Engineered Stem Cells,stem-cell-treatments,
engineering-new-life-forms,Engineering New Life Forms,technology,Engineering New Life Forms,,
engineering-plants-for-carbon-capture,Engineering Plants for Carbon Capture,technology,Engineering Plants for Carbon Capture,,
engineering-super-soldiers,Engineering Super Soldiers,technology,Engineering Super Soldiers,,
english-as-the-dominant-online-language,English as the dominant online language,other,English as the dominant online language,,
enhanced-geothermal-systems,Enhanced geothermal systems,technology,Enhanced geothermal systems,,
enhanced-metabolism,Enhanced metabolism,technology,Enhanced metabolism,,
enhanced-organs,Enhanced organs,technology,Enhanced organs,,
enhancing-earth-with-space-technologies,Enhancing Earth with Space Technologies,technology,Enhancing Earth with Space Technologies,,
enhancing-the-food-chain,Enhancing the Food Chain,technology,Enhancing the Food Chain,,
enterotype-treatments,Enterotype treatments,technology,Enterotype treatments,,
enterprise-3d-printing,Enterprise 3D Printing,technology,Enterprise 3D Printing,3d-printing,
enterprise-ai-agents,Enterprise AI agents,technology,Enterprise AI agents,ai-agents,
enterprise-analytics-at-scale,Enterprise analytics at scale,technology,Enterprise analytics at scale,,
enterprise-apps-and-cloud-applications,Enterprise apps and cloud applications,technology,Enterprise apps and cloud applications,,
enterprise-ar-adoption,Enterprise AR adoption,technology,Enterprise AR adoption,,
enterprise-contact-data-leaking-to-facebook,Enterprise contact data leaking to Facebook,technology,Enterprise contact data leaking to Facebook,,
enterprise-crowdsourcing,Enterprise crowdsourcing,technology,Enterprise crowdsourcing,,
enterprise-data-management,Enterprise data management,technology,Enterprise data management,,
enterprise-data-management-and-governance,Enterprise data management and governance,technology,Enterprise data management and governance,,
enterprise-data-pipelines,Enterprise data pipelines,technology,Enterprise data pipelines,,
enterprise-data-storage,Enterprise data storage,technology,Enterprise data storage,,
enterprise-developer-ecosystems,Enterprise developer ecosystems,technology,Enterprise developer ecosystems,,
enterprise-email-clients,Enterprise email clients,technology,Enterprise email clients,,
enterprise-generative-ai,Enterprise generative AI,technology,Enterprise generative AI,generative-ai,
enterprise-grade-dapps-for-traditional-industries,Enterprise-Grade DApps for Traditional Industries,technology,Enterprise-Grade DApps for Traditional Industries,,
enterprise-information-management,Enterprise information management,technology,Enterprise information management,,
enterprise-instant-messaging,Enterprise Instant Messaging,technology,Enterprise Instant Messaging,,
enterprise-it,Enterprise IT,technology,Enterprise IT,,
enterprise-machine-learning,Enterprise machine learning,technology,Enterprise machine learning,,
enterprise-mobile-applications,Enterprise mobile applications,technology,Enterprise mobile applications,,
enterprise-mobile-data,Enterprise mobile data,technology,Enterprise mobile data,,
enterprise-mobility,Enterprise mobility,technology,Enterprise mobility,,
enterprise-network-reliability,Enterprise network reliability,technology,Enterprise network reliability,,
enterprise-portals,Enterprise Portals,technology,Enterprise Portals,,
enterprise-resource-planning-erp,Enterprise resource planning (ERP),technology,Enterprise resource planning (ERP),,
enterprise-social-collaboration,Enterprise social collaboration,technology,Enterprise social collaboration,,
enterprise-social-computing,Enterprise social computing,technology,Enterprise social computing,,
enterprise-social-media,Enterprise social media,technology,Enterprise social media,,
enterprise-social-networks,Enterprise social networks,technology,Enterprise social networks,,
enterprise-social-platforms,Enterprise social platforms,technology,Enterprise social platforms,,
enterprise-software-intelligence-and-data-driven-operations,Enterprise software intelligence and data-driven operations,technology,Enterprise software intelligence and data-driven operations,,
enterprise-stablecoin-payments,Enterprise stablecoin payments,technology,Enterprise stablecoin payments,,
enterprise-systems-of-record,Enterprise systems of record,technology,Enterprise systems of record,,
enterprise-tablets,Enterprise tablets,technology,Enterprise tablets,,
enterprise-taxonomy-and-ontology-management,Enterprise Taxonomy and Ontology Management,technology,Enterprise Taxonomy and Ontology Management,,
enterprise-technology-architecture,Enterprise technology architecture,technology,Enterprise technology architecture,,
enterprise-telecom-contracts,Enterprise telecom contracts,technology,Enterprise telecom contracts,,
enterprises-as-software-producers,Enterprises as software producers,technology,Enterprises as software producers,,
entertainment-bridging-polarization,Entertainment bridging polarization,other,Entertainment bridging polarization,,
entertainment-franchise-games,Entertainment franchise games,technology,Entertainment franchise games,,
entrepreneurial-cios,Entrepreneurial CIOs,technology,Entrepreneurial CIOs,,
enviromatics,Enviromatics,technology,Enviromatics,,
environmental-ai,Environmental AI,technology,Environmental AI,,
environmental-criteria-in-it-buying,Environmental criteria in IT buying,technology,Environmental criteria in IT buying,,
environmental-impact-of-streaming,Environmental Impact of Streaming,technology,Environmental Impact of Streaming,,
environmental-social-and-corporate-governance-esg,"Environmental, Social, and Corporate Governance (ESG)",technology,"Environmental, Social, and Corporate Governance (ESG)",,
environmental-social-and-corporate-governance-esg-programs,"Environmental, Social and Corporate Governance (ESG) Programs",technology,"Environmental, Social and Corporate Governance (ESG) Programs",,
enzymes-to-eat-ocean-trash,Enzymes to Eat Ocean Trash,technology,Enzymes to Eat Ocean Trash,,
ephemerality,Ephemerality,technology,Ephemerality,,
epidermal-sensors,Epidermal sensors,technology,Epidermal sensors,,
epigenetic-editing-becomes-mainstream,Epigenetic Editing Becomes Mainstream,technology,Epigenetic Editing Becomes Mainstream,,
epigenetic-therapy,Epigenetic therapy,technology,Epigenetic therapy,,
epigenetics,Epigenetics,technology,Epigenetics,,
epigenome-sequencing-gains-clinical-relevance,Epigenome Sequencing Gains Clinical Relevance,technology,Epigenome Sequencing Gains Clinical Relevance,,
eprivacy-regulation-and-cookies,ePrivacy regulation and cookies,technology,ePrivacy regulation and cookies,,
equipment-telematics,Equipment telematics,technology,Equipment telematics,,
equity-investment-across-trends,Equity investment across trends,technology,Equity investment across trends,,
equity-investment-in-five-frontier-trends,Equity investment in five frontier trends,technology,Equity investment in five frontier trends,,
erasable-paper-printing-systems,Erasable Paper Printing Systems,technology,Erasable Paper Printing Systems,,
eroding-trust-in-news,Eroding Trust in News,technology,Eroding Trust in News,,
eroding-trust-in-news-organizations,Eroding Trust in News Organizations,technology,Eroding Trust in News Organizations,,
erosion-of-human-rights-and-or-civic-freedoms,Erosion of human rights and/or civic freedoms,risk,Erosion of human rights and/or civic freedoms;Erosion of human rights and/or of civic freedoms,,
erosion-of-social-cohesion-and-societal-polarization,Erosion of social cohesion and societal polarization,risk,Erosion of social cohesion and societal polarization,,
esg-reporting-software,ESG reporting software,technology,ESG reporting software,,
esg-requirements,ESG Requirements,technology,ESG Requirements,,
esg-tracking-and-declarations,ESG Tracking and Declarations,technology,ESG Tracking and Declarations,,
esports,eSports,technology,eSports,,
esports-and-gaming,eSports and Gaming,technology,eSports and Gaming,,
esports-training-academies,eSports Training Academies,technology,eSports Training Academies,,
essential-robot-workers,Essential Robot Workers,technology,Essential Robot Workers,,
ether-network-value,Ether network value,quantity,Ether network value,,
ethereum-and-defi,Ethereum and DeFi,technology,Ethereum and DeFi,smart-contract-networks,
ethical-ai,ethical AI,other,ethical AI,,
ethical-employee-insight-technology,Ethical employee insight technology,technology,Ethical employee insight technology,,
ethical-manufacturing,Ethical Manufacturing,technology,Ethical Manufacturing,,
ethical-technology-and-digital-trust,Ethical technology and digital trust,technology,Ethical technology and digital trust,,
ethical-unbiased-ai,"Ethical, unbiased AI",other,"Ethical, unbiased AI",,
ethics-clash,Ethics Clash,technology,Ethics Clash,,
ethics-concerns,Ethics Concerns,technology,Ethics Concerns,,
ethics-guidelines-for-tech-contractors,Ethics Guidelines for Tech Contractors,technology,Ethics Guidelines for Tech Contractors,,
ethics-in-indigenous-genomics,Ethics in Indigenous Genomics,technology,Ethics in Indigenous Genomics,,
eu-institutional-turnover,EU institutional turnover,other,EU institutional turnover,,
eu-job-protection-and-offshoring,EU job protection and offshoring,technology,EU job protection and offshoring,,
eu-political-dysfunction,EU political dysfunction,risk,EU political dysfunction,,
euro-area-hicp-inflation,Euro area HICP inflation,quantity,HICP inflation,,Annual average percentage change of the euro area Harmonised Index of Consumer Prices.
euro-area-real-gdp-growth,Euro area real GDP growth,quantity,real GDP growth,,"Real GDP growth, calendar-year annual average over the previous year, percent. Not Q4-over-Q4 growth (the Fed SEP measure), which needs its own subject. Membership as at the time of each edition."
euro-cash-changeover,Euro cash changeover,other,Euro cash changeover,,
euro-dollar-parity,Euro-dollar parity,other,Euro-dollar parity,,
europe,Europe,risk,Europe,,
europe-adopts-u-s-entrepreneurship,Europe adopts U.S. entrepreneurship,technology,Europe adopts U.S. entrepreneurship,,
europe-after-merkel,Europe after Merkel,risk,Europe after Merkel,,
europe-and-central-asia-real-gdp-growth-world-bank,Europe and Central Asia real GDP growth (World Bank region),quantity,real GDP growth,,"Real GDP growth, calendar-year annual average over the previous year, percent. Not Q4-over-Q4 growth (the Fed SEP measure), which needs its own subject. Developing countries of the World Bank region as defined in each edition; membership and weights change between editions."
europe-bold-stance-on-human-embryo-research,Europe: Bold Stance on Human Embryo Research,technology,Europe: Bold Stance on Human Embryo Research,,
europe-breaks,Europe breaks,risk,Europe breaks,,
europe-eu-ai-act-sets-new-global-standard-for-biotech-safety,Europe: EU AI Act Sets New Global Standard for Biotech Safety,technology,Europe: EU AI Act Sets New Global Standard for Biotech Safety,,
europe-new-standards-for-bioengineered-food-safety,Europe: New Standards for Bioengineered Food Safety,technology,Europe: New Standards for Bioengineered Food Safety,,
europe-regulates-ai,Europe Regulates AI,technology,Europe Regulates AI,,
europe-under-siege,Europe under siege,risk,Europe under siege,,
european-bank-merger,European bank merger,other,European bank merger,,
european-fiscal-divergence,European fiscal divergence,risk,European fiscal divergence,,
european-football-revenue,European football revenue,technology,European football revenue,,
european-populism,European populism,risk,European populism,,
european-separatism,European separatism,risk,European separatism,,
european-union-driving-hard-on-ai-governance,European Union: Driving Hard on AI Governance,technology,European Union: Driving Hard on AI Governance,,
eurozone,Eurozone,risk,Eurozone,,
eurozone-breakup,Eurozone breakup,risk,Eurozone breakup,,
ev-battery-recycling,EV Battery Recycling,technology,EV Battery Recycling,,
ev-charging-rate,EV charging rate,quantity,EV charging rate,,
ev-fleet-majority-year,Year EVs outnumber combustion vehicles on the road,quantity,year electric passenger vehicles on the road outnumber ICE vehicles,,"Passenger vehicle fleet, world."
ev-mechanics-and-av-engineers,EV Mechanics and AV Engineers,technology,EV Mechanics and AV Engineers,,
ev-price-parity-with-ice,Year electric cars reach price parity with combustion cars,quantity,EV production cost versus a comparable gas car;Electric vehicle price parity;MSRP of a 200-mile-range EV relative to a comparable gas car (Toyota Camry);MSRP of a 250-mile-range EV relative to a Toyota Camry;electric vehicle price parity;year BEVs become cheaper than ICE cars on an unsubsidised basis;year EV lifetime and upfront costs cross over with ICE equivalents;year EV upfront prices are comparable or lower than average ICE vehicles;year EVs reach lifetime cost parity with ICE vehicles;year EVs reach price parity with ICE vehicles in most segments;year EVs reach unsubsidised price parity with ICE cars,electric-vehicles,"Publishers define parity differently (upfront price, lifetime cost, segment). Each claim states its definition in `metric`."
even-more-consolidation-in-ai,Even More Consolidation in AI,technology,Even More Consolidation in AI,,
event-driven-architecture,Event-Driven Architecture,technology,Event-Driven Architecture,,
events-in-the-metaverse,Events in the Metaverse,technology,Events In The Metaverse;Events in the Metaverse,,
everything-as-a-service-xaas,Everything-as-a-service (XaaS),technology,Everything-as-a-service (XaaS),,
everywhere-input,Everywhere Input,technology,Everywhere Input,,
everywhere-order-and-delivery,Everywhere Order and Delivery,technology,Everywhere Order and Delivery,,
everywhere-ordering-and-anywhere-delivery,Everywhere Ordering and Anywhere Delivery,technology,Everywhere Ordering and Anywhere Delivery,,
evolutionary-composition,Evolutionary Composition,technology,Evolutionary Composition,,
evolutionary-wiring-of-neural-nets,Evolutionary wiring of neural nets,technology,Evolutionary wiring of neural nets,,
evolving-search-interfaces,Evolving Search Interfaces,technology,Evolving Search Interfaces,,
evs-at-home,EVs At Home,technology,EVs At Home;EVs at Home,,
exascale-computers,Exascale computers,technology,Exascale computers,,
exascale-supercomputing,Exascale Supercomputing,technology,Exascale Supercomputing,,
exocortex,Exocortex,technology,Exocortex,machine-augmented-cognition,
exoskeletons,Exoskeletons,technology,Exoskeleton;Exoskeletons;Powered exoskeleton,,
exoskeletons-for-paraplegics,Exoskeletons for paraplegics,technology,Exoskeletons for paraplegics,,
exoskeletons-unlock-superhuman-potential,Exoskeletons Unlock Superhuman Potential,technology,Exoskeletons Unlock Superhuman Potential,,
expanded-organoid-use,Expanded Organoid Use,technology,Expanded Organoid Use,,
expanded-payload-capacity,Expanded Payload Capacity,technology,Expanded Payload Capacity,,
expanding-market,Expanding market,technology,Expanding Market;Expanding market,,
expanding-medical-mis-and-disinformation,Expanding Medical Mis- and Disinformation,technology,Expanding Medical Mis- and Disinformation,,
expanding-use-of-facial-recognition-systems,Expanding Use of Facial Recognition Systems,technology,Expanding Use of Facial Recognition Systems,,
experimental-adventurous-consumption,"Experimental, adventurous consumption",other,"Experimental, adventurous consumption",,
expertise-location-and-management,Expertise Location and Management,technology,Expertise Location and Management,,
explainable-ai,Explainable AI,technology,Explainable AI,,
explainable-ai-xai,Explainable AI (XAI),technology,Explainable AI (XAI),,
exponential-growth-in-autonomous-driving-data,Exponential Growth in Autonomous Driving Data,technology,Exponential Growth in Autonomous Driving Data,,
exponential-growth-in-autonomous-miles-data,Exponential Growth in Autonomous Miles Data,technology,Exponential Growth in Autonomous Miles Data,,
extended-reality-headsets,Extended reality headsets,technology,Extended reality headsets,virtual-reality,
extended-reality-vr-ar,Extended reality (VR/AR),technology,Extended reality (VR/AR),,
extended-reality-xr-devices-for-developers,Extended reality (XR) devices for developers,technology,Extended reality (XR) devices for developers,,
extensible-business-reporting-language,Extensible Business Reporting Language,technology,Extensible Business Reporting Language,,
external-bci,External BCI,technology,External BCI,,
external-cio-hiring,External CIO hiring,technology,External CIO hiring,,
external-mpp-grids,External MPP Grids,technology,External MPP Grids,,
extranets,Extranets,technology,Extranets,,
extreme-energy-price-volatility,Extreme energy price volatility,risk,Energy price volatility;Extreme energy price volatility,,
extreme-transaction-processing,Extreme Transaction Processing,technology,Extreme Transaction Processing,,
extreme-volatility-in-energy-and-agriculture-prices,Extreme volatility in energy and agriculture prices,risk,Extreme volatility in energy and agriculture prices,,
extreme-weather,Extreme Weather,technology,Extreme Weather,,
extreme-weather-events,Extreme weather events,risk,Extreme Weather Events;Extreme weather;Extreme weather events,,
extremely-fast-ev-chargers,Extremely Fast EV Chargers,technology,Extremely Fast EV Chargers,,
eye-in-the-sky,Eye in the Sky,technology,Eye In The Sky;Eye in the Sky,,
eye-tracking,Eye tracking,technology,Eye tracking,,
eyewear-embedded-screens,Eyewear-embedded screens,technology,Eyewear-embedded screens,,
eyewear-huds,Eyewear / HUDs,technology,Eyewear / HUDs,,
fabric-embedded-screens,Fabric-embedded screens,technology,Fabric-embedded screens,,
fabricating-organoids,Fabricating Organoids,technology,Fabricating Organoids,,
facebook-as-social-integration-hub,Facebook as social integration hub,technology,Facebook as social integration hub,,
facebook-s-timeline,Facebook's Timeline,technology,Facebook's Timeline,,
faceless-ai-enabled-video-creators,Faceless AI-enabled video creators,technology,Faceless AI-enabled video creators,,
faceless-recognition,Faceless Recognition,technology,Faceless Recognition,,
faceprints,Faceprints,technology,Faceprints,,
facial-recognition-for-animation,Facial Recognition for Animation,technology,Facial Recognition for Animation,,
factory-style-production-in-heavy-industry,Factory-style production in heavy industry,technology,Factory-style production in heavy industry,,
failed-and-failing-states,Failed and failing states,risk,Failed and failing states,,
failure-of-a-major-financial-mechanism-institution,Failure of a major financial mechanism/institution,risk,Failure of a major financial mechanism/institution,,
failure-of-climate-change-adaptation,Failure of climate change adaptation,risk,Climate action failure;Failure of climate change adaptation;Failure of climate-change adaptation,climate-change;failure-of-climate-change-mitigation-and-adaptation;failure-to-mitigate-climate-change,
failure-of-climate-change-mitigation-and-adaptation,Failure of climate change mitigation and adaptation,risk,Failure of climate change mitigation and adaptation,failure-of-climate-change-adaptation,
failure-of-national-governance,Failure of national governance,risk,Failure of national governance,,
failure-to-mitigate-climate-change,Failure to mitigate climate change,risk,Failure to mitigate climate change,failure-of-climate-change-adaptation,
fall-of-saddam-hussein,Fall of Saddam Hussein,other,Fall of Saddam Hussein,,
false-information-consumption,False information consumption,technology,False information consumption,,
fan-centric-tech,Fan-Centric Tech,technology,Fan-Centric Tech,,
fan-ownership-models,Fan Ownership Models,technology,Fan Ownership Models,,
fandom-on-the-blockchain,Fandom on the Blockchain,technology,Fandom on the Blockchain,,
farm-management-platforms,Farm Management Platforms,technology,Farm Management Platforms,,
farming-as-a-service,Farming-as-a-Service,technology,Farming-as-a-Service,,
fashion-combined-with-health-and-wellbeing,Fashion combined with health and wellbeing,other,Fashion combined with health and wellbeing,,
fast-learning-robots,Fast-learning robots,technology,Fast-learning robots,,
faster-and-more-powerful-open-source-frameworks,Faster and More Powerful Open Source Frameworks,technology,Faster and More Powerful Open Source Frameworks,,
faster-flowering,Faster Flowering,technology,Faster Flowering,,
faster-gene-synthesis,Faster Gene Synthesis,technology,Faster Gene Synthesis,,
faster-growing-trees,Faster-Growing Trees,technology,Faster-Growing Trees,,
fastest-and-slowest-growing-economies,Fastest- and slowest-growing economies,other,Fastest- and slowest-growing economies,,
fastest-growing-big-economy,Fastest-growing big economy,other,Fastest-growing big economy,,
fastest-growing-economy-world-heritage-sites-tallest-statue,Fastest-growing economy; world heritage sites; tallest statue,other,Fastest-growing economy; world heritage sites; tallest statue,,
federal-reserve-chair-succession,Federal Reserve chair succession,other,Federal Reserve chair succession,,
federal-reserve-rate-rise-in-2019,Federal Reserve rate rise in 2019,other,Federal Reserve rate rise in 2019,,
federal-reserve-rate-rises,Federal Reserve rate rises,other,Federal Reserve rate rises,,
federal-wfh,Federal WFH,technology,Federal WFH,,
federated-ai-governance,Federated AI governance,technology,Federated AI governance,,
federated-learning,Federated Learning,technology,Federated Learning,,
federated-machine-learning,Federated Machine Learning,technology,Federated Machine Learning,machine-learning,
fednow-real-time-payments,FedNow real-time payments,technology,FedNow real-time payments,,
fertilizer-innovation,Fertilizer Innovation,technology,Fertilizer Innovation,,
fertilizing-the-oceans,Fertilizing the Oceans,technology,Fertilizing the Oceans,,
fiber-to-the-home,Fiber to the home,technology,Fiber to the home,,
filtering-the-ocean-of-plastic,Filtering the Ocean of Plastic,technology,Filtering the Ocean of Plastic,,
financial-back-office-software,Financial back-office software,technology,Financial back-office software,,
financial-impact-of-cybercrime,Financial impact of cybercrime,technology,Financial impact of cybercrime,,
financial-inclusion,Financial Inclusion,technology,Financial Inclusion,,
financial-inclusion-and-serving-the-underbanked,Financial Inclusion and Serving the Underbanked,technology,Financial Inclusion and Serving the Underbanked,,
financial-literacy-services,Financial literacy services,other,Financial literacy services,,
fine-tuning,Fine Tuning,technology,Fine Tuning,,
fintech-bank-charters,Fintech bank charters,technology,Fintech bank charters,,
first-6g-real-time-wire-transmission,First 6G Real-time Wire Transmission,technology,First 6G Real-time Wire Transmission,,
first-generation-smart-grid,First-generation smart grid,technology,First-generation smart grid,,
first-rnai-drug-approval,First RNAi drug approval,other,First RNAi drug approval,,
fiscal-crises,Fiscal crises,risk,Fiscal crises;Fiscal crises in key economies,,
fishing,Fishing,technology,Fishing,,
fitness-trackers-and-healthcare-costs,Fitness trackers and healthcare costs,technology,Fitness trackers and healthcare costs,,
fixed-line-bandwidth-demand,Fixed-line bandwidth demand,technology,Fixed-line bandwidth demand,,
fixed-line-convergence-services,Fixed-line convergence services,technology,Fixed-line convergence services,,
fixed-line-voice,Fixed-line voice,technology,Fixed-line voice,,
fixed-mobile-convergence,Fixed-mobile convergence,technology,Fixed-mobile convergence,,
fixed-wireless-access,Fixed wireless access,technology,Fixed wireless access,,
flat-panel-displays,Flat-panel displays,technology,Flat-panel displays,,
flat-panel-tvs,Flat-panel TVs,technology,Flat-panel TVs,,
flexible-content-models,Flexible Content Models,technology,Flexible Content Models,,
flexible-displays,Flexible Displays,technology,Flexible Displays,,
flexible-it-architecture-open-source-containers-cloud-first,"Flexible IT architecture (open source, containers, cloud first)",technology,"Flexible IT architecture (open source, containers, cloud first)",,
flexible-programmable-chips,"Flexible, Programmable Chips",technology,"Flexible, Programmable Chips",,
flexible-real-time-route-optimization,Flexible Real-Time Route Optimization,technology,Flexible Real-Time Route Optimization,,
flexible-screens,Flexible screens,technology,Flexible screens,,
flexible-transistors,Flexible Transistors,technology,Flexible Transistors,,
flipped-classrooms,Flipped classrooms,technology,Flipped classrooms,,
floating-cities,Floating Cities,technology,Floating Cities,,
floating-nuclear-energy-plants,Floating Nuclear Energy Plants,technology,Floating Nuclear Energy Plants,,
floating-nuclear-power-plants-fnpps,Floating Nuclear Power Plants (FNPPs),technology,Floating Nuclear Power Plants (FNPPs),,
floating-nuclear-reactors,Floating Nuclear Reactors,technology,Floating Nuclear Reactors,,
floating-solar,Floating solar,technology,Floating solar,,
flooding,Flooding,risk,Flooding,,
flow-batteries,Flow Batteries,technology,Flow Batteries,,
fluid-knowledge,Fluid Knowledge,technology,Fluid Knowledge,,
fluid-movement,Fluid Movement,technology,Fluid Movement,,
flying-autonomous-vehicles,Flying Autonomous Vehicles,technology,Flying Autonomous Vehicles,autonomous-vehicles,
flying-beyond-visual-line-of-sight,Flying Beyond Visual Line of Sight,technology,Flying Beyond Visual Line of Sight,,
flying-taxis,Flying Taxis,technology,Flying Taxis,,
flying-taxis-evtols,Flying Taxis (eVTOLs),technology,Flying Taxis (eVTOLs),,
flywheel-business-models,Flywheel Business Models,technology,Flywheel Business Models,,
fobo-fear-of-being-offline,FOBO (Fear Of Being Offline),technology,FOBO (Fear Of Being Offline),,
focus-on-asset-management,Focus on Asset Management,technology,Focus on Asset Management,,
folksonomies,Folksonomies,technology,Folksonomies,,
follow-me-autonomously,Follow Me Autonomously,technology,Follow Me Autonomously;Follow-Me Autonomously,,
food,Food,technology,Food,,
food-cybersecurity,Food Cybersecurity,technology,Food Cybersecurity,,
food-recognition-systems,Food Recognition Systems,technology,Food Recognition Systems,,
food-security,food security,other,food security,,
food-shortage-crises,Food shortage crises,risk,Food crises;Food shortage crises,,
food-water-and-energy-demand,"food, water and energy demand",other,"food, water and energy demand",,
forced-bundling-and-planned-obsolescence,Forced Bundling and Planned Obsolescence,technology,Forced Bundling and Planned Obsolescence,,
forced-obsolescence,Forced Obsolescence,technology,Forced Obsolescence,,
forced-updates,Forced Updates,technology,Forced Updates,,
forced-updates-to-firmware-and-software,Forced Updates To Firmware and Software,technology,Forced Updates To Firmware and Software,,
foreign-infrastructure-investment,Foreign Infrastructure Investment,technology,Foreign Infrastructure Investment,,
forensic-ar-vr,Forensic AR/VR,technology,Forensic AR / VR;Forensic AR/VR,,
formal-communication-backchannels,Formal communication #backchannels,technology,Formal communication #backchannels,,
formal-specification-and-runtime-enforcement-in-defi-security,Formal specification and runtime enforcement in DeFi security,technology,Formal specification and runtime enforcement in DeFi security,,
formal-verification-of-smart-contracts,Formal verification of smart contracts,technology,Formal verification of smart contracts,,
fortifying-the-data-center,Fortifying the Data Center,technology,Fortifying the Data Center,,
forward-deployed-ai-adoption-in-legacy-industries,Forward-deployed AI adoption in legacy industries,technology,Forward-deployed AI adoption in legacy industries,,
foundation-model-robotics,Foundation-model robotics,technology,Foundation-model robotics,,
foundation-model-scaling,Foundation model scaling,technology,Foundation model scaling,,
foundation-models,Foundation Models,technology,Foundation Models,generative-ai,
foundation-models-and-generative-ai,Foundation models and generative AI,technology,Foundation models and generative AI,,
foundational-data-us,Foundational Data US,technology,Foundational Data US,,
fpgas-field-programmable-gate-arrays,FPGAs (Field Programmable Gate Arrays),technology,FPGAs (Field Programmable Gate Arrays),,
fractional-ownership,Fractional Ownership,technology,Fractional Ownership,,
fragmentation,Fragmentation,technology,Fragmentation,,
fragmentation-of-the-virtual-persona,Fragmentation of the Virtual Persona,technology,Fragmentation of the Virtual Persona,,
fragmentation-of-virtual-identity,Fragmentation of Virtual Identity,technology,Fragmentation of Virtual Identity,,
fragmented-approaches-to-privacy-and-data-ownership,Fragmented Approaches to Privacy and Data Ownership,technology,Fragmented Approaches to Privacy and Data Ownership,,
framework-consolidation,Framework Consolidation,technology,Framework Consolidation,,
fraud-mitigation,Fraud Mitigation,technology,Fraud Mitigation,,
free-online-services-and-spam,Free online services and spam,technology,Free online services and spam,,
free-roaming-immersive-entertainment,Free Roaming Immersive Entertainment,technology,Free Roaming Immersive Entertainment,,
free-space-optical-communications,Free-space optical communications,technology,Free-space optical communications,,
freelance-customer-service,Freelance customer service,technology,Freelance customer service,,
frictionless-payments,Frictionless Payments,technology,Frictionless Payments,,
frictionless-stays,Frictionless Stays,technology,Frictionless Stays,,
frivolity-and-play-for-adults,Frivolity and play for adults,other,Frivolity and play for adults,,
frontline-worker-empowerment,Frontline worker empowerment,technology,Frontline worker empowerment,,
fruits-and-veggies-to-save-the-planet,Fruits and Veggies to Save the Planet,technology,Fruits and Veggies to Save the Planet,,
ftc,FTC,technology,FTC,,
fuel-cell-vehicle-cost-parity,Fuel-cell vehicle cost parity,technology,Fuel-cell vehicle cost parity,,
fuel-cell-vehicles,fuel cell vehicles,quantity,fuel cell vehicles,,
fuel-cells,Fuel cells,technology,Fuel cells;fuel cells,hydrogen-fuel-cells;micro-fuel-cells;personal-fuel-cells,
fuel-free-space-propulsion-systems,Fuel-Free Space Propulsion Systems,technology,Fuel-Free Space Propulsion Systems,,
full-body-cryopreservation,Full-body cryopreservation,technology,Full-body cryopreservation,,
full-body-simulation,Full body simulation,technology,Full body simulation,,
full-brain-simulation,Full brain simulation,technology,Full brain simulation,,
full-genome-exams,Full Genome Exams,technology,Full Genome Exams,,
full-human-brain-simulation,Full human brain simulation,technology,Full human brain simulation,,
full-tactile-virtual-environment,Full tactile virtual environment,technology,Full tactile virtual environment,,
fully-on-chain-games-autonomous-worlds,Fully on-chain games (autonomous worlds),technology,Fully on-chain games (autonomous worlds),,
fully-reusable-heavy-lift-launch-starship,Fully reusable heavy-lift launch (Starship),technology,Fully reusable heavy-lift launch (Starship),,
fun-and-hedonism-as-relief-from-anxiety,Fun and hedonism as relief from anxiety,other,Fun and hedonism as relief from anxiety,,
fun-and-play-as-relief-from-anxiety,Fun and play as relief from anxiety,other,Fun and play as relief from anxiety,,
funding-basic-research,Funding Basic Research,technology,Funding Basic Research,,
funding-digital-infrastructure-development,Funding Digital Infrastructure Development,technology,Funding Digital Infrastructure Development,,
funding-influx,Funding Influx,technology,Funding Influx,,
fusion,Fusion,technology,Fusion,,
fusion-momentum,Fusion Momentum,technology,Fusion Momentum,,
fusion-power,Fusion Power,technology,Fusion Power,,
fusion-reaches-a-major-milestone,Fusion Reaches a Major Milestone,technology,Fusion Reaches a Major Milestone,,
fusion-theater,Fusion Theater,technology,Fusion Theater,,
future-of-work,Future of Work,technology,Future of Work,,
g-zero-and-the-middle-east,G-Zero and the Middle East,risk,G-Zero and the Middle East,,
gaa-homes,GAA Homes,technology,GAA Homes,,
gaining-access-to-backdoors,Gaining Access to Backdoors,technology,Gaining Access to Backdoors,,
gains-and-pains,Gains and Pains,technology,Gains and Pains,,
gait-recognition,Gait Recognition,technology,Gait Recognition,,
galactic-gas-stations,Galactic Gas Stations,technology,Galactic Gas Stations,,
galactic-refueling-stations,Galactic Refueling Stations,technology,Galactic Refueling Stations,,
galactic-ride-sharing,Galactic Ride Sharing,technology,Galactic Ride Sharing,,
game-and-film-convergence,Game and film convergence,technology,Game and film convergence,,
game-companies-as-entertainment-franchises,Game companies as entertainment franchises,technology,Game companies as entertainment franchises,,
game-consoles,Game consoles,technology,Game consoles,,
game-technology-in-non-game-industries,Game technology in non-game industries,technology,Game technology in non-game industries,,
games-and-film-ip-crossover,Games and film IP crossover,technology,Games and film IP crossover,,
games-as-first-market-for-emerging-technologies,Games as first market for emerging technologies,technology,Games as first market for emerging technologies,,
games-as-social-networks,Games as social networks,technology,Games as social networks,,
games-industry-m-and-a,Games industry M&A,technology,Games industry M&A,,
games-with-creative-tools-user-creation,Games with creative tools (user creation),technology,Games with creative tools (user creation),,
games-with-real-world-effects,Games with real-world effects,other,Games with real-world effects,,
gamification,Gamification,technology,Gamification;gamification,gamification-of-media;nft-gamification,
gamification-of-media,Gamification of media,technology,Gamification of media,gamification,
gamified-health-toys-and-games,Gamified Health Toys and Games,technology,Gamified Health Toys and Games,,
gaming-includes-immersive-vr,Gaming includes immersive VR,technology,Gaming includes immersive VR,,
gaming-market,Gaming market,quantity,Gaming market,,
gaming-subscription-wars,Gaming Subscription Wars,technology,Gaming Subscription Wars,,
gan-assisted-creativity,GAN-Assisted Creativity,technology,GAN-Assisted Creativity,,
gattaca-baby-tests,Gattaca Baby Tests,technology,Gattaca Baby Tests,,
gdpr-copycats,GDPR Copycats,technology,GDPR Copycats,,
gdpr-privacy-laws-and-hackers-threaten-the-internet-of-things,"GDPR, Privacy Laws, and Hackers Threaten the Internet of Things",technology,"GDPR, Privacy Laws, and Hackers Threaten the Internet of Things",,
genai-adoption-pressure,GenAI adoption pressure,technology,GenAI adoption pressure,,
genai-and-low-code-development,GenAI and low-code development,technology,GenAI and low-code development,,
genai-branding,GenAI branding,technology,GenAI branding,,
genai-disruption-of-productivity-tools,GenAI disruption of productivity tools,technology,GenAI disruption of productivity tools,,
genai-enabled-services-delivery,GenAI-enabled services delivery,technology,GenAI-enabled services delivery,,
genai-for-legacy-application-modernization,GenAI for legacy application modernization,technology,GenAI for legacy application modernization,,
genai-investment-pullback,GenAI investment pullback,technology,GenAI investment pullback,,
gender-and-race-biased-ai,Gender and Race Biased AI,technology,Gender and Race Biased AI,,
gender-pay-gap-remediation,Gender pay gap remediation,technology,Gender pay gap remediation,,
gene-editing,Gene editing,technology,CRISPR Genome-Editing;Gene Editing;Genome Editing,base-edited-baby;crispr-for-high-cholesterol;crispr-in-agriculture;gene-editing-market-value;precise-gene-editing-in-plants;the-first-gene-editing-treatment,
gene-editing-ethics,Gene Editing Ethics,technology,Gene Editing Ethics,,
gene-editing-for-rare-diseases-expands,Gene Editing for Rare Diseases Expands,technology,Gene Editing for Rare Diseases Expands,,
gene-editing-market-value,Gene editing market value,quantity,Gene editing market value,gene-editing,
gene-editing-revenue,Gene editing revenue,quantity,Gene editing revenue,,
gene-resurrection,Gene resurrection,technology,Gene resurrection,,
gene-surgery,Gene Surgery,technology,Gene Surgery,,
gene-therapy,Gene therapy,technology,Gene Therapy 2.0;Gene therapy,cell-and-gene-therapy;gene-therapy-approvals,
gene-therapy-approvals,Gene therapy approvals,quantity,Gene therapy approvals,gene-therapy,
gene-vandalism,Gene Vandalism,technology,Gene Vandalism,,
general-purpose-machine-intelligence,General-Purpose Machine Intelligence,technology,General-Purpose Machine Intelligence,artificial-general-intelligence,
general-purpose-robots,General Purpose Robots,technology,General Purpose Robots;General-Purpose Robots,,
general-reinforcement-learning-algorithm,General Reinforcement Learning Algorithm,technology,General Reinforcement Learning Algorithm;General Reinforcement Learning Algorithms,,
generating-music-from-text,Generating Music From Text,technology,Generating Music From Text,,
generating-virtual-environments,Generating Virtual Environments,technology,Generating Virtual Environments,,
generating-virtual-environments-from-short-videos,Generating Virtual Environments From Short Videos,technology,Generating Virtual Environments From Short Videos;Generating Virtual Environments from Short Videos,,
generative-adversarial-networks,Generative Adversarial Networks,technology,Dueling Neural Networks;Generative Adversarial Networks,,
generative-adversarial-networks-gans,Generative Adversarial Networks (GANs),technology,Generative Adversarial Networks (GANs),,
generative-ai,Generative AI,technology,Generative AI,ai-that-makes-images;enterprise-generative-ai;foundation-models;generative-ai-in-enterprise-software;generative-ai-search;generative-ai-video;gpt-3,
generative-ai-adoption-by-gender,Generative AI adoption by gender,technology,Generative AI adoption by gender,,
generative-ai-adoption-embedded-vs-standalone,Generative AI adoption (embedded vs standalone),technology,Generative AI adoption (embedded vs standalone),,
generative-ai-adoption-in-financial-institutions,Generative AI adoption in financial institutions,technology,Generative AI adoption in financial institutions,,
generative-ai-and-cybersecurity,Generative AI and cybersecurity,technology,Generative AI and cybersecurity,,
generative-ai-and-workforce-learning,Generative AI and workforce learning,technology,Generative AI and workforce learning,,
generative-ai-chatbots-and-enterprise-knowledge-llm-advisors,Generative AI chatbots and enterprise knowledge (LLM advisors),technology,Generative AI chatbots and enterprise knowledge (LLM advisors),,
generative-ai-consumer-creation-tools,Generative AI consumer creation tools,technology,Generative AI consumer creation tools,,
generative-ai-enterprise-investment,Generative AI enterprise investment,technology,Generative AI enterprise investment,,
generative-ai-for-enterprise-workflows,Generative AI for enterprise workflows,technology,Generative AI for enterprise workflows,,
generative-ai-for-financial-professional-services,Generative AI for financial professional services,technology,Generative AI for financial professional services,,
generative-ai-for-game-assets,Generative AI for game assets,technology,Generative AI for game assets,,
generative-ai-for-personal-expression,Generative AI for Personal Expression,technology,Generative AI for Personal Expression,,
generative-ai-gains-wide-acceptance,Generative AI Gains Wide Acceptance,technology,Generative AI Gains Wide Acceptance,,
generative-ai-in-enterprise-software,Generative AI in enterprise software,technology,Generative AI in enterprise software,generative-ai,
generative-ai-in-enterprise-systems-and-ai-agents,Generative AI in enterprise systems and AI agents,technology,Generative AI in enterprise systems and AI agents,,
generative-ai-in-film-and-tv-production,Generative AI in film and TV production,technology,Generative AI in film and TV production,,
generative-ai-in-the-it-function,Generative AI in the IT function,technology,Generative AI in the IT function,,
generative-ai-modalities-expand,Generative AI Modalities Expand,technology,Generative AI Modalities Expand,,
generative-ai-momentum,Generative AI momentum,technology,Generative AI momentum,,
generative-ai-search,Generative AI search,technology,Generative AI search,generative-ai,
generative-ai-talent-demand,Generative AI talent demand,technology,Generative AI talent demand,,
generative-ai-use-by-nonprofits,Generative AI use by nonprofits,other,Generative AI use by nonprofits,,
generative-ai-video,Generative AI video,technology,Generative AI video,generative-ai,
generative-algorithms-for-content-production,Generative Algorithms for Content Production,technology,Generative Algorithms for Content Production,,
generative-algorithms-for-sound,Generative Algorithms For Sound,technology,Generative Algorithms For Sound,,
generative-algorithms-for-voice,Generative Algorithms for Voice,technology,Generative Algorithms For Voice;Generative Algorithms for Voice,,
generative-algorithms-for-voice-sound-and-video,"Generative Algorithms For Voice, Sound and Video",technology,"Generative Algorithms For Voice, Sound and Video;Generative Algorithms for Voice, Sound and Video;Generative Algorithms for Voice, Sound, and Video",,
generative-antibody-design,Generative Antibody Design,technology,Generative Antibody Design,,
generative-biology,Generative Biology,technology,Generative Biology,,
generative-coding,Generative coding,technology,Generative coding,,
generative-cybersecurity-ai,Generative Cybersecurity AI,technology,Generative Cybersecurity AI,,
generative-design-ai,Generative Design AI,technology,Generative Design AI,,
generative-engine-optimization-geo,Generative engine optimization (GEO),technology,Generative engine optimization (GEO),,
generative-ui,Generative UI,technology,Generative UI,,
generative-user-interfaces,Generative User Interfaces,technology,Generative User Interfaces,,
genetic-code-and-brain-wiring,Genetic code and brain wiring,technology,Genetic code and brain wiring,,
genetic-engineering,Genetic engineering,technology,Genetic engineering,,
genetic-fortune-telling,Genetic Fortune-Telling,technology,Genetic Fortune-Telling,,
genetic-privacy,Genetic Privacy,technology,Genetic Privacy,,
genetic-privacy-in-a-post-pandemic-world,Genetic Privacy in a Post-Pandemic World,technology,Genetic Privacy in a Post-Pandemic World,,
genetic-recognition,Genetic Recognition,technology,Genetic Recognition,,
genetic-research-s-bias-problem,Genetic Research’s Bias Problem,technology,Genetic Research’s Bias Problem,,
genetic-scoring,Genetic Scoring,technology,Genetic Scoring,,
genetic-screening,Genetic Screening,technology,Genetic Screening,,
genetic-screening-for-pregnancy,Genetic Screening for Pregnancy,technology,Genetic Screening for Pregnancy,,
genetically-designed-food,Genetically designed food,technology,Genetically designed food,,
genetically-engineered-space-farming,Genetically Engineered Space Farming,technology,Genetically Engineered Space Farming,,
genetically-modified-cephalopods,Genetically Modified Cephalopods,technology,Genetically Modified Cephalopods,,
genome-editing-research-clashes-with-policy-and-public-opinion,Genome Editing Research Clashes With Policy and Public Opinion,technology,Genome Editing Research Clashes With Policy and Public Opinion,,
genome-life-processes-understood,Genome life processes understood,technology,Genome life processes understood,,
genome-sequencing-cost,Genome sequencing cost,quantity,Genome sequencing cost,rapid-personal-gene-sequencing,
genomic-editing,Genomic Editing,technology,Genomic Editing,,
genomics-market-value,Genomics market value,quantity,Genomics market value,,
geoeconomic-confrontation,Geoeconomic confrontation,risk,Geoeconomic confrontation;Geoeconomic confrontations,,
geoengineering,Geoengineering,technology,Geoengineering,,
geoengineering-policy,Geoengineering Policy,technology,Geoengineering Policy,,
geography-reshapes-the-virtual-world,Geography Reshapes the Virtual World,technology,Geography Reshapes the Virtual World,,
geopatriation,Geopatriation,technology,Geopatriation,,
geopolitical-conflict,Geopolitical conflict,risk,Geopolitical conflict,,
geopolitical-europe,Geopolitical Europe,risk,Geopolitical Europe,,
geopolitical-resource-contestation,Geopolitical resource contestation,risk,Geopolitical resource contestation,,
geopolitical-space-tensions,Geopolitical Space Tensions,technology,Geopolitical Space Tensions,,
geopolitical-tensions-in-space,Geopolitical Tensions in Space,technology,Geopolitical Tensions in Space,,
geopolitical-tensions-over-space-junk,Geopolitical Tensions over Space Junk,technology,Geopolitical Tensions over Space Junk,,
geopolitics,Geopolitics,technology,Geopolitics,,
geopolitics-of-energy,Geopolitics of energy,risk,Geopolitics of energy,,
geopolitics-of-sports,Geopolitics of Sports,technology,Geopolitics of Sports,,
geospatial-visualization,Geospatial visualization,technology,Geospatial visualization,,
geothermal,Geothermal,technology,Geothermal,,
germany-real-gdp-growth,Germany real GDP growth,quantity,real GDP growth,,"Real GDP growth, calendar-year annual average over the previous year, percent. Not Q4-over-Q4 growth (the Fed SEP measure), which needs its own subject."
gestural-interfaces-and-biointerfaces,Gestural Interfaces and Biointerfaces,technology,Gestural Interfaces and Biointerfaces,,
gesture-and-speech-interfaces,Gesture and speech interfaces,technology,Gesture and speech interfaces,,
gesture-control,Gesture Control,technology,Gesture Control;Gesture Control Devices,gesture-recognition,
gesture-recognition,Gesture recognition,technology,Gestural Interfaces;Gesture Recognition;Gesture recognition,gesture-control,
gesture-recognition-and-natural-user-interfaces,Gesture Recognition and Natural User Interfaces,technology,Gesture Recognition and Natural User Interfaces,,
getting-a-grip,Getting a Grip,technology,Getting a Grip,,
gigabit-broadband,Gigabit broadband,technology,Gigabit broadband,,
giorgia-meloni-becomes-italian-prime-minister,Giorgia Meloni becomes Italian prime minister,other,Giorgia Meloni becomes Italian prime minister,,
gitops,GitOps,technology,GitOps,,
giving-by-emerging-market-brands-and-wealthy-individuals,Giving by emerging-market brands and wealthy individuals,other,Giving by emerging-market brands and wealthy individuals,,
glitches,Glitches,technology,Glitches,,
global-auto-sales,Global auto sales,quantity,Global auto sales,,
global-battery-belts,Global Battery Belts,technology,Global Battery Belts,,
global-biobanks-improve-disease-research,Global Biobanks Improve Disease Research,technology,Global Biobanks Improve Disease Research,,
global-business-environment,global business environment,other,global business environment,,
global-ch4-emissions,global CH4 emissions,quantity,global CH4 emissions,,
global-co2-emissions-from-fossil-fuels-and-industry,global CO2 emissions from fossil fuels and industry,quantity,global CO2 emissions from fossil fuels and industry,,
global-co2-emissions-peak,Global CO2 emissions peak,other,Global CO2 emissions peak,,
global-conflicts-spur-re-globalization,Global Conflicts Spur Re-Globalization,technology,Global Conflicts Spur Re-Globalization,,
global-crypto-regulation,Global Crypto Regulation,technology,Global Crypto Regulation,,
global-cybersecurity-pacts,Global Cybersecurity Pacts,technology,Global Cybersecurity Pacts,,
global-data-reckoning,Global data reckoning,risk,Global data reckoning,,
global-data-scientist-shortages,Global Data Scientist Shortages,technology,Global Data Scientist Shortages,,
global-economic-growth,global economic growth,other,global economic growth,,
global-economic-power-shift,global economic power shift,other,global economic power shift,,
global-economy,global economy,other,global economy,,
global-elite,global elite,quantity,global elite,,
global-energy-transition-stalls,Global energy transition stalls,risk,Global energy transition stalls,,
global-ev-sales,Global EV sales (scope as stated),quantity,Electric vehicle sales;global EV sales;global annual EV sales;global annual battery EV sales,global-passenger-ev-sales;electric-vehicles,"Annual EV sales where the publisher does not restrict the scope to passenger vehicles (for example light-duty vehicles), or restricts it to battery EVs; each claim states its scope in `metric`."
global-ev-share-of-car-fleet,"EV share of the passenger car fleet, world",quantity,"EV share of cars on the road, global;EV share of global car fleet;EV share of global passenger vehicle fleet;electric share of passenger car stock",global-ev-share-of-light-duty-fleet,"Share of cars on the road, not of sales."
global-ev-share-of-light-duty-fleet,"EV share of the light-duty vehicle fleet, world",quantity,"EV share of light-duty vehicles on the road, global",global-ev-share-of-car-fleet,Includes light commercial vehicles.
global-ev-share-of-new-light-duty-vehicle-sales,"EV share of new light-duty vehicle sales, world",quantity,"EV share of new light duty vehicle sales, global;EV share of new light-duty vehicle sales, global",global-ev-share-of-new-passenger-car-sales,Includes light commercial vehicles.
global-ev-share-of-new-passenger-car-sales,"EV share of new passenger car sales, world",quantity,"EV share of new car sales, global;EV share of new passenger car sales, global;EV share of new passenger vehicle sales, global",global-ev-share-of-new-light-duty-vehicle-sales;global-zev-share-of-new-passenger-car-sales;global-ev-share-of-new-vehicle-sales,"Plug-in EV share of new passenger car (or passenger vehicle) sales, percent."
global-ev-share-of-new-vehicle-sales,"EV share of new vehicle sales (cars, vans and trucks), world",quantity,"EV share of new car, van and truck sales, global;EV share of new vehicle sales;EV share of new vehicle sales, global;plug-in vehicle share of new vehicle sales",global-ev-share-of-new-passenger-car-sales,All road vehicle segments combined.
global-ev-stock,"Electric vehicles on the road, world",quantity,electric cars on the road;electric passenger cars and trucks on the road;electric passenger cars on the road;electric vehicles on the road,global-ev-share-of-car-fleet;electric-vehicles,Stock of electric vehicles. Scope varies (cars; cars and trucks; all EVs); each claim states it in `metric`.
global-gdp,Global GDP,quantity,Global GDP,world-real-gdp-growth,
global-governance-failure,Global governance failure,risk,Global governance failure,,
global-governance-gaps,Global governance gaps,risk,Global governance gaps,,
global-governance-institutions,global governance institutions,other,global governance institutions,,
global-greenhouse-gas-emissions-pathway,global greenhouse gas emissions pathway,other,global greenhouse gas emissions pathway,,
global-liquids-demand,Global liquids demand,quantity,"global liquids demand (oil, biofuels and other liquids)",global-oil-demand,"Oil, biofuels and other liquids, world, million barrels per day."
global-low-cost-mobile-network,global low-cost mobile network,other,global low-cost mobile network,,
global-oil-demand,Global oil demand,quantity,oil demand;oil demand (excl. biofuels);oil demand (summary table 'Oil - Mbd'),global-liquids-demand,"World oil demand, million barrels per day. BP's tables differ on whether biofuels are included; each claim states it in `metric`."
global-online-population,global online population,quantity,global online population,,
global-order,global order,other,global order,,
global-passenger-ev-sales,Global passenger EV sales,quantity,global passenger EV sales,global-ev-sales;electric-vehicles,"Annual sales of plug-in electric passenger vehicles (BEV and PHEV), world."
global-power-distribution,global power distribution,other,global power distribution,,
global-protectionism,Global protectionism,risk,Global protectionism,,
global-quantum-competition,Global Quantum Competition,technology,Global Quantum Competition,,
global-quantum-computing-race,Global Quantum Computing Race,technology,Global Quantum Computing Race,,
global-recession-timing,Global recession timing,other,Global recession timing,,
global-renewables-share-of-electricity,Renewables share of world electricity generation,quantity,renewables share of power generation;renewables share of world electricity,,Share of world power generation. Whether hydro is included depends on the publisher; each claim states it in `metric`.
global-renewables-share-of-primary-energy,Renewables share of world primary energy (excluding hydro),quantity,"renewables share of primary energy (renewables (excl. hydro; bp 'Renewables' table));renewables share of primary energy (renewables (incl. bioenergy, excl. hydro));renewables share of primary energy (renewables (incl. biofuels, excl. hydro));renewables share of primary energy (renewables incl. bioenergy, excl. hydro);renewables share of primary energy (renewables incl. biofuels, excl. hydro)",,Non-hydro renewables as a share of primary energy. BP's definition of which bioenergy counts changes between editions; each claim states it in `metric`.
global-risk-portfolios,Global risk portfolios,technology,Global risk portfolios,,
global-rush-to-fund-a-i,Global Rush to Fund A.I.,technology,Global Rush to Fund A.I.;Global Rush to Fund AI,,
global-solar-generation,Global solar electricity generation (all solar),quantity,generation,global-solar-pv-generation,IEA WEO 2002 to 2009 annex row 'Solar'. Includes solar thermal (CSP) at least in 2004; unknown for the other editions.
global-solar-installed-capacity,Global solar installed capacity (all solar),quantity,installed capacity,global-solar-pv-installed-capacity,IEA WEO 2002 to 2009 annex row 'Solar'. Includes solar thermal (CSP) at least in 2004; unknown for the other editions.
global-solar-pv-generation,Global solar PV electricity generation,quantity,generation,global-solar-generation,"Electricity generated by solar photovoltaics, world, TWh."
global-solar-pv-installed-capacity,Global solar PV installed capacity,quantity,installed capacity,global-solar-installed-capacity,"Cumulative installed solar photovoltaic capacity, world, GW. IEA figures and Ember figures can differ in basis (DC or AC)."
global-tech-cold-war,Global tech cold war,risk,Global tech cold war,,
global-total-co2-emissions,global total CO2 emissions,quantity,global total CO2 emissions,,
global-wind-generation,Global wind electricity generation,quantity,generation,,"Electricity generated by wind, onshore and offshore, world, TWh."
global-wind-installed-capacity,Global wind installed capacity,quantity,installed capacity,,"Cumulative installed wind capacity, onshore and offshore, world, GW."
global-workplace-telecommuting,Global workplace telecommuting,technology,Global workplace telecommuting,,
global-zev-share-of-new-passenger-car-sales,"Zero-emission share of new passenger car sales, world",quantity,"zero-emission share of new passenger car sales, global;zero-emission share of new passenger vehicle sales, global",global-ev-share-of-new-passenger-car-sales,Zero-emission vehicles only; may exclude plug-in hybrids.
globalisation,globalisation,quantity,globalisation,,
globalization,Globalization,other,Globalization;globalization,,
globalized-consumer-innovation,Globalized consumer innovation,other,Globalized consumer innovation,,
glycomics,Glycomics,technology,Glycomics,,
going-bladeless,Going Bladeless,technology,Going Bladeless,,
going-where-we-ve-never-gone-before,Going Where We’ve Never Gone Before,technology,Going Where We’ve Never Gone Before,,
governance,governance,other,governance,,
governance-sandboxes,Governance Sandboxes,technology,Governance Sandboxes,,
governing-space,Governing Space,technology,Governing Space,,
government-investment,Government Investment,technology,Government Investment,,
government-investment-and-regulation,Government Investment and Regulation,technology,Government Investment and Regulation,,
government-requests-for-backdoor-access,Government Requests for Backdoor Access,technology,Government Requests for Backdoor Access,,
governments-asking-tech-companies-to-help-fight-the-spread-of-misinformation-propaganda-and-terrorism,"Governments Asking Tech Companies To Help Fight the Spread of Misinformation, Propaganda and Terrorism",technology,"Governments Asking Tech Companies To Help Fight the Spread of Misinformation, Propaganda and Terrorism",,
gp-models,GP Models,technology,GP Models,,
gps-phones,GPS phones,technology,GPS phones,,
gpt-3,GPT-3,technology,GPT-3,generative-ai,
gpt-3-s-influence,GPT-3’s Influence,technology,GPT-3’s Influence,,
gpus-graphics-processing-units,GPUs (Graphics Processing Units),technology,GPUs (Graphics Processing Units),,
grammar-checking-software,Grammar-checking software,technology,Grammar-checking software,,
graph-analytics,Graph Analytics,technology,Graph Analytics,,
graph-data-science,Graph Data Science,technology,Graph Data Science,,
graph-neural-networks,Graph Neural Networks,technology,Graph Neural Networks,,
graphene,Graphene,technology,Graphene,graphene-transistors,
graphene-transistors,Graphene Transistors,technology,Graphene Transistors,graphene,
gravitational-energy-storage,Gravitational Energy Storage,technology,Gravitational Energy Storage,,
great-power-conflict,great power conflict,other,great power conflict,,
greater-incidence-of-extreme-weather-events-e-g-floods-storms-fires,"Greater incidence of extreme weather events (e.g. floods, storms, fires)",risk,"Greater incidence of extreme weather events (e.g. floods, storms, fires)",,
greatest-gains-are-in-the-stock-market,Greatest gains are in the stock market,technology,Greatest gains are in the stock market,,
green-cement,Green Cement,technology,Green Cement,,
green-concrete,Green Concrete,technology,Green Concrete,,
green-hydrogen,Green hydrogen,technology,Green hydrogen,,
green-it,Green IT,technology,Green IT,,
green-power-and-propulsion,Green Power and Propulsion,technology,Green Power and Propulsion,,
green-propulsion,Green Propulsion,technology,Green Propulsion,,
green-steel,Green steel,technology,Green steel,,
green-steel-and-iron,Green Steel and Iron,technology,Green Steel and Iron,,
green-stimulus-plans,Green Stimulus Plans,technology,Green Stimulus Plans,,
green-tech,Green Tech,technology,Green Tech,,
greener-fashion,Greener Fashion,technology,Greener Fashion,,
greening-fashion,Greening Fashion,technology,Greening Fashion,,
grid-computing,Grid computing,technology,Grid Computing;Grid computing,,
grid-instability,Grid Instability,technology,Grid Instability,,
grid-management,Grid Management,technology,Grid Management,,
grid-scale-energy-storage,Grid-Scale Energy Storage,technology,Grid-Scale Energy Storage,,
grinder-biohacking,Grinder Biohacking,technology,Grinder Biohacking,,
grounding-and-context-augmentation,Grounding and Context Augmentation,technology,Grounding and Context Augmentation,,
group-buying,Group Buying,technology,Group Buying,,
growing-blood,Growing Blood,technology,Growing Blood,,
growing-computer-intelligence-stirs-discussion,Growing computer intelligence stirs discussion,technology,Growing computer intelligence stirs discussion,,
growing-concern-about-centralized-data-sets,Growing Concern About Centralized Data Sets,technology,Growing Concern About Centralized Data Sets,,
growing-neo-luddite-movement,Growing neo-Luddite movement,technology,Growing neo-Luddite movement,,
growing-organoids-to-study-long-covid,Growing Organoids to Study Long COVID,technology,Growing Organoids to Study Long COVID,,
growing-sex-cells,Growing Sex Cells,technology,Growing Sex Cells,,
growing-your-own-spare-parts,Growing Your Own Spare Parts,technology,Growing Your Own Spare Parts,,
gsm,GSM,technology,GSM,,
guardian-agents-for-ai-oversight,Guardian agents for AI oversight,technology,Guardian agents for AI oversight,,
guerilla-marketing-crypto-airdrops,Guerilla Marketing: Crypto Airdrops,technology,Guerilla Marketing: Crypto Airdrops,,
guilt-free-consumption-as-status,Guilt-free consumption as status,other,Guilt-free consumption as status,,
guilt-free-convenience,Guilt-free convenience,other,Guilt-free convenience,,
gut-models-mirror-human-digestive-system,Gut Models Mirror Human Digestive System,technology,Gut Models Mirror Human Digestive System,,
gut-probe-in-a-pill,Gut probe in a pill,technology,Gut probe in a pill,,
hacktivism-rising,Hacktivism Rising,technology,Hacktivism Rising,,
hair-care-soap-and-laundry-detergent,"Hair Care, Soap, and Laundry Detergent",technology,"Hair Care, Soap, and Laundry Detergent",,
haiti,Haiti,other,Haiti,,
half-the-world-online,Half the world online,other,Half the world online,,
hand-held-gps-devices-help-the-blind-navigate,Hand-held GPS devices help the blind navigate,technology,Hand-held GPS devices help the blind navigate,,
handhelds-read-aloud-any-digital-document,Handhelds read aloud any digital document,technology,Handhelds read aloud any digital document,,
handicap-redefined,“Handicap” redefined,technology,“Handicap” redefined,,
hands-on-to-heads-up,Hands-On to Heads-Up,technology,Hands-On to Heads-Up,,
handwriting-recognition,Handwriting Recognition,technology,Handwriting Recognition,,
haps,HAPs,technology,HAPs,project-loon,
haptic-holography,Haptic Holography,technology,Haptic Holography,,
haptic-vr-booths,Haptic VR booths,technology,Haptic VR booths,,
haptic-vr-for-medicine-and-sex,Haptic VR for medicine and sex,technology,Haptic VR for medicine and sex,,
haptic-vr-preferred-mode,Haptic VR preferred mode,technology,Haptic VR preferred mode,,
haptic-wearables,Haptic Wearables,technology,Haptic Wearables,,
haptics,Haptics,technology,Haptics,,
haptics-common-in-gaming-and-simulation,Haptics common in gaming and simulation,technology,Haptics common in gaming and simulation,,
haptics-let-people-touch-and-feel-remotely,Haptics let people touch and feel remotely,technology,Haptics let people touch and feel remotely,,
haptics-still-limited,Haptics still limited,technology,Haptics still limited,,
hard-disk-capacity-for-150,hard disk capacity for $150,quantity,hard disk capacity for $150,,
hardware-software-engineering-jobs,Hardware-software engineering jobs,technology,Hardware-software engineering jobs,,
hashcache,HashCache,technology,HashCache,,
hdtv,HDTV,technology,HDTV,,
head-mounted-displays,Head Mounted Displays,technology,Head Mounted Displays;Head-Mounted Displays,,
heads-up-display,Heads-up display,technology,Heads-Up Displays;Heads-up display,,
headsets,Headsets,technology,Headsets,,
health,Health,technology,Health,,
health-at-the-workplace,Health at the Workplace,technology,Health at the Workplace,,
health-care-s-environmental-impacts,Health Care’s Environmental Impacts,technology,Health Care’s Environmental Impacts,,
health-data-infrastructure,Health Data Infrastructure,technology,Health Data Infrastructure,,
health-innovation,health innovation,other,health innovation,,
health-monitor-recommendations,Health monitor recommendations,technology,Health monitor recommendations,,
health-passport,Health Passport,technology,Health Passport,,
health-scoring,Health Scoring,technology,Health Scoring,,
health-wearables,Health wearables,technology,Health wearables,wearables,
healthcare-specific-llms,Healthcare-Specific LLMs,technology,Health Care-Specific LLMs;Healthcare-Specific LLMs,,
healthy-towns,Healthy Towns,technology,Healthy Towns,,
hearables-and-earables,Hearables and Earables,technology,Hearables and Earables,,
hearables-earables,Hearables / Earables,technology,Hearables / Earables,,
hearing-devices,Hearing Devices,technology,Hearing Devices,,
heartprints,Heartprints,technology,Heartprints,,
heat-pumps,Heat pumps,technology,Heat pumps,,
heavy-industries,Heavy Industries,technology,Heavy Industries,,
heavy-trucks,Heavy Trucks,technology,Heavy Trucks,,
helping-dispensaries-at-the-bank,Helping Dispensaries at the Bank,technology,Helping Dispensaries at the Bank,,
heterosexual-aids-epidemic-in-america-and-europe,Heterosexual AIDS epidemic in America and Europe,other,Heterosexual AIDS epidemic in America and Europe,,
high-altitude-stratospheric-platforms,High-altitude stratospheric platforms,technology,High-altitude stratospheric platforms,,
high-frequency-trading,High-frequency trading,technology,High-frequency trading,,
high-income-countries-real-gdp-growth,High-income countries real GDP growth (World Bank grouping),quantity,real GDP growth,,"Real GDP growth, calendar-year annual average over the previous year, percent. Not Q4-over-Q4 growth (the Fed SEP measure), which needs its own subject. World Bank grouping used until January 2016."
high-resolution-fmri,High-resolution fMRI,technology,High-resolution fMRI,,
high-resolution-sound-anywhere-in-3d-space,High-resolution sound anywhere in 3D space,technology,High-resolution sound anywhere in 3D space,,
high-speed-materials-discovery,High-Speed Materials Discovery,technology,High-Speed Materials Discovery,,
high-tech-concierge-care,High-Tech Concierge Care,technology,High-Tech Concierge Care,,
hijacking-internet-traffic,Hijacking Internet Traffic,technology,Hijacking Internet Traffic,,
hiring-older-workers,Hiring older workers,other,Hiring older workers,,
hmds-and-smart-helmets,HMDs and Smart Helmets,technology,HMDs and Smart Helmets,,
hmds-vr-headsets-and-smart-helmets,"HMDs, VR Headsets, and Smart Helmets",technology,"HMDs, VR Headsets, and Smart Helmets",,
holistic-wellbeing-mental-emotional-spiritual,"Holistic wellbeing (mental, emotional, spiritual)",other,"Holistic wellbeing (mental, emotional, spiritual)",,
holograms,Holograms,technology,Holograms,,
holographic-data-storage,Holographic Data Storage,technology,Holographic Data Storage,,
holographic-live-performances,Holographic Live Performances,technology,Holographic Live Performances,,
holographic-storage,Holographic Storage,technology,Holographic Storage,,
holography,Holography,technology,Holography,volumetric-and-holographic-displays,
home-appliances-that-can-talk-to-each-other,Home Appliances That Can Talk To Each Other,technology,Home Appliances That Can Talk To Each Other,,
home-automation,Home Automation,technology,Home Automation,,
home-broadband-adoption-united-states,"home broadband adoption, United States",other,"home broadband adoption, United States",,
home-health-monitoring,Home Health Monitoring,technology,Home Health Monitoring,,
home-offices-introduce-new-cybersecurity-risks,Home Offices Introduce New Cybersecurity Risks,technology,Home Offices Introduce New Cybersecurity Risks,,
home-service-bots,Home Service Bots,technology,Home Service Bots,,
hometown-coins,Hometown Coins,technology,Hometown Coins,,
homomorphic-encryption,Homomorphic Encryption,technology,Homomorphic Encryption,,
hong-kong-handover,Hong Kong handover,other,Hong Kong handover,,
hospitals-as-tech-innovators,Hospitals as Tech Innovators,technology,Hospitals as Tech Innovators,,
hosted-virtual-desktops,Hosted Virtual Desktops,technology,Hosted Virtual Desktops;Virtual desktop infrastructure,,
hot-platforms,HoT Platforms,technology,HoT Platforms,,
hot-solar-cells,Hot Solar Cells,technology,Hot Solar Cells,,
hours-worked,Hours worked,quantity,Hours worked,,
household-robots-not-yet-ubiquitous,Household robots not yet ubiquitous,technology,Household robots not yet ubiquitous,,
household-robots-ubiquitous,Household robots ubiquitous,technology,Household robots ubiquitous,,
households-average-plus-100-computers,Households average +100 computers,technology,Households average +100 computers,,
html5,HTML5,technology,HTML5,,
human-agent-of-responsibility-by-law,Human agent of responsibility by law,technology,Human agent of responsibility by law,,
human-ai-collaboration,Human-AI collaboration,technology,Human-AI collaboration,,
human-ai-division-of-labor,Human-AI division of labor,technology,Human-AI division of labor,,
human-augmentation,Human Augmentation,technology,Human Augmentation;Human augmentation,machine-augmented-cognition,
human-centered-and-behavioral-design,Human-centered and behavioral design,technology,Human-centered and behavioral design,,
human-centric-pervasive-computing,Human-Centric Pervasive Computing,technology,Human-Centric Pervasive Computing,,
human-computer-interfaces,Human-computer interfaces,technology,Human-computer interfaces,,
human-computer-jam-sessions,Human-computer jam sessions,technology,Human-computer jam sessions,,
human-digital-twins,Human Digital Twins,technology,Human Digital Twins,,
human-dna-powered-devices,Human DNA-Powered Devices,technology,Human DNA-Powered Devices,,
human-environmental-damage,Human environmental damage,risk,Human environmental damage,,
human-genomes-sequenced,Human genomes sequenced,quantity,Human genomes sequenced,,
human-imperfection-as-a-reaction-to-ai-content,Human imperfection as a reaction to AI content,other,Human imperfection as a reaction to AI content,,
human-intelligence-advantages-harder-to-state,Human intelligence advantages harder to state,technology,Human intelligence advantages harder to state,,
human-interfaces-eye-tracking-bci-neurotech,"Human interfaces (eye tracking, BCI, neurotech)",technology,"Human interfaces (eye tracking, BCI, neurotech)",,
human-level-ai-and-agi,Human-level AI and AGI,technology,Human-level AI and AGI,,
human-like-computer-interaction,Human-like computer interaction,technology,Human-like computer interaction,,
human-machine-art-collaboration,Human-machine art collaboration,technology,Human-machine art collaboration,,
human-machine-collaboration-in-the-workforce,Human-machine collaboration in the workforce,technology,Human-machine collaboration in the workforce,,
human-machine-coordination,Human/Machine Coordination,technology,Human/Machine Coordination,,
human-machine-interfaces,Human-Machine Interfaces,technology,Human-Machine Interfaces,,
human-machine-workforce-automation-ai,"Human-machine workforce (automation, AI)",technology,"Human-machine workforce (automation, AI)",,
human-made-environmental-disasters,Human-made environmental disasters,risk,Human-made environmental disasters,,
human-migration-patterns-shift,Human Migration Patterns Shift,technology,Human Migration Patterns Shift,,
human-soldiers-replaced-with-remote-weapons-drones,"Human soldiers replaced with remote weapons, drones",technology,"Human soldiers replaced with remote weapons, drones",,
human-trials-of-synthetic-wombs,Human Trials of Synthetic Wombs,technology,Human Trials of Synthetic Wombs,,
human-underclass-as-issue,Human underclass as issue,technology,Human underclass as issue,,
humanoid-robots,Humanoid robots,quantity,Humanoid Robots;Humanoid robots,,
humanoid-working-robots,Humanoid Working Robots,technology,Humanoid Working Robots,,
humans-persuade-ai,Humans Persuade AI,technology,Humans Persuade AI,,
hybrid-animal-plant-meats,Hybrid Animal-Plant Meats,technology,Hybrid Animal-Plant Meats,,
hybrid-assisted-limbs,Hybrid assisted limbs,technology,Hybrid assisted limbs,,
hybrid-classical-quantum,Hybrid Classical-Quantum,technology,Hybrid Classical-Quantum,,
hybrid-cloud,Hybrid cloud,technology,Hybrid cloud,,
hybrid-cloud-computing,Hybrid Cloud Computing,technology,Hybrid Cloud Computing,,
hybrid-human-computer-vision,Hybrid Human-Computer Vision,technology,Hybrid Human-Computer Vision,,
hybrid-human-computer-vision-analysis,Hybrid Human-Computer Vision Analysis,technology,Hybrid Human-Computer Vision Analysis,,
hybrid-multicloud-management,Hybrid/multicloud management,technology,Hybrid/multicloud management,,
hybrid-quantum-classical,Hybrid Quantum-Classical,technology,Hybrid Quantum-Classical,,
hybrid-urban-systems,Hybrid Urban Systems,technology,Hybrid Urban Systems,,
hybrid-workforce-and-automation-failures,Hybrid workforce and automation failures,technology,Hybrid workforce and automation failures,,
hybrid-workforce-technical-parity,Hybrid workforce technical parity,technology,Hybrid workforce technical parity,,
hybrid-workplace-user-support,Hybrid workplace user support,technology,Hybrid workplace user support,,
hydro-as-a-water-battery,Hydro as a Water Battery,technology,Hydro as a Water Battery,,
hydro-as-water-battery,Hydro as “Water Battery”,technology,Hydro as “Water Battery”,,
hydrogen,Hydrogen,technology,Hydrogen,,
hydrogen-energy-storage-and-transport,Hydrogen energy storage & transport,technology,Hydrogen energy storage & transport,,
hydrogen-fuel-cells,Hydrogen fuel cells,technology,Hydrogen fuel cells,fuel-cells,
hydrogen-planes,Hydrogen planes,technology,Hydrogen planes,,
hydropower,Hydropower,technology,Hydropower,,
hygroelectricity,Hygroelectricity,technology,Hygroelectricity,,
hyper-accurate-positioning,Hyper-accurate positioning,technology,Hyper-accurate positioning,,
hyper-local-data-centers-for-edge-computing,Hyper-Local Data Centers for Edge Computing,technology,Hyper-Local Data Centers for Edge Computing;Hyper-local Data Centers for Edge Computing,,
hyper-personalization,Hyper-Personalization,technology,Hyper-Personalization,,
hyper-personalized-medicine,Hyper-personalized medicine,technology,Hyper-personalized medicine,personalized-medicine,
hyperfinancialization,Hyperfinancialization,technology,Hyperfinancialization,,
hyperfinancialization-with-rwa-integration,Hyperfinancialization with RWA Integration,technology,Hyperfinancialization with RWA Integration,,
hyperlocal-social-networking,Hyperlocal social networking,other,Hyperlocal social networking,,
hyperrealistic-avatars,Hyperrealistic Avatars,technology,Hyperrealistic Avatars,,
hyperrealistic-digital-personas,Hyperrealistic Digital Personas,technology,Hyperrealistic Digital Personas,,
hyperscale-ai-data-centers,Hyperscale AI data centers,technology,Hyperscale AI data centers,,
hyperscale-data-center-capacity,Hyperscale data center capacity,technology,Hyperscale data center capacity,,
hyperscale-data-center-hardware,Hyperscale data center hardware,technology,Hyperscale data center hardware,,
hyperscale-water-usage,Hyperscale Water Usage,technology,Hyperscale Water Usage,,
hyperscaler-ai-capital-expenditure,Hyperscaler AI capital expenditure,technology,Hyperscaler AI capital expenditure,,
hypersonic-flight,Hypersonic flight,quantity,Hypersonic flight,,
i-teams-for-algorithms-and-data,I-Teams For Algorithms and Data,technology,I-Teams For Algorithms and Data;I-Teams for Algorithms and Data,,
icc-world-twenty20-2016-winner,ICC World Twenty20 2016 winner,other,ICC World Twenty20 2016 winner,,
idea-management,Idea Management,technology,Idea Management,,
identity-politics-in-southern-asia,Identity politics in southern Asia,risk,Identity politics in southern Asia,,
identity-services,Identity services,technology,Identity services,,
identity-verification-and-onboarding-kyc,Identity verification and onboarding (KYC),technology,Identity verification and onboarding (KYC),,
illness-detecting-sensors,Illness-Detecting Sensors,technology,Illness-Detecting Sensors,,
image-completion,Image Completion,technology,Image Completion,,
image-recognition,Image Recognition,technology,Image Recognition,machine-vision,
image-reconstruction,Image Reconstruction,technology,Image Reconstruction,,
imaging,Imaging,technology,Imaging,,
imaging-space,Imaging Space,technology,Imaging Space,,
imitating-human-perception-advancing-computer-vision,Imitating Human Perception: Advancing Computer Vision,technology,Imitating Human Perception: Advancing Computer Vision,,
imitation-learning,Imitation Learning,technology,Imitation Learning,,
immersive-3d-projections,Immersive 3D projections,technology,Immersive 3D projections,,
immersive-amusement-park-experiences,Immersive Amusement Park Experiences,technology,Immersive Amusement Park Experiences,,
immersive-and-sensorial-experiences,Immersive and Sensorial Experiences,technology,Immersive and Sensorial Experiences,,
immersive-experiences,Immersive Experiences,technology,Immersive Experiences,,
immersive-multi-user-vr,Immersive multi-user VR,technology,Immersive multi-user VR,,
immersive-museum-experiences,Immersive Museum Experiences,technology,Immersive Museum Experiences,,
immersive-narratives,Immersive Narratives,technology,Immersive Narratives,,
immersive-reality-ar-vr-mr,Immersive reality (AR/VR/MR),technology,Immersive reality (AR/VR/MR),,
immersive-reality-market,Immersive-reality market,technology,Immersive-reality market,,
immersive-rights-and-privacy-in-the-metaverse,Immersive Rights and Privacy in the Metaverse,technology,Immersive Rights and Privacy in the Metaverse,,
immersive-workspaces,Immersive Workspaces,technology,Immersive Workspaces,,
immune-engineering,Immune Engineering,technology,Immune Engineering,,
immutable-content,Immutable Content,technology,Immutable Content,,
implantable-bci,Implantable BCI,technology,Implantable BCI,,
implantable-electronics,Implantable Electronics,technology,Implantable Electronics,,
implementing-ai-at-the-edge,Implementing AI at the Edge,technology,Implementing AI at the Edge,,
improved-food-provenance-validation,Improved Food Provenance Validation,technology,Improved Food Provenance Validation,,
improvements-to-dna-storage-and-computing,Improvements To DNA Storage And Computing,technology,Improvements To DNA Storage And Computing,,
improving-damage-assessment,Improving Damage Assessment,technology,Improving Damage Assessment,,
improving-gut-biomes,Improving Gut Biomes,technology,Improving Gut Biomes,,
improving-micro-biodiversity,Improving Micro-Biodiversity,technology,Improving Micro-Biodiversity,,
improving-water-security,Improving Water Security,technology,Improving Water Security,,
in-clothes-sensors,In-clothes sensors,technology,In-clothes sensors,,
in-ear-eeg-devices,In-Ear EEG Devices,technology,In-Ear EEG Devices,,
in-flight-connectivity,In-flight connectivity,technology,In-flight connectivity,,
in-game-and-embedded-advertising,In-game and embedded advertising,technology,In-game and embedded advertising,,
in-game-purchases,In-game purchases,quantity,In-game purchases,,
in-home-consumer-health-technology,In-home Consumer Health Technology,technology,In-home Consumer Health Technology,,
in-memory-analytics,In-Memory Analytics,technology,In-Memory Analytics,,
in-memory-computing,In-memory computing,technology,In-memory computing,,
in-memory-database-management-systems,In-Memory Database Management Systems,technology,In-Memory Database Management Systems;In-Nemory Database Management Systems,,
in-person-experience-modernization,In-person experience modernization,technology,In-person experience modernization,,
in-person-mixed-reality-experiences,In-Person Mixed Reality Experiences,technology,In-Person Mixed Reality Experiences,,
in-silico-trials,In-Silico Trials,technology,In-Silico Trials,,
in-store-retail-wi-fi,In-store retail Wi-Fi,technology,In-store retail Wi-Fi,,
in-store-sustainability-showcases,In-store sustainability showcases,other,In-store sustainability showcases,,
in-vehicle-connectivity,In-Vehicle Connectivity,technology,In-Vehicle Connectivity,,
in-vitro-meat,In-vitro meat,technology,In vitro meat;In-vitro meat;Synthetic meat,the-cow-free-burger,
in-vivo-crispr-therapy-advances,In Vivo CRISPR Therapy Advances,technology,In Vivo CRISPR Therapy Advances,,
in-vivo-gene-editing,In Vivo Gene Editing,technology,In Vivo Gene Editing,,
in-womb-treatments,In-Womb Treatments,technology,In-Womb Treatments,,
incentive-driven-investments,Incentive-Driven Investments,technology,Incentive-Driven Investments,,
incidence-of-hiv-tb-flattens-in-sub-saharan-africa-but-rapidly-expands-elsewhere,"Incidence of HIV, TB flattens in sub-Saharan Africa, but rapidly expands elsewhere",risk,"Incidence of HIV, TB flattens in sub-Saharan Africa, but rapidly expands elsewhere",,
incidence-of-hiv-tb-infections-flattens-deaths-remain-high,"Incidence of HIV, TB infections flattens, deaths remain high",risk,"Incidence of HIV, TB infections flattens, deaths remain high",,
inclusive-design,Inclusive Design,technology,Inclusive Design,,
increased-capabilities-of-point-of-care-diagnostics,Increased Capabilities of Point-of-Care Diagnostics,technology,Increased Capabilities of Point-of-Care Diagnostics,,
increased-cybersecurity-threats,Increased Cybersecurity Threats,technology,Increased Cybersecurity Threats,,
increased-used-of-ambient-surveillance,Increased Used of Ambient Surveillance,technology,Increased Used of Ambient Surveillance,,
increasing-interest-in-complexity-theory-computing,Increasing interest in complexity theory computing,technology,Increasing interest in complexity theory computing,,
increasing-interoperability-of-data-infrastructure,Increasing Interoperability of Data Infrastructure,technology,Increasing Interoperability of Data Infrastructure,,
independent-america,Independent America,risk,Independent America,,
indexing-the-cloud,Indexing the Cloud,technology,Indexing the Cloud,,
indexing-trust,Indexing Trust,technology,Indexing Trust,,
india,India,other,India,,
india-centric-cloud-aggregators,India-centric cloud aggregators,technology,India-centric cloud aggregators,,
india-gdp-growth-2019,India GDP growth 2019,other,India GDP growth 2019,,
india-gdp-overtakes-uk-gdp,India GDP overtakes UK GDP,other,India GDP overtakes UK GDP,,
india-gets-modi-fied,India gets Modi-fied,risk,India gets Modi-fied,,
india-growth-among-emerging-markets,India growth among emerging markets,other,India growth among emerging markets,,
india-overtakes-china-in-population,India overtakes China in population,other,India overtakes China in population,,
india-pakistan,India-Pakistan,risk,India-Pakistan,,
india-real-gdp-growth,India real GDP growth,quantity,real GDP growth,,"Real GDP growth, calendar-year annual average over the previous year, percent. Not Q4-over-Q4 growth (the Fed SEP measure), which needs its own subject. The IMF reports India on a fiscal-year basis (April to March)."
india-versus-pakistan,India versus Pakistan,risk,India versus Pakistan,,
individual-consumer-tracking,Individual Consumer Tracking,technology,Individual Consumer Tracking,,
indonesia-s-new-capital,Indonesia’s New Capital,technology,Indonesia’s New Capital,,
indoor-and-outdoor-plant-factories-and-microfarms,Indoor and Outdoor Plant Factories and Microfarms,technology,Indoor and Outdoor Plant Factories and Microfarms,,
indoor-farms,Indoor Farms,technology,Indoor Farms,,
indoor-navigation,Indoor navigation,technology,Indoor navigation,,
indoor-plant-factories,Indoor Plant Factories,technology,Indoor Plant Factories,,
indoor-positioning-and-retail-sales,Indoor positioning and retail sales,technology,Indoor positioning and retail sales,,
inductive-chargers,Inductive chargers,technology,Inductive chargers,wireless-power,
industrial-and-synthetic-biology,Industrial and synthetic biology,technology,Industrial and synthetic biology,,
industrial-digital-twins,Industrial Digital Twins,technology,Industrial Digital Twins,,
industrial-metaverse-and-digital-twins,Industrial Metaverse and Digital Twins,technology,Industrial Metaverse and Digital Twins,,
industrial-robot-cost,Industrial robot cost,quantity,Industrial robot cost,,
industrial-robot-sales,Industrial robot sales,quantity,Industrial robot sales,,
industrial-robots-and-physical-ai,Industrial robots and physical AI,technology,Industrial robots and physical AI,,
industrial-true-to-reality-simulations-and-digital-twins,Industrial True-to-Reality Simulations and Digital Twins,technology,Industrial True-to-Reality Simulations and Digital Twins,,
industry-cloud-platforms,Industry Cloud Platforms,technology,Industry Cloud Platforms;Industry Clouds;Industry cloud platforms,,
industry-collapse,Industry collapse,risk,Industry collapse,,
industry-ecosystem-innovation,Industry ecosystem innovation,technology,Industry ecosystem innovation,,
industry-vertical-clouds,Industry (vertical) clouds,technology,Industry (vertical) clouds,,
inequality,Inequality,risk,Inequality,,
inertial-confinement-fusion,Inertial confinement fusion,technology,Inertial confinement fusion,,
infectious-diseases,Infectious diseases,risk,Infectious diseases,,
infinite-gameplay,Infinite Gameplay,technology,Infinite Gameplay,,
inflation,Inflation,risk,Inflation,,
inflation-shockwaves,Inflation shockwaves,risk,Inflation shockwaves,,
influence-engineering,Influence Engineering,technology,Influence Engineering,,
influencing-future-privacy-laws,Influencing Future Privacy Laws,technology,Influencing Future Privacy Laws,,
information-aggregation-mechanisms-beyond-prediction-markets,Information aggregation mechanisms (beyond prediction markets),technology,Information aggregation mechanisms (beyond prediction markets),,
information-at-hand,Information at-hand,technology,Information at-hand,,
information-automation-and-analytics,Information automation and analytics,technology,Information automation and analytics,,
information-extraction,Information Extraction,technology,Information Extraction,,
information-superhighway,Information Superhighway,technology,Information Superhighway,,
infrastructural-health-sensors,Infrastructural health sensors,technology,Infrastructural health sensors,,
infrastructure-as-a-service,Infrastructure as a service,technology,Infrastructure as a service,,
infrastructure-cost-uncertainty,Infrastructure cost uncertainty,technology,Infrastructure cost uncertainty,,
ingestible-sensors,Ingestible sensors,technology,Ingestible sensors,,
ingestibles-implantables,Ingestibles/ Implantables,technology,Ingestibles/ Implantables,,
injectable-tissue-engineering,Injectable Tissue Engineering,technology,Injectable Tissue Engineering,,
injecting-clouds-with-sea-salt-particles,Injecting Clouds with Sea Salt Particles,technology,Injecting Clouds with Sea Salt Particles,,
inkjet-manufacturing,Inkjet Manufacturing,technology,Inkjet Manufacturing,,
inkjet-processes,Inkjet Processes,technology,Inkjet Processes,,
innovation-from-regulation,Innovation—From Regulation,technology,Innovation—From Regulation,,
innovation-management,Innovation management,technology,Innovation management,,
innovation-vs-core-execution-cost,Innovation vs core execution cost,technology,Innovation vs core execution cost,,
innovation-winter,Innovation winter,risk,Innovation winter,,
innovations-in-accessibility,Innovations in Accessibility,technology,Innovations in Accessibility,,
innovations-in-equipment,Innovations in Equipment,technology,Innovations in Equipment,,
insect-agriculture-and-bug-proteins,Insect Agriculture and Bug Proteins,technology,Insect Agriculture and Bug Proteins,,
insect-like-and-animal-like-designs,Insect-Like and Animal-Like Designs,technology,Insect-Like and Animal-Like Designs,,
insect-like-designs,Insect-Like Designs,technology,Insect-Like Designs,,
insecure-supply-chains,Insecure Supply Chains,technology,Insecure Supply Chains,,
insecurity-crisis-and-resilience,"Insecurity, crisis and resilience",other,"Insecurity, crisis and resilience",,
inspection-drones,Inspection Drones,technology,Inspection Drones,,
instant-messaging,Instant Messaging,technology,Instant Messaging,,
instant-payments,Instant Payments,technology,Instant Payments,,
instantly-download-media-to-portable-devices,Instantly download media to portable devices,technology,Instantly download media to portable devices,,
intangibles-led-personalization,Intangibles-led Personalization,technology,Intangibles-led Personalization,,
integrated-multi-service-mobility,Integrated multi-service mobility,other,Integrated multi-service mobility,,
intelligent-ads,Intelligent Ads,technology,Intelligent Ads,,
intelligent-agents,Intelligent Agents,technology,Intelligent Agents,ai-agents,
intelligent-and-active-packaging,Intelligent and Active Packaging,technology,Intelligent and Active Packaging,,
intelligent-art-software,Intelligent art software,technology,Intelligent art software,,
intelligent-automation-and-ai,Intelligent automation and AI,technology,Intelligent automation and AI,,
intelligent-buildings,Intelligent Buildings,technology,Intelligent Buildings,,
intelligent-cameras,Intelligent Cameras,technology,Intelligent Cameras,,
intelligent-courseware-is-common,Intelligent courseware is common,technology,Intelligent courseware is common,,
intelligent-drones,Intelligent Drones,technology,Intelligent Drones,,
intelligent-enterprise,Intelligent enterprise,technology,Intelligent enterprise,,
intelligent-highway-systems,Intelligent highway systems,technology,Intelligent highway systems,,
intelligent-interfaces-voice-computer-vision-affective-computing,"Intelligent interfaces (voice, computer vision, affective computing)",technology,"Intelligent interfaces (voice, computer vision, affective computing)",,
intelligent-optical-character-recognition,Intelligent Optical Character Recognition,technology,Intelligent Optical Character Recognition,,
intelligent-packaging,Intelligent Packaging,technology,Intelligent Packaging,,
intelligent-simulation,Intelligent Simulation,technology,Intelligent Simulation,,
intelligent-systems-for-extreme-weather,Intelligent Systems for Extreme Weather,technology,Intelligent Systems for Extreme Weather,,
intelligent-urban-management,Intelligent Urban Management,technology,Intelligent Urban Management,,
intentional-rabbit-holes,Intentional Rabbit Holes,technology,Intentional Rabbit Holes,,
intentionally-opaque-methodologies,Intentionally Opaque Methodologies,technology,Intentionally Opaque Methodologies,,
inter-school-teaching-platforms,Inter-school teaching platforms,technology,Inter-school teaching platforms,,
interacting-with-computers-by-voice-and-stylus,Interacting with computers by voice and stylus,technology,Interacting with computers by voice and stylus,,
interactive-ai,Interactive AI,technology,Interactive AI,,
interactive-fitness-equipment,Interactive Fitness Equipment,technology,Interactive Fitness Equipment,,
interactive-generative-video-world-models,Interactive generative video (world models),technology,Interactive generative video (world models),,
interactive-mirrors,Interactive Mirrors,technology,Interactive Mirrors,,
interactive-project-management,Interactive Project Management,technology,Interactive Project Management,,
interactive-tv,Interactive TV,technology,Interactive TV;Interactive/ Web TV;Interactive/Internet TV,internet-tv;social-tv,
interactive-whiteboards,Interactive whiteboards,technology,Interactive whiteboards,,
interdevice-synchronization,Interdevice Synchronization,technology,Interdevice Synchronization,,
interest-in-creative-machines,Interest in creative machines,technology,Interest in creative machines,,
internal-conflict,internal conflict,other,internal conflict,,
internal-developer-portal,Internal Developer Portal,technology,Internal Developer Portal;Internal Developer Portals,,
internal-mpp-grids,Internal MPP Grids,technology,Internal MPP Grids,,
internal-talent-marketplaces,Internal Talent Marketplaces,technology,Internal Talent Marketplaces,,
internal-web-services,Internal Web Services,technology,Internal Web Services,,
international-collaborations-to-advance-bioengineering,International Collaborations to Advance Bioengineering,technology,International Collaborations to Advance Bioengineering,,
international-collaborations-to-advance-biology,International Collaborations to Advance Biology,technology,International Collaborations to Advance Biology,,
international-tourism,International tourism,other,International tourism,,
international-tourism-spending,International tourism spending,other,International tourism spending,,
international-tourist-trips,International tourist trips,other,International tourist trips,,
internet-and-digital-life-long-term,"internet and digital life, long term",other,"internet and digital life, long term",,
internet-and-human-intelligence,internet and human intelligence,other,internet and human intelligence,,
internet-and-institutional-change,internet and institutional change,other,internet and institutional change,,
internet-and-national-boundaries,internet and national boundaries,other,internet and national boundaries,,
internet-and-reading-and-writing,internet and reading and writing,other,internet and reading and writing,,
internet-and-social-relationships,internet and social relationships,other,internet and social relationships,,
internet-and-social-tolerance,internet and social tolerance,other,internet and social tolerance,,
internet-architecture-continuity,internet architecture continuity,other,internet architecture continuity,,
internet-backbone-capacity,Internet backbone capacity,technology,Internet backbone capacity,,
internet-from-space,Internet from Space,technology,Internet from Space,,
internet-marketing-regulation,Internet marketing regulation,technology,Internet marketing regulation,,
internet-micropayment-systems,Internet Micropayment Systems,technology,Internet Micropayment Systems;Internet micro-payments;Micropayments,e-cash;e-payments,
internet-mob-justice,Internet Mob Justice,technology,Internet Mob Justice,,
internet-of-behavior,Internet of Behavior,technology,Internet of Behavior,,
internet-of-dna,Internet of DNA,technology,Internet of DNA,,
internet-of-things,Internet of Things,technology,Intenet of Things;Internet of Things;internet of things,iot-devices,
internet-of-things-ambient-computing,Internet of Things (ambient computing),technology,Internet of Things (ambient computing),,
internet-of-things-and-edge-intelligence,Internet of Things and edge intelligence,technology,Internet of Things and edge intelligence,,
internet-of-things-security-and-disconnection,internet of things security and disconnection,other,internet of things security and disconnection,,
internet-of-x,Internet of X,technology,Internet of X,,
internet-penetration,Internet penetration,technology,Internet penetration,,
internet-radio,Internet radio,technology,Internet radio,,
internet-regulation-voip-tax,Internet regulation (VoIP tax),technology,Internet regulation (VoIP tax),,
internet-streaming-media-in-the-home,internet streaming media in the home,other,internet streaming media in the home,,
internet-terminals,Internet Terminals,technology,Internet Terminals,,
internet-tv,Internet TV,technology,Internet TV,interactive-tv,
interoperability,Interoperability,technology,Interoperability,,
interoperability-and-the-open-metaverse,Interoperability and the Open Metaverse,technology,Interoperability and the Open Metaverse,,
interoperability-initiatives,Interoperability Initiatives,technology,Interoperability Initiatives,,
interplanetary-internet,Interplanetary internet,technology,Interplanetary internet,,
interstate-and-civil-wars,Interstate and civil wars,risk,Interstate and civil wars,,
interstate-conflict,Interstate conflict,risk,Interstate armed conflict;Interstate conflict,,
interstate-relations-fracture,Interstate relations fracture,risk,Interstate relations fracture,,
intranet-publishing,Intranet publishing,technology,Intranet publishing,,
intranets,Intranets,technology,Intranets,,
intuitive-optimization,Intuitive Optimization,technology,Intuitive Optimization,,
investigating-technology,Investigating Technology,technology,Investigating Technology,,
investigating-the-algorithms,Investigating the Algorithms,technology,Investigating the Algorithms,,
investment-from-traditional-banks,Investment From Traditional Banks,technology,Investment From Traditional Banks,,
invisibility-cloaks,Invisibility Cloaks,technology,Invisibility Cloaks,,
invisible-banking,Invisible Banking,technology,Invisible Banking,,
invisible-blockchain-integration-in-critical-sectors,Invisible Blockchain Integration in Critical Sectors,technology,Invisible Blockchain Integration in Critical Sectors,,
invisible-embedded-computers,Invisible embedded computers,technology,Invisible embedded computers,,
invisible-embedded-computing,"Invisible, embedded computing",technology,"Invisible, embedded computing",,
invisible-payments,Invisible Payments,technology,Invisible Payments,,
invisible-revolution,Invisible Revolution,technology,Invisible Revolution,,
involuntary-migration,Involuntary migration,risk,Involuntary migration;Involuntary migration or displacement;Large-scale involuntary migration,,
iot,IoT,technology,IoT,,
iot-data-center-storage-demand,IoT data center storage demand,technology,IoT data center storage demand,,
iot-devices,IoT devices,technology,IoT devices,internet-of-things,
iot-in-electronics,IoT in electronics,technology,IoT in electronics,,
iot-platform,IoT Platform,technology,IoT Platform;IoT Plattform,,
iot-savings,IoT savings,technology,IoT savings,,
iot-security-budgets,IoT security budgets,technology,IoT security budgets,,
ip-rights-in-the-age-of-tiktok,IP Rights in the Age of TikTok,technology,IP Rights in the Age of TikTok,,
ip-telephony,IP Telephony,technology,IP Telephony,voip,
ipos-combining-digital-and-physical-logistics,IPOs combining digital and physical logistics,technology,IPOs combining digital and physical logistics,,
iptv,IPTV,technology,IPTV,,
ipv6,IPv6,technology,IPv6,,
iran,Iran,risk,Iran,,
iran-in-a-corner,Iran in a corner,risk,Iran in a corner,,
iran-israel,Iran/Israel,risk,Iran/Israel,,
iran-on-the-ropes,Iran on the ropes,risk,Iran on the ropes,,
iran-us-confrontation,Iran-US confrontation,risk,Iran-US confrontation,,
iraq,Iraq,risk,Iraq,,
irl-geography-reshapes-the-virtual-world,IRL Geography Reshapes the Virtual World,technology,IRL Geography Reshapes the Virtual World,,
iron-based-batteries,Iron-Based Batteries,technology,Iron-Based Batteries,,
iron-batteries,Iron Batteries,technology,Iron Batteries,,
isis-and-friends,ISIS and “friends”,risk,ISIS and “friends”,,
isis-beyond-iraq-and-syria,"ISIS, Beyond Iraq and Syria",risk,"ISIS, Beyond Iraq and Syria",,
israel-palestine,Israel-Palestine,other,Israel-Palestine,,
it-and-lob-technology-team-linkages,IT and LOB technology team linkages,technology,IT and LOB technology team linkages,,
it-as-a-service,IT-as-a-Service,technology,IT-as-a-Service,,
it-as-designer-and-integrator,IT as designer and integrator,technology,IT as designer and integrator,,
it-automation-self-service-engineered-automation,"IT automation (self-service, engineered automation)",technology,"IT automation (self-service, engineered automation)",,
it-budgets-for-as-a-service-assets,IT budgets for as-a-service assets,technology,IT budgets for as-a-service assets,,
it-built-digital-strategies,IT-built digital strategies,technology,IT-built digital strategies,,
it-business-model-shift-to-products,IT business model shift to products,technology,IT business model shift to products,,
it-delivery-models-bimodal-right-speed-it,IT delivery models (bimodal / right-speed IT),technology,IT delivery models (bimodal / right-speed IT),,
it-infrastructure-breakdown,IT infrastructure breakdown,risk,IT infrastructure breakdown,,
it-management-systems-business-of-it,IT management systems (business of IT),technology,IT management systems (business of IT),,
it-operating-model-transformation,IT operating model transformation,technology,IT operating model transformation,,
it-operational-excellence,IT operational excellence,technology,IT operational excellence,,
it-outsourcing-market-concentration,IT outsourcing market concentration,technology,IT outsourcing market concentration,,
it-projects-monetizing-data,IT projects monetizing data,technology,IT projects monetizing data,,
it-resilience,IT resilience,technology,IT resilience,,
it-resources-for-digital-revenue,IT resources for digital revenue,technology,IT resources for digital revenue,,
it-security,IT security,technology,IT security,,
it-services-market-consolidation,IT services market consolidation,technology,IT services market consolidation,,
it-skills-shortfall,IT skills shortfall,technology,IT skills shortfall,,
it-spend-for-mandated-transitions,IT spend for mandated transitions,technology,IT spend for mandated transitions,,
it-spending-as-direct-lob-cost,IT spending as direct LOB cost,technology,IT spending as direct LOB cost,,
it-spending-outside-the-it-department,IT spending outside the IT department,technology,IT spending outside the IT department,,
it-spending-per-head,IT spending per head,technology,IT spending per head,,
it-vendor-landscape,IT vendor landscape,technology,IT vendor landscape,,
it-versatilists,IT versatilists,technology,IT versatilists,,
italian-prime-minister,Italian prime minister,other,Italian prime minister,,
italy-financial-crisis,Italy financial crisis,other,Italy financial crisis,,
ivf-genetic-screening,IVF Genetic Screening,technology,IVF Genetic Screening,,
james-bond-film-release,James Bond film release,other,James Bond film release,,
james-webb-space-telescope,James Webb Space Telescope,technology,James Webb Space Telescope,,
james-webb-space-telescope-discoveries,James Webb Space Telescope Discoveries,technology,James Webb Space Telescope Discoveries,,
japan,Japan,risk,Japan,,
japan-real-gdp-growth,Japan real GDP growth,quantity,real GDP growth,,"Real GDP growth, calendar-year annual average over the previous year, percent. Not Q4-over-Q4 growth (the Fed SEP measure), which needs its own subject."
japanese-bank-failures-and-mergers,Japanese bank failures and mergers,other,Japanese bank failures and mergers,,
japanese-prime-minister-change,Japanese prime minister change,other,Japanese prime minister change,,
japanese-property-price-crash,Japanese property price crash,other,Japanese property price crash,,
java,Java,technology,Java,,
java-the-language,Java - the Language,technology,Java - the Language;Java Language,,
java-the-platform,Java - the Platform,technology,Java - the Platform;Java Platform,,
jibs-japan-israel-and-britain,"JIBs - Japan, Israel and Britain",risk,"JIBs - Japan, Israel and Britain",,
jini,Jini,technology,Jini,,
journalism-as-a-service,Journalism as a Service,technology,Journalism as a Service;Journalism-as-a-Service,,
journalism-as-a-service-jaas,Journalism as a Service (Jaas),technology,Journalism as a Service (Jaas),,
kelp-farming,Kelp Farming,technology,Kelp Farming,,
keyboardless-computers,Keyboardless computers,technology,Keyboardless computers,,
keyboards-exist-but-most-text-is-created-by-speaking,"Keyboards exist, but most text is created by speaking",technology,"Keyboards exist, but most text is created by speaking",,
keyboards-rare,Keyboards rare,technology,Keyboards rare,,
kids,Kids,technology,Kids,,
kids-fitness-and-educational-games,Kids Fitness and Educational Games,technology,Kids Fitness and Educational Games,,
kids-fitness-games-and-toys,Kids Fitness Games and Toys,technology,Kids Fitness Games and Toys,,
kids-wearables,Kids/ Wearables,technology,Kids/ Wearables,,
kinetic-power,Kinetic Power,technology,Kinetic Power,,
know-your-agent-kya-credentials-for-ai-agents,Know your agent (KYA) credentials for AI agents,technology,Know your agent (KYA) credentials for AI agents,,
knowledge-based-systems,Knowledge-based Systems,technology,Knowledge-based Systems,,
knowledge-graphs,Knowledge Graphs,technology,Knowledge Graphs,,
knowledge-management,Knowledge Management,technology,Knowledge Management;Knowledge Mgt,,
knowledge-worker-unionization,Knowledge worker unionization,technology,Knowledge worker unionization,,
lab-creates-rice-beef-hybrid,Lab Creates Rice-Beef Hybrid,technology,Lab Creates Rice-Beef Hybrid,,
lab-grown-coffee-brews-up-solution-to-deforestation,Lab-Grown Coffee Brews Up Solution to Deforestation,technology,Lab-Grown Coffee Brews Up Solution to Deforestation,,
lab-grown-collagen-for-skin-care,Lab-Grown Collagen For Skin Care,technology,Lab-Grown Collagen For Skin Care,,
lab-grown-leather,Lab Grown Leather,technology,Lab Grown Leather;Lab-Grown Leather,,
lab-grown-meat-is-going-mainstream,Lab-Grown Meat Is Going Mainstream,technology,Lab-Grown Meat Is Going Mainstream,,
lab-grown-organs-the-new-frontier-in-transplant-medicine-takes-shape,Lab-Grown Organs: The New Frontier in Transplant Medicine Takes Shape,technology,Lab-Grown Organs: The New Frontier in Transplant Medicine Takes Shape,,
lab-grown-wood-could-disrupt-600b-timber-industry,Lab-Grown Wood Could Disrupt $600B Timber Industry,technology,Lab-Grown Wood Could Disrupt $600B Timber Industry,,
lab-on-a-chip,Lab-on-a-Chip,technology,Lab-on-a-Chip,,
lab-on-a-chip-loc,Lab-on-a-Chip (LoC),technology,Lab-on-a-Chip (LoC),,
labor-volatility,Labor volatility,technology,Labor volatility,,
labs-on-chips,Labs on chips,technology,Labs on chips,,
lack-of-economic-opportunity,Lack of economic opportunity,risk,Lack of economic opportunity,,
language-interfaces-and-animated-personalities,Language interfaces & animated personalities,technology,Language interfaces & animated personalities,,
language-translation-software,Language translation software,technology,Language translation software,,
large-action-models,Large Action Models,technology,Large Action Models,,
large-language-models-in-financial-services,Large language models in financial services,technology,Large language models in financial services,,
large-scale-data-leaks,Large-scale data leaks,technology,Large-scale data leaks,,
large-scale-direct-air-capture,Large-Scale Direct Air Capture,technology,Large-Scale Direct Air Capture,,
large-scale-environmental-damage-incidents,Large-scale environmental damage incidents,risk,Large-scale environmental damage incidents,,
large-scale-self-assembling-materials,Large-scale self-assembling materials,technology,Large-scale self-assembling materials,,
laser-driven-fusion,Laser-Driven Fusion,technology,Laser-Driven Fusion,,
last-mile-delivery,Last-Mile Delivery,technology,Last-Mile Delivery,,
last-mile-solutions,Last-Mile Solutions,technology,Last-Mile Solutions,,
last-minute-mobile-enabled-planning,"Last-minute, mobile-enabled planning",other,"Last-minute, mobile-enabled planning",,
late-adopters,Late Adopters,technology,Late Adopters,,
latin-america,Latin America,risk,Latin America,,
latin-america-and-caribbean-real-gdp-growth-world-bank,Latin America and the Caribbean real GDP growth (World Bank region),quantity,real GDP growth,,"Real GDP growth, calendar-year annual average over the previous year, percent. Not Q4-over-Q4 growth (the Fed SEP measure), which needs its own subject. Developing countries of the World Bank region as defined in each edition; membership and weights change between editions."
latin-america-disappoints,Latin America disappoints,risk,Latin America disappoints,,
law-enforcement-using-recognition-algorithms-to-id-faces,Law Enforcement Using Recognition Algorithms To ID Faces,technology,Law Enforcement Using Recognition Algorithms To ID Faces,,
layer-2-and-rollup-solutions,Layer-2 and Rollup Solutions,technology,Layer-2 and Rollup Solutions,,
layer-2-enablement,Layer 2 Enablement,technology,Layer 2 Enablement,,
leadership-changes-in-japan-cuba-and-saudi-arabia,"Leadership changes in Japan, Cuba and Saudi Arabia",other,"Leadership changes in Japan, Cuba and Saudi Arabia",,
leading-in-3d,Leading in 3D,technology,Leading in 3D,,
leaking,Leaking,technology,Leaking,,
leaky-data,Leaky Data,technology,Leaky Data,,
leaky-health-apps,Leaky Health Apps,technology,Leaky Health Apps,,
learn-to-earn-incentives,Learn-to-Earn Incentives,technology,Learn-to-Earn Incentives,,
learn-to-earn-models,Learn to Earn Models,technology,Learn to Earn Models,,
learning-computers,Learning computers,technology,Learning computers,,
leasing-identity,Leasing identity,technology,Leasing Identity;Leasing identity,,
led-lighting,LED lighting,technology,LED lighting,,
legacy-it-infrastructure,Legacy IT Infrastructure,technology,Legacy IT Infrastructure,,
legacy-modernization,Legacy modernization,technology,Legacy modernization,,
legal-battles-between-writers-and-ai,Legal Battles Between Writers and AI,technology,Legal Battles Between Writers and AI,,
legal-frameworks-for-synthetic-media,Legal Frameworks for Synthetic Media,technology,Legal Frameworks for Synthetic Media,,
legal-music-downloads,Legal music downloads,technology,Legal music downloads,,
lendership,Lendership,technology,Lendership,,
lendership-and-sharing,Lendership and Sharing,technology,Lendership and Sharing,,
leo-satellite-broadband,Low-Earth-orbit satellite broadband,technology,LEO satellite broadband;LEO satellite connectivity;Low Earth orbit satellite internet;Low-Earth-Orbit Satellite Systems;Satellite Megaconstellations;Satellite mega-constellations,direct-to-device-satellite-connectivity;nanosatellites;satellite-connectivity;satellite-constellations,
leps-oleds,LEPs/OLEDs,technology,LEPs/OLEDs,organic-light-emitting-diodes,
leveraging-ai-in-the-cloud,Leveraging AI in the Cloud,technology,Leveraging AI in the Cloud,,
liability-insurance-for-a-i,Liability Insurance for A.I.,technology,Liability Insurance for A.I.;Liability Insurance for AI,,
life-after-the-covid-19-pandemic,life after the COVID-19 pandemic,other,life after the COVID-19 pandemic,,
life-expectancy-increase,Life expectancy increase,technology,Life expectancy increase,,
lift-energy-storage-technology,Lift Energy Storage Technology,technology,Lift Energy Storage Technology,,
light-based-quantum,Light-Based Quantum,technology,Light-Based Quantum,,
light-based-quantum-technologies,Light-based Quantum Technologies,technology,Light-based Quantum Technologies,,
light-emitting-polymers,Light-Emitting Polymers,technology,Light-Emitting Polymers,organic-light-emitting-diodes,
light-field-photography,Light-Field Photography,technology,Light-Field Photography,,
light-trapping-photovoltaics,Light-Trapping Photovoltaics,technology,Light-Trapping Photovoltaics,,
lightweight-enterprise-applications-saas-apps,"Lightweight enterprise applications (SaaS, apps)",technology,"Lightweight enterprise applications (SaaS, apps)",,
liminal-spaces,Liminal Spaces,technology,Liminal Spaces,,
limited-edition-news-products,Limited-Edition News Products,technology,Limited-Edition News Products,,
linear-scheduled-tv-viewing,Linear (scheduled) TV viewing,technology,Linear (scheduled) TV viewing,,
linear-tv-advertising,Linear TV advertising,quantity,Linear TV advertising,,
linked-data,Linked data,technology,Linked data,,
linux,Linux,technology,Linux,,
linux-on-desktop,Linux on Desktop,technology,Linux on Desktop;Linux on Desktop for Mainstream Business Users,,
liquid-battery,Liquid Battery,technology,Liquid Battery,,
liquid-biopsy,Liquid Biopsy,technology,Liquid Biopsy,,
lithium-air-batteries,Lithium-air batteries,technology,Lithium-air batteries,,
lithium-metal-batteries,Lithium-metal batteries,technology,Lithium-metal batteries,,
livable-cabins,Livable Cabins,technology,Livable Cabins,,
live-entertainment-pricing,Live entertainment pricing,technology,Live entertainment pricing,,
live-event-cinema,Live event cinema,technology,Live event cinema,,
live-events-and-broadcast,Live events and broadcast,technology,Live events and broadcast,,
live-music,Live music,technology,Live music,,
live-portraits,Live Portraits,technology,Live Portraits,,
livelihood-crises,Livelihood crises,risk,Livelihood crises,,
livestock-biometrics,Livestock biometrics,technology,Livestock biometrics,,
living-ais-solve-equations,Living AIs Solve Equations,technology,Living AIs Solve Equations,,
living-breakwater,Living Breakwater,technology,Living Breakwater,,
living-breakwaters,Living Breakwaters,technology,Living Breakwaters,,
living-bricks,Living Bricks,technology,Living Bricks,,
living-computers-biological-circuits-for-data-processing,Living Computers: Biological Circuits for Data Processing,technology,Living Computers: Biological Circuits for Data Processing,,
living-robots,Living Robots,technology,Living Robots,,
living-sensors,Living Sensors,technology,Living Sensors,,
living-wearables,Living Wearables,technology,Living Wearables,,
llm-data-capture-in-vertical-software,LLM data capture in vertical software,technology,LLM data capture in vertical software,,
llm-hallucinations,LLM hallucinations,technology,LLM hallucinations,,
llm-powered-robotic-process-automation,LLM-powered robotic process automation,technology,LLM-powered robotic process automation,,
llm-reasoning-in-math-physics-and-coding,"LLM reasoning in math, physics and coding",technology,"LLM reasoning in math, physics and coding",,
llms-are-getting-bigger-and-more-expensive,LLMs Are Getting Bigger and More Expensive,technology,LLMs Are Getting Bigger and More Expensive,,
llms-as-operating-systems,LLMS as Operating Systems,technology,LLMS as Operating Systems;LLMs as Operating Systems,,
llms-bigger-and-more-expensive,LLMs: Bigger and More Expensive,technology,LLMs: Bigger and More Expensive,,
local-autonomous-vehicle-regulations,Local Autonomous Vehicle Regulations,technology,Local Autonomous Vehicle Regulations,,
local-av-regulations,Local AV Regulations,technology,Local AV Regulations,,
local-manufacturing-3d-printing-make-on-demand-in-established-markets,"Local manufacturing (3D printing, make-on-demand) in established markets",other,"Local manufacturing (3D printing, make-on-demand) in established markets",,
local-sourcing,Local Sourcing,technology,Local Sourcing,,
localism-and-place-making,Localism and place-making,other,Localism and place-making,,
location-aware-applications,"Location ""Aware"" Applications",technology,"Location ""Aware"" Applications;Location-Aware Applications",,
location-aware-media,Location-aware media,technology,Location-aware media,,
location-aware-services,Location-Aware Services,technology,"Location ""Aware"" Services;Location-Aware Services",,
location-aware-technology,Location-Aware Technology,technology,Location-Aware Technologoy;Location-Aware Technology,,
location-aware-wi-fi,Location-Aware Wi-Fi,technology,Location-Aware Wi-Fi,,
location-based-retail-offers,Location-based retail offers,technology,Location-based retail offers,,
location-intelligence,Location Intelligence,technology,Location Intelligence,,
location-sensing,Location sensing,technology,Location sensing,,
locks-that-use-face-recognition,Locks That Use Face Recognition,technology,Locks That Use Face Recognition,,
london-mayoral-election-2008,London mayoral election 2008,other,London mayoral election 2008,,
long-acting-hiv-prevention-meds,Long-acting HIV prevention meds,technology,Long-acting HIV prevention meds,,
long-covid,Long COVID,risk,Long COVID,,
long-read-sequencing,Long-read sequencing,quantity,Long-Read Sequencing;Long-read sequencing,,
long-tail,Long tail,technology,Long tail,,
longevity-escape-velocity,Longevity escape velocity,technology,Longevity escape velocity,,
lots-and-lots-of-sand,Lots and Lots of Sand,technology,Lots and Lots of Sand,,
lots-and-lots-of-satellite-launches,Lots (and Lots) of Satellite Launches,technology,Lots (and Lots) of Satellite Launches,,
low-bandwidth-messaging-services,Low-bandwidth messaging services,technology,Low-bandwidth messaging services,,
low-carbon-cement,Low-carbon cement,technology,Low-carbon cement,,
low-code-developers,Low-code developers,technology,Low-code developers,,
low-code-no-code-development,Low-code/no-code development,technology,Low-code/no-code development,,
low-code-no-code-governance,Low-code/no-code governance,technology,Low-code/no-code governance,,
low-code-no-code-users,Low-code/no-code users,technology,Low-code/no-code users,,
low-code-or-no-code-machine-learning,Low-Code or No-Code Machine Learning,technology,Low-Code or No-Code Machine Learning,,
low-cost-5g-smartphones,Low-cost 5G smartphones,technology,Low-cost 5G smartphones,5g,
low-cost-cloud-services-vs-outsourcing,Low-cost cloud services vs outsourcing,technology,Low-cost cloud services vs outsourcing,,
low-cost-malware,Low-Cost Malware,technology,Low-Cost Malware,,
low-cost-mobile-pcs,Low-cost mobile PCs,technology,Low-cost mobile PCs,,
low-cost-single-board-computers-at-the-edge,Low-Cost Single-Board Computers at the Edge,technology,Low-Cost Single-Board Computers at the Edge,,
low-cost-smartphones,Low-cost smartphones,technology,Low-cost smartphones,,
low-cost-telecom-operators,Low-cost telecom operators,technology,Low-cost telecom operators,,
low-impact-default-options-e-g-standard-definition-streaming,Low-impact default options (e.g. standard-definition streaming),other,Low-impact default options (e.g. standard-definition streaming),,
lower-income-urban-consumers-in-emerging-markets,Lower-income urban consumers in emerging markets,other,Lower-income urban consumers in emerging markets,,
lowering-the-cost-of-training-models,Lowering the Cost of Training Models,technology,Lowering the Cost of Training Models,,
lunar-outpost,Lunar outpost,technology,Lunar outpost,,
luxury-brands-as-cultural-patrons,Luxury brands as cultural patrons,other,Luxury brands as cultural patrons,,
m-commerce,M-Commerce,technology,M-Commerce,,
machine-augmented-cognition,Machine-augmented cognition,technology,Intelligence Amplification;Machine-augmented cognition,exocortex;human-augmentation,
machine-customers,Machine Customers,technology,Machine Customers;Machine customers,,
machine-image-completion,Machine Image Completion,technology,Machine Image Completion,,
machine-intelligence-ai-machine-learning-rpa-bots,"Machine intelligence (AI, machine learning, RPA, bots)",technology,"Machine intelligence (AI, machine learning, RPA, bots)",,
machine-intelligence-interwoven-in-civilization,Machine intelligence interwoven in civilization,technology,Machine intelligence interwoven in civilization,,
machine-intelligence-subservient,Machine intelligence subservient,technology,Machine intelligence subservient,,
machine-learning,Machine Learning,technology,Machine Learning,bayesian-machine-learning;deep-learning;federated-machine-learning;reinforcement-learning,
machine-learning-chips,Machine learning chips,technology,Machine learning chips,ai-chips,
machine-learning-code-generation,Machine Learning Code Generation,technology,Machine Learning Code Generation,,
machine-learning-powered-drug-discovery,Machine Learning–Powered Drug Discovery,technology,Machine Learning–Powered Drug Discovery,,
machine-monitoring-of-public-spaces,Machine monitoring of public spaces,technology,Machine monitoring of public spaces,,
machine-readable-legislation,Machine-Readable Legislation,technology,Machine-Readable Legislation,,
machine-reading-comprehension,Machine Reading Comprehension,technology,Machine Reading Comprehension,,
machine-reading-comprehension-mrc,Machine Reading Comprehension (MRC),technology,Machine Reading Comprehension (MRC),,
machine-sellers,Machine Sellers,technology,Machine Sellers,,
machine-subjective-experience-discussed,Machine subjective experience discussed,technology,Machine subjective experience discussed,,
machine-to-machine-communication,Machine-to-machine communication,technology,Machine-to-machine communication,,
machine-to-machine-communication-services,Machine-to-Machine Communication Services,technology,Machine-to-Machine Communication Services,,
machine-translation,Machine translation,technology,Machine translation;Universal Translation,babel-fish-earbuds;speech-to-speech-translation,
machine-vision,Machine vision,technology,Machine vision,image-recognition,
machine-written-business-content,Machine-written business content,technology,Machine-written business content,,
made-in-space,Made in Space,technology,Made in Space,,
maduro-stays-in-office,Maduro stays in office,other,Maduro stays in office,,
magic-leap,Magic Leap,technology,Magic Leap,,
magnetic-resonance-force-microscopy,Magnetic-Resonance Force Microscopy,technology,Magnetic-Resonance Force Microscopy,,
magnetic-tape-supply-problems,Magnetic Tape Supply Problems,technology,Magnetic Tape Supply Problems,,
magnetic-tape-supply-shortages,Magnetic Tape Supply Shortages,technology,Magnetic Tape Supply Shortages,,
magnon-based-computation,Magnon-based Computation,technology,Magnon-based Computation,,
mainframe-modernization,Mainframe modernization,technology,Mainframe modernization,,
mainframes-and-legacy-it-skills,Mainframes and legacy IT skills,technology,Mainframes and legacy IT skills,,
maintenance-missions-satellite-servicing,Maintenance Missions: Satellite Servicing,technology,Maintenance Missions: Satellite Servicing,,
major-cyber-attack,major cyber attack,other,major cyber attack,,
major-systemic-financial-failure,Major systemic financial failure,risk,Financial failure;Major systemic financial failure,,
making-ai-explain-itself,Making AI Explain Itself,technology,Making A.I. Explain Itself;Making AI Explain Itself,,
making-public-data-accessible,Making Public Data Accessible,technology,Making Public Data Accessible,,
malaria-vaccine,Malaria vaccine,technology,Malaria vaccine,,
malinformation-defense-spending,Malinformation defense spending,technology,Malinformation defense spending,,
malvertising,Malvertising,technology,Malvertising,,
malware,Malware,technology,Malware,,
managed-services-using-smart-machines,Managed services using smart machines,technology,Managed services using smart machines,,
management-optimization,Management Optimization,technology,Management Optimization,,
managing-digital-emissions,Managing Digital Emissions,technology,Managing Digital Emissions,,
managing-the-community-driven-open-sourcing-of-code,Managing the Community-Driven Open Sourcing of Code,technology,Managing the Community-Driven Open Sourcing of Code,,
managing-the-looming-genome-storage-problem,Managing the Looming Genome Storage Problem,technology,Managing the Looming Genome Storage Problem,,
mandated-updates,Mandated Updates,technology,Mandated Updates,,
mandating-ethics-guidelines-for-tech-contractors,Mandating Ethics Guidelines for Tech Contractors,technology,Mandating Ethics Guidelines for Tech Contractors,,
mandatory-employee-fitness-trackers,Mandatory employee fitness trackers,technology,Mandatory employee fitness trackers,,
mandatory-smart-systems-for-safety,Mandatory smart systems for safety,technology,Mandatory smart systems for safety,,
manipulating-ai-systems-for-competitive-advantage,Manipulating AI Systems for Competitive Advantage,technology,Manipulating AI Systems for Competitive Advantage,,
manipulating-clouds,Manipulating Clouds,technology,Manipulating Clouds,,
manufacturing-gdp,Manufacturing GDP,quantity,Manufacturing GDP,,
manufacturing-intelligence,Manufacturing Intelligence,technology,Manufacturing Intelligence,,
many-personal-computing-devices,Many personal computing devices,technology,Many personal computing devices,,
map-and-location-based-services,Map- and location-based services,other,Map- and location-based services,,
mappedsyntheticenvironments,MappedSyntheticEnvironments,technology,Mapped Synthetic Environments;MappedSyntheticEnvironments,,
mapping-the-human-genome,Mapping the Human Genome,technology,Mapping the Human Genome,,
maritime-autonomy-and-ocean-technology,Maritime autonomy and ocean technology,technology,Maritime autonomy and ocean technology,,
market-recovery-by-end-2020,Market recovery by end-2020,other,Market recovery by end-2020,,
marketplace-consolidation,Marketplace Consolidation,technology,Marketplace Consolidation,,
marketplaces-for-ai-algorithms,Marketplaces For AI Algorithms,technology,Marketplaces For AI Algorithms,,
mars-dogs,Mars Dogs,technology,Mars Dogs,,
mars-mission,Mars mission,technology,Mars mission,,
mars-missions-launched-in-2020,Mars missions launched in 2020,other,Mars missions launched in 2020,,
mary-poppins-returns-release,Mary Poppins Returns release,other,Mary Poppins Returns release,,
mashup,Mashup,technology,Mashup,,
mass-market-goes-custom,Mass Market Goes Custom,technology,Mass Market Goes Custom,,
mass-market-military-drones,Mass-market military drones,technology,Mass-market military drones,commercial-uavs,
mass-timber-construction,Mass Timber Construction,technology,Mass Timber Construction,,
massive-interactive-live-events,Massive Interactive Live Events,technology,Massive Interactive Live Events,,
massive-translation-systems,Massive Translation Systems,technology,Massive Translation Systems,,
massively-parallel-processing,Massively Parallel Processing,technology,Massively Parallel Processing,,
materials-accessed-wirelessly,Materials accessed wirelessly,technology,Materials accessed wirelessly,,
materials-quantum-leap,Materials' Quantum Leap,technology,Materials' Quantum Leap,,
mature-wearables,Mature Wearables,technology,Mature Wearables,,
maximum-cooling-to-minimize-pc-size,Maximum Cooling to Minimize PC Size,technology,Maximum Cooling to Minimize PC Size,,
maximum-xi,Maximum Xi,risk,Maximum Xi,,
mayan-apocalypse,Mayan apocalypse,risk,Mayan apocalypse,,
meaningful-social-connection,Meaningful social connection,other,Meaningful social connection,,
measuring-carbon-sequestration,Measuring Carbon Sequestration,technology,Measuring Carbon Sequestration,,
measuring-emissions,Measuring Emissions,technology,Measuring Emissions,,
mechanistic-interpretability,Mechanistic interpretability,technology,Mechanistic interpretability,,
mechatronics,Mechatronics,technology,Mechatronics,,
media-consolidation,Media Consolidation,technology,Media Consolidation,,
media-consumption-via-wearable-devices,Media consumption via wearable devices,technology,Media consumption via wearable devices,,
media-convergence,Media convergence,technology,Media convergence,,
media-fragmentation,Media fragmentation,technology,Media fragmentation,,
media-offshoring,Media offshoring,technology,Media offshoring,,
media-piracy-enforcement,Media piracy enforcement,technology,Media piracy enforcement,,
media-pricing,Media pricing,technology,Media pricing,,
medical-deepfakes,Medical Deepfakes,technology,Medical Deepfakes,,
medical-diagnostics,Medical diagnostics,technology,Medical diagnostics,,
medical-extended-reality,Medical Extended Reality,technology,Medical Extended Reality,,
medical-metaverse,Medical Metaverse,technology,Medical Metaverse,,
medical-misinformation-and-disinformation,Medical Misinformation and Disinformation,technology,Medical Misinformation and Disinformation,,
medical-nanobots,Medical nanobots,technology,Medical nanobots,,
medical-supply-drone-delivery,Medical Supply Drone Delivery,technology,Medical Supply Drone Delivery,,
medical-tricorder,Medical tricorder,technology,Medical Tricorder;Medical tricorder,,
medically-assistive-nanobots,Medically Assistive Nanobots,technology,Medically Assistive Nanobots,,
megascale-desalination,Megascale Desalination,technology,Megascale Desalination,desalination,
memory-implants,Memory Implants,technology,Memory Implants,,
memristor,Memristor,technology,Memristor;Memristors,,
mental-fortitude-in-space,Mental Fortitude in Space,technology,Mental Fortitude in Space,,
mental-health-apps,Mental health apps,technology,Mental health apps,,
mental-health-deterioration,Mental health deterioration,risk,Mental health deterioration,,
mental-wellbeing-built-into-products,Mental wellbeing built into products,other,Mental wellbeing built into products,,
mental-wellbeing-tracking-and-self-treatment-apps,Mental-wellbeing tracking and self-treatment apps,other,Mental-wellbeing tracking and self-treatment apps,,
mercury-problems,Mercury Problems,technology,Mercury Problems,,
mercury-rain,Mercury Rain,technology,Mercury Rain,,
mesh-networking,Mesh networking,technology,Mesh Networks;Mesh networking,mesh-networks-sensor;mesh-networks-wide-area,
mesh-networks-sensor,Mesh Networks — Sensor,technology,Mesh Network-Sensors;Mesh Networks — Sensor;Mesh Networks: Sensor;Mesh Networks; Sensors;Wireless Sensor Networks,mesh-networking;sensors,
mesh-networks-wide-area,Mesh Networks — Wide Area,technology,Mesh Networks — Wide Area,mesh-networking,
messenger-rna-vaccines,Messenger RNA vaccines,technology,Messenger RNA vaccines,,
meta-computing,Meta Computing,technology,Meta Computing,,
meta-materials,Meta-materials,technology,Meta-materials;Metamaterials,,
meta-requirements,Meta Requirements,technology,Meta Requirements,,
metabolic-monitoring,Metabolic Monitoring,technology,Metabolic Monitoring,,
metabolomics,Metabolomics,technology,Metabolomics,,
metagenomics,Metagenomics,technology,Metagenomics,,
metaversal-automotive-development,Metaversal Automotive Development,technology,Metaversal Automotive Development,,
metaverse,Metaverse,technology,Metaverse;metaverse,,
metaverse-accessibility,Metaverse Accessibility,technology,Metaverse Accessibility,,
metaverse-and-immersive-internet-ar-vr,Metaverse and immersive internet (AR/VR),technology,Metaverse and immersive internet (AR/VR),,
metaverse-and-phygital-internet,Metaverse and phygital internet,other,Metaverse and phygital internet,,
metaverse-and-web3,Metaverse and Web3,technology,Metaverse and Web3,,
metaverse-cities,Metaverse Cities,technology,Metaverse Cities,,
metaverse-enabling,Metaverse Enabling,technology,Metaverse Enabling,,
metaverse-enhanced-science,Metaverse-Enhanced Science,technology,Metaverse-Enhanced Science,,
metaverse-experiences-for-personal-development,Metaverse experiences for personal development,other,Metaverse experiences for personal development,,
metaverse-experiences-that-change-behaviour,Metaverse experiences that change behaviour,other,Metaverse experiences that change behaviour,,
metaverse-value,Metaverse value,technology,Metaverse value,,
metaverse-web3-and-virtual-goods,"Metaverse, web3 and virtual goods",other,"Metaverse, web3 and virtual goods",,
methane-emissions-reductions,Methane Emissions Reductions,technology,Methane Emissions Reductions,,
mexican-standoff,Mexican standoff,risk,Mexican standoff,,
mexico,Mexico,risk,Mexico,,
micro-data-centers,Micro Data Centers,technology,Micro Data Centers,,
micro-fuel-cells,Micro Fuel Cells,technology,Micro Fuel Cells,fuel-cells,
micro-nuclear-reactors,Micro-nuclear reactors,technology,Micro-nuclear reactors,,
micro-series-short-form-serial-video,Micro-series (short-form serial video),technology,Micro-series (short-form serial video),,
micro-stirling-engines,Micro Stirling engines,technology,Micro Stirling engines,,
microbe-engineering-as-a-service,Microbe-Engineering as a Service,technology,Microbe Engineering-as-a-Service;Microbe-Engineering as a Service,,
microbiome-extinction,Microbiome Extinction,technology,Microbiome Extinction,,
microbiome-metrics-at-home,Microbiome Metrics at Home,technology,Microbiome Metrics at Home,,
microbiome-test-kits,Microbiome Test Kits,technology,Microbiome Test Kits,,
microbiomes-and-holobionts,Microbiomes and Holobionts,technology,Microbiomes and Holobionts,,
microblogging,Microblogging,technology,Microblogging,,
microdrones,Microdrones,technology,Microdrones,,
microdrones-and-drones-used-in-dangerous-hard-to-reach-areas,Microdrones and Drones Used In Dangerous/ Hard-To-Reach Areas,technology,Microdrones and Drones Used In Dangerous/ Hard-To-Reach Areas,,
microelectromechanical-systems,Microelectromechanical Systems,technology,Microelectromechanical Systems,,
microfluidic-optical-fibers,Microfluidic Optical Fibers,technology,Microfluidic Optical Fibers,,
microfluidics,Microfluidics,technology,Microfluidics,,
microgrids,Microgrids,technology,Microgrids,,
microlocation,Microlocation,technology,Microlocation,,
micromachined-ultrasonic-transducers,Micromachined ultrasonic transducers,technology,Micromachined ultrasonic transducers,,
micromobility,Micromobility,technology,Micromobility,,
micromobility-market,Micromobility market,technology,Micromobility market,,
microphotonics,Microphotonics,technology,Microphotonics,photonics,
microplastic-digesting-mussels,Microplastic-Digesting Mussels,technology,Microplastic-Digesting Mussels,,
microplastic-reduction,Microplastic Reduction,technology,Microplastic Reduction,,
microplastics,Microplastics,technology,Microplastics,,
microsats-and-cubesats,MicroSats and CubeSats,technology,MicroSats and CubeSats,,
microscale-3-d-printing,Microscale 3-D Printing,technology,Microscale 3-D Printing,3d-printing,
microservices-and-serverless,Microservices and serverless,technology,Microservices and serverless,,
microservices-architectures,Microservices architectures,technology,Microservices architectures,,
microservices-blockchain-and-smart-contracts-for-partnerships,"Microservices, blockchain and smart contracts for partnerships",technology,"Microservices, blockchain and smart contracts for partnerships",,
microsoft-1-trillion-market-cap,Microsoft $1 trillion market cap,technology,Microsoft $1 trillion market cap,,
microsoft-windows-release-model,Microsoft Windows release model,technology,Microsoft Windows release model,,
middle-east,Middle East,other,Middle East,,
middle-east-and-north-africa-real-gdp-growth-world-bank,Middle East and North Africa real GDP growth (World Bank region),quantity,real GDP growth,,"Real GDP growth, calendar-year annual average over the previous year, percent. Not Q4-over-Q4 growth (the Fed SEP measure), which needs its own subject. Developing countries of the World Bank region as defined in each edition; membership and weights change between editions."
middle-east-instability,Middle East instability,risk,Middle East instability,,
middle-east-low-oil-takes-a-toll,Middle East: Low oil takes a toll,risk,Middle East: Low oil takes a toll,,
middle-east-on-the-brink,Middle East on the brink,risk,Middle East on the brink,,
middle-east-peace-settlement,Middle East peace settlement,other,Middle East peace settlement,,
migration,Migration,risk,Migration,,
military-applications,Military Applications,technology,Military Applications,,
millennial-media-spending,Millennial media spending,technology,Millennial media spending,,
millennials-and-online-sharing,millennials and online sharing,other,millennials and online sharing,,
million-mile-batteries,Million-Mile Batteries,technology,Million-Mile Batteries,,
mimicking-photosynthesis,Mimicking Photosynthesis,technology,Mimicking Photosynthesis,,
mind-uploading-and-after-life-technology,Mind uploading and after-life technology,technology,Mind uploading and after-life technology,,
mini-brains-interact-with-external-environments,Mini-Brains Interact With External Environments,technology,Mini-Brains Interact With External Environments,,
minimal-viable-lifeforms,Minimal Viable Lifeforms,technology,Minimal Viable Lifeforms,,
minimum-viable-architecture,Minimum Viable Architecture,technology,Minimum Viable Architecture,,
minimum-viable-lifeforms,Minimum Viable Lifeforms,technology,Minimum Viable Lifeforms,,
mining,Mining,technology,Mining,,
misinformation-and-disinformation,Misinformation and disinformation,risk,Misinformation and disinformation,ai-generated-misinformation-and-disinformation,
misinformation-challenges-scientific-progress,Misinformation Challenges Scientific Progress,technology,Misinformation Challenges Scientific Progress,,
mismanagement-of-population-ageing,Mismanagement of population ageing,risk,Mismanagement of population ageing;Population ageing,,
mission-drift-in-ai-alignment,Mission Drift in AI Alignment,technology,Mission Drift in AI Alignment,,
mitigating-fraud,Mitigating Fraud,technology,Mitigating Fraud,,
mixed-reality,Mixed Reality,technology,Mixed Reality,augmented-reality;virtual-reality,
mixed-reality-ar-and-vr,Mixed reality (AR and VR),technology,Mixed reality (AR and VR),,
mixed-reality-arcades,Mixed Reality Arcades,technology,Mixed Reality Arcades,,
mixed-use-sidewalks-and-drone-lanes,Mixed-Use Sidewalks and Drone Lanes,technology,Mixed-Use Sidewalks and Drone Lanes,,
mixture-of-experts,Mixture of Experts,technology,Mixture of Experts,,
mlops,MLOps,technology,MLOps,,
mlops-adoption,MLOps adoption,technology,MLOps adoption,,
mmomrgs,MMOMRGs,technology,MMOMRGs,,
mncs-not-to-the-rescue,MNCs not to the rescue,risk,MNCs not to the rescue,,
mobile-3-d,Mobile 3-D,technology,Mobile 3-D,,
mobile-advertising,Mobile advertising,technology,Mobile advertising,,
mobile-and-cashless-payments,Mobile and cashless payments,other,Mobile and cashless payments,,
mobile-application-stores,Mobile Application Stores,technology,Mobile Application Stores,,
mobile-apps,Mobile apps,technology,Mobile apps,,
mobile-broadband-capacity,Mobile broadband capacity,technology,Mobile broadband capacity,,
mobile-collaboration,Mobile Collaboration,technology,Mobile Collaboration,,
mobile-computing-and-entertainment-hubs,Mobile Computing and Entertainment Hubs,technology,Mobile Computing and Entertainment Hubs,,
mobile-contactless-payments,Mobile contactless payments,technology,Mobile contactless payments,mobile-payment,
mobile-content,Mobile content,technology,Mobile content,,
mobile-cryptocurrency-for-the-unbanked,Mobile cryptocurrency for the unbanked,technology,Mobile cryptocurrency for the unbanked,,
mobile-data-services,Mobile data services,technology,Mobile data services,,
mobile-digital-assistants-for-mundane-tasks,Mobile digital assistants for mundane tasks,technology,Mobile digital assistants for mundane tasks,,
mobile-digital-assistants-in-shopping,Mobile digital assistants in shopping,technology,Mobile digital assistants in shopping,,
mobile-entertainment-hubs,Mobile Entertainment Hubs,technology,Mobile Entertainment Hubs,,
mobile-first-game-development,Mobile-first game development,technology,Mobile-first game development,,
mobile-games,Mobile games,technology,Mobile games,,
mobile-gaming,Mobile gaming,technology,Mobile gaming,,
mobile-government-services,Mobile government services,technology,Mobile government services,,
mobile-handset-form-factors,Mobile handset form factors,technology,Mobile handset form factors,,
mobile-health-monitoring,Mobile Health Monitoring,technology,Mobile Health Monitoring,,
mobile-instant-messaging-vs-sms,Mobile instant messaging vs SMS,technology,Mobile instant messaging vs SMS,,
mobile-internet,Mobile internet,technology,Mobile internet,,
mobile-learning-platforms,Mobile learning platforms,technology,Mobile learning platforms,,
mobile-location-services,Mobile location services,technology,Mobile location services,,
mobile-messaging,Mobile messaging,technology,Mobile messaging,,
mobile-micro-moments,Mobile micro-moments,other,Mobile micro-moments,,
mobile-network-optimization,Mobile network optimization,technology,Mobile network optimization,,
mobile-network-sharing,Mobile network sharing,technology,Mobile network sharing,,
mobile-only-home-internet,Mobile-only home internet,technology,Mobile-only home internet,,
mobile-operating-systems,Mobile operating systems,technology,Mobile operating systems,,
mobile-operator-consolidation,Mobile operator consolidation,technology,Mobile operator consolidation,,
mobile-operator-loyalty-rewards,Mobile operator loyalty rewards,technology,Mobile operator loyalty rewards,,
mobile-operator-segmentation,Mobile operator segmentation,technology,Mobile operator segmentation,,
mobile-over-the-air-payments,Mobile over-the-air payments,technology,"Mobile OTA Payment;Over-the-Air Mobile Phone Payment Systems, Developed Markets",mobile-payment,
mobile-payment,Mobile payment,technology,Mobile Payments;Mobile Phone Payments;Mobile payment;Mobile payments;mobile payments,apple-pay;biometric-payments;digital-wallets;mobile-over-the-air-payments;nfc-payment,
mobile-payments-for-splitting-costs,Mobile payments for splitting costs,other,Mobile payments for splitting costs,,
mobile-payments-touch-commerce,Mobile payments (touch commerce),technology,Mobile payments (touch commerce),mobile-payment,
mobile-payments-volume,Mobile payments volume,quantity,Mobile payments volume,,
mobile-penetration,Mobile penetration,technology,Mobile penetration,,
mobile-phone-as-primary-internet-connection,mobile phone as primary internet connection,other,mobile phone as primary internet connection,,
mobile-phone-location-tracking,Mobile phone location tracking,technology,Mobile phone location tracking,,
mobile-privacy,Mobile privacy,technology,Mobile privacy,,
mobile-robots,Mobile Robots,technology,Mobile Robots;Mobile Robozs,,
mobile-search,Mobile search,technology,Mobile search,,
mobile-spectrum,Mobile spectrum,technology,Mobile spectrum,,
mobile-subscriber-growth,Mobile subscriber growth,technology,Mobile subscriber growth,,
mobile-subscriptions,Mobile subscriptions,technology,Mobile subscriptions,,
mobile-termination-rates,Mobile termination rates,technology,Mobile termination rates,,
mobile-tracking,Mobile Tracking,technology,Mobile Tracking,,
mobile-tv,Mobile TV,technology,Mobile TV,,
mobile-tv-viewing,Mobile TV viewing,technology,Mobile TV viewing,,
mobile-voice,Mobile voice,technology,Mobile voice,,
mobile-voice-calls,Mobile voice calls,technology,Mobile voice calls,,
mobile-voice-revenue,Mobile voice revenue,technology,Mobile voice revenue,,
mobile-voip,Mobile VoIP,technology,Mobile VoIP,,
mobile-vs-pc-application-development,Mobile vs PC application development,technology,Mobile vs PC application development,,
mobile-vs-pc-web-access,Mobile vs PC web access,technology,Mobile vs PC web access,,
mobile-weather-stations,Mobile Weather Stations,technology,Mobile Weather Stations,,
mobility-autonomous-connected-electric-shared,"Mobility (autonomous, connected, electric, shared)",technology,"Mobility (autonomous, connected, electric, shared)",,
mobility-simulation,Mobility Simulation,technology,Mobility Simulation,,
mobility-superapps,Mobility Superapps,technology,Mobility Superapps,,
model-context-protocol,Model Context Protocol,technology,Model Context Protocol,,
model-driven-architectures,Model-Driven Architectures,technology,Model-Driven Architectures;Model-driven Approaches,,
model-free-approaches-to-rl,Model-free Approaches to RL,technology,Model-free Approaches to RL,,
modeling-surprise,Modeling Surprise,technology,Modeling Surprise,,
modern-digital-infrastructure-capability,Modern digital infrastructure capability,technology,Modern digital infrastructure capability,,
modifying-fungi-for-building-and-packaging,Modifying Fungi for Building and Packaging,technology,Modifying Fungi for Building and Packaging,,
modular-ai,Modular AI,technology,Modular AI,,
modular-blockchain-tech-stack,Modular blockchain tech stack,technology,Modular blockchain tech stack,,
modular-computers,Modular computers,technology,Modular computers,,
modular-construction,Modular Construction,technology,Modular Construction,,
modular-it-services,Modular IT services,technology,Modular IT services,,
modular-mobile,Modular Mobile,technology,Modular Mobile,,
modulating-custom-voices,Modulating Custom Voices,technology,Modulating Custom Voices,,
molecular-assembler,Molecular assembler,technology,Molecular assembler,,
molecular-cancer-diagnostics,Molecular cancer diagnostics,quantity,Molecular Cancer Diagnostics;Molecular cancer diagnostics,,
molecular-diagnostics,Molecular Diagnostics,technology,Molecular Diagnostics,,
molecular-electronics-chips,Molecular Electronics Chips,technology,Molecular Electronics Chips,,
molecular-imaging,Molecular Imaging,technology,Molecular Imaging,,
molecular-programming,Molecular Programming,technology,Molecular Programming,,
molecular-robotics,Molecular Robotics,technology,Molecular Robotics,,
molecular-transistors,Molecular Transistors,technology,Molecular Transistors,,
molten-salt-reactors,Molten Salt Reactors,technology,Molten Salt Reactors,,
monetizing-chat-based-journalism,Monetizing Chat-Based Journalism,technology,Monetizing Chat-Based Journalism,,
monetizing-memes,Monetizing Memes,technology,Monetizing Memes,,
monetizing-spare-capacity-and-eliminating-waste,Monetizing spare capacity and eliminating waste,other,Monetizing spare capacity and eliminating waste,,
monitoring-and-field-simulation-with-immersive-ar-vr,Monitoring and Field Simulation with Immersive AR/VR,technology,Monitoring and Field Simulation with Immersive AR/VR,,
monitoring-climate-change-from-space,Monitoring Climate Change From Space,technology,Monitoring Climate Change From Space,,
monitoring-earth,Monitoring Earth,technology,Monitoring Earth,,
monitoring-food-waste-and-impact,Monitoring Food Waste & Impact,technology,Monitoring Food Waste & Impact,,
monitoring-orbital-debris,Monitoring Orbital Debris,technology,Monitoring Orbital Debris,,
moocs,MOOCs,technology,MOOCs,,
moon-rush,Moon Rush,technology,Moon Rush,,
moon-then-mars,"Moon, Then Mars",technology,"Moon, Then Mars;Moon, then Mars",,
moonshot-investments,Moonshot investments,technology,Moonshot investments,,
moonshots-private-ventures-on-the-moon,Moonshots: Private Ventures on the Moon,technology,Moonshots: Private Ventures on the Moon,,
moore-s-law,Moore's Law,technology,Moore's Law,,
more-cyber-mission-forces-in-the-field,More Cyber Mission Forces in the Field,technology,More Cyber Mission Forces in the Field,,
more-fertile-soil,More Fertile Soil,technology,More Fertile Soil,,
more-inclusive-and-accessible-sports,More Inclusive and Accessible Sports,technology,More Inclusive and Accessible Sports,,
most-meetings-remote,Most meetings remote,technology,Most meetings remote,,
most-people-prefer-to-keep-their-private-information-under-their,Most people prefer to keep their private information under their,technology,Most people prefer to keep their private information under their,,
most-reading-done-on-displays,Most reading done on displays,technology,Most reading done on displays,,
most-text-created-using-speech-recognition,Most text created using speech recognition,technology,Most text created using speech recognition,,
motion-sickness-and-vr-nausea,Motion Sickness and VR Nausea,technology,Motion Sickness and VR Nausea,,
movement-in-the-metaverse,Movement in the Metaverse,technology,Movement in The Metaverse;Movement in the Metaverse,,
movie-box-office,Movie box office,technology,Movie box office,,
moving-across-modalities,Moving Across Modalities,technology,Moving Across Modalities,,
mrna-cancer-vaccines,mRNA Cancer Vaccines,technology,mRNA Cancer Vaccines,,
mrna-vaccines,mRNA Vaccines,technology,mRNA Vaccines,,
much-faster-deep-learning,Much Faster Deep Learning,technology,Much Faster Deep Learning,,
multi-agent-orchestration-in-enterprises,Multi-agent orchestration in enterprises,technology,Multi-agent orchestration in enterprises,,
multi-cancer-screening,Multi-Cancer Screening,technology,Multi-Cancer Screening,,
multi-cancer-screening-cost,Multi-cancer screening cost,quantity,Multi-cancer screening cost,,
multi-input-recognition,Multi-input Recognition,technology,Multi-input Recognition,,
multi-omics,Multi-Omics,technology,Multi-Omics;Multiomics,,
multi-omics-market,Multi-omics market,quantity,Multi-omics market,,
multi-radio-chipsets,Multi-radio chipsets,technology,Multi-radio chipsets,,
multi-segmented-smart-grids,Multi-segmented smart grids,technology,Multi-segmented smart grids,smart-grid,
multi-skilled-ai,Multi-skilled AI,technology,Multi-skilled AI,,
multi-tablet-ownership,Multi-tablet ownership,technology,Multi-tablet ownership,,
multi-tasking-quantum,Multi-tasking Quantum,technology,Multi-tasking Quantum,,
multi-touch,Multi touch,technology,Multi touch,,
multi-use-spaces,Multi-use Spaces,technology,Multi-Use Spaces;Multi-use Spaces,,
multi-user-platforms,Multi-User Platforms,technology,Multi-User Platforms,,
multiagent-ai-in-customer-facing-processes,Multiagent AI in customer-facing processes,technology,Multiagent AI in customer-facing processes,,
multiagent-systems,Multiagent Systems,technology,Multiagent Systems,ai-agents,
multicloud-management-metacloud-supercloud,"Multicloud management (metacloud, supercloud)",technology,"Multicloud management (metacloud, supercloud)",,
multiexperience,Multiexperience,technology,Multiexperience,,
multifactor-authentication,Multifactor authentication,technology,Multifactor authentication,,
multilateral-export-controls,Multilateral Export Controls,technology,Multilateral Export Controls,,
multilateral-science-and-technology-acts,Multilateral Science and Technology Acts,technology,Multilateral Science and Technology Acts,,
multilateralism-collapse,Multilateralism collapse,risk,Multilateralism collapse,,
multimedia-embedded-in-documents,Multimedia embedded in documents,technology,Multimedia embedded in documents,,
multimedia-messaging-service,Multimedia Messaging Service,technology,Multimedia Messaging Service,,
multimodal-ai-creative-tools,Multimodal AI creative tools,technology,Multimodal AI creative tools,,
multimodal-ai-storytelling,Multimodal AI storytelling,technology,Multimodal AI storytelling,,
multimodal-generative-ai,Multimodal generative AI,technology,Multimodal generative AI,,
multimodal-movement,Multimodal Movement,technology,Multimodal Movement,,
multimodal-unstructured-enterprise-data,Multimodal unstructured enterprise data,technology,Multimodal unstructured enterprise data,,
multiomic-tools,Multiomic Tools,technology,Multiomic Tools,,
multiomics-and-therapeutics,Multiomics and Therapeutics,technology,Multiomics and Therapeutics,,
multiomics-data-volume,Multiomics data volume,quantity,Multiomics data volume,,
multiparty-systems-blockchain-shared-data-platforms,"Multiparty systems (blockchain, shared data platforms)",technology,"Multiparty systems (blockchain, shared data platforms)",,
multiplayer-vertical-ai-agents,Multiplayer vertical AI agents,technology,Multiplayer vertical AI agents,,
multiplex-editing-enables-complex-changes,Multiplex Editing Enables Complex Changes,technology,Multiplex Editing Enables Complex Changes,,
multistep-scientific-reasoning,Multistep Scientific Reasoning,technology,Multistep Scientific Reasoning,,
multitask-learning,Multitask Learning,technology,Multitask Learning,,
multitasking-solar,Multitasking Solar,technology,Multitasking Solar,,
mushroom-plastic,Mushroom Plastic,technology,Mushroom Plastic,,
music-performance-rights,Music performance rights,technology,Music performance rights,,
music-streaming-revenue,Music streaming revenue,quantity,Music streaming revenue,,
music-streaming-subscriptions,Music streaming subscriptions,technology,Music streaming subscriptions,,
mvnos-and-resellers,MVNOs and resellers,technology,MVNOs and resellers,,
mycelium,Mycelium,technology,Mycelium,,
mycelium-leathers,Mycelium Leathers,technology,Mycelium Leathers,,
mycelium-revolution,Mycelium Revolution,technology,Mycelium Revolution,,
myoelectric-prosthesis,Myoelectric prosthesis,technology,Myoelectric prosthesis,,
nafta-renegotiation-pressure,NAFTA renegotiation pressure,other,NAFTA renegotiation pressure,,
named-data-networking,Named Data Networking,technology,Named Data Networking,,
nano-architecture,Nano-Architecture,technology,Nano-Architecture,,
nano-electricmechanical-systems,Nano electricmechanical systems,technology,Nano electricmechanical systems,,
nano-engineered-materials,Nano-engineered materials,technology,Nano-engineered materials,,
nano-fulfillment-centers,Nano-Fulfillment Centers,technology,Nano-Fulfillment Centers,,
nano-generators,Nano-generators,technology,Nano-generators,,
nano-solar-cells,Nano Solar Cells,technology,Nano Solar Cells,,
nanobiomechanics,Nanobiomechanics,technology,Nanobiomechanics,,
nanobot-nurses,Nanobot Nurses,technology,Nanobot Nurses,,
nanobot-treatments,Nanobot Treatments,technology,Nanobot Treatments,,
nanobots,Nanobots,technology,Nanobots,,
nanocharging-solar,Nanocharging Solar,technology,Nanocharging Solar,,
nanocomposite-drug-carriers,Nanocomposite drug carriers,technology,Nanocomposite drug carriers,,
nanocomputing,Nanocomputing,technology,Nanocomputing,,
nanodegrees,Nanodegrees,technology,Nanodegrees,,
nanofactories,Nanofactories,technology,Nanofactories,,
nanohealing,Nanohealing,technology,Nanohealing,,
nanoimprint-lithography,Nanoimprint Lithography,technology,Nanoimprint Lithography,,
nanomachines,Nanomachines,technology,Nanomachines,,
nanomedicine,Nanomedicine,technology,Nanomedicine,,
nanomesh-tattoos,Nanomesh Tattoos,technology,Nanomesh Tattoos,,
nanomesh-temporary-tattoos,Nanomesh Temporary Tattoos,technology,Nanomesh Temporary Tattoos,,
nanopiezoelectronics,Nanopiezoelectronics,technology,Nanopiezoelectronics,,
nanopore-sequencing,Nanopore Sequencing,technology,Nanopore Sequencing,,
nanoradio,NanoRadio,technology,NanoRadio,,
nanosatellites,Nanosatellites,technology,Nanosatellites,leo-satellite-broadband,
nanoscale-3d-printing,Nanoscale 3D Printing,technology,Nanoscale 3D Printing,3d-printing,
nanosheet-transistors,Nanosheet Transistors,technology,Nanosheet Transistors,,
nanostructure-battery-cathodes,Nanostructure battery cathodes,technology,Nanostructure battery cathodes,,
nanotechnology,Nanotechnology,technology,Nanotechnology,,
nanotube-electronics,Nanotube Electronics,technology,Nanotube Electronics,,
nanowire-networks-emulate-our-memories,Nanowire Networks Emulate Our Memories,technology,Nanowire Networks Emulate Our Memories,,
nanowires,Nanowires,technology,Nanowires,,
nasa-dart-asteroid-impact,NASA DART asteroid impact,other,NASA DART asteroid impact,,
nation-based-guardrails-and-regulations,Nation-based Guardrails and Regulations,technology,Nation-based Guardrails and Regulations,,
national-a-i-strategies,National A.I. Strategies,technology,National A.I. Strategies;National AI Strategies,,
national-ai-compute-infrastructure-ai-hypercenters,National AI compute infrastructure (AI hypercenters),technology,National AI compute infrastructure (AI hypercenters),,
national-dna-drives,National DNA Drives,technology,National DNA Drives,,
national-security,National Security,technology,National Security,,
native-advertising-content,Native Advertising/ Content,technology,Native Advertising/ Content,,
nato-enlargement-finland-sweden,"NATO enlargement (Finland, Sweden)",other,"NATO enlargement (Finland, Sweden)",,
natural-ccs,Natural CCS,technology,Natural CCS,,
natural-css,Natural CSS,technology,Natural CSS,,
natural-disasters,Natural disasters,risk,Natural catastrophes;Natural disasters,,
natural-disasters-and-extreme-weather-events,Natural disasters and extreme weather events,risk,Natural disasters and extreme weather events,,
natural-exoskeleton-movement,Natural Exoskeleton Movement,technology,Natural Exoskeleton Movement,,
natural-gas,natural gas,quantity,natural gas,,
natural-language-generation,Natural Language Generation,technology,Natural Language Generation,,
natural-language-generation-for-reading-levels,Natural Language Generation for Reading Levels,technology,Natural Language Generation for Reading Levels,,
natural-language-generation-nlg,Natural Language Generation (NLG),technology,Natural Language Generation (NLG),,
natural-language-generation-to-modulate-reading-levels,Natural Language Generation to Modulate Reading Levels,technology,Natural Language Generation to Modulate Reading Levels,,
natural-language-processing,Natural language processing,technology,Natural Language Processing;Natural language interpretation;Natural language processing,,
natural-language-processing-for-esgs,Natural Language Processing for ESGs,technology,Natural Language Processing for ESGs,,
natural-language-question-answering,Natural Language Question Answering,technology,Natural Language Question Answering;Natural-Language Question Answering;Natural-Language Questioning Answer,,
natural-language-search,Natural-language search,technology,Natural-language search,,
natural-language-understanding-nlu,Natural Language Understanding (NLU),technology,Natural Language Understanding (NLU),,
natural-resource-crises,Natural resource crises,risk,Natural resource crises,,
natural-resource-shortages,Natural resource shortages,risk,Natural resource shortages,,
nature,Nature,technology,Nature,,
navigation-systems-for-the-blind,Navigation systems for the blind,technology,Navigation systems for the blind,,
near-real-time-application-environments,Near-Real-Time Application Environments,technology,Near-Real-Time Application Environments;Near-real-time Application Environments,,
nearshoring,Nearshoring,technology,Nearshoring,,
nearshoring-of-u-s-supply-from-asia,Nearshoring of U.S. supply from Asia,technology,Nearshoring of U.S. supply from Asia,,
necrobotics,Necrobotics,technology,Necrobotics,,
nefarious-ai-misuse,Nefarious AI Misuse,technology,Nefarious AI Misuse,,
neighborhood-mesh-networks,Neighborhood Mesh Networks,technology,Neighborhood Mesh Networks,,
neo-luddite-movement-has-limited-influence,Neo-Luddite movement has limited influence,technology,Neo-Luddite movement has limited influence,,
nerve-coolers,Nerve Coolers,technology,Nerve Coolers,,
net-neutrality,Net neutrality,technology,Net Neutrality;Net neutrality,,
net-zero-construction,Net-Zero Construction,technology,Net-Zero Construction,,
netbooks,Netbooks,technology,Netbooks,,
network-as-a-service-naas,Network-as-a-Service (Naas),technology,Network-as-a-Service (Naas),,
network-computers,Network Computers,technology,Network Computers,,
network-slicing-market,Network slicing market,technology,Network slicing market,,
networked-collective-intelligence,Networked Collective Intelligence,technology,Networked Collective Intelligence,,
networked-computers-on-and-around-us,Networked computers on and around us,technology,Networked computers on and around us,,
networked-device-surveillance,networked-device surveillance,other,networked-device surveillance,,
networked-smart-devices,Networked Smart Devices,technology,Networked Smart Devices,,
networking-technology-spending-waste,Networking technology spending waste,technology,Networking technology spending waste,,
neural-biofeedback,Neural biofeedback,technology,Neural biofeedback,,
neural-nets-and-genetic-algorithms-dominate-compute,Neural nets and genetic algorithms dominate compute,technology,Neural nets and genetic algorithms dominate compute,,
neural-network-image-recognition,Neural network image recognition,technology,Neural network image recognition,,
neural-rendering,Neural Rendering,technology,Neural Rendering,,
neuralink,Neuralink,technology,Neuralink,,
neuro-informatics,Neuro-informatics,technology,Neuro-informatics,,
neuro-symbolic-a-i-algorithms-and-systems,Neuro-Symbolic A.I. Algorithms and Systems,technology,Neuro-Symbolic A.I. Algorithms and Systems,,
neuro-symbolic-ai,Neuro-Symbolic AI,technology,Neuro-Symbolic AI;Neuro-symbolic AI,,
neurobusiness,Neurobusiness,technology,Neurobusiness,,
neurodivergent-talent-recruitment,Neurodivergent talent recruitment,technology,Neurodivergent talent recruitment,,
neuroenhancers,Neuroenhancers,technology,Neuroenhancers,,
neuromarketing-fmri,Neuromarketing (fMRI),technology,Neuromarketing (fMRI),,
neuromining-of-subconscious-behavior,Neuromining of subconscious behavior,technology,Neuromining of subconscious behavior,,
neuromorphic-computing,Neuromorphic computing,technology,Neuromorphic Computing;Neuromorphic computing,,
neuromorphic-computing-digital-wall,Neuromorphic computing / digital wall,technology,Neuromorphic computing / digital wall,neuromorphic-hardware,
neuromorphic-hardware,Neuromorphic Hardware,technology,Neuromorphic Chip;Neuromorphic Chips;Neuromorphic Hardware,neuromorphic-computing-digital-wall,
neuromorphic-hardware-for-audio-applications,Neuromorphic Hardware for Audio Applications,technology,Neuromorphic Hardware for Audio Applications,,
neuromorphic-meets-ai,Neuromorphic Meets AI,technology,Neuromorphic Meets AI,,
neuron-control,Neuron Control,technology,Neuron Control,,
neuroprosthetics,Neuroprosthetics,technology,Neuroprosthetics,,
neurorights-campaigns,Neurorights Campaigns,technology,Neurorights Campaigns,,
new-architectures-to-make-ai-workloads-more-efficient,New Architectures to Make AI Workloads More Efficient,technology,New Architectures to Make AI Workloads More Efficient,,
new-base-materials,New Base Materials,technology,New Base Materials,,
new-business-models,New Business Models,technology,New Business Models,,
new-cityscape-designs,New Cityscape Designs,technology,New Cityscape Designs,,
new-climate-insurance-needed,New Climate Insurance Needed,technology,New Climate Insurance Needed,,
new-countries-develop-space-mission-capabilities,New Countries Develop Space Mission Capabilities,technology,New Countries Develop Space Mission Capabilities,,
new-crispr-tools,New CRISPR Tools,technology,New CRISPR Tools,,
new-digital-industries-and-standards,New digital industries and standards,technology,New digital industries and standards,,
new-digital-purchasing-models,New digital purchasing models,technology,New digital purchasing models,,
new-domestic-supply-chain,New Domestic Supply Chain,technology,New Domestic Supply Chain,,
new-editing-tools,New Editing Tools,technology,New Editing Tools,,
new-forms-of-value-exchange-and-loyalty,New forms of value exchange and loyalty,other,New forms of value exchange and loyalty,,
new-generative-modeling-techniques,New Generative Modeling Techniques,technology,New Generative Modeling Techniques,,
new-heavy-launch-vehicles,New heavy launch vehicles,technology,New heavy launch vehicles,,
new-hiv-tb-infections-of-5-million-people,"New HIV, TB infections of 5 million people",risk,"New HIV, TB infections of 5 million people",,
new-horizons-flyby-of-ultima-thule,New Horizons flyby of Ultima Thule,other,New Horizons flyby of Ultima Thule,,
new-horizons-pluto-flyby,New Horizons Pluto flyby,other,New Horizons Pluto flyby,,
new-hydro-turbine-design,New Hydro Turbine Design,technology,New Hydro Turbine Design,,
new-infrastructure-targets,New Infrastructure Targets,technology,New Infrastructure Targets,,
new-james-bond-novel-publication,New James Bond novel publication,other,New James Bond novel publication,,
new-kinds-of-liability-insurance-for-ai,New Kinds of Liability Insurance for AI,technology,New Kinds of Liability Insurance for AI,,
new-logical-apps,New logical apps,technology,New logical apps,,
new-materials-to-power-advanced-computing,New Materials to Power Advanced Computing,technology,New Materials to Power Advanced Computing,,
new-media-vs-traditional-media-metrics,New media vs traditional media metrics,technology,New media vs traditional media metrics,,
new-models-for-distributing-media,New models for distributing media,technology,New models for distributing media,,
new-open-source-app-vulnerabilities,New Open Source App Vulnerabilities,technology,New Open Source App Vulnerabilities,,
new-roles-for-data-scientists,New Roles for Data Scientists,technology,New Roles for Data Scientists,,
new-search-interfaces,New Search Interfaces,technology,New Search Interfaces,,
new-space,New Space,technology,New Space,,
new-strategic-technical-alliances,New Strategic Technical Alliances,technology,New Strategic Technical Alliances,,
new-trial-methods,New Trial Methods,technology,New Trial Methods,,
new-turbine-design,New Turbine Design,technology,New Turbine Design,,
new-york-and-london,New York and London,risk,New York and London,,
news-paywalls,News paywalls,technology,News paywalls,,
next-gen-bci,Next-gen BCI,technology,Next-gen BCI,,
next-gen-bioprinters-create-living-tissue-with-multiple-cell-types,Next-Gen Bioprinters Create Living Tissue With Multiple Cell Types,technology,Next-Gen Bioprinters Create Living Tissue With Multiple Cell Types,,
next-gen-gig-economy,Next-Gen Gig Economy,technology,Next-Gen Gig Economy,,
next-gen-native-video-and-audio-story-formats,Next-Gen Native Video and Audio Story Formats,technology,Next-Gen Native Video and Audio Story Formats,,
next-gen-nuclear,Next-gen nuclear,technology,New-wave nuclear power;Next-gen nuclear,practical-fusion-reactors;thorium-reactors;traveling-wave-reactor,
next-generation-gene-editors,Next-Generation Gene Editors,technology,Next-Generation Gene Editors,,
next-generation-genome-sequencing,Next-Generation Genome Sequencing,technology,Next-Generation Genome Sequencing,,
next-generation-memory,Next-Generation Memory,technology,Next-Generation Memory,,
next-generation-neuropharmacology,Next-generation neuropharmacology,technology,Next-generation neuropharmacology,,
next-generation-saas-applications,Next-generation SaaS applications,technology,Next-generation SaaS applications,,
next-phases-of-the-web-mobile-web-internet-of-things-metaverse,"Next phases of the web (mobile web, internet of things, metaverse)",other,"Next phases of the web (mobile web, internet of things, metaverse)",,
nfc,NFC,technology,NFC;Near-field communication,nfc-payment,
nfc-payment,NFC Payment,technology,NFC Payment,mobile-payment;nfc,
nft,NFT,technology,NFT;Nonfungible Tokens (NFT),,
nft-gamification,NFT gamification,technology,NFT gamification,gamification,
nft-volume,NFT volume,quantity,NFT volume,,
nfts-as-brand-assets,NFTs as brand assets,technology,NFTs as brand assets,,
nfts-beyond-the-jpeg,NFTs: Beyond the JPEG,technology,NFTs: Beyond the JPEG,,
nigeria,Nigeria,risk,Nigeria,,
nigeria-population,Nigeria population,other,Nigeria population,,
nlp-algorithms-detect-virus-mutations,NLP Algorithms Detect Virus Mutations,technology,NLP Algorithms Detect Virus Mutations,,
nlp-benchmarks,NLP Benchmarks,technology,NLP Benchmarks,,
no-china-recovery,No China recovery,risk,No China recovery,,
no-deal-brexit,No-deal Brexit,other,No-deal Brexit,,
no-moving-parts-electronic-memory,"No moving parts, electronic memory",technology,"No moving parts, electronic memory",,
no-reform,No reform,risk,No reform,,
no-retraining-required,No Retraining Required,technology,No Retraining Required,,
no-room-for-error,No room for error,risk,No room for error,,
no-valid-turing-test-pass-yet,No valid Turing test pass yet,technology,No valid Turing test pass yet,,
no-zero-covid,No zero Covid,risk,No zero Covid,,
nomadic-and-modular-hotels,Nomadic and Modular Hotels,technology,Nomadic and Modular Hotels,,
nomura-takeover-of-merrill-lynch,Nomura takeover of Merrill Lynch,other,Nomura takeover of Merrill Lynch,,
non-conventional-attack-in-major-city,Non-conventional attack in major city,risk,Non-conventional attack in major city,,
non-fungible-tokens,Non Fungible Tokens,technology,Non Fungible Tokens,,
non-fungible-tokens-and-digital-collectibles,Non-Fungible Tokens and Digital Collectibles,technology,Non-Fungible Tokens and Digital Collectibles,,
non-invasive-glucose-sensors,Non-invasive glucose sensors,technology,Non-invasive glucose sensors,,
non-it-companies-as-cloud-providers,Non-IT companies as cloud providers,technology,Non-IT companies as cloud providers,,
non-line-of-sight-tracking,Non-Line-of-Sight Tracking,technology,Non-Line-of-Sight Tracking,,
non-musicians-composing-with-smart-software,Non-musicians composing with smart software,technology,Non-musicians composing with smart software,,
non-pc-computing-devices-smartphones-tablets,"Non-PC computing devices (smartphones, tablets)",technology,"Non-PC computing devices (smartphones, tablets)",,
non-transferable-tokens-soulbound-tokens,Non-transferable tokens (soulbound tokens),technology,Non-transferable tokens (soulbound tokens),,
non-x86-cloud-compute,Non-x86 cloud compute,technology,Non-x86 cloud compute,,
nonbiological-computation-exceeds-human-intelligence,Nonbiological computation exceeds human intelligence,technology,Nonbiological computation exceeds human intelligence,,
nonhuman-share-of-total-computing-capacity,Nonhuman share of total computing capacity,technology,Nonhuman share of total computing capacity,,
nonhuman-social-media-friends,Nonhuman social media friends,technology,Nonhuman social media friends,,
noninvasive-imaging-has-increased,Noninvasive imaging has increased,technology,Noninvasive imaging has increased,,
nootropics,Nootropics,technology,Nootropics,,
nootropics-and-neuroenhancers,Nootropics and Neuroenhancers,technology,Nootropics and Neuroenhancers,,
norms-and-regulations-biological,Norms and Regulations (Biological),technology,Norms and Regulations (Biological),,
north-korea,North Korea,risk,North Korea,,
not-enough-elections,Not enough elections,risk,Not enough elections,,
notebooks-left-at-home-by-travelers,Notebooks left at home by travelers,technology,Notebooks left at home by travelers,,
novel-musical-interfaces,Novel musical interfaces,technology,Novel musical interfaces,,
nowhere-to-charge,Nowhere to Charge,technology,Nowhere to Charge,,
npt-review-conference,NPT review conference,other,NPT review conference,,
npus-neural-processing-units,NPUs (Neural Processing Units),technology,NPUs (Neural Processing Units),,
nuclear,Nuclear,technology,Nuclear,,
nuclear-energy-demand,Nuclear energy demand,technology,Nuclear energy demand,,
nuclear-in-space,Nuclear in Space,technology,Nuclear in Space,,
nuclear-power,nuclear power,quantity,Nuclear power;nuclear power,,
nuclear-power-share,Nuclear power share,technology,Nuclear power share,,
nuclear-powered-data-centers,Nuclear-Powered Data Centers,technology,Nuclear-Powered Data Centers,,
nuclear-reprogramming,Nuclear Reprogramming,technology,Nuclear Reprogramming,,
nuclear-weapons,nuclear weapons,other,nuclear weapons,,
number-of-national-elections-in-2024,Number of national elections in 2024,other,Number of national elections in 2024,,
nutrigenomics,Nutrigenomics,technology,Nutrigenomics,,
nutritional-labels-for-news,Nutritional Labels For News,technology,Nutritional Labels For News,,
obamacare-repeal,Obamacare repeal,other,Obamacare repeal,,
object-embedded-intelligence,Object-embedded intelligence,technology,Object-embedded intelligence,,
object-oriented-programming,Object-oriented Programming,technology,OO Programming;Object-oriented Programming,,
object-recognition-in-computational-photography,Object Recognition in Computational Photography,technology,Object Recognition in Computational Photography,,
observability-driven-development,Observability-Driven Development,technology,Observability-Driven Development,,
observing-the-brain-in-real-time,Observing the Brain in Real Time,technology,Observing the Brain in Real Time,,
occupational-education-is-required,Occupational education is required,technology,Occupational education is required,,
occupy-style-protest-movement,Occupy-style protest movement,technology,Occupy-style protest movement,,
ocean,Ocean,technology,Ocean,,
ocean-chemistry,Ocean Chemistry,technology,Ocean Chemistry,,
ocean-faring-drones,Ocean-Faring Drones,technology,Ocean-Faring Drones,,
ocean-fertilization,Ocean Fertilization,technology,Ocean Fertilization,,
ocean-iron-fertilization,Ocean Iron Fertilization,technology,Ocean Iron Fertilization,,
ocean-land-mapping,Ocean land mapping,technology,Ocean land mapping,,
ocean-thermal-energy-conversion,Ocean Thermal Energy Conversion,technology,Ocean Thermal Energy Conversion,,
oceanic-explorers,Oceanic Explorers,technology,Oceanic Explorers,,
oceanic-fertilization,Oceanic Fertilization,technology,Oceanic Fertilization,,
oculus-rift,Oculus Rift,technology,Oculus Rift,virtual-reality,
oecd-total-real-gdp-growth,OECD total real GDP growth,quantity,real GDP growth,,"Real GDP growth, calendar-year annual average over the previous year, percent. Not Q4-over-Q4 growth (the Fed SEP measure), which needs its own subject. OECD members as at the time of each edition."
off-grid-self-sufficient-homes,"Off-grid, self-sufficient homes",other,"Off-grid, self-sufficient homes",,
off-planet-living,Off-Planet Living,technology,Off-Planet Living,,
off-planet-mining,Off-planet Mining,technology,Off-planet Mining,,
off-planet-resource-production,Off-Planet Resource Production,technology,Off-Planet Resource Production;Off-planet Resource Production,,
off-planet-terraforming,Off-Planet Terraforming,technology,Off-Planet Terraforming,,
off-planet-tourism,Off-Planet Tourism,technology,Off-Planet Tourism,,
off-planet-tourism-getting-to-space,Off-Planet Tourism: Getting to Space,technology,Off-Planet Tourism: Getting to Space,,
off-planet-tourism-staying-in-space,Off-Planet Tourism: Staying in Space,technology,Off-Planet Tourism: Staying in Space,,
offensive-government-hacking,Offensive Government Hacking,technology,Offensive Government Hacking,,
official-investigations-of-uaps,Official Investigations of UAPs,technology,Official Investigations of UAPs,,
offline-ajax,Offline Ajax,technology,Offline Ajax,,
offline-connections,Offline Connections,technology,Offline Connections,,
offline-meetups-enabled-by-social-and-mobile-media,Offline meetups enabled by social and mobile media,other,Offline meetups enabled by social and mobile media,,
offline-web-applications,Offline Web Applications,technology,Offline Web Applications,,
offshore-floating-wind-turbines,Offshore Floating Wind Turbines,technology,Offshore Floating Wind Turbines,,
offshore-wind-turbines,Offshore Wind Turbines,technology,Offshore Wind Turbines,,
offshoring,Offshoring,technology,Offshoring,,
oil,oil,quantity,oil,,
oil-and-gas-supply,oil and gas supply,quantity,oil and gas supply,,
oil-demand,Oil demand,quantity,Oil demand,,
oil-market,oil market,other,oil market,,
oil-price,oil price,quantity,oil price,,
oil-price-2008,Oil price 2008,other,Oil price 2008,,
oil-price-spike-to-us-100,Oil price spike to US$ 100,risk,Oil price spike to US$ 100,,
oil-price-spike-to-us-80,Oil price spike to US$ 80,risk,Oil price spike to US$ 80,,
oil-price-spikes,Oil price spikes,risk,Oil and gas price spike;Oil price shock;Oil price spikes,,
old-laws-clash-with-new-technology,Old Laws Clash With New Technology,technology,Old Laws Clash With New Technology,,
older-telecom-users,Older telecom users,technology,Older telecom users,,
omnichannel-management-platforms,Omnichannel Management Platforms,technology,Omnichannel Management Platforms,,
on-chain-gaming-play-own-earn-and-enjoy,"On-Chain Gaming: Play, Own, Earn, & Enjoy",technology,"On-Chain Gaming: Play, Own, Earn, & Enjoy",,
on-chain-surveillance,On-chain Surveillance,technology,On-chain Surveillance,,
on-demand-labor-platforms,On-demand labor platforms,technology,On-demand labor platforms,,
on-demand-molecules,On-Demand Molecules,technology,On-Demand Molecules,,
on-demand-momentary-markets-and-5g,"On-demand, momentary markets (and 5G)",technology,"On-demand, momentary markets (and 5G)",,
on-device-ai,On-Device AI,technology,On-Device AI,,
on-device-ai-models,On-device AI models,technology,On-device AI models,,
on-device-generative-ai,On-device generative AI,technology,On-device generative AI,,
on-device-machine-learning,On-device machine learning,technology,On-device machine learning,tiny-ai,
on-line-communities,On-line Communities,technology,On-line Communities,,
on-premises-ai-infrastructure,On-premises AI infrastructure,technology,On-premises AI infrastructure,,
on-the-go-entertainment,On-the-go Entertainment,technology,On-the-go Entertainment,,
one-to-few-networks,One-to-Few Networks,technology,One-to-Few Networks;One-to-Few Networks.,,
one-to-few-publishing,One-to-Few Publishing,technology,One-To-Few Publishing;One-to-Few Publishing,,
ongoing-bias-in-ai,Ongoing Bias In AI,technology,Ongoing Bias In AI,,
ongoing-professional-education,Ongoing professional education,technology,Ongoing professional education,,
online-advertising,Online advertising,technology,Online advertising,,
online-and-hybrid-higher-education,online and hybrid higher education,other,online and hybrid higher education,,
online-anonymity,online anonymity,other,online anonymity,,
online-brand-advertising,Online brand advertising,technology,Online brand advertising,,
online-civic-engagement,online civic engagement,other,online civic engagement,,
online-coupons-daily-deals,Online coupons (daily deals),technology,Online coupons (daily deals),,
online-creative-collaboration,online creative collaboration,other,online creative collaboration,,
online-extremist-communities,online extremist communities,other,online extremist communities,,
online-grocery,Online grocery,quantity,Online grocery,,
online-harassment-and-trolling,online harassment and trolling,other,online harassment and trolling,,
online-health-resources,online health resources,other,online health resources,,
online-identity-authentication,Online identity authentication,technology,Online identity authentication,,
online-learning-in-schools,online learning in schools,other,online learning in schools,,
online-misinformation,online misinformation,other,online misinformation,,
online-news,Online news,technology,Online news,,
online-newspaper-revenue,Online newspaper revenue,technology,Online newspaper revenue,,
online-photo-sharing,Online photo sharing,technology,Online photo sharing,,
online-piracy-and-counterfeit-media,Online piracy and counterfeit media,technology,Online piracy and counterfeit media,,
online-political-polarization,online political polarization,other,online political polarization,,
online-privacy-and-behavioral-tracking,Online privacy and behavioral tracking,technology,Online privacy and behavioral tracking,,
online-privacy-infrastructure,online privacy infrastructure,other,online privacy infrastructure,,
online-privacy-regulation,Online privacy regulation,technology,Online privacy regulation,,
online-sabotage-of-critical-infrastructure,Online sabotage of critical infrastructure,technology,Online sabotage of critical infrastructure,,
online-school-communities,Online school communities,technology,Online school communities,,
online-shopping-addiction,Online shopping addiction,technology,Online shopping addiction,,
online-shopping-and-instant-downloading,Online shopping and instant downloading,technology,Online shopping and instant downloading,,
online-social-networks-and-trust,online social networks and trust,other,online social networks and trust,,
online-spending,Online spending,quantity,Online spending,,
online-sports-betting,Online sports betting,quantity,Online sports betting,,
online-status-markers,Online status markers,other,Online status markers,,
online-third-places-community-platforms,Online third places (community platforms),technology,Online third places (community platforms),,
online-trust,online trust,other,online trust,,
online-video,Online Video,technology,Online Video,,
online-voting,online voting,other,online voting,,
onsite-childcare-and-employee-retention,Onsite childcare and employee retention,technology,Onsite childcare and employee retention,,
ontologies-and-graphs,Ontologies and Graphs,technology,Ontologies and Graphs,,
open-api-ecosystems,Open API ecosystems,technology,Open API ecosystems,,
open-banking,Open Banking,technology,Open Banking,,
open-courseware,Open courseware,technology,Open courseware,,
open-health-records,Open health records,technology,Open health records,,
open-ran-and-network-virtualization,Open RAN and network virtualization,technology,Open RAN and network virtualization,,
open-source-ai,Open-Source AI,technology,Open-Source AI,,
open-source-app-vulnerabilities,Open Source App Vulnerabilities,technology,Open Source App Vulnerabilities,,
open-source-in-commercial-software,Open source in commercial software,technology,Open source in commercial software,,
open-source-interoperability,Open-Source Interoperability,technology,Open-Source Interoperability,,
open-source-llms-for-commercial-use,Open-Source LLMs for Commercial Use,technology,Open-Source LLMs for Commercial Use,,
open-source-medical-llms-gain-ground,Open-Source Medical LLMs Gain Ground,technology,Open-Source Medical LLMs Gain Ground,,
open-source-program-office,Open-Source Program Office,technology,Open-Source Program Office,,
open-source-quantum-software,Open-Source Quantum Software,technology,Open-Source Quantum Software,,
open-source-software,Open source software,technology,Open source software,,
open-source-systems,Open Source Systems,technology,Open Source Systems,,
open-standards-ecosystem,Open standards ecosystem,technology,Open standards ecosystem,,
opentelemetry,OpenTelemetry,technology,OpenTelemetry,,
openworm,Openworm,technology,Openworm,,
operating-model-design,Operating model design,technology,Operating model design,,
operator-technology-investment,Operator technology investment,technology,Operator technology investment,,
opex-resets-in-it-spending,Opex resets in IT spending,technology,Opex resets in IT spending,,
optical-computing,Optical Computing,technology,Optical Computing,,
optical-invisibility-cloaks,Optical invisibility cloaks,technology,Optical invisibility cloaks,,
optimizing-ai-to-run-at-the-edge,Optimizing AI to Run at the Edge,technology,Optimizing AI to Run at the Edge,,
optimizing-ai-to-run-on-and-for-the-edge,Optimizing AI to Run On and For the Edge,technology,Optimizing AI to Run On and For the Edge,,
optimizing-for-new-types-of-search,Optimizing for New Types of Search,technology,Optimizing for New Types of Search,,
optimizing-for-voice-search,Optimizing For Voice Search,technology,Optimizing For Voice Search,,
optimizing-recreational-drugs,Optimizing Recreational Drugs,technology,Optimizing Recreational Drugs,,
optogenetic-implants-in-humans,Optogenetic implants in humans,technology,Optogenetic implants in humans,,
optogenetics,Optogenetics,technology,Optogenetics,,
oral-glp-1-weight-loss-drugs,Oral GLP-1 weight-loss drugs,other,Oral GLP-1 weight-loss drugs,,
orbital-aerospace,Orbital Aerospace,technology,Orbital Aerospace,,
orchestrated-application-experiences,Orchestrated application experiences,technology,Orchestrated application experiences,,
orchestration-and-routing-layers,Orchestration and Routing Layers,technology,Orchestration and Routing Layers,,
organ-on-a-chip,Organ-on-a-Chip,technology,Organ-on-a-Chip,,
organic-fertilizer,Organic Fertilizer,technology,Organic Fertilizer,,
organic-light-emitting-diodes,Organic Light-Emitting Diodes,technology,Organic Light-Emitting Devices;Organic Light-Emitting Diodes,leps-oleds;light-emitting-polymers,
organic-solar-materials,Organic Solar Materials,technology,Organic Solar Materials,,
organizational-change-for-ai,Organizational change for AI,technology,Organizational change for AI,,
organizational-doxing,Organizational Doxing,technology,Organizational Doxing,,
organoid-development,Organoid Development,technology,Organoid Development,,
organoid-intelligence,Organoid Intelligence,technology,Organoid Intelligence,,
organoids,Organoids,technology,Organoids,,
organoids-for-covid-19-research,Organoids for COVID-19 Research,technology,Organoids for COVID-19 Research,,
organs-on-demand,Organs on demand,technology,Organs on demand,,
other-concepts-for-cities,Other Concepts for Cities,technology,Other Concepts for Cities,,
ott-advertising,OTT advertising,quantity,OTT advertising,,
our-appliances-have-their-own-digital-assistants,Our Appliances Have Their Own Digital Assistants,technology,Our Appliances Have Their Own Digital Assistants,,
out-in-the-cold-turkey,(Out in the) cold Turkey,risk,(Out in the) cold Turkey,,
outcome-based-business-models-and-iot,Outcome-based business models and IoT,technology,Outcome-based business models and IoT,,
outcome-based-metrics-for-ai-applications,Outcome-based metrics for AI applications,technology,Outcome-based metrics for AI applications,,
outside-in-architecture-apis-ecosystems,"Outside-in architecture (APIs, ecosystems)",technology,"Outside-in architecture (APIs, ecosystems)",,
over-the-air-device-updates,Over-the-air device updates,technology,Over-the-air device updates,,
over-the-top-video,Over-the-top video,technology,Over-the-top video,,
overcoming-the-data-shortage,Overcoming the Data Shortage,technology,Overcoming the Data Shortage,,
overhauling-government,Overhauling Government,technology,Overhauling Government,,
overhauling-government-tech-infrastructure,Overhauling Government Tech Infrastructure,technology,Overhauling Government Tech Infrastructure,,
overhauling-legacy-it,Overhauling Legacy IT,technology,Overhauling Legacy IT,,
overpowered,Overpowered,risk,Overpowered,,
overtourism-backlash-and-city-restrictions,Overtourism backlash and city restrictions,other,Overtourism backlash and city restrictions,,
ownership,Ownership,technology,Ownership,,
owning-maintaining-and-encrypting-our-biometric-data,"Owning, Maintaining and Encrypting Our Biometric Data",technology,"Owning, Maintaining and Encrypting Our Biometric Data",,
p2p,P2P,technology,P2P,,
p2p-voip,P2P VoIP,technology,P2P VoIP,voip,
packaged-business-capabilities,Packaged Business Capabilities,technology,Packaged Business Capabilities,,
paid-or-loyalty-based-fast-lanes-for-physical-service,Paid or loyalty-based fast lanes for physical service,other,Paid or loyalty-based fast lanes for physical service,,
paid-virtual-experiences,Paid virtual experiences,technology,Paid virtual experiences,,
painless-automatic-giving-and-donating,"Painless, automatic giving and donating",other,"Painless, automatic giving and donating",,
pakistan,Pakistan,risk,Pakistan,,
pakistan-afghanistan,Pakistan/Afghanistan,risk,Pakistan/Afghanistan,,
palm-size-devices-read-to-the-blind-go-anywhere,"Palm-size devices read to the blind, go anywhere",technology,"Palm-size devices read to the blind, go anywhere",,
pan,PAN,technology,PAN,,
pan-enterprise-data-strategy,Pan-enterprise data strategy,technology,Pan-enterprise data strategy,,
pandemic-technical-debt,Pandemic technical debt,technology,Pandemic technical debt,,
pandemics,Pandemics,risk,Pandemics,,
pangenome-what-makes-us-human,Pangenome: What Makes Us Human,technology,Pangenome: What Makes Us Human,,
paper-books-rarely-used,Paper books rarely used,technology,Paper books rarely used,,
paper-diagnostics,Paper Diagnostics,technology,Paper Diagnostics,,
paper-documents-scanned-and-online,Paper documents scanned and online,technology,Paper documents scanned and online,,
parallel-realities,Parallel Realities,technology,Parallel Realities,,
parametric-insurance,Parametric Insurance,technology,Parametric Insurance,,
participation-tv-revenue,Participation TV revenue,technology,Participation TV revenue,,
partitioned-ukraine,Partitioned Ukraine,risk,Partitioned Ukraine,,
passive-income,Passive Income,technology,Passive Income,,
passive-sensor-based-crowdsourcing,"Passive, sensor-based crowdsourcing",other,"Passive, sensor-based crowdsourcing",,
password-security,Password security,technology,Password security,the-end-of-passwords,
passwords,Passwords,technology,Passwords,,
pathogenic-avian-virus-h5n1-spreads,Pathogenic avian virus H5N1 spreads,risk,Pathogenic avian virus H5N1 spreads,,
pathogenic-avian-virus-h5n1-spreads-high-low-human-mortality,Pathogenic avian virus H5N1 spreads high/low human mortality,risk,Pathogenic avian virus H5N1 spreads high/low human mortality,,
pathogenic-avian-virus-h5n1-spreads-radical-advances-in-vaccine-development,"Pathogenic avian virus H5N1 spreads, radical advances in vaccine development",risk,"Pathogenic avian virus H5N1 spreads, radical advances in vaccine development",,
patient-access-to-medical-data,Patient Access to Medical Data,technology,Patient Access to Medical Data,,
patient-generated-health-data,Patient-Generated Health Data,technology,Patient-Generated Health Data,,
patient-records-are-digital,Patient records are digital,technology,Patient records are digital,,
pattern-recognition-for-diagnosis,Pattern recognition for diagnosis,technology,Pattern recognition for diagnosis,,
pay-tv-and-svod-subscriptions,Pay TV and SVOD subscriptions,technology,Pay TV and SVOD subscriptions,,
pay-tv-cord-cutting,Pay TV cord cutting,technology,Pay TV cord cutting,,
paying-with-your-face,Paying with Your Face,technology,Paying with Your Face,,
pc-embodied-greenhouse-gas-emissions,PC embodied greenhouse gas emissions,technology,PC embodied greenhouse gas emissions,,
pc-lifecycle-energy-and-co2-in-procurement,PC lifecycle energy and CO2 in procurement,technology,PC lifecycle energy and CO2 in procurement,,
pc-recycling,PC recycling,technology,PC recycling,,
pc-total-cost-of-ownership,PC total cost of ownership,technology,PC total cost of ownership,,
pc-vendor-market-exits,PC vendor market exits,technology,PC vendor market exits,,
pedestrian-concerns,Pedestrian Concerns,technology,Pedestrian Concerns,,
pedestrian-safety,Pedestrian Safety,technology,Pedestrian Safety,,
peer-to-peer-computing,Peer-to-peer computing,technology,Peer-to-peer computing,,
peer-to-peer-file-sharing,peer-to-peer file sharing,other,peer-to-peer file sharing,,
peer-to-peer-online-classes-for-older-adults,Peer-to-peer online classes for older adults,other,Peer-to-peer online classes for older adults,,
peering-into-video-s-future,Peering into Video's Future,technology,Peering into Video's Future,,
pen-centric-tablet-pcs,Pen-Centric Tablet PCs,technology,Pen-Centric Tablet PCs,tablets,
people-believe-a-computer-will-pass-the-turing-test,People believe a computer will pass the Turing test,technology,People believe a computer will pass the Turing test,,
people-literate-technology,People-Literate Technology,technology,People-Literate Technology,,
perfect-online-privacy,Perfect Online Privacy,technology,Perfect Online Privacy,,
performances-embrace-technology,Performances Embrace Technology,technology,Performances Embrace Technology,,
performing-arts-embrace-technology,Performing Arts Embrace Technology,technology,Performing Arts Embrace Technology,,
perovskite-cells,Perovskite Cells,technology,Perovskite Cells,,
persistent-audio-surveillance,Persistent Audio Surveillance,technology,Persistent Audio Surveillance,,
persistent-recognition,Persistent Recognition,technology,Persistent Recognition,,
persistent-tracking-and-scoring,Persistent Tracking and Scoring,technology,Persistent Tracking and Scoring,,
persistent-workplace-and-school-surveillance,Persistent Workplace and School Surveillance,technology,Persistent Workplace and School Surveillance,,
personal-ai-memory-ai-brain,"Personal AI memory (""AI brain"")",technology,"Personal AI memory (""AI brain"")",,
personal-analytics,Personal Analytics,technology,Personal Analytics,,
personal-cloud-services,Personal Cloud Services,technology,Personal Cloud Services,,
personal-computers,Personal computers,technology,Personal computers,,
personal-computers-as-knowledge-finders,Personal computers as knowledge finders,technology,Personal computers as knowledge finders,,
personal-computers-as-telephones,Personal computers as telephones,technology,Personal computers as telephones,,
personal-computers-on-wheels,Personal Computers on Wheels,technology,Personal Computers on Wheels,,
personal-data-auctions-on-kickstarter,Personal data auctions on Kickstarter,technology,Personal data auctions on Kickstarter,,
personal-data-bartering,Personal data bartering,technology,Personal data bartering,,
personal-device-ecosystem,Personal Device Ecosystem,technology,Personal Device Ecosystem,,
personal-digital-assistant-phones,Personal digital assistant phones,technology,PDA phones;Personal digital assistant phones,,
personal-digital-assistants,Personal Digital Assistants,technology,PDAs;Personal Digital Assistants,virtual-assistants,
personal-digital-twins,Personal Digital Twins,technology,Personal Digital Twins,,
personal-distributed-computing-earning-models,Personal Distributed Computing Earning Models,technology,Personal Distributed Computing Earning Models,,
personal-electronic-keys,Personal Electronic Keys,technology,Personal Electronic Keys,,
personal-fabricators,Personal fabricators,technology,Personal fabricators,3d-printing,
personal-flying-vehicles-with-microflaps,Personal flying vehicles with microflaps,technology,Personal flying vehicles with microflaps,,
personal-fuel-cells,Personal Fuel Cells,technology,Fuel cells for portable devices;Personal Fuel Cells;Personal fuel cells,fuel-cells,
personal-genomics,Personal Genomics,technology,Personal Genomics,rapid-personal-gene-sequencing,
personal-home-drone-surveillance,Personal Home Drone Surveillance,technology,Personal Home Drone Surveillance,,
personal-large-action-models,Personal Large Action Models,technology,Personal Large Action Models,,
personal-mobility,Personal Mobility,technology,Personal Mobility,,
personal-robots-and-butlers,Personal Robots and Butlers,technology,Personal Robots and Butlers,,
personal-robots-and-robot-butlers,Personal Robots and Robot Butlers,technology,Personal Robots and Robot Butlers,,
personal-x-as-a-service-earning-models,Personal “X-As-A-Service” Earning Models,technology,Personal “X-As-A-Service” Earning Models,,
personality-analytics,Personality Analytics,technology,Personality Analytics,,
personality-recognition,Personality Recognition,technology,Personality Recognition,,
personalized-ai-for-knowledge-work,Personalized AI for knowledge work,technology,Personalized AI for knowledge work,,
personalized-content,Personalized Content,technology,Personalized Content,,
personalized-curation,Personalized curation,other,Personalized curation,,
personalized-customer-experience-and-marketing-technology,Personalized customer experience and marketing technology,technology,Personalized customer experience and marketing technology,,
personalized-digital-experiences,Personalized digital experiences,technology,Personalized digital experiences,,
personalized-medical-monitors,Personalized Medical Monitors,technology,Personalized Medical Monitors,,
personalized-medicine,Personalized medicine,technology,Personalized medicine,hyper-personalized-medicine;precision-therapies,
personalized-participatory-digital-experiences,"Personalized, participatory digital experiences",technology,"Personalized, participatory digital experiences",,
personalized-phygital-customer-experience,Personalized phygital customer experience,technology,Personalized phygital customer experience,,
personalized-sensory-and-emotional-data-experiences,Personalized sensory and emotional-data experiences,other,Personalized sensory and emotional-data experiences,,
personalized-video,Personalized Video,technology,Personalized Video,,
personification,Personification,technology,Personification,,
personified-ai-and-brand-specific-ai-agents,Personified AI and brand-specific AI agents,technology,Personified AI and brand-specific AI agents,,
pervasive-it-governance,Pervasive IT governance,technology,Pervasive IT governance,,
pervasive-video-capture,Pervasive video capture,technology,Pervasive video;Pervasive video capture,,
pervasive-wireless,Pervasive Wireless,technology,Pervasive Wireless,,
petrostates,Petrostates,risk,Petrostates,,
pets-wearables,Pets/ Wearables,technology,Pets/ Wearables,,
phablets,Phablets,technology,Phablets,,
phages,Phages,technology,Phages,,
pharmaceutical-companies-invest-in-ai,Pharmaceutical Companies Invest in AI,technology,Pharmaceutical Companies Invest in AI,,
photonic-cellular-automata,Photonic Cellular Automata,technology,Photonic Cellular Automata,,
photonic-chips,Photonic Chips,technology,Photonic Chips,,
photonic-computing-architecture,Photonic Computing Architecture,technology,Photonic Computing Architecture,,
photonic-enhanced-wireless-communication,Photonic-Enhanced Wireless Communication,technology,Photonic-Enhanced Wireless Communication,,
photonics,Photonics,technology,Photonics,microphotonics;silicon-photonics,
photovoltaic-glass,Photovoltaic glass,technology,Photovoltaic glass;Photvoltaic glass,,
photovoltaic-transparent-glass,Photovoltaic transparent glass,technology,Photovoltaic transparent glass,,
physical-ai,Physical AI,technology,Physical AI,,
physical-ai-and-robotics,Physical AI and robotics,technology,Physical AI and robotics,,
physical-health-in-space,Physical Health in Space,technology,Physical Health in Space,,
physical-music-formats,Physical music formats,technology,Physical music formats,,
physical-technology-stack-smart-devices-robots-edge,"Physical technology stack (smart devices, robots, edge)",technology,"Physical technology stack (smart devices, robots, edge)",,
physical-to-digital-focus,Physical to digital focus,technology,Physical to digital focus,,
physical-world-observability,Physical-world observability,technology,Physical-world observability,,
physics-informed-ai,Physics-Informed AI,technology,Physics-Informed AI,,
pico-projectors,Pico-projectors,technology,Pico-projectors,,
piezo-electricity,Piezo-electricity,technology,Piezo-electricity,,
pilot-and-passenger-observation,Pilot and Passenger Observation,technology,Pilot and Passenger Observation,,
pinhead-cameras-everywhere,Pinhead cameras everywhere,technology,Pinhead cameras everywhere,,
pivot-to-philanthropy,Pivot to Philanthropy,technology,Pivot to Philanthropy,,
planetary-defense,Planetary Defense,technology,Planetary Defense,,
planning-and-deconstruction,Planning & Deconstruction,technology,Planning & Deconstruction,,
plant-based-products-across-industries,Plant-based products across industries,other,Plant-based products across industries,,
plantable-biodegradable-products,"Plantable, biodegradable products",other,"Plantable, biodegradable products",,
plants-without-plants,Plants Without Plants,technology,Plants Without Plants,,
plastic,Plastic,technology,Plastic,,
plastic-eating-enzymes,Plastic-Eating Enzymes,technology,Plastic-Eating Enzymes,,
plastic-eating-enzymes-and-bacteria,Plastic-Eating Enzymes and Bacteria,technology,Plastic-Eating Enzymes and Bacteria,,
plastic-rain,Plastic Rain,technology,Plastic Rain,,
plastics-made-from-algae-break-down-naturally,Plastics Made From Algae Break Down Naturally,technology,Plastics Made From Algae Break Down Naturally,,
platform-as-a-service,Platform as a service,technology,Platform as a service,,
platform-business-models-and-the-digital-economy,Platform business models and the digital economy,technology,Platform business models and the digital economy,,
platform-engineering,Platform Engineering,technology,Platform Engineering,,
platform-ownership,Platform Ownership,technology,Platform Ownership,,
platform-switching-and-demographic-shifts-threaten-established-social-networks,Platform Switching and Demographic Shifts Threaten Established Social Networks,technology,Platform Switching and Demographic Shifts Threaten Established Social Networks,,
platformization-and-devops,Platformization and DevOps,technology,Platformization and DevOps,,
platforms-as-gatekeepers,Platforms as Gatekeepers,technology,Platforms as Gatekeepers,,
platforms-connecting-volunteers-with-people-in-need,Platforms connecting volunteers with people in need,other,Platforms connecting volunteers with people in need,,
platforms-forced-to-pick-a-side,Platforms Forced to Pick a Side,technology,Platforms Forced to Pick a Side,,
platforms-vs-publishers,Platforms vs Publishers,technology,Platforms vs Publishers,,
play-and-earn-crypto-games,Play-and-earn crypto games,technology,Play-and-earn crypto games,,
play-to-earn-and-virtual-marketplaces,Play-to-Earn and Virtual Marketplaces,technology,Play-to-Earn and Virtual Marketplaces,,
play-to-earn-gaming,Play-to-Earn Gaming,technology,Play-to-Earn Gaming,,
playful-learning-experiences,Playful learning experiences,other,Playful learning experiences,,
plummeting-biodiversity,Plummeting Biodiversity,technology,Plummeting Biodiversity,,
podcasting,Podcasting,technology,Podcasting,,
point-of-care-diagnostics-capabilities,Point-of-Care Diagnostics Capabilities,technology,Point-of-Care Diagnostics Capabilities,,
policing-the-creator-economy,Policing the Creator Economy,technology,Policing the Creator Economy,,
policy-uncertainty,Policy Uncertainty,technology,Policy Uncertainty,,
polio-eradication,Polio eradication,other,Polio eradication,,
political-identity,political identity,other,political identity,,
political-islam,political Islam,other,political Islam,,
politically-biased-ai,Politically Biased AI,technology,Politically Biased AI,,
politics-vs-economics-of-climate-change,Politics vs. economics of climate change,risk,Politics vs. economics of climate change,,
pollution,Pollution,risk,Pollution,,
pooled-consumer-data-shaping-products,Pooled consumer data shaping products,other,Pooled consumer data shaping products,,
pop-up-newsrooms-and-limited-edition-news-products,Pop-Up Newsrooms and Limited- Edition News Products,technology,Pop-Up Newsrooms and Limited- Edition News Products;Popup Newsrooms and Limited-Edition News Products,,
population-aging,population aging,other,population aging,,
populist-policies-in-the-developed-world,Populist policies in the developed world,risk,Populist policies in the developed world,,
populist-takeover-of-european-politics,Populist takeover of European politics,risk,Populist takeover of European politics,,
portable-academic-histories,Portable academic histories,technology,Portable academic histories,,
portable-computers-lighter-thinner,"Portable computers lighter, thinner",technology,"Portable computers lighter, thinner",,
portable-personality,Portable Personality,technology,Portable Personality,,
portable-security,Portable Security,technology,Portable Security,,
portable-sequencers-enable-real-time-genomics,Portable Sequencers Enable Real-Time Genomics,technology,Portable Sequencers Enable Real-Time Genomics,,
portable-speech-to-text-for-the-hearing-impaired,Portable speech-to-text for the hearing impaired,technology,Portable speech-to-text for the hearing impaired,,
post-brexit,Post-Brexit,risk,Post-Brexit,,
post-covid-build-back-better-business,Post-COVID build-back-better business,other,Post-COVID build-back-better business,,
post-pandemic-recovery,post-pandemic recovery,other,post-pandemic recovery,,
posthumous-ai,Posthumous AI,technology,Posthumous AI,,
posthumous-sperm-retrieval,Posthumous Sperm Retrieval,technology,Posthumous Sperm Retrieval,,
postponed-2020-events-held-in-2021,Postponed 2020 events held in 2021,other,Postponed 2020 events held in 2021,,
postquantum-cryptography,Postquantum Cryptography,technology,Post-Quantum Cryptography;Post-quantum cryptography;Postquantum Cryptography,,
power-generation-investment,Power generation investment,quantity,Power generation investment,,
power-grid-control,Power Grid Control,technology,Power Grid Control,,
practical-fusion-reactors,Practical fusion reactors,technology,Practical fusion reactors,next-gen-nuclear,
pre-experiencing-through-virtual-tourism,Pre-Experiencing Through Virtual Tourism,technology,Pre-Experiencing Through Virtual Tourism,,
pre-trained-ai-chips,Pre-Trained AI Chips,technology,Pre-Trained AI Chips,,
precise-gene-editing-in-plants,Precise Gene Editing in Plants,technology,Precise Gene Editing in Plants,gene-editing,
precision-agriculture,Precision agriculture,technology,Precision Agriculture;Precision agriculture,,
precision-drug-delivery,Precision drug delivery,technology,Precision drug delivery,,
precision-fermentation,Precision Fermentation,technology,Precision Fermentation,,
precision-medicine,Precision Medicine,technology,Precision Medicine,,
precision-medicine-begins-to-scale,Precision Medicine Begins to Scale,technology,Precision Medicine Begins to Scale,,
precision-pollination,Precision Pollination,technology,Precision Pollination,,
precision-therapies,Precision Therapies,technology,Precision Therapies;Precision therapies,personalized-medicine,
precision-therapies-market-value,Precision therapies market value,quantity,Precision therapies market value,,
predictability-of-technology-innovation,predictability of technology innovation,other,predictability of technology innovation,,
predicting-financial-risk,Predicting Financial Risk,technology,Predicting Financial Risk,,
predicting-preemies,Predicting preemies,technology,Predicting preemies,,
predicting-sea-level-rise,Predicting Sea Level Rise,technology,Predicting Sea Level Rise,,
predicting-systems-and-site-failures,Predicting Systems and Site Failures,technology,Predicting Systems and Site Failures,,
predicting-workplace-injuries,Predicting Workplace Injuries,technology,Predicting Workplace Injuries,,
prediction-and-prescience-into-our-human-lives,Prediction and Prescience Into Our Human Lives,technology,Prediction and Prescience Into Our Human Lives;Prediction and Prescience into our Human Lives,,
prediction-markets,Prediction Markets,technology,Prediction Markets;Prediction markets,,
predictive-analytics,Predictive Analytics,technology,Predictive Analytics,,
predictive-crime-prevention,Predictive crime prevention,technology,Predictive crime prevention,,
predictive-genetic-models,Predictive Genetic Models,technology,Predictive Genetic Models,,
predictive-group-sentiment-analysis,Predictive group sentiment analysis,technology,Predictive group sentiment analysis,,
predictive-machine-vision,Predictive Machine Vision,technology,Predictive Machine Vision,,
predictive-models-using-incomplete-data,Predictive Models Using Incomplete Data,technology,Predictive Models Using Incomplete Data,,
predictive-models-using-single-images,Predictive Models Using Single Images,technology,Predictive Models Using Single Images,,
premature-obsolescence-of-it-assets,Premature obsolescence of IT assets,technology,Premature obsolescence of IT assets,,
premium-versions-of-everyday-products,Premium versions of everyday products,other,Premium versions of everyday products,,
prenatal-dna-sequencing,Prenatal DNA Sequencing,technology,Prenatal DNA Sequencing,,
prenatal-gene-manipulation,Prenatal gene manipulation,technology,Prenatal gene manipulation,,
preparing-for-life-on-mars,Preparing for Life on Mars,technology,Preparing for Life on Mars,,
prescribed-and-certified-health-apps,Prescribed and certified health apps,other,Prescribed and certified health apps,,
prescription-digital-therapeutics,Prescription Digital Therapeutics,technology,Prescription Digital Therapeutics,,
prescription-strength-gaming,Prescription-Strength Gaming,technology,Prescription-Strength Gaming,,
prescriptive-analytics,Prescriptive Analytics,technology,Prescriptive Analytics,,
preventing-digital-self-incrimination,Preventing Digital Self-Incrimination,technology,Preventing Digital Self-Incrimination,,
preventive-health-and-wellness,Preventive health and wellness,other,Preventive health and wellness,,
price-instability,Price instability,risk,Price instability,,
pricing-bifurcation,Pricing Bifurcation,technology,Pricing Bifurcation,,
pricing-the-curb,Pricing the Curb,technology,Pricing the Curb,,
primary-energy,primary energy,quantity,primary energy,,
primary-energy-biofuels,primary energy: biofuels,quantity,primary energy: biofuels,,
primary-energy-biomass,primary energy: biomass,quantity,primary energy: biomass,,
primary-energy-biomass-gasified,primary energy: biomass gasified,quantity,primary energy: biomass gasified,,
primary-energy-biomass-traditional,primary energy: biomass traditional,quantity,primary energy: biomass traditional,,
primary-energy-biomass-waste-solids,primary energy: biomass/waste solids,quantity,primary energy: biomass/waste solids,,
primary-energy-geothermal,primary energy: geothermal,quantity,primary energy: geothermal,,
primary-energy-hydro-electricity,primary energy: hydro-electricity,quantity,primary energy: hydro-electricity,,
primary-energy-other-renewables,primary energy: other renewables,quantity,primary energy: other renewables,,
prime-editing,Prime Editing,technology,Prime Editing,,
prime-editing-improves-accuracy,Prime Editing Improves Accuracy,technology,Prime Editing Improves Accuracy,,
print-and-online-publishing,Print and online publishing,technology,Print and online publishing,,
print-books,Print books,technology,Print books,,
print-on-demand,Print on demand,technology,Print on demand,,
print-publishing,Print publishing,technology,Print publishing,,
printed-electronics,Printed electronics,technology,Printed electronics,,
printed-skin-gets-green-light-for-burn-care,Printed Skin Gets Green Light For Burn Care,technology,Printed Skin Gets Green Light For Burn Care,,
printing-custom-bone-implants,Printing Custom Bone Implants,technology,Printing Custom Bone Implants,,
prioritizing-accountability-and-trust,Prioritizing Accountability and Trust,technology,Prioritizing Accountability and Trust,,
prioritizing-trust,Prioritizing Trust,technology,Prioritizing Trust,,
privacy,Privacy,technology,Privacy,,
privacy-and-unionizing-at-big-tech,Privacy and Unionizing at Big Tech,technology,Privacy and Unionizing at Big Tech,,
privacy-concerns-for-digital-medical-records,Privacy concerns for digital medical records,technology,Privacy concerns for digital medical records,,
privacy-first-messaging-protocols,Privacy-First Messaging Protocols,technology,Privacy-First Messaging Protocols,,
privacy-is-a-critical-issue,Privacy is a critical issue,technology,Privacy is a critical issue,,
privacy-laws,Privacy laws,technology,Privacy laws,,
privacy-of-personal-ai-agents,Privacy of personal AI agents,technology,Privacy of personal AI agents,,
privacy-preserving-ai,Privacy-preserving AI,technology,Privacy-preserving AI,,
privacy-preserving-blockchains,Privacy-preserving blockchains,technology,Privacy-preserving blockchains,,
privacy-regulation,Privacy Regulation,technology,Privacy Regulation,,
privacy-respecting-service-with-minimal-data-collection,Privacy-respecting service with minimal data collection,other,Privacy-respecting service with minimal data collection,,
privacy-risks-in-behavior-biometrics,Privacy Risks in Behavior Biometrics,technology,Privacy Risks in Behavior Biometrics,,
privacy-risks-in-behavioral-biometrics,Privacy Risks in Behavioral Biometrics,technology,Privacy Risks in Behavioral Biometrics,,
private-5g,Private 5G,technology,Private 5G;Private 5G Networks;Private 5G networks,,
private-cloud-computing,Private Cloud Computing,technology,Private Cloud Computing,,
private-led-fusion-projects,Private Led Fusion Projects,technology,Private Led Fusion Projects,,
private-missions,Private Missions,technology,Private Missions,,
private-networks,Private Networks,technology,Private Networks,,
private-space-stations,Private Space Stations,technology,Private Space Stations,,
private-wireless-network-market,Private wireless network market,technology,Private wireless network market,,
privately-led-fusion-projects,Privately led Fusion Projects,technology,Privately led Fusion Projects,,
privatized-presence-in-leo,Privatized Presence in LEO,technology,Privatized Presence in LEO,,
prize-hacks,Prize Hacks,technology,Prize Hacks,,
proactive-brand-transparency,Proactive brand transparency,other,Proactive brand transparency,,
proactive-prompt-free-ai-applications,Proactive (prompt-free) AI applications,technology,Proactive (prompt-free) AI applications,,
proactive-software-agents,Proactive software agents,technology,Proactive software agents,,
probabilistic-chips,Probabilistic Chips,technology,Probabilistic Chips,,
probabilistic-programming-languages,Probabilistic Programming Languages,technology,Probabilistic Programming Languages,,
problematic-data-sets,Problematic Data Sets,technology,Problematic Data Sets,,
problematic-training-data,Problematic Training Data,technology,Problematic Training Data,,
procedural-storytelling,Procedural storytelling,technology,Procedural storytelling,,
process-automation-and-virtualization,Process automation and virtualization,technology,Process automation and virtualization,,
processing-in-memory-technology,Processing-in-Memory Technology,technology,Processing-in-Memory Technology,,
product-features-for-niche-lifestyles,Product features for niche lifestyles,other,Product features for niche lifestyles,,
product-model-with-design-thinking-and-devops,Product model with design thinking and DevOps,technology,Product model with design thinking and DevOps,,
productive-engagement-debate,Productive engagement debate,technology,Productive engagement debate,,
productive-engagement-unclear,Productive engagement unclear,technology,Productive engagement unclear,,
productivity-bots,Productivity Bots,technology,Productivity Bots,,
productizing-internal-capabilities,Productizing internal capabilities,technology,Productizing internal capabilities,,
products-and-services-that-adapt-after-purchase,Products and services that adapt after purchase,other,Products and services that adapt after purchase,,
products-and-services-that-adapt-to-the-user,Products and services that adapt to the user,other,Products and services that adapt to the user,,
products-designed-for-emerging-market-consumers,Products designed for emerging-market consumers,other,Products designed for emerging-market consumers,,
professional-service-robots,Professional service robots,technology,Professional service robots,,
profound-political-and-social-instability,Profound political and social instability,risk,Profound political and social instability,,
programmable-data-access-control-secrets-as-a-service,Programmable data access control (secrets-as-a-service),technology,Programmable data access control (secrets-as-a-service),,
programmable-dna-machines,Programmable DNA Machines,technology,Programmable DNA Machines,,
programmable-gene-editing-proteins,Programmable Gene Editing Proteins,technology,Programmable Gene Editing Proteins;Programmable Gene-Editing Proteins,,
programmable-ingestible-and-implantable-microbots,"Programmable, Ingestible, and Implantable Microbots",technology,"Programmable, Ingestible, and Implantable Microbots",,
programmable-internet-native-payments-x402,Programmable internet-native payments (x402),technology,Programmable internet-native payments (x402),,
programmable-matter,Programmable matter,technology,Programmable matter,,
programmable-medicines-gene-therapy-platforms,Programmable medicines (gene therapy platforms),technology,Programmable medicines (gene therapy platforms),,
programmable-money,Programmable Money,technology,Programmable Money,,
programmable-money-for-ai-agents,Programmable money for AI agents,technology,Programmable money for AI agents,,
programmable-physical-environments-5g-ambient-computing-ar-smart-materials,"Programmable physical environments (5G, ambient computing, AR, smart materials)",technology,"Programmable physical environments (5G, ambient computing, AR, smart materials)",,
progress-in-understanding-diseases,Progress in understanding diseases,technology,Progress in understanding diseases,,
project-loon,Project Loon,technology,Project Loon,haps,
projected-audio,Projected audio,technology,Projected audio,,
proliferation-of-darknets,Proliferation of Darknets,technology,Proliferation of Darknets,,
proliferation-of-darknets-aided-by-cryptocurrencies,"Proliferation of Darknets, Aided By Cryptocurrencies",technology,"Proliferation of Darknets, Aided By Cryptocurrencies",,
proliferation-of-franken-algorithms,Proliferation of Franken-algorithms,technology,Proliferation of Franken-Algorithms;Proliferation of Franken-algorithms,,
proliferation-of-the-dark-web,Proliferation of the Dark Web,technology,Proliferation of the Dark Web,,
prolonged-stagnation,Prolonged stagnation,risk,Prolonged stagnation,,
promoting-anonymity,Promoting Anonymity,technology,Promoting Anonymity,,
prompt-engineering,Prompt Engineering,technology,Prompt Engineering,,
prompt-learning-engineering,Prompt Learning/Engineering,technology,Prompt Learning/Engineering,,
proof-of-everything,Proof of Everything,technology,Proof of Everything,,
proof-of-personhood,Proof of personhood,technology,Proof of personhood,,
proof-of-stake,Proof of stake,technology,Proof of stake,,
proof-of-stake-proves-its-worth,Proof of Stake Proves Its Worth,technology,Proof of Stake Proves Its Worth,,
proof-of-stake-solidifying-as-key-consensus-mechanism,Proof of Stake Solidifying as Key Consensus Mechanism,technology,Proof of Stake Solidifying as Key Consensus Mechanism,,
property-market-crash,Property-market crash,other,Property-market crash,,
proprietary-homegrown-ai-languages,"Proprietary, Homegrown AI Languages",technology,"Proprietary, Homegrown A.I. Languages;Proprietary, Homegrown AI Languages",,
protecting-creativity,Protecting Creativity,technology,Protecting Creativity,,
protecting-little-gamers,Protecting Little Gamers,technology,Protecting Little Gamers,,
protection-of-sensitive-data,Protection of sensitive data,technology,Protection of sensitive data,,
protectionism,Protectionism,risk,Protectionism,,
protectionism-2-0,Protectionism 2.0,risk,Protectionism 2.0,,
protein-dna-logic,Protein-DNA Logic,technology,Protein-DNA Logic,,
protein-folding,Protein Folding,technology,Protein Folding,,
provenance-and-authentication,Provenance and Authentication,technology,Provenance and Authentication,,
provider-data-portfolios,Provider data portfolios,technology,Provider data portfolios,,
proximity-recognition,Proximity Recognition,technology,Proximity Recognition,,
psychedelics,Psychedelics,technology,Psychedelics,,
public-broadcaster-and-streamer-partnerships,Public broadcaster and streamer partnerships,technology,Public broadcaster and streamer partnerships,,
public-entities-buying-and-selling-personal-data,Public Entities Buying and Selling Personal Data,technology,Public Entities Buying and Selling Personal Data,,
public-entities-selling-private-data,Public Entities Selling Private Data,technology,Public Entities Selling Private Data,,
public-key-infrastructure,Public key infrastructure,technology,Public key infrastructure,,
public-private-partnerships,Public-Private Partnerships,technology,Public-Private Partnerships,,
public-safety-technology,Public safety technology,technology,Public safety technology,,
public-wi-fi-data,Public Wi-Fi data,technology,Public Wi-Fi data,,
purpose-built-models,Purpose-Built Models,technology,Purpose-Built Models,,
push,Push,technology,Netcasting/ Push Technology;Push,,
pv-at-grid-parity,PV at grid parity,technology,PV at grid parity,,
qaddafi-remains-in-power,Qaddafi remains in power,other,Qaddafi remains in power,,
qr-color-code,QR/Color Code,technology,QR/Color Code,,
quadrupedal-robots,Quadrupedal Robots,technology,Quadrupedal Robots,,
quantified-self,Quantified Self,technology,Quantified Self,,
quantifying-emotion,Quantifying Emotion,technology,Quantifying Emotion,,
quantum-accelerated-supercomputing,Quantum-accelerated supercomputing,technology,Quantum-accelerated supercomputing,quantum-computing,
quantum-advantage,Quantum Advantage,technology,Quantum Advantage,,
quantum-and-edge,Quantum and Edge,technology,Quantum and Edge,,
quantum-as-a-service,Quantum-as-a-Service,technology,Quantum-As-A-Service;Quantum-as-a-Service,,
quantum-biologically-inspired-and-high-performance-computing,"Quantum, biologically inspired and high performance computing",technology,"Quantum, biologically inspired and high performance computing",,
quantum-biology,Quantum Biology,technology,Quantum Biology,,
quantum-biology-breakthroughs,Quantum Biology Breakthroughs,technology,Quantum Biology Breakthroughs,,
quantum-boosts-for-classical-computers,Quantum Boosts for Classical Computers,technology,Quantum Boosts for Classical Computers,,
quantum-computers,Quantum Computers,technology,Quantum Computers,,
quantum-computing,Quantum Computing,technology,Practical Quantum Computers;Quantum Computing;Quantum computing,quantum-accelerated-supercomputing;quantum-cryptography;quantum-ml;quantum-supremacy,
quantum-computing-and-asics,Quantum computing and ASICs,technology,Quantum computing and ASICs,,
quantum-computing-quantum-optimization,Quantum computing (quantum optimization),technology,Quantum computing (quantum optimization),,
quantum-computing-services-market,Quantum computing services market,technology,Quantum computing services market,,
quantum-computing-value,Quantum computing value,technology,Quantum computing value,,
quantum-cooling,Quantum Cooling,technology,Quantum Cooling,,
quantum-cryptography,Quantum Cryptography,technology,Quantum Cryptography,quantum-computing,
quantum-diffraction-optical-imaging,Quantum diffraction optical imaging,technology,Quantum diffraction optical imaging,,
quantum-encryption,Quantum Encryption,technology,Quantum Encryption,,
quantum-encryption-quantum-safe-cryptography,Quantum encryption (quantum-safe cryptography),technology,Quantum encryption (quantum-safe cryptography),,
quantum-error-correction,Quantum Error Correction,technology,Quantum Error Correction,,
quantum-error-detection-and-correction,Quantum Error Detection and Correction,technology,Quantum Error Detection and Correction,,
quantum-error-mitigation,Quantum Error Mitigation,technology,Quantum Error Mitigation,,
quantum-for-the-masses,Quantum for the Masses,technology,Quantum for the Masses,,
quantum-improves-research,Quantum Improves Research,technology,Quantum Improves Research,,
quantum-internet,Quantum Internet,technology,Quantum Internet,,
quantum-machine-learning,Quantum Machine Learning,technology,Quantum Machine Learning,,
quantum-memory-at-room-temperature,Quantum Memory At Room Temperature,technology,Quantum Memory At Room Temperature,,
quantum-microprocessor-chips,Quantum Microprocessor Chips,technology,Quantum Microprocessor Chips,,
quantum-ml,Quantum ML,technology,Quantum ML,quantum-computing,
quantum-modeling,Quantum Modeling,technology,Quantum Modeling,,
quantum-monte-carlo,Quantum Monte Carlo,technology,Quantum Monte Carlo,,
quantum-noise-reduction,Quantum Noise Reduction,technology,Quantum Noise Reduction,,
quantum-optical-chip,Quantum-Optical Chip,technology,Quantum-Optical Chip,,
quantum-quality-over-quantity,Quantum Quality Over Quantity,technology,Quantum Quality Over Quantity,,
quantum-resistant-cryptography,Quantum Resistant Cryptography,technology,Quantum Resistant Cryptography;Quantum-Resistant Cryptography,,
quantum-s-effect-on-research,Quantum’s Effect on Research,technology,Quantum’s Effect on Research,,
quantum-sensing,Quantum Sensing,technology,Quantum Sensing,,
quantum-software,Quantum Software,technology,Quantum Software,,
quantum-supremacy,Quantum supremacy,technology,Quantum Supremacy;Quantum supremacy,quantum-computing,
quantum-technologies,Quantum technologies,technology,Quantum technologies,,
quantum-technologies-computing-sensing-communications,"Quantum technologies (computing, sensing, communications)",technology,"Quantum technologies (computing, sensing, communications)",,
quantum-teleportation,Quantum Teleportation,technology,Quantum Teleportation,,
quantum-wires,Quantum Wires,technology,Quantum Wires,,
queen-elizabeth-ii-platinum-jubilee,Queen Elizabeth II platinum jubilee,other,Queen Elizabeth II platinum jubilee,,
question-answering-computing-systems,Question answering computing systems,technology,Question answering computing systems,,
r-and-d-collaboration,R&D collaboration,technology,R&D collaboration,,
racetrack-memory,Racetrack Memory,technology,Racetrack Memory,,
radiation-hardened-chips,Radiation-hardened chips,technology,Radiation-hardened chips,,
radicalism-in-the-developed-world,Radicalism in the developed world,risk,Radicalism in the developed world,,
radio,Radio,technology,Radio,,
ranking-the-world-s-smartest-cities,Ranking the World’s Smartest Cities,technology,Ranking the World’s Smartest Cities,,
ransomware-as-a-service,Ransomware as a Service,technology,Ransomware as a Service;Ransomware-as-a-Service,,
rapid-gene-sequencing,Rapid gene sequencing,technology,Rapid gene sequencing,,
rapid-growth-of-hiv-tb-infections-outside-sub-saharan-africa,"Rapid growth of HIV, TB infections outside sub-Saharan Africa",risk,"Rapid growth of HIV, TB infections outside sub-Saharan Africa",,
rapid-iteration-selective-breeding,Rapid iteration selective breeding,technology,Rapid iteration selective breeding,,
rapid-personal-gene-sequencing,Rapid personal gene sequencing,technology,PGS;Rapid personal gene sequencing,100-genome;dna-sequencing;genome-sequencing-cost;personal-genomics,
rapid-whole-genome-sequencing-in-critical-care,Rapid Whole-Genome Sequencing in Critical Care,technology,Rapid Whole-Genome Sequencing in Critical Care,,
rare-earth-avoidance,Rare Earth Avoidance,technology,Rare Earth Avoidance,,
raul-castro-retires-as-cuban-president,Raúl Castro retires as Cuban president,other,Raúl Castro retires as Cuban president,,
re-investing-in-basic-research,(Re)Investing in Basic Research,technology,(Re)Investing in Basic Research,,
re-platforming,Re-platforming,technology,Re-platforming,,
reactive-furniture,Reactive furniture,technology,Reactive furniture,,
reactive-materials,Reactive materials,technology,Reactive materials,,
reading-gender-gap,Reading gender gap,technology,Reading gender gap,,
reading-navigation-assistants-voice-interface,Reading-navigation assistants voice interface,technology,Reading-navigation assistants voice interface,,
reading-navigation-glasses-for-the-blind,Reading-navigation glasses for the blind,technology,Reading-navigation glasses for the blind,,
reading-navigation-systems-read-real-world-text,Reading-navigation systems read real-world text,technology,Reading-navigation systems read real-world text,,
reading-navigation-systems-used-by-sighted,Reading-navigation systems used by sighted,technology,Reading-navigation systems used by sighted,,
reading-on-displays-and-direct-eye-displays,Reading on displays and direct-eye displays,technology,Reading on displays and direct-eye displays,,
reading-software-systems-readily-accepted,Reading software systems readily accepted,technology,Reading software systems readily accepted,,
reading-systems-visually-display-documents,Reading systems visually display documents,technology,Reading systems visually display documents,,
real-estate-and-home-building-powered-by-platforms,Real Estate and Home Building Powered by Platforms,technology,Real Estate and Home Building Powered by Platforms,,
real-estate-in-the-metaverse,Real Estate in the Metaverse,technology,Real Estate in the Metaverse,,
real-time-consumer-reviews,Real-time consumer reviews,other,Real-time consumer reviews,,
real-time-context-in-machine-learning,Real-Time Context in Machine Learning,technology,Real-Time Context in Machine Learning,,
real-time-data-analytics,Real-time data analytics,technology,Real-time data analytics,,
real-time-data-collection-for-decision-making-and-planning,Real-Time Data Collection for Decision-Making and Planning,technology,Real-Time Data Collection for Decision-Making and Planning,,
real-time-data-for-enhanced-decisions,Real-Time Data for Enhanced Decisions,technology,Real-Time Data for Enhanced Decisions,,
real-time-fact-checking,Real-Time Fact Checking,technology,Real-Time Fact Checking,,
real-time-generative-ai,Real-time generative AI,technology,Real-time generative AI,,
real-time-incident-center-aas,Real-Time Incident Center-aaS,technology,Real-Time Incident Center-aaS,,
real-time-it-as-a-service,Real-time IT as a service,technology,Real-time IT as a service,,
real-time-it-resource-allocation,Real-time IT resource allocation,technology,Real-time IT resource allocation,,
real-time-language-translation,Real-time language translation,technology,Real-time language translation,,
real-time-machine-learning,Real-Time Machine Learning,technology,Real-Time Machine Learning;Real-time Machine Learning,,
real-time-machine-learning-rtml,Real-time Machine Learning (RTML),technology,Real-time Machine Learning (RTML),,
real-time-mapping,Real-Time Mapping,technology,Real-Time Mapping,,
real-time-optimization,Real-Time Optimization,technology,Real-Time Optimization,,
real-time-search,Real-Time Search,technology,Real-Time Search,,
real-time-translation,Real-time translation,technology,Real-time translation,,
real-world-asset-rwa-tokenization,Real-World Asset (RWA) Tokenization,technology,Real-World Asset (RWA) Tokenization,,
reality-mining,Reality Mining,technology,Reality Mining,,
really-simple-syndication,Really Simple Syndication,technology,Really Simple Syndication,,
realtime-deepfake-detectors,Realtime Deepfake Detectors,technology,Realtime Deepfake Detectors,,
rebuilding-the-cold-chain,Rebuilding the Cold Chain,technology,Rebuilding the Cold Chain,,
recession-in-major-economies,Recession in major economies,other,Recession in major economies,,
recessions-in-america-eu-and-britain,"Recessions in America, EU and Britain",other,"Recessions in America, EU and Britain",,
recognition,Recognition,technology,Recognition,,
recognition-for-animation-and-video,Recognition for Animation and Video,technology,Recognition for Animation and Video,,
record-breaking-fusion-experiments,Record-Breaking Fusion Experiments,technology,Record-Breaking Fusion Experiments,,
recording-and-analysis-of-workplace-conversations,Recording and analysis of workplace conversations,technology,Recording and analysis of workplace conversations,,
recreational-cannabis-legal-in-canada-and-california,Recreational cannabis legal in Canada and California,other,Recreational cannabis legal in Canada and California,,
recycling-hazardous-waste,Recycling Hazardous Waste,technology,Recycling Hazardous Waste,,
recycling-material-waste,Recycling Material Waste,technology,Recycling Material Waste,,
recycling-product-waste,Recycling Product Waste,technology,Recycling Product Waste,,
rededication-of-contaminated-land,Rededication of Contaminated Land,technology,Rededication of Contaminated Land,,
redefining-personal-mobility,Redefining Personal Mobility,technology,Redefining Personal Mobility,,
redefining-the-roadside,Redefining the Roadside,technology,Redefining the Roadside,,
reduced-consumption,Reduced consumption,other,Reduced consumption,,
reducing-carbon-emissions,Reducing Carbon Emissions,technology,Reducing Carbon Emissions,,
reducing-corporate-reliance-on-plastics,Reducing Corporate Reliance on Plastics,technology,Reducing Corporate Reliance on Plastics,,
reducing-digital-carbon-emissions,Reducing Digital Carbon Emissions,technology,Reducing Digital Carbon Emissions,,
reducing-fossil-fuel-impact,Reducing Fossil Fuel Impact,technology,Reducing Fossil Fuel Impact,,
reducing-friction-in-cross-border-transactions,Reducing Friction in Cross-Border Transactions,technology,Reducing Friction in Cross-Border Transactions,,
reducing-inference-for-6g,Reducing Inference for 6G,technology,Reducing Inference for 6G,,
reducing-the-carbon-footprint-of-fossil-fuels,Reducing the Carbon Footprint of Fossil Fuels,technology,Reducing the Carbon Footprint of Fossil Fuels,,
reducing-the-carbon-footprint-of-natural-gas,Reducing the Carbon Footprint of Natural Gas,technology,Reducing the Carbon Footprint of Natural Gas,,
reducing-the-cost-of-hydrogen-production,Reducing the Cost of Hydrogen Production,technology,Reducing the Cost of Hydrogen Production,,
reflecting-sunlight,Reflecting Sunlight,technology,Reflecting Sunlight,,
regenerative-agriculture,Regenerative Agriculture,technology,Regenerative Agriculture,,
regenerative-agriculture-products,Regenerative agriculture products,other,Regenerative agriculture products,,
regenerative-design,Regenerative Design,technology,Regenerative Design,,
regenerative-farming-goes-mainstream,Regenerative Farming Goes Mainstream,technology,Regenerative Farming Goes Mainstream,,
regenerative-food-and-drink,Regenerative food and drink,other,Regenerative food and drink,,
regenerative-medicine,Regenerative medicine,technology,Regenerative medicine,,
regulating-ai,Regulating AI,technology,Regulating AI,,
regulating-autonomous-vehicle-testing,Regulating Autonomous Vehicle Testing,technology,Regulating Autonomous Vehicle Testing,,
regulating-data-ownership,Regulating Data Ownership,technology,Regulating Data Ownership,,
regulating-deepfakes,Regulating Deepfakes,technology,Regulating Deepfakes,,
regulating-dna-recognition-systems,Regulating DNA Recognition Systems,technology,Regulating DNA Recognition Systems,,
regulating-human-gene-editing-intensifies,Regulating Human Gene Editing Intensifies,technology,Regulating Human Gene Editing Intensifies,,
regulating-messy-code,Regulating Messy Code,technology,Regulating Messy Code,,
regulating-open-banking,Regulating Open Banking,technology,Regulating Open Banking,,
regulation-specific-llms-for-compliance,Regulation-specific LLMs for compliance,technology,Regulation-specific LLMs for compliance,,
regulatory-changes-toward-genome-edited-crops,Regulatory Changes Toward Genome-Edited Crops,technology,Regulatory Changes Toward Genome-Edited Crops,,
regulatory-compliance-frameworks-for-web3-technologies,Regulatory Compliance Frameworks for Web3 Technologies,technology,Regulatory Compliance Frameworks for Web3 Technologies,,
regulatory-divergence,Regulatory divergence,technology,Regulatory divergence,,
reinforcement-learning,Reinforcement Learning,technology,Reinforcement Learning,machine-learning,
reinforcement-learning-and-hierarchical-rl,Reinforcement Learning and Hierarchical RL,technology,Reinforcement Learning and Hierarchical RL,,
reinforcement-learning-with-human-feedback-rlhf,Reinforcement Learning With Human Feedback (RLHF),technology,Reinforcement Learning With Human Feedback (RLHF),,
reinventing-the-queue-experience,Reinventing the Queue Experience,technology,Reinventing the Queue Experience,,
relationship-owners-vs-back-office-providers,Relationship Owners vs. Back-Office Providers,technology,Relationship Owners vs. Back-Office Providers,,
relationships-with-automated-personalities,Relationships with automated personalities,technology,Relationships with automated personalities,,
relying-on-adas,Relying on ADAS,technology,Relying on ADAS,,
relying-upon-adas,Relying Upon ADAS,technology,Relying Upon ADAS,,
remote-and-virtualized-work,Remote and virtualized work,technology,Remote and virtualized work,,
remote-everything,Remote everything,technology,Remote everything,,
remote-human-teachers,Remote human teachers,technology,Remote human teachers,,
remote-kill-switches,Remote Kill Switches,technology,Remote Kill Switches,,
remote-learning-is-commonplace,Remote learning is commonplace,technology,Remote learning is commonplace,,
remote-patient-monitoring,Remote Patient Monitoring,technology,Remote Patient Monitoring,,
remote-patient-monitoring-rpm,Remote Patient Monitoring (RPM),technology,Remote Patient Monitoring (RPM),,
remote-presence,Remote presence,technology,Remote presence,telepresence,
remote-presence-for-anything,Remote presence for anything,technology,Remote presence for anything,,
remote-student-gatherings,Remote student gatherings,technology,Remote student gatherings,,
remote-worker-monitoring,Remote Worker Monitoring,technology,Remote Worker Monitoring,,
removing-zombie-cells,Removing Zombie Cells,technology,Removing Zombie Cells,,
renewable-energy,Renewable Energy,technology,Renewable Energy;renewable energy,,
renewable-energy-share,Renewable energy share,technology,Renewable energy share,,
renewable-power-share,Renewable power share,technology,Renewable power share,,
renewed-interest-in-the-turing-test,Renewed interest in the Turing test,technology,Renewed interest in the Turing test,,
rental-of-clean-energy-solar-batteries-amid-power-outages,Rental of clean energy (solar batteries) amid power outages,other,Rental of clean energy (solar batteries) amid power outages,,
renting-digital-material,Renting digital material,technology,Renting digital material,,
replacement-of-legacy-systems-of-record,Replacement of legacy systems of record,technology,Replacement of legacy systems of record,,
reported-aids-cases-worldwide,Reported AIDS cases worldwide,other,Reported AIDS cases worldwide,,
reports-of-computers-passing-turing-test,Reports of computers passing Turing test,technology,Reports of computers passing Turing test,,
repositioning-perceived-value-and-price,Repositioning perceived value and price,other,Repositioning perceived value and price,,
reprogrammable-chips,Reprogrammable chips,technology,Reprogrammable chips,,
repurposed-technology,Repurposed Technology,technology,Repurposed Technology,,
reputation-economy,Reputation economy,technology,Reputation economy,,
resale-and-trade-in-of-past-purchases,Resale and trade-in of past purchases,other,Resale and trade-in of past purchases,,
reshoring-of-supply-chains,Reshoring of supply chains,technology,Reshoring of supply chains,,
resilience-as-competitive-advantage,Resilience as competitive advantage,technology,Resilience as competitive advantage,,
resilient-design,Resilient Design,technology,Resilient Design,,
resolving-bias-in-genome-research,Resolving Bias in Genome Research,technology,Resolving Bias in Genome Research,,
resource-geopolitization,Resource geopolitization,risk,Resource geopolitization,,
resource-hungry-ai,Resource-Hungry AI,technology,Resource-Hungry AI,,
resource-nationalism,Resource nationalism,risk,Resource nationalism,,
resource-positive-buildings,Resource-Positive Buildings,technology,Resource-Positive Buildings,,
resource-scarcity-assistance,Resource Scarcity Assistance,technology,Resource Scarcity Assistance,,
responsible-ai,Responsible AI,technology,Responsible AI,,
responsible-ai-road-maps,Responsible AI road maps,technology,Responsible AI road maps,,
responsive-recognition-technology,Responsive Recognition Technology,technology,Responsive Recognition Technology,,
retail-apis,Retail APIs,technology,Retail APIs,,
rethinking-the-cold-chain,Rethinking the Cold Chain,technology,Rethinking the Cold Chain,,
retinal-and-vision-implants,Retinal and vision implants,technology,Retinal and vision implants,,
retinal-projection-displays,Retinal projection displays,technology,Retinal projection displays,,
retinal-screens,Retinal screens,technology,Retinal screens,,
retrenchment-from-globalization,Retrenchment from globalization,risk,Deglobalization;Retrenchment from globalization,,
retrenchment-from-globalization-developed,Retrenchment from globalization (developed),risk,Deglobalization (developed);Retrenchment from globalization (developed),,
retrenchment-from-globalization-emerging,Retrenchment from globalization (emerging),risk,Deglobalization (emerging);Retrenchment from globalization (emerging),,
retrofitting-old-homes-with-new-tech,Retrofitting Old Homes with New Tech,technology,Retrofitting Old Homes with New Tech,,
retrofitting-old-homes-with-new-technology,Retrofitting Old Homes With New Technology,technology,Retrofitting Old Homes With New Technology,,
reusable-blockchain-infrastructure-components,Reusable blockchain infrastructure components,technology,Reusable blockchain infrastructure components,,
reusable-rockets,Reusable Rockets,technology,Reusable Rockets,,
reuse-resale-and-upcycling-programs,"Reuse, resale and upcycling programs",other,"Reuse, resale and upcycling programs",,
revenge-porn,Revenge Porn,technology,Revenge Porn,,
reverse-autonomous-learning,Reverse Autonomous Learning,technology,Reverse Autonomous Learning,,
reverse-cryonics,Reverse cryonics,technology,Reverse cryonics,,
reverse-engineering-the-human-brain,Reverse-engineering the human brain,technology,Reverse-engineering the human brain,,
reversing-environmental-rules-and-regulations,Reversing Environmental Rules and Regulations,technology,Reversing Environmental Rules and Regulations,,
reversing-paralysis,Reversing Paralysis,technology,Reversing Paralysis,,
reviving-ancient-viruses,Reviving Ancient Viruses,technology,Reviving Ancient Viruses,,
rewarding-failure-in-business-process-management,Rewarding failure in business process management,technology,Rewarding failure in business process management,,
rewards-for-self-improving-behaviour,Rewards for self-improving behaviour,other,Rewards for self-improving behaviour,,
rewilding,Rewilding,technology,Rewilding,,
rewilding-animals-nature,Rewilding: Animals/Nature,technology,Rewilding: Animals/Nature,,
rewilding-barren-terrains,Rewilding Barren Terrains,technology,Rewilding Barren Terrains,,
rf-power-harvesting,RF power harvesting,technology,RF power harvesting,,
rfid,RFID,technology,RFID,,
rfid-case-pallet,RFID (Case/Pallet),technology,RFID (Case/Pallet),,
rfid-item,RFID (Item),technology,RFID (Item),,
rfid-passive,RFID (passive),technology,Passive Radio Frequency Identification;RFID (passive),,
rich-country-bond-market-crisis,Rich-country bond-market crisis,other,Rich-country bond-market crisis,,
ride-hailing-fees,Ride-hailing fees,quantity,Ride-hailing fees,,
rigged-who-governs-the-us,Rigged!: Who governs the US?,risk,Rigged!: Who governs the US?,,
right-to-eavesdrop-be-eavesdropped-on,Right to Eavesdrop/ Be Eavesdropped On,technology,Right To Eavesdrop/ Be Eavesdropped On;Right to Eavesdrop/ Be Eavesdropped On,,
right-to-repair,Right to Repair,technology,Right to Repair,,
rights-and-regulations,Rights and Regulations,technology,Rights and Regulations,,
rings,Rings,technology,Rings,,
rings-and-bracelets,Rings and Bracelets,technology,Rings and Bracelets,,
risc-v,RISC-V,technology,RISC-V;Risc-V,,
risc-v-ai-chips,RISC-V AI Chips,technology,RISC-V AI Chips,,
rise-of-ai-nationalism,Rise of AI Nationalism,technology,Rise of AI Nationalism,,
rising-cyber-risk,Rising Cyber Risk,technology,Rising Cyber Risk,,
rising-foundational-security-concerns,Rising Foundational Security Concerns,technology,Rising Foundational Security Concerns,,
rising-greenhouse-gas-emissions,Rising greenhouse gas emissions,risk,Greenhouse gas emissions;Rising greenhouse gas emissions,,
rising-regulation-of-web-3-0,Rising Regulation of Web 3.0,technology,Rising Regulation of Web 3.0,,
risk-profile,Risk profile,technology,Risk profile,,
risky-business,Risky business,risk,Risky business,,
risque-mature-consumer-culture,"Risqué, mature consumer culture",other,"Risqué, mature consumer culture",,
risque-non-corporate-brands-in-emerging-markets,"Risqué, non-corporate brands in emerging markets",other,"Risqué, non-corporate brands in emerging markets",,
rnai-therapy,RNAi Therapy,technology,RNAi Therapy,,
road-and-emissions-deaths,Road and emissions deaths,quantity,Road and emissions deaths,,
robo-bosses,Robo-bosses,technology,Robo-bosses,,
robot-abuse,Robot Abuse,technology,Robot Abuse,,
robot-and-drone-swarms,Robot and Drone Swarms,technology,Robot and Drone Swarms,,
robot-companions,Robot Companions,technology,Robot Companions,,
robot-compilers,Robot Compilers,technology,Robot Compilers,,
robot-compiling,Robot Compiling,technology,Robot Compiling,,
robot-compiling-and-training,Robot Compiling and Training,technology,Robot Compiling and Training,,
robot-design,Robot Design,technology,Robot Design,,
robot-dexterity,Robot dexterity,technology,Robot dexterity,,
robot-eyes,Robot “Eyes”,technology,Robot “Eyes”,,
robot-rights,Robot Rights,technology,Robot Rights,,
robot-training-data-and-evaluation,Robot training data and evaluation,technology,Robot training data and evaluation,,
robotaxi-expansion,Robotaxi Expansion,technology,Robotaxi Expansion,,
robotaxi-growth,Robotaxi Growth,technology,Robotaxi Growth,,
robotaxis,Robotaxis,technology,Autonomous Ride-Hail;Autonomous Ride-Hailing;Mobility-as-a-Service;Robotaxis,autonomous-vehicles,
robotic-farm-swarms,Robotic farm swarms,technology,Robotic farm swarms,,
robotic-healthcare-assistants,Robotic healthcare assistants,technology,Robotic healthcare assistants,,
robotic-picking-and-replenishing,Robotic Picking and Replenishing,technology,Robotic Picking and Replenishing,,
robotic-process-automation,Robotic Process Automation,technology,Robotic Process Automation,,
robotic-process-automation-rpa,Robotic Process Automation (RPA),technology,Robotic Process Automation (RPA),,
robotic-surgery,Robotic surgery,technology,Robotic Surgery;Robotic surgery,,
robotic-vision,Robotic “Vision”,technology,Robotic “Vision”,,
robotics,Robotics,technology,Robotics,,
robotics-and-3d-printing,Robotics & 3D Printing,technology,3D Printing & Robotics;Robotics & 3D Printing,3d-printing,
robotics-market-value,Robotics market value,quantity,Robotics market value,,
robotics-outside-controlled-environments,Robotics outside controlled environments,technology,Robotics outside controlled environments,,
robotization-and-automation,Robotization and automation,technology,Robotization and automation,,
robots,Robots,technology,Robots,,
robots-as-a-service-raas,Robots as a Service (RaaS),technology,Robots as a Service (RaaS);Robots-as-a-Service (RaaS),,
robots-as-essential-workers,Robots as Essential Workers,technology,Robots as Essential Workers,,
robots-coexisting-with-creative-applications,Robots Coexisting with Creative Applications,technology,Robots Coexisting with Creative Applications,,
robots-expand-creative-collaboration,Robots Expand Creative Collaboration,technology,Robots Expand Creative Collaboration,,
robots-in-agriculture-forestry-and-cities,"Robots in agriculture, forestry and cities",other,"Robots in agriculture, forestry and cities",,
robots-in-the-home,Robots in the Home,technology,Robots in the Home,,
robots-that-teach-each-other,Robots That Teach Each Other,technology,Robots That Teach Each Other,,
robots-with-cognitive-skills,Robots with Cognitive Skills,technology,Robots with Cognitive Skills,,
rogue-russia,Rogue Russia,risk,Rogue Russia,,
rollable-screens,Rollable Screens,technology,Rollable Screens,,
rotating-memory-fully-replaced,Rotating memory fully replaced,technology,Rotating memory fully replaced,,
routes-to-web3,Routes to Web3,technology,Routes to Web3,,
routine-video-phone-sex,Routine video-phone sex,technology,Routine video-phone sex,,
rss-enterprises,RSS Enterprises,technology,RSS Enterprise;RSS Enterprises,,
rugged-mobile-devices,Rugged mobile devices,technology,Rugged mobile devices,,
rule-of-don,Rule of Don,risk,Rule of Don,,
running-out-of-space,Running Out of Space,technology,Running Out of Space,,
running-out-of-space-for-genome-storage,Running Out Of Space For Genome Storage,technology,Running Out Of Space For Genome Storage,,
russia,Russia,risk,Russia,,
russia-bolsters-cyber-warfare-efforts,Russia Bolsters Cyber Warfare Efforts,technology,Russia Bolsters Cyber Warfare Efforts,,
russia-china-relations,Russia-China relations,risk,Russia-China relations,,
russia-s-domestic-politics,Russia's domestic politics,risk,Russia's domestic politics,,
russia-s-second-front,Russia's second front,risk,Russia's second front,,
russia-still-rogue,Russia still rogue,risk,Russia still rogue,,
russian-foreign-policy,Russian foreign policy,risk,Russian foreign policy,,
russian-presidential-election-2018,Russian presidential election 2018,other,Russian presidential election 2018,,
s2s-teaching-platforms,S2S teaching platforms,technology,S2S teaching platforms,,
safeguarding-and-verifying-leaked-data,Safeguarding and Verifying Leaked Data,technology,Safeguarding and Verifying Leaked Data,,
safeguarding-genetic-privacy,Safeguarding Genetic Privacy,technology,Safeguarding Genetic Privacy,,
safeguarding-personal-and-one-to-few-networks,Safeguarding Personal and One-To- Few Networks,technology,Safeguarding Personal and One-To- Few Networks,,
sand-for-glacier-melt,Sand for Glacier Melt,technology,Sand for Glacier Melt,,
sandcastling-glaciers,Sandcastling Glaciers,technology,Sandcastling Glaciers,,
sanitation-without-sewers,Sanitation without sewers,technology,Sanitation without sewers,,
satellite-bandwidth-cost,Satellite bandwidth cost,quantity,Satellite bandwidth cost,,
satellite-based-internet-services,Satellite-Based Internet Services,technology,Satellite-Based Internet Services,,
satellite-broadband-antenna-cost,Satellite broadband antenna cost,quantity,Satellite broadband antenna cost,,
satellite-connectivity,Satellite connectivity,quantity,Satellite connectivity,leo-satellite-broadband,
satellite-constellations,Satellite constellations,quantity,Satellite constellations,leo-satellite-broadband,
satellite-data,Satellite Data,technology,Satellite Data,,
satellite-internet,Satellite Internet,technology,Satellite Internet,,
satellite-to-smartphone-connectivity,Satellite-To-Smartphone Connectivity,technology,Satellite-To-Smartphone Connectivity,,
satellites,Satellites,technology,Satellites,,
satellites-versus-traditional-providers,Satellites Versus Traditional Providers,technology,Satellites Versus Traditional Providers,,
saturation-of-ott-streaming-services,Saturation of OTT Streaming Services,technology,Saturation of OTT Streaming Services,,
saudi-arabia,Saudi Arabia,risk,Saudi Arabia,,
saudi-arabia-vs-iran,Saudi Arabia vs. Iran,risk,Saudi Arabia vs. Iran,,
scaled-nft-utility,Scaled NFT Utility,technology,Scaled NFT Utility,,
scaling-ai-clusters,Scaling AI Clusters,technology,Scaling AI Clusters,,
scaling-cannabis-infusion-techniques,Scaling Cannabis Infusion Techniques,technology,Scaling Cannabis Infusion Techniques,,
scaling-cryptocurrencies,Scaling Cryptocurrencies,technology,Scaling Cryptocurrencies,,
scaling-of-telemedicine,Scaling of Telemedicine,technology,Scaling of Telemedicine,,
scaling-the-overview-effect,Scaling the Overview Effect,technology,Scaling the Overview Effect,,
scaling-the-qubits,Scaling the Qubits,technology,Scaling the Qubits,,
scattershot-approach-to-u-s-regulations,Scattershot Approach to U.S. Regulations,technology,Scattershot Approach to U.S. Regulations,,
school-surveillance,School Surveillance,technology,School Surveillance,,
schools-rely-on-software-based-instruction,Schools rely on software-based instruction,technology,Schools rely on software-based instruction,,
science-is-back,Science Is Back,technology,Science Is Back,,
science-technology-convergence-next-generation-computing-materials-biology,"Science-technology convergence (next-generation computing, materials, biology)",technology,"Science-technology convergence (next-generation computing, materials, biology)",,
scoring,Scoring,technology,Scoring,,
scoring-agencies-are-on-the-rise,Scoring Agencies are on the Rise,technology,Scoring Agencies are on the Rise,,
scoring-agencies-on-the-rise,Scoring Agencies On the Rise,technology,Scoring Agencies On the Rise;Scoring Agencies on the Rise,,
scoring-companies,Scoring Companies,technology,Scoring Companies,,
scoring-everything,Scoring Everything,technology,Scoring Everything,,
scoring-in-china,Scoring in China,technology,Scoring in China,,
scoring-uighurs,Scoring Uighurs,technology,Scoring Uighurs,,
scoring-uyghurs,Scoring Uyghurs,technology,Scoring Uyghurs,,
scoring-vulnerable-populations,Scoring Vulnerable Populations,technology,Scoring Vulnerable Populations,,
screenless-web-browsing,Screenless web browsing,technology,Screenless web browsing,,
screens,Screens,technology,Screens,,
sea-steading,Sea-steading,technology,Sea-steading;Seasteading,,
search-for-far-off-life,Search for Far-Off Life,technology,Search for Far-Off Life,,
search-for-near-by-life,Search for Near-by Life,technology,Search for Near-by Life,,
search-interfaces-evolve-with-ai-and-voice,Search Interfaces Evolve with AI and Voice,technology,Search Interfaces Evolve with AI and Voice,,
searching-the-iot-and-the-iopt-internet-of-physical-things,Searching The IoT and the IoPT (Internet of Physical Things),technology,Searching The IoT and the IoPT (Internet of Physical Things),,
second-generation-biofuels,Second-generation biofuels,technology,Second-generation biofuels,,
second-screen-tv-viewing,Second-screen TV viewing,technology,Second-screen TV viewing,,
secondary-reuse,Secondary Reuse,technology,Secondary Reuse,,
secret-encryption-with-no-oversight,"Secret encryption, with no oversight",technology,"Secret encryption, with no oversight",,
secure-access-service-edge-sase,Secure Access Service Edge (SASE),technology,Secure Access Service Edge (SASE),,
securing-distributed-infrastructure,Securing Distributed Infrastructure,technology,Securing Distributed Infrastructure,,
securing-ev-charging-infrastructure,Securing EV Charging Infrastructure,technology,Securing EV Charging Infrastructure,,
securing-the-hot,Securing the HoT,technology,Securing the HoT,,
securing-the-hot-home-of-things,Securing the HOT (Home of Things),technology,Securing the HOT (Home of Things),,
security,Security,technology,Security,,
security-analytics,Security analytics,technology,Security analytics,,
security-as-ceo-priority,Security as CEO priority,technology,Security as CEO priority,,
security-risks-in-the-age-of-ai,Security Risks in the Age of AI,technology,Security Risks in the Age of AI,,
security-risks-take-different-shapes,Security Risks Take Different Shapes,technology,Security Risks Take Different Shapes,,
security-strategy-diversification,Security strategy diversification,technology,Security strategy diversification,,
security-threat-from-small-groups-with-ai,Security threat from small groups with AI,technology,Security threat from small groups with AI,,
seeking-a-new-life-in-the-off-world-colonies,Seeking a New Life in the Off-World Colonies,technology,Seeking a New Life in the Off-World Colonies,,
self-assembling-robots,Self-Assembling Robots,technology,Self-Assembling Robots,,
self-assembly-tech,Self-Assembly Tech,technology,Self-Assembly Tech,,
self-assembly-technology,Self-Assembly Technology,technology,Self-Assembly Technology,,
self-aware-vehicles,Self-Aware Vehicles,technology,Self-Aware Vehicles,,
self-defined-luxury,Self-defined luxury,other,Self-defined luxury,,
self-driving-microscopes,Self-Driving Microscopes,technology,Self-Driving Microscopes,,
self-driving-trucks,Self-Driving Trucks,technology,Self-Driving Trucks,autonomous-vehicles,
self-experimentation-and-biohacking-for-wellness,Self-experimentation and biohacking for wellness,other,Self-experimentation and biohacking for wellness,,
self-funding-digital-infrastructure,Self-Funding Digital Infrastructure,technology,Self-Funding Digital Infrastructure,,
self-healing-concrete-uses-bacteria-to-repair-damage,Self-Healing Concrete Uses Bacteria to Repair Damage,technology,Self-Healing Concrete Uses Bacteria to Repair Damage,,
self-healing-materials,Self-healing materials,technology,Self-Healing Materials;Self-healing materials,,
self-healing-system-technology,Self-Healing System Technology,technology,Self-Healing System Technology,,
self-integrating-applications,Self-Integrating Applications,technology,Self-Integrating Applications,,
self-organized-planning,Self-Organized Planning,technology,Self-Organized Planning,,
self-paced-learning,Self-paced learning,technology,Self-paced learning,,
self-repairing-networks,Self-Repairing Networks,technology,Self-Repairing Networks,,
self-repairing-quantum,Self Repairing Quantum,technology,Self Repairing Quantum,,
self-repairing-quantum-systems,Self-Repairing Quantum Systems,technology,Self-Repairing Quantum Systems,,
self-service-digital-tool-mashup,Self-service digital tool mashup,technology,Self-service digital tool mashup,,
self-sovereign-identity,Self-Sovereign Identity,technology,Self-Sovereign Identity,,
self-sovereign-identity-solutions,Self-Sovereign Identity Solutions,technology,Self-Sovereign Identity Solutions,,
self-sovereign-identity-solutions-with-privacy-focus,Self-Sovereign Identity Solutions with Privacy Focus,technology,Self-Sovereign Identity Solutions with Privacy Focus,,
self-steering-satellites,Self-Steering Satellites,technology,Self-Steering Satellites,,
self-supervised-learning,Self-Supervised Learning,technology,Self-Supervised Learning,,
self-tracking-of-personal-health,Self-tracking of personal health,other,Self-tracking of personal health,,
selfie-security,Selfie Security,technology,Selfie Security,,
sell-america,Sell America,risk,Sell America,,
semantic-web,Semantic web,technology,Semantic Web;Semantic web;semantic web,,
semiconductor-shortage,Semiconductor shortage,technology,Semiconductor shortage,,
semiconductor-supply-chain,Semiconductor supply chain,technology,Semiconductor supply chain,,
semiconductor-sustainability,Semiconductor sustainability,technology,Semiconductor sustainability,,
semiconductor-talent-shortage,Semiconductor talent shortage,technology,Semiconductor talent shortage,,
semiconductor-venture-capital,Semiconductor venture capital,technology,Semiconductor venture capital,,
sense-and-avoid-technology,Sense and Avoid Technology,technology,Sense and Avoid Technology,,
senses-in-the-metaverse,Senses in the Metaverse,technology,Senses In The Metaverse;Senses in the Metaverse,,
sensing-city,Sensing City,technology,Sensing City,,
sensitive-content-warnings,Sensitive Content Warnings,technology,Sensitive Content Warnings,,
sensitive-data-in-public-cloud,Sensitive data in public cloud,technology,Sensitive data in public cloud,,
sensor-fusion,Sensor Fusion,technology,Sensor Fusion,,
sensor-internet-traffic,Sensor internet traffic,technology,Sensor internet traffic,,
sensorial-elements,Sensorial Elements,technology,Sensorial Elements,,
sensors,Sensors,technology,Sensors,biometric-sensors;mesh-networks-sensor,
sensory-journalism,Sensory Journalism,technology,Sensory Journalism,,
separating-chromosomes,Separating Chromosomes,technology,Separating Chromosomes,,
sequencing-ancient-genomes,Sequencing Ancient Genomes,technology,Sequencing Ancient Genomes,,
server-processor-architecture,Server processor architecture,quantity,Server processor architecture,,
server-virtualization-software-market,Server virtualization software market,technology,Server virtualization software market,,
serverless-cloud,Serverless Cloud,technology,Serverless Cloud,,
serverless-computing,Serverless Computing,technology,Serverless Computing,,
serverless-computing-and-noops,Serverless computing and NoOps,technology,Serverless computing and NoOps,,
serverless-edge,Serverless Edge,technology,Serverless Edge,,
serverless-gpu,Serverless GPU,technology,Serverless GPU,,
serverless-paas,Serverless PaaS,technology,Serverless PaaS,,
service-bots,Service Bots,technology,Service Bots,,
service-oriented-architecture,Service-Oriented Architecture,technology,SOA;Service Oriented Architecture (SOA);Service-Oriented Architecture;Service-oriented architecture,,
service-oriented-business-applications,Service-Oriented Business Applications,technology,Service-Oriented Business Applications,,
services-helping-households-go-green-and-save-money,Services helping households go green and save money,other,Services helping households go green and save money,,
services-tailored-to-chinese-travellers-and-shoppers,Services tailored to Chinese travellers and shoppers,other,Services tailored to Chinese travellers and shoppers,,
severe-income-disparity,Severe income disparity,risk,Income disparity;Severe income disparity,,
sextech,Sextech,technology,Sextech,,
shape-shifters,Shape-Shifters,technology,Shape-Shifters,,
shared-mobility,Shared mobility,technology,Shared mobility,,
shared-national-fiber-networks,Shared national fiber networks,technology,Shared national fiber networks,,
sharing-and-renting-instead-of-owning,Sharing and renting instead of owning,other,Sharing and renting instead of owning,,
sharing-economy-and-lendership,Sharing Economy & Lendership,technology,Sharing Economy & Lendership;Sharing Economy and Lendership,,
sharkskin-for-planes,Sharkskin for Planes,technology,Sharkskin for Planes,,
shia-crescendo,Shia crescendo,risk,Shia crescendo,,
shifting-definitions-of-luxury,Shifting definitions of luxury,other,Shifting definitions of luxury,,
shifts-in-the-servicing-model,Shifts in the Servicing Model,technology,Shifts in the Servicing Model,,
shipping-industry-esgs,Shipping Industry ESGs,technology,Shipping Industry ESGs,,
short-form-video,Short-form video,technology,Short-form video,,
short-range-device-to-device-connectivity,Short-range device-to-device connectivity,technology,Short-range device-to-device connectivity,,
silicon-and-code-supply-chain-delays,Silicon and code supply chain delays,technology,Silicon and code supply chain delays,,
silicon-anode-batteries,Silicon Anode Batteries,technology,Silicon Anode Batteries,,
silicon-nationalism,Silicon Nationalism,technology,Silicon Nationalism,,
silicon-photonics,Silicon Photonics,technology,Silicon Photonics;Silicon photonics,photonics,
silk-thread-that-powers-up-smart-textiles-enter-new-era,Silk Thread That Powers Up: Smart Textiles Enter New Era,technology,Silk Thread That Powers Up: Smart Textiles Enter New Era,,
simpler-musical-instrument-interfaces,Simpler musical instrument interfaces,technology,Simpler musical instrument interfaces,,
simulated-driving-experience,Simulated Driving Experience,technology,Simulated Driving Experience,,
simulated-persons-in-transactions,Simulated persons in transactions,technology,Simulated persons in transactions,,
simulated-space-environments,Simulated Space Environments,technology,Simulated Space Environments,,
simulated-teachers,Simulated teachers,technology,Simulated teachers,,
simulating-empathy-and-emotion,Simulating Empathy and Emotion,technology,Simulating Empathy and Emotion,,
simulating-human-experiences,Simulating Human Experiences,technology,Simulating Human Experiences,,
simulating-molecular-interactions,Simulating Molecular Interactions,technology,Simulating Molecular Interactions,,
simulating-warfare,Simulating Warfare,technology,Simulating Warfare,,
simultaneous-conventional-terrorist-attacks-worldwide,Simultaneous conventional terrorist attacks worldwide,risk,Simultaneous conventional terrorist attacks worldwide,,
single-cell-analysis,Single-Cell Analysis,technology,Single-Cell Analysis,,
single-cell-sequencing-expands-applications,Single-Cell Sequencing Expands Applications,technology,Single-Cell Sequencing Expands Applications,,
single-nucleotide-polymorphism-snp-profiling,Single-Nucleotide Polymorphism (SNP) Profiling,technology,Single-Nucleotide Polymorphism (SNP) Profiling,,
situated-vr,Situated VR,technology,Situated VR,,
skills-underfunding,Skills underfunding,technology,Skills underfunding,,
skin-care-and-beauty,Skin Care and Beauty,technology,Skin Care and Beauty,,
skin-embedded-screens,Skin-embedded screens,technology,Skin-embedded screens,,
skinput,Skinput,technology,Skinput,,
skinput-systems,Skinput Systems,technology,Skinput Systems,,
slack,Slack,technology,Slack,,
sleep-tech,Sleep Tech,technology,Sleep Tech,,
slowing-chinese-economy-6,Slowing Chinese economy (<6%),risk,China economic slowdown;Slowing Chinese economy (<6%),,
small-but-high-resolution-interfaces,Small but high-resolution interfaces,technology,Small but high-resolution interfaces,,
small-data,Small Data,technology,Small Data,,
small-language-models,Small language models,technology,Small Language Models;Small language models,,
small-language-models-for-ai-at-the-edge,Small Language Models for AI at the Edge,technology,Small Language Models for AI at the Edge,,
small-modular-nuclear-reactors,Small modular nuclear reactors,technology,Small modular nuclear reactors,,
small-modular-reactors,Small Modular Reactors,technology,Small Modular Reactors,,
small-scale-hydro,Small-Scale Hydro,technology,Small Scale Hydro;Small-Scale Hydro,,
smaller-companies-in-space,Smaller Companies in Space,technology,Smaller Companies in Space,,
smaller-faster-temporary-consumption-units-snack-packs-fast-fashion-small-cars,"Smaller, faster, temporary consumption units (snack packs, fast fashion, small cars)",other,"Smaller, faster, temporary consumption units (snack packs, fast fashion, small cars)",,
smaller-respectful-online-communities,"Smaller, respectful online communities",other,"Smaller, respectful online communities",,
smart-advisors,Smart Advisors,technology,Smart Advisors,,
smart-agents-and-the-post-app-era,Smart agents and the post-app era,technology,Smart agents and the post-app era,,
smart-appliance-screens,Smart Appliance Screens,technology,Smart Appliance Screens,,
smart-bacteria-target-disease-from-within,Smart Bacteria Target Disease From Within,technology,Smart Bacteria Target Disease From Within,,
smart-belts-and-shoes,Smart Belts and Shoes,technology,Smart Belts and Shoes,,
smart-biohazard-wearables,Smart Biohazard Wearables,technology,Smart Biohazard Wearables,,
smart-boats,Smart Boats,technology,Smart Boats,,
smart-building-digital-vandalism,Smart building digital vandalism,technology,Smart building digital vandalism,,
smart-buildings,Smart Buildings,technology,Smart Buildings,,
smart-camera-news-networks,Smart Camera News Networks,technology,Smart Camera News Networks,,
smart-cameras,Smart Cameras,technology,Smart Cameras,,
smart-cards,Smart Cards,technology,Smart Cards,,
smart-cities,Smart cities,technology,Smart Cities;Smart cities,,
smart-city-initiatives,Smart City Initiatives,technology,Smart City Initiatives,,
smart-city-systems,Smart City Systems,technology,Smart City Systems,,
smart-clothing,Smart clothing,technology,Smart clothing,wearables,
smart-contact-lenses,Smart Contact Lenses,technology,Smart Contact Lenses,,
smart-contract-networks,Smart contract networks,quantity,Smart Contract Networks;Smart Contracts;Smart contract networks,blockchain;decentralized-finance;ethereum-and-defi,
smart-data-discovery,Smart Data Discovery,technology,Smart Data Discovery,,
smart-drinks-merge-hydration-with-brain-and-gut-benefits,Smart Drinks Merge Hydration with Brain and Gut Benefits,technology,Smart Drinks Merge Hydration with Brain and Gut Benefits,,
smart-drugs,Smart drugs,technology,Smart drugs,,
smart-dust,Smart Dust,technology,Smart Dust,,
smart-dust-sensors,Smart dust sensors,technology,Smart dust sensors,,
smart-energy-network,Smart energy network,technology,Smart energy network,,
smart-er-government,Smart(er) Government,technology,Smart(er) Government,,
smart-eyewear-and-head-mounted-displays,Smart Eyewear and Head-Mounted Displays,technology,Smart Eyewear and Head-Mounted Displays,,
smart-fabrics,Smart Fabrics,technology,Smart Fabrics,,
smart-farms,Smart Farms,technology,Smart Farms,,
smart-glasses,Smart Glasses,technology,Smart Glasses,,
smart-gloves,Smart Gloves,technology,Smart Gloves,,
smart-grid,Smart grid,technology,Smart grid,multi-segmented-smart-grids,
smart-grids-and-distributed-energy,Smart grids and distributed energy,technology,Smart grids and distributed energy,,
smart-helmets,Smart Helmets,technology,Smart Helmets,,
smart-home,smart home,other,smart home,,
smart-home-automation-and-monitoring,Smart Home Automation and Monitoring,technology,Smart Home Automation and Monitoring,,
smart-home-digital-emissions,Smart Home Digital Emissions,technology,Smart Home Digital Emissions,,
smart-home-gyms,Smart Home Gyms,technology,Smart Home Gyms,,
smart-infrastructure,Smart infrastructure,technology,Smart infrastructure,,
smart-kitchens,Smart Kitchens,technology,Smart Kitchens,,
smart-machines-and-industrialized-services,Smart machines and industrialized services,technology,Smart machines and industrialized services,,
smart-machines-and-knowledge-worker-careers,Smart machines and knowledge worker careers,technology,Smart machines and knowledge worker careers,,
smart-machines-create-complex-living-tissue,Smart Machines Create Complex Living Tissue,technology,Smart Machines Create Complex Living Tissue,,
smart-machines-in-fast-growing-companies,Smart machines in fast-growing companies,technology,Smart machines in fast-growing companies,,
smart-materials,Smart materials,technology,Smart Materials;Smart materials,,
smart-ocean-filters,Smart Ocean Filters,technology,Smart Ocean Filters,,
smart-operational-technology-software-spending,Smart operational technology software spending,technology,Smart operational technology software spending,,
smart-oracles,Smart Oracles,technology,Smart Oracles,,
smart-parking-and-roadways-predictability,Smart Parking and Roadways Predictability,technology,Smart Parking and Roadways Predictability,,
smart-pesticides-use-rna-to-target-pests,Smart Pesticides Use RNA to Target Pests,technology,Smart Pesticides Use RNA to Target Pests,,
smart-ports,Smart Ports,technology,Smart Ports,,
smart-power-meters,Smart power meters,technology,Smart meters;Smart power meters,,
smart-resource-management,Smart Resource Management,technology,Smart Resource Management,,
smart-rings-and-bracelets,Smart Rings and Bracelets,technology,Smart Rings and Bracelets,,
smart-robots,Smart Robots,technology,Smart Robots,,
smart-robots-vs-frontline-workers,Smart robots vs frontline workers,technology,Smart robots vs frontline workers,,
smart-rooms,Smart Rooms,technology,Smart Rooms,,
smart-royalties,Smart Royalties,technology,Smart Royalties,,
smart-shoes,Smart Shoes,technology,Smart Shoes,,
smart-smallsats,Smart Smallsats,technology,Smart Smallsats,,
smart-speakers,Smart speakers,technology,Smart speakers,virtual-assistants,
smart-textiles,Smart Textiles,technology,Smart Textiles,,
smart-thread,Smart Thread,technology,Smart Thread;Smart Threads,,
smart-toys,Smart toys,technology,Smart toys,,
smart-toys-and-privacy-concerns,Smart Toys and Privacy Concerns,technology,Smart Toys and Privacy Concerns,,
smart-transformers,Smart Transformers,technology,Smart Transformers,,
smart-virtual-personal-assistants-svpas,Smart Virtual Personal Assistants (SVPAs),technology,Smart Virtual Personal Assistants (SVPAs),,
smart-warehouses,Smart Warehouses,technology,Smart Warehouses,,
smart-watches,Smart Watches,technology,Smart Watches;Smartwatches,wearables,
smart-wind-and-solar-power,Smart Wind and Solar Power,technology,Smart Wind and Solar Power,,
smart-workspace,Smart Workspace,technology,Smart Workspace,,
smarter-home-security,Smarter Home Security,technology,Smarter Home Security,,
smarter-plastics,Smarter Plastics,technology,Smarter Plastics,,
smartphone-adoption-among-over-55s,Smartphone adoption among over-55s,technology,Smartphone adoption among over-55s,,
smartphone-apps-requesting-consumer-data,Smartphone apps requesting consumer data,technology,Smartphone apps requesting consumer data,,
smartphone-authentication,Smartphone authentication,technology,Smartphone authentication,,
smartphone-carbon-footprint,Smartphone carbon footprint,technology,Smartphone carbon footprint,,
smartphone-ecosystem-revenue,Smartphone ecosystem revenue,technology,Smartphone ecosystem revenue,,
smartphone-overuse,Smartphone overuse,technology,Smartphone overuse,,
smartphone-penetration,Smartphone penetration,technology,Smartphone penetration,,
smartphone-replacement-cycle,Smartphone replacement cycle,technology,Smartphone replacement cycle,,
smartphone-shipments,Smartphone shipments,technology,Smartphone shipments,,
smartphones,Smartphones,technology,Smartphone;Smartphones,,
smartphones-in-diabetic-care,Smartphones in diabetic care,technology,Smartphones in diabetic care,,
sme-teams-bundled-in-aas-offerings,SME teams bundled in aaS offerings,technology,SME teams bundled in aaS offerings,,
smooth-talking-ai-assistants,Smooth-talking AI assistants,technology,Smooth-talking AI assistants,virtual-assistants,
sms,SMS,technology,SMS,,
snarks-succinct-proofs-for-verifiable-computation,SNARKs (succinct proofs) for verifiable computation,technology,SNARKs (succinct proofs) for verifiable computation,,
social-analytics,Social Analytics,technology,Social Analytics,,
social-and-digital-payments,Social and Digital Payments,technology,Social and Digital Payments,,
social-and-video-commerce,Social and video commerce,technology,Social and video commerce,,
social-business-enterprise-social-technologies,Social business (enterprise social technologies),technology,Social business (enterprise social technologies),,
social-cohesion-erosion,Social cohesion erosion,risk,Social cohesion erosion,,
social-commerce,Social commerce,quantity,Social commerce,,
social-computing-platforms,Social Computing Platforms,technology,Social Computing Platforms,,
social-distancing-technologies,Social Distancing Technologies,technology,Social Distancing Technologies,,
social-games,Social games,technology,Social games,,
social-graph,Social graph,technology,Social graph,,
social-impact-and-ethics-of-exponential-technologies,Social impact and ethics of exponential technologies,technology,Social impact and ethics of exponential technologies,,
social-indexing,Social Indexing,technology,Social Indexing,,
social-media-marketing-social-activation,Social media marketing (social activation),technology,Social media marketing (social activation),,
social-media-platforms,Social media platforms,technology,Social media platforms,,
social-network-analysis,Social Network Analysis,technology,Social Network Analysis,,
social-network-communication-tools,Social network communication tools,technology,Social network communication tools,,
social-network-finances,Social network finances,technology,Social network finances,,
social-network-investment-bubble,Social network investment bubble,technology,Social network investment bubble,,
social-networking,Social networking,technology,Social networking,,
social-networking-monetization,Social networking monetization,technology,Social networking monetization,,
social-networks,Social networks,technology,Social networks,,
social-payments,Social Payments,technology,Social Payments,,
social-security-collapse,Social security collapse,risk,Social security collapse,,
social-software-suites,Social Software Suites,technology,Social Software Suites,,
social-tv,Social TV,technology,Social TV,interactive-tv,
social-tweaks-to-social-network-algorithms,Social Tweaks to Social Network Algorithms,technology,Social Tweaks to Social Network Algorithms,,
societal-polarization,Societal polarization,risk,Societal and/or political polarization;Societal polarization,,
sodium-ion-batteries,Sodium-ion batteries,technology,Sodium-ion batteries,,
soft-implantables,Soft Implantables,technology,Soft Implantables,,
soft-robotics,Soft Robotics,technology,Soft Robotics,,
soft-robotics-get-a-grip,Soft Robotics Get a Grip,technology,Soft Robotics Get a Grip,,
soft-robotics-getting-a-grip,Soft Robotics/Getting a Grip,technology,Soft Robotics/Getting a Grip,,
software-2-0,Software 2.0,technology,Software 2.0,,
software-agents,Software agents,technology,Software agents,ai-agents,
software-as-a-service,Software as a service,technology,Software as a service,,
software-as-service-asap,Software as Service/ASAP,technology,Software as Service/ASAP,,
software-assisted-composition,Software-assisted composition,technology,Software-assisted composition,,
software-assisted-writing,Software-assisted writing,technology,Software-assisted writing,,
software-assurance,Software Assurance,technology,Software Assurance,,
software-defined-anything,Software-Defined Anything,technology,Software-Defined Anything;Software-Defined Anything (SDx),,
software-defined-infrastructure,Software-defined infrastructure,technology,Software-defined infrastructure,,
software-defined-networking,Software-Defined Networking,technology,Software-Defined Networking;Software-defined networking,,
software-defined-security,Software-Defined Security,technology,Software-Defined Security,,
software-development-capacity,Software development capacity,technology,Software development capacity,,
software-development-tooling-low-code-ai-assisted,"Software development tooling (low-code, AI-assisted)",technology,"Software development tooling (low-code, AI-assisted)",,
software-for-banking-and-trading-operations,Software for banking and trading operations,technology,Software for banking and trading operations,,
software-for-healthcare-providers,Software for healthcare providers,technology,Software for healthcare providers,,
software-helps-overcome-learning-disabilities,Software helps overcome learning disabilities,technology,Software helps overcome learning disabilities,,
software-viruses-and-bioengineered-agents,Software viruses and bioengineered agents,technology,Software viruses and bioengineered agents,,
solar-energy,solar energy,quantity,solar energy,,
solar-energy-coatings,Solar Energy Coatings,technology,Solar Energy Coatings,,
solar-energy-expansion,Solar Energy Expansion,technology,Solar Energy Expansion,,
solar-fuel,Solar Fuel,technology,Solar Fuel,,
solar-geoengineering,Solar Geoengineering,technology,Solar Geoengineering,,
solar-highways,Solar Highways,technology,Solar Highways,,
solar-lawn-mowing,Solar Lawn Mowing,technology,Solar Lawn Mowing,,
solar-microgrids,Solar Microgrids,technology,Solar Microgrids,,
solar-panel-positioning-robots,Solar panel positioning robots,technology,Solar panel positioning robots,,
solar-pv-manufacturing-in-india,Solar PV manufacturing in India,technology,Solar PV manufacturing in India,,
solar-radiation-management,Solar Radiation Management,technology,Solar Radiation Management,,
solar-refrigeration,Solar Refrigeration,technology,Solar Refrigeration,,
solar-sail,Solar sail,technology,Solar sail,,
solar-thermal,Solar thermal,technology,Solar thermal,,
solar-thermophotovoltaics,Solar Thermophotovoltaics,technology,Solar Thermophotovoltaics,,
solar-vehicles,Solar Vehicles,technology,Solar Vehicles,,
solarcity-s-gigafactory,SolarCity's Gigafactory,technology,SolarCity's Gigafactory,,
solid-state-batteries,Solid-State Batteries,technology,Solid State Batteries;Solid-State Batteries,,
solid-state-drives,Solid-State Drives,technology,Solid-State Drives,,
solid-state-storage,Solid state storage,technology,Solid state storage,,
sonic-lock-picking,Sonic Lock Picking,technology,Sonic Lock Picking,,
south-africa,South Africa,risk,South Africa,,
south-asia-real-gdp-growth-world-bank,South Asia real GDP growth (World Bank region),quantity,real GDP growth,,"Real GDP growth, calendar-year annual average over the previous year, percent. Not Q4-over-Q4 growth (the Fed SEP measure), which needs its own subject. Developing countries of the World Bank region as defined in each edition; membership and weights change between editions."
south-asia-security,South Asia security,risk,South Asia security,,
south-china-sea,South China Sea,other,South China Sea,,
southeast-asia,Southeast Asia,risk,Southeast Asia,,
sovereign-cloud,Sovereign Cloud,technology,Sovereign Cloud;Sovereign and government cloud,,
sovereign-cloud-partnerships,Sovereign cloud partnerships,technology,Sovereign cloud partnerships,,
sovereign-region-specific-ai-platforms,Sovereign / region-specific AI platforms,technology,Sovereign / region-specific AI platforms,,
soviet-troop-withdrawals-demanded-by-china,Soviet troop withdrawals demanded by China,other,Soviet troop withdrawals demanded by China,,
space,Space,technology,Space,,
space-and-off-planet-exploration,Space and Off-Planet Exploration,technology,Space and Off-Planet Exploration,,
space-arks,Space Arks,technology,Space Arks,,
space-barons,Space Barons,technology,Space Barons,,
space-based-defense,Space-Based Defense,technology,Space-Based Defense,,
space-based-factories,Space-Based Factories,technology,Space-Based Factories,,
space-based-farming,Space-Based Farming,technology,Space-Based Farming,,
space-based-internet,Space-Based Internet,technology,Space-Based Internet,,
space-based-quantum-internet,Space-Based Quantum Internet,technology,Space-Based Quantum Internet,,
space-based-solar-power,Space-based solar power,technology,Space-Based Solar Power;Space-based solar power,,
space-based-solar-power-sbsp,Space-Based Solar Power (SBSP),technology,Space-Based Solar Power (SBSP),,
space-blocs,Space Blocs,technology,Space Blocs,,
space-blocs-and-strategic-partnerships,Space Blocs and Strategic Partnerships,technology,Space Blocs and Strategic Partnerships,,
space-cuisine,Space Cuisine,technology,Space Cuisine,,
space-defense,Space Defense,technology,Space Defense,,
space-diplomacy,Space Diplomacy,technology,Space Diplomacy,,
space-economy,Space economy,technology,Space economy,,
space-elevator,Space elevator,technology,Space elevator,,
space-entertainment-and-events,Space Entertainment and Events,technology,Space Entertainment and Events,,
space-exploration,Space Exploration,technology,Space Exploration,,
space-exploration-robots-and-drones,Space Exploration Robots and Drones,technology,Space Exploration Robots and Drones,,
space-factories,Space Factories,technology,Space Factories,,
space-for-earth-economy,Space-for-Earth Economy,technology,Space-for-Earth Economy,,
space-forces,Space Forces,technology,Space Forces,,
space-habitats,Space Habitats,technology,Space Habitats,,
space-habitats-and-colonization,Space Habitats and Colonization,technology,Space Habitats and Colonization,,
space-imaging,Space Imaging,technology,Space Imaging,,
space-industrial-base,Space industrial base,technology,Space industrial base,,
space-industry-backbone-revenue,Space industry backbone revenue,technology,Space industry backbone revenue,,
space-industry-participants,Space industry participants,technology,Space industry participants,,
space-junk,Space Junk,technology,Space Junk,,
space-mining,Space Mining,technology,Space Mining,,
space-opens-up-to-smaller-private-companies,Space Opens Up to Smaller Private Companies,technology,Space Opens Up to Smaller Private Companies,,
space-regulation,Space Regulation,technology,Space Regulation,,
space-robots-and-drones,Space Robots and Drones,technology,Space Robots and Drones,,
space-shuttle-flights-resume,Space Shuttle flights resume,other,Space Shuttle flights resume,,
space-sustainability-initiatives,Space Sustainability Initiatives,technology,Space Sustainability Initiatives,,
space-technologies,Space technologies,technology,Space technologies,,
space-telecoms,Space Telecoms,technology,Space Telecoms,,
space-tourism,Space tourism,technology,Space Tourism;Space tourism,,
space-tourism-passengers-vs-government-astronauts,Space tourism passengers vs government astronauts,other,Space tourism passengers vs government astronauts,,
space-traffic-management,Space Traffic Management,technology,Space Traffic Management,,
spacex-lunar-tourist-flight,SpaceX lunar tourist flight,other,SpaceX lunar tourist flight,,
spanish-general-election-2008,Spanish general election 2008,other,Spanish general election 2008,,
spatial-audio,Spatial Audio,technology,Spatial Audio,,
spatial-audio-and-3d-soundscaping,Spatial Audio and 3D soundscaping,technology,Spatial Audio and 3D soundscaping,,
spatial-biology-improves-with-ai,Spatial Biology Improves with AI,technology,Spatial Biology Improves with AI,,
spatial-computing,Spatial Computing,technology,Spatial Computing;Spatial computing,,
spatial-computing-and-the-industrial-metaverse,Spatial computing and the industrial metaverse,technology,Spatial computing and the industrial metaverse,,
spatial-displays,Spatial Displays,technology,Spatial Displays,,
specialized-ai-cloud,Specialized AI Cloud,technology,Specialized AI Cloud,,
specialized-ai-video-generation,Specialized AI video generation,technology,Specialized AI video generation,,
specialized-brain-regions-recognized,Specialized brain regions recognized,technology,Specialized brain regions recognized,,
specialized-cannabis-crm-platforms,Specialized Cannabis CRM Platforms,technology,Specialized Cannabis CRM Platforms,,
specialized-compute-hardware-ai-chips-quantum-neuromorphic,"Specialized compute hardware (AI chips, quantum, neuromorphic)",technology,"Specialized compute hardware (AI chips, quantum, neuromorphic)",,
specialized-crm-platforms,Specialized CRM Platforms,technology,Specialized CRM Platforms,,
specialized-labor-marketplaces,Specialized labor marketplaces,technology,Specialized labor marketplaces,,
speculation-regarding-computer-consciousness,Speculation regarding computer consciousness,technology,Speculation regarding computer consciousness,,
speech-recognition,Speech recognition,technology,Speech Recognition;Speech recognition,deep-neural-network-speech-recognition;speech-recognition-for-mobile-devices;speech-recognition-for-telephony-and-call-center;speech-recognition-on-desktops,
speech-recognition-for-mobile-devices,Speech Recognition for Mobile Devices,technology,Speech Recognition for Mobile Devices,speech-recognition,
speech-recognition-for-telephony-and-call-center,Speech Recognition for Telephony and Call Center,technology,Speech Recognition for Telephony and Call Center;Speech Recognition for Telephony and the Call Center;Speech Recognition for Telepony and Call Center;Speech recognition in call centers,speech-recognition,
speech-recognition-on-desktops,Speech recognition on desktops,technology,Speech recognition on desktops,speech-recognition,
speech-synthesis,Speech Synthesis,technology,Speech Synthesis,,
speech-to-speech-translation,Speech-to-Speech Translation,technology,Speech-to-Speech Translation;Speech-to-speech translation,machine-translation,
speech-to-text-lens-displays-for-the-deaf,Speech-to-text lens displays for the deaf,technology,Speech-to-text lens displays for the deaf,,
spheres-of-influence,Spheres of influence,risk,Spheres of influence,,
spimes,SPIMES,technology,SPIMES,,
spintronics,Spintronics,technology,Spintronics,,
splinternets,Splinternets,technology,Splinternets,,
sports-athlete-data,Sports athlete data,technology,Sports athlete data,,
sports-betting-and-investing-soars,Sports Betting and Investing Soars,technology,Sports Betting and Investing Soars,,
sports-betting-and-tv-sports,Sports betting and TV sports,technology,Sports betting and TV sports,,
sports-broadcast-rights,Sports broadcast rights,technology,Sports broadcast rights,,
sports-led-streaming,Sports-Led Streaming,technology,Sports-Led Streaming,,
sports-nfts,Sports NFTs,technology,Sports NFTs,,
sports-stadium-investment,Sports stadium investment,technology,Sports stadium investment,,
sports-streaming-rights,Sports streaming rights,technology,Sports streaming rights,,
sports-tech,Sports Tech,technology,Sports Tech,,
spotting-fakes,Spotting Fakes,technology,Spotting Fakes,,
spotting-machine-written-text,Spotting Machine-Written Text,technology,Spotting Machine-Written Text,,
stability-and-growth-pact-reprimands,Stability and Growth Pact reprimands,other,Stability and Growth Pact reprimands,,
stablecoin-on-off-ramps,Stablecoin on/off ramps,technology,Stablecoin on/off ramps,,
stablecoins,Stablecoins,technology,Stablecoins,,
stablecoins-and-bank-core-ledger-modernization,Stablecoins and bank core ledger modernization,technology,Stablecoins and bank core ledger modernization,,
staked-media-cryptographically-verifiable-commitments,Staked media (cryptographically verifiable commitments),technology,Staked media (cryptographically verifiable commitments),,
staking,Staking,technology,Staking,,
standard-internet-connection-speed,standard internet connection speed,quantity,standard internet connection speed,,
standard-ram,standard RAM,quantity,standard RAM,,
standard-storage-capacity,standard storage capacity,quantity,standard storage capacity,,
start-up-like-it-culture,Start-up-like IT culture,technology,Start-up-like IT culture,,
state-based-armed-conflict,State-based armed conflict,risk,State-based armed conflict,,
state-capitalism-with-american-characteristics,State capitalism with American characteristics,risk,State capitalism with American characteristics,,
state-charters-for-blockchain,State Charters for Blockchain,technology,State Charters for Blockchain,,
state-collapse,State collapse,risk,State collapse;State collapse or crisis,,
state-fragility,state fragility,other,state fragility,,
state-governments-tackle-digital-privacy,State Governments Tackle Digital Privacy,technology,State Governments Tackle Digital Privacy,,
state-laws-for-facial-recognition,State Laws for Facial Recognition,technology,State Laws for Facial Recognition,,
state-sponsored-security-breaches,State-Sponsored Security Breaches,technology,State-Sponsored Security Breaches;State-sponsored Security Breaches,,
states-compete-for-space-investments,States Compete for Space Investments,technology,States Compete for Space Investments,,
states-regulate-biometric-data,States Regulate Biometric Data,technology,States Regulate Biometric Data,,
states-unite-against-big-tech,States Unite Against Big Tech,technology,States Unite Against Big Tech,,
status-beyond-traditional-consumption,Status beyond traditional consumption,other,Status beyond traditional consumption,,
status-beyond-traditional-consumption-experience-participation-connection-eco-status,"Status beyond traditional consumption (experience, participation, connection, eco status)",other,"Status beyond traditional consumption (experience, participation, connection, eco status)",,
status-shifts,Status Shifts,technology,Status Shifts,,
steady-economic-progress,Steady economic progress,technology,Steady economic progress,,
steel-and-iron,Steel and Iron,technology,Steel and Iron,,
stem-cell-therapies-that-work,Stem-cell therapies that work,technology,Stem-cell therapies that work,stem-cell-treatments,
stem-cell-treatments,Stem-cell treatments,technology,Stem-cell treatments,egg-stem-cells;engineered-stem-cells;stem-cell-therapies-that-work,
stock-prices-and-long-term-bond-yields,Stock prices and long-term bond yields,other,Stock prices and long-term bond yields,,
storing-captured-carbon-with-algae-and-bacteria,Storing Captured Carbon with Algae and Bacteria,technology,Storing Captured Carbon with Algae and Bacteria,,
storing-images-in-dna-with-biological-camera,Storing Images in DNA With Biological Camera,technology,Storing Images in DNA With Biological Camera,,
storms-and-cyclones,Storms and cyclones,risk,Storms and cyclones,,
strange-computer-glitches-will-keep-happening,Strange Computer Glitches Will Keep Happening,technology,Strange Computer Glitches Will Keep Happening,,
strategic-data,Strategic data,risk,Strategic data,,
strategic-data-management,Strategic data management,technology,Strategic data management,,
strategic-defence-initiative-and-comprehensive-arms-deal,Strategic Defence Initiative and comprehensive arms deal,other,Strategic Defence Initiative and comprehensive arms deal,,
strategic-encryption-management,Strategic Encryption Management,technology,Strategic Encryption Management,,
strategic-panopticon,Strategic panopticon,technology,Strategic panopticon,,
strategic-sustainability-plans,Strategic Sustainability Plans,technology,Strategic Sustainability Plans,,
stratospheric-aerosol-scattering-with-sulfur-dioxide,Stratospheric Aerosol Scattering with Sulfur Dioxide,technology,Stratospheric Aerosol Scattering with Sulfur Dioxide,,
streamers,Streamers,technology,Streamers,,
streaming,Streaming,technology,Streaming,,
streaming-media-over-web,Streaming Media over Web,technology,Streaming Media over Web,,
streaming-revenue,Streaming revenue,quantity,Streaming revenue,,
streaming-social-video,Streaming Social Video,technology,Streaming Social Video,,
streaming-video-aggregation,Streaming video aggregation,technology,Streaming video aggregation,,
streaming-video-churn,Streaming video churn,technology,Streaming video churn,,
streaming-video-pricing-tiers,Streaming video pricing tiers,technology,Streaming video pricing tiers,,
strengthening-municipal-cyber-security-efforts,Strengthening Municipal Cyber-Security Efforts,technology,Strengthening Municipal Cyber-Security Efforts,,
stretchable-silicon,Stretchable Silicon,technology,Stretchable Silicon,,
student-designed-learning-mechanics,Student-designed learning mechanics,technology,Student-designed learning mechanics,,
student-developed-apps,Student-developed apps,technology,Student-developed apps,,
students-learn-basic-skills-with-software,Students learn basic skills with software,technology,Students learn basic skills with software,,
sub-orbital-spaceflight,Sub-orbital spaceflight,technology,Sub-orbital spaceflight,,
sub-saharan-africa,Sub-Saharan Africa,other,Sub-Saharan Africa,,
sub-saharan-africa-real-gdp-growth-world-bank,Sub-Saharan Africa real GDP growth (World Bank region),quantity,real GDP growth,,"Real GDP growth, calendar-year annual average over the previous year, percent. Not Q4-over-Q4 growth (the Fed SEP measure), which needs its own subject. Developing countries of the World Bank region as defined in each edition; membership and weights change between editions."
subscription-economy-matures,Subscription Economy Matures,technology,Subscription Economy Matures,,
subsea-power-grids,Subsea Power Grids,technology,Subsea Power Grids,,
sudan,Sudan,risk,Sudan,,
sudan-internal-conflict,Sudan internal conflict,other,Sudan internal conflict,,
summarization-at-scale,Summarization at Scale,technology,Summarization at Scale,,
super-animals,Super Animals,technology,Super Animals,,
super-efficient-solar-cells,Super-efficient solar cells,technology,Super-efficient solar cells,,
super-fast-molecule-discovery,Super-Fast Molecule Discovery,technology,Super-Fast Molecule Discovery,,
super-pigs,Super Pigs,technology,Super Pigs,,
superapps,Superapps,technology,Superapps,,
superbugs,Superbugs,technology,Superbugs,,
superbugs-viruses-and-phages,"Superbugs, Viruses and Phages",technology,"Superbugs, Viruses and Phages",,
supercharged-photosynthesis,Supercharged Photosynthesis,technology,Supercharged Photosynthesis,,
supercloud,Supercloud,technology,Supercloud,,
supercomputer-with-human-brain-capacity,Supercomputer with human brain capacity,technology,Supercomputer with human brain capacity,,
supercomputers-match-capacity-of-human-brain,Supercomputers match capacity of human brain,technology,Supercomputers match capacity of human brain,,
superconducting-interties,Superconducting interties,technology,Superconducting interties,,
superconductors,Superconductors,technology,Superconductors,,
supercritical-geothermal,Supercritical Geothermal,technology,Supercritical Geothermal,,
supergrids,Supergrids,technology,Supergrids,,
superhuman-abilities,Superhuman Abilities,technology,Superhuman Abilities,,
supermaneuverable-processes,Supermaneuverable processes,technology,Supermaneuverable processes,,
superomniphobic-materials,Superomniphobic materials,technology,Superomniphobic materials,,
superpowering-blockchain-with-ai-and-iot,Superpowering Blockchain with AI and IoT,technology,Superpowering Blockchain with AI and IoT,,
supersized-ai-models,Supersized AI Models,technology,Supersized AI Models,,
supersonic-flights,Supersonic Flights,technology,Supersonic Flights,,
supplier-and-partner-relationships,Supplier and partner relationships,technology,Supplier and partner relationships,,
supply-chain-attacks,Supply Chain Attacks,technology,Supply Chain Attacks,,
supply-chain-fragility,Supply Chain Fragility,technology,Supply Chain Fragility,,
supply-chain-sustainability,Supply Chain Sustainability,technology,Supply Chain Sustainability,,
supply-chain-verification,Supply Chain Verification,technology,Supply Chain Verification,,
support-for-laid-off-employees,Support for laid-off employees,other,Support for laid-off employees,,
support-for-local-small-businesses,Support for local small businesses,other,Support for local small businesses,,
surface-computers,Surface Computers,technology,Surface Computers,,
surpassing-benchmarks,Surpassing Benchmarks,technology,Surpassing Benchmarks,,
surpassing-nlp-benchmarks,Surpassing NLP Benchmarks,technology,Surpassing NLP Benchmarks,,
surprising-mergers-and-acquisitions,Surprising Mergers and Acquisitions,technology,Surprising Mergers and Acquisitions,,
surveillance-scoring-as-a-service-ssaas,Surveillance Scoring-as-a-Service (SSaaS),technology,Surveillance Scoring-as-a-Service (SSaaS),,
surveilling-vulnerable-communities,Surveilling Vulnerable Communities,technology,Surveilling Vulnerable Communities,,
survival-crafting-games,Survival-crafting games,technology,Survival-crafting games,,
suspended-animation,Suspended animation,technology,Suspended animation,,
sustainability-add-ons-for-wellbeing-slow-travel-offsetting,"Sustainability add-ons for wellbeing (slow travel, offsetting)",other,"Sustainability add-ons for wellbeing (slow travel, offsetting)",,
sustainability-addressable-market,Sustainability addressable market,technology,Sustainability addressable market,,
sustainability-as-a-business-imperative,Sustainability as a business imperative,other,Sustainability as a business imperative,,
sustainability-as-corporate-identity,Sustainability as Corporate Identity,technology,Sustainability as Corporate Identity,,
sustainability-in-supply-chain-and-logistics,Sustainability in Supply Chain and Logistics,technology,Sustainability in Supply Chain and Logistics,,
sustainability-in-technology-projects,Sustainability in technology projects,technology,Sustainability in technology projects,,
sustainability-tech,Sustainability Tech,technology,Sustainability Tech,,
sustainable-ai-frameworks,Sustainable AI frameworks,technology,Sustainable AI frameworks,,
sustainable-consumption,Sustainable consumption,technology,Sustainable consumption,,
sustainable-it,Sustainable IT,technology,Sustainable IT,,
sustainable-it-governance,Sustainable IT governance,technology,Sustainable IT governance,,
sustainable-it-supply-chains,Sustainable IT supply chains,technology,Sustainable IT supply chains,,
sustainable-packaging,Sustainable Packaging,technology,Sustainable Packaging,,
sustainable-public-goods-funding-models,Sustainable Public Goods Funding Models,technology,Sustainable Public Goods Funding Models,,
sustainable-shipping,Sustainable Shipping,technology,Sustainable Shipping,,
suvs-largest-share-of-new-vehicle-sales,SUVs largest share of new-vehicle sales,other,SUVs largest share of new-vehicle sales,,
swarm-efficiency,Swarm Efficiency,technology,Swarm Efficiency,,
swarm-robotics,Swarm robotics,technology,Swarm robotics,,
sweat-power,Sweat Power,technology,Sweat Power,,
synchronized-visual-auditory-text-presentation,Synchronized visual-auditory text presentation,technology,Synchronized visual-auditory text presentation,,
syngas-from-the-sun,Syngas from the Sun,technology,Syngas From the Sun;Syngas from the Sun,,
synth-pop-makes-a-comeback,Synth-pop Makes a Comeback,technology,Synth-pop Makes a Comeback,,
synthesized-dairy,Synthesized Dairy,technology,Synthesized Dairy,,
synthesizing-and-generating-trust,Synthesizing and Generating Trust,technology,Synthesizing and Generating Trust,,
synthesizing-trust,Synthesizing Trust,technology,Synthesizing Trust,,
synthetic-age-reversal,Synthetic Age Reversal,technology,Synthetic Age Reversal,,
synthetic-biology,Synthetic biology,technology,Synthetic Biology;Synthetic biology,,
synthetic-biology-boosts-crispr-applications,Synthetic Biology Boosts CRISPR Applications,technology,Synthetic Biology Boosts CRISPR Applications,,
synthetic-biology-crispr-gene-editing,Synthetic biology (CRISPR gene editing),technology,Synthetic biology (CRISPR gene editing),,
synthetic-blood,Synthetic blood,technology,Synthetic blood,,
synthetic-cells,Synthetic Cells,technology,Synthetic Cells,,
synthetic-characters,Synthetic Characters,technology,Synthetic Characters,,
synthetic-data,Synthetic Data,technology,Synthetic Data;Synthetic data for AI,synthetic-data-and-privacy,
synthetic-data-and-privacy,Synthetic data and privacy,technology,Synthetic data and privacy,synthetic-data,
synthetic-data-for-ai-training,Synthetic data for AI training,technology,Synthetic data for AI training,,
synthetic-data-sets,Synthetic Data Sets,technology,Synthetic Data Sets,,
synthetic-health-data,Synthetic Health Data,technology,Synthetic Health Data,,
synthetic-media,Synthetic Media,technology,Synthetic Media,,
synthetic-media-and-ai-authenticity,Synthetic media and AI authenticity,technology,Synthetic media and AI authenticity,,
synthetic-media-and-content,Synthetic Media and Content,technology,Synthetic Media and Content,,
synthetic-media-and-sexual-harassment,Synthetic Media and Sexual Harassment,technology,Synthetic Media and Sexual Harassment,,
synthetic-media-for-personalization-at-scale,Synthetic Media for Personalization at Scale,technology,Synthetic Media for Personalization at Scale,,
synthetic-media-in-hollywood,Synthetic Media in Hollywood,technology,Synthetic Media in Hollywood,,
synthetic-media-in-the-classroom-and-workplace,Synthetic Media in the Classroom and Workplace,technology,Synthetic Media in the Classroom and Workplace,,
synthetic-media-marketplaces,Synthetic Media Marketplaces,technology,Synthetic Media Marketplaces,,
synthetic-milk-and-cheese,Synthetic Milk and Cheese,technology,Synthetic Milk and Cheese,,
synthetic-personalities,Synthetic Personalities,technology,Synthetic Personalities,,
synthetic-property-rights-and-legal-protections,Synthetic Property Rights and Legal Protections,technology,Synthetic Property Rights and Legal Protections,,
synthetic-sex-tapes,Synthetic Sex Tapes,technology,Synthetic Sex Tapes,,
synthetic-skin,Synthetic Skin,technology,Synthetic Skin,,
synthetic-speech,Synthetic Speech,technology,Synthetic Speech,,
synthetic-trees-and-algae-based-co2-absorption,Synthetic Trees & Algae-Based CO2 Absorption,technology,Synthetic Trees & Algae-Based CO2 Absorption,,
synthetic-voice-fraud,Synthetic Voice Fraud,technology,Synthetic Voice Fraud,,
synthetic-voices,Synthetic Voices,technology,Synthetic Voices,,
synthetic-voices-sound-fully-human,Synthetic voices sound fully human,technology,Synthetic voices sound fully human,,
synthetic-wombs,Synthetic Wombs,technology,Synthetic Wombs,,
syria,Syria,risk,Syria,,
syrian-refugee-outflow,Syrian refugee outflow,other,Syrian refugee outflow,,
t-rays,T-Rays,technology,T-Rays,,
tablet-pc,Tablet PC,technology,Tablet PC,tablets,
tablets,Tablets,technology,Media Tablet;Media Tablets;Tablets;Tabs & Pads,pen-centric-tablet-pcs;tablet-pc;tablets-in-the-workforce,
tablets-in-the-workforce,Tablets in the workforce,technology,Tablets in the workforce,tablets,
tactile-vr-resolution,Tactile VR resolution,technology,Tactile VR resolution,,
taiwan,Taiwan,risk,Taiwan,,
taiwan-china,Taiwan/China,risk,Taiwan/China,,
taiwan-crisis,Taiwan crisis,risk,Taiwan crisis,,
taiwan-presidential-election-2020,Taiwan presidential election 2020,other,Taiwan presidential election 2020,,
taliban-return-to-power,Taliban return to power,other,Taliban return to power,,
tangible-user-interfaces,Tangible User Interfaces,technology,Tangible User Interfaces,,
tapping-the-mesh,Tapping the Mesh,technology,Tapping the Mesh,,
targeted-attacks-on-digital-assistants,Targeted Attacks on Digital Assistants,technology,Targeted Attacks on Digital Assistants,,
targeted-attacks-on-voice-interfaces,Targeted Attacks on Voice Interfaces,technology,Targeted Attacks on Voice Interfaces,,
targeted-malware,Targeted malware,technology,Targeted malware,,
targeted-tv-advertising,Targeted TV advertising,technology,Targeted TV advertising,,
tariff-man-at-large,'Tariff man' at large,risk,'Tariff man' at large,,
task-assignment-algorithms,Task-assignment algorithms,technology,Task-assignment algorithms,,
tattooables,Tattooables,technology,Tattooables,,
tattoos-and-electronic-skins,Tattoos and Electronic Skins,technology,Tattoos and Electronic Skins,,
teacher-assignment-algorithms,Teacher-assignment algorithms,technology,Teacher-assignment algorithms,,
teachers-as-mentors,Teachers as mentors,technology,Teachers as mentors,,
teaching-news-literacy,Teaching News Literacy,technology,Teaching News Literacy,,
tech-based-empowerment-cycle,Tech-based empowerment cycle,technology,Tech-based empowerment cycle,,
tech-by-wire-control-silos,Tech-by-wire control silos,technology,Tech-by-wire control silos,,
tech-companies-acting-like-banks,Tech Companies Acting Like Banks,technology,Tech Companies Acting Like Banks,,
tech-companies-influencing-privacy-laws,Tech Companies Influencing Privacy Laws,technology,Tech Companies Influencing Privacy Laws,,
tech-governance-failure,Tech governance failure,risk,Tech governance failure,,
tech-industry-climate-action,Tech industry climate action,technology,Tech industry climate action,,
tech-led-buyouts-software-enabled-acquisitions,Tech-led buyouts (software-enabled acquisitions),technology,Tech-led buyouts (software-enabled acquisitions),,
tech-pivots-on-defense,Tech Pivots on Defense,technology,Tech Pivots on Defense,,
tech-provider-ai-investment,Tech provider AI investment,technology,Tech provider AI investment,,
tech-tit-for-tat,Tech tit-for-tat,risk,Tech tit-for-tat,,
tech-venture-debt,Tech venture debt,technology,Tech venture debt,,
tech-workers-fighting-for-privacy,Tech Workers Fighting For Privacy,technology,Tech Workers Fighting For Privacy;Tech Workers Fighting for Privacy,,
techlash-in-the-us,Techlash in the US,risk,Techlash in the US,,
techlash-leads-to-messy-code-and-security-problems,Techlash Leads to Messy Code and Security Problems,technology,Techlash Leads to Messy Code and Security Problems,,
technical-debt,Technical debt,technology,Technical debt,,
technical-debt-and-core-modernization,Technical debt and core modernization,technology,Technical debt and core modernization,,
technical-debt-management,Technical debt management,technology,Technical debt management,,
technical-debt-remediation,Technical debt remediation,technology,Technical debt remediation,,
techno-nationalism,Techno-Nationalism,technology,Techno-Nationalism,,
technological-singularity,Technological singularity,technology,Technological singularity,,
technological-sovereignty,Technological Sovereignty,technology,Technological Sovereignty;Technology sovereignty,digital-sovereignty,
technology-adoption-cycles,Technology adoption cycles,technology,Technology adoption cycles,,
technology-and-democracy,technology and democracy,other,technology and democracy,,
technology-and-the-middle-east,Technology and the Middle East,risk,Technology and the Middle East,,
technology-architecture-role-of-architects,Technology architecture (role of architects),technology,Technology architecture (role of architects),,
technology-assisted-supply-chain-transparency,Technology-Assisted Supply Chain Transparency,technology,Technology-Assisted Supply Chain Transparency,,
technology-assisted-workplace-safety,Technology-Assisted Workplace Safety,technology,Technology-Assisted Workplace Safety,,
technology-augmented-workforce,Technology-augmented workforce,technology,Technology-augmented workforce,,
technology-business-models,Technology business models,technology,Technology business models,,
technology-democratization-low-code-no-code,"Technology democratization (low-code, no-code)",technology,"Technology democratization (low-code, no-code)",,
technology-enabled-corporate-strategy-strategy-platforms,Technology-enabled corporate strategy (strategy platforms),technology,Technology-enabled corporate strategy (strategy platforms),,
technology-firms-and-authoritarian-censorship,technology firms and authoritarian censorship,other,technology firms and authoritarian censorship,,
technology-for-community-and-regional-banks,Technology for community and regional banks,technology,Technology for community and regional banks,,
technology-policy,Technology Policy,technology,Technology Policy,,
technology-talent-and-workforce,Technology talent and workforce,technology,Technology talent and workforce,,
technopolar-world,Technopolar world,risk,Technopolar world,,
telco-support-systems-software,Telco support systems software,technology,Telco support systems software,,
tele-medicine,Tele-medicine,technology,Tele-medicine;Telehealth (eVisits);Telehealth (video visits);Telemedicine,,
telecom-carbon-emissions,Telecom carbon emissions,technology,Telecom carbon emissions,,
telecom-connections,Telecom connections,technology,Telecom connections,,
telecom-customer-data-analytics,Telecom customer data analytics,technology,Telecom customer data analytics,,
telecom-incumbent-market-share,Telecom incumbent market share,technology,Telecom incumbent market share,,
telecom-incumbents-and-disruptive-technologies,Telecom incumbents and disruptive technologies,technology,Telecom incumbents and disruptive technologies,,
telecom-mergers-and-acquisitions,Telecom mergers and acquisitions,technology,Telecom mergers and acquisitions,,
telecom-operator-diversification,Telecom operator diversification,technology,Telecom operator diversification,,
telecom-operator-it-services,Telecom operator IT services,technology,Telecom operator IT services,,
telecom-sector-and-the-credit-crunch,Telecom sector and the credit crunch,technology,Telecom sector and the credit crunch,,
telecom-sustainability,Telecom sustainability,technology,Telecom sustainability,,
telecoms,Telecoms,technology,Telecoms,,
telematics,Telematics,technology,Telematics,consumer-telematics,
telemedicine-widely-used,Telemedicine widely used,technology,Telemedicine widely used,,
telemetrics,Telemetrics,technology,Telemetrics,,
telephone-communication-has-moving-images,Telephone communication has moving images,technology,Telephone communication has moving images,,
telephones-are-primarily-wireless,Telephones are primarily wireless,technology,Telephones are primarily wireless,,
telepresence,Telepresence,technology,Telepresence,remote-presence;video-telepresence,
telepresence-indistinguishable-from-physical-presence,Telepresence indistinguishable from physical presence,technology,Telepresence indistinguishable from physical presence,,
telepresence-realism,Telepresence realism,technology,Telepresence realism,,
telepresence-resolution,Telepresence resolution,technology,Telepresence resolution,,
telerobotics,Telerobotics,technology,Telerobotics,,
telescopic-and-microscopic-vision,Telescopic & microscopic vision,technology,Telescopic & microscopic vision,,
television,Television,technology,Television,,
telework-and-work-life-boundaries,telework and work-life boundaries,other,telework and work-life boundaries,,
temporary-social-media,Temporary Social Media,technology,Temporary Social Media,,
tera-architecture,Tera-Architecture,technology,Tera-Architecture;Tera-architectures,,
teraherz-waves,Teraherz Waves,technology,Teraherz Waves,,
terraforming,Terraforming,technology,Terraforming,,
terrestrial-microwave-power-beaming,Terrestrial Microwave Power Beaming,technology,Terrestrial Microwave Power Beaming,,
terrorism,Terrorism,other,Terrorism;terrorism,,
terrorism-continues-to-be-threat-yet-contained,"Terrorism continues to be threat, yet contained",risk,"Terrorism continues to be threat, yet contained",,
terrorist-attacks,Terrorist attacks,risk,Terrorist attacks,,
terrorist-attacks-continue-at-2004-05-frequency-and-intensity,Terrorist attacks continue at 2004-05 frequency and intensity,risk,Terrorist attacks continue at 2004-05 frequency and intensity,,
tesla-autopilot,Tesla Autopilot,technology,Tesla Autopilot,autonomous-vehicles,
tethers,Tethers,technology,Tethers,,
tetrataenite-2-0,Tetrataenite 2.0,technology,Tetrataenite 2.0,,
text-analytics,Text Analytics,technology,Text Analytics,,
text-mining,Text Mining,technology,Text Mining,,
text-to-speech-speech-synthesis,Text-to-Speech/Speech Synthesis,technology,Text-to-Speech/Speech Synthesis;Text-to-speech,,
text-to-synthetic-compound-llms-automate-chemistry,Text-to-Synthetic Compound: LLMs Automate Chemistry,technology,Text-to-Synthetic Compound: LLMs Automate Chemistry,,
textless-nlp,Textless NLP,technology,Textless NLP,,
the-360-degree-selfie,The 360-Degree Selfie,technology,The 360-Degree Selfie,,
the-6g-cyber-physical-continuum,The 6G Cyber-physical Continuum,technology,The 6G Cyber-physical Continuum,,
the-ai-cloud,The AI Cloud,technology,The AI Cloud,,
the-ai-consumer-operating-system,The AI Consumer Operating System,technology,The AI Consumer Operating System,,
the-ai-driven-chip-war,The AI-Driven Chip War,technology,The AI-Driven Chip War,,
the-ai-training-data-market,The AI Training Data Market,technology,The AI Training Data Market,,
the-anthropocene-epoch,The Anthropocene Epoch,technology,The Anthropocene Epoch,,
the-appchain-thesis-on-ethereum,The Appchain Thesis on Ethereum,technology,The Appchain Thesis on Ethereum,,
the-battle-for-content-value,The Battle for Content Value,technology,The Battle for Content Value,,
the-big-nine-s-health-initiatives,The Big Nine’s Health Initiatives,technology,The Big Nine’s Health Initiatives,,
the-capricious-kremlin,The capricious Kremlin,risk,The capricious Kremlin,,
the-case-for-radical-transparency,The Case For Radical Transparency,technology,The Case For Radical Transparency,,
the-cell-atlas,The Cell Atlas,technology,The Cell Atlas,,
the-china-footprint,The China footprint,risk,The China footprint,,
the-cloud,The Cloud,technology,The Cloud,,
the-connected-worker,The Connected Worker,technology,The Connected Worker,,
the-convergence-of-gaming-devices-for-productivity,The Convergence of Gaming Devices for Productivity,technology,The Convergence of Gaming Devices for Productivity,,
the-cow-free-burger,The cow-free burger,technology,The cow-free burger,in-vitro-meat,
the-crypto-art-market,The Crypto Art Market,technology,The Crypto Art Market,,
the-decade-of-connected-eyewear,The Decade of Connected Eyewear,technology,The Decade of Connected Eyewear,,
the-dollar,The dollar,risk,The dollar,,
the-donroe-doctrine,The Donroe Doctrine,risk,The Donroe Doctrine,,
the-effects-of-china-slowdown,The Effects of China Slowdown,risk,The Effects of China Slowdown,,
the-end-of-attention-metrics,The End of Attention Metrics,technology,The End of Attention Metrics,,
the-end-of-biological-privacy,The End of Biological Privacy,technology,The End of Biological Privacy,,
the-end-of-passwords,The end of passwords,technology,The end of passwords,password-security,
the-end-of-remote-control,The End of Remote Control,technology,The End of Remote Control,,
the-end-of-the-9-11-era,The end of the 9/11 era,risk,The end of the 9/11 era,,
the-erosion-of-institutions,The erosion of institutions,risk,The erosion of institutions,,
the-european-approach-to-regulating-ai,The European Approach to Regulating AI,technology,The European Approach to Regulating AI,,
the-evolution-to-nano-fulfillment-centers,The Evolution to Nano-Fulfillment Centers,technology,The Evolution to Nano-Fulfillment Centers,,
the-fight-for-critical-minerals,The fight for critical minerals,risk,The fight for critical minerals,,
the-first-amendment-in-a-digital-age,The First Amendment in a Digital Age,technology,The First Amendment in a Digital Age,,
the-first-amendment-in-the-digital-age,The First Amendment in the Digital Age,technology,The First Amendment in the Digital Age,,
the-first-gene-editing-treatment,The first gene-editing treatment,technology,The first gene-editing treatment,gene-editing,
the-g-zero,The G-Zero,risk,The G-Zero,,
the-g-zero-wins,The G-Zero wins,risk,The G-Zero wins,,
the-government-can-access-personal-data,The government can access personal data,technology,The government can access personal data,,
the-great-decoupling,The Great Decoupling,risk,The Great Decoupling,,
the-hollow-alliance,The hollow alliance,risk,The hollow alliance,,
the-holographic-live-performance,The Holographic Live Performance,technology,The Holographic Live Performance,,
the-internet-of-senses,The Internet Of Senses,technology,The Internet Of Senses,,
the-islamic-state,The Islamic State,risk,The Islamic State,,
the-lunar-cargo-and-mobility-gap,The Lunar Cargo and Mobility Gap,technology,The Lunar Cargo and Mobility Gap,,
the-merge-liquidation,“The Merge” Liquidation,technology,“The Merge” Liquidation,,
the-metaverse,The Metaverse,technology,The Metaverse,,
the-metaverse-is-the-wild-west,The Metaverse Is the Wild West,technology,The Metaverse Is the Wild West,,
the-middle-east-s-expanding-unrest,The Middle East’s expanding unrest,risk,The Middle East’s expanding unrest,,
the-mil-tech-industrial-complex,The Mil-Tech Industrial Complex,technology,The Mil-Tech Industrial Complex,,
the-new-axis-of-evil,The new axis of evil,risk,The new axis of evil,,
the-new-china,The new China,risk,The new China,,
the-new-hybrid-workweek,The New Hybrid Workweek,technology,The New Hybrid Workweek,,
the-new-influencer-economy,The New Influencer Economy,technology,The New Influencer Economy,,
the-new-mil-tech-industrial-complex,The New Mil-Tech Industrial Complex,technology,The New Mil-Tech Industrial Complex,,
the-new-space-economy,The New Space Economy,technology,The New Space Economy,,
the-panopticon,The Panopticon,technology,The Panopticon,,
the-persian-gulf,The Persian Gulf,risk,The Persian Gulf,,
the-politics-of-europe,The Politics of Europe,risk,The Politics of Europe,,
the-post-natural-age,The Post-Natural Age,technology,The Post-Natural Age,,
the-proliferation-of-splinternets,The Proliferation of Splinternets,technology,The Proliferation of Splinternets,,
the-quantum-internet,The Quantum Internet,technology,The Quantum Internet,,
the-race-for-smart-ports,The Race for Smart Ports,technology,The Race for Smart Ports,,
the-race-to-establish-a-i-rules,The Race to Establish A.I. Rules,technology,The Race to Establish A.I. Rules,,
the-re-invention-of-the-data-center,The Re-Invention of the Data Center,technology,The Re-Invention of the Data Center,,
the-rise-and-ubiquity-of-portable-computers,The rise & ubiquity of portable computers,technology,The rise & ubiquity of portable computers,,
the-rise-of-e-books-and-digital-distribution,The rise of e-books and digital distribution,technology,The rise of e-books and digital distribution,,
the-rise-of-mlops,The Rise of MLOps,technology,The Rise of MLOps,,
the-rise-of-quant-funds,The Rise of Quant Funds,technology,The Rise of Quant Funds,,
the-rise-of-strategic-sectors,The Rise of Strategic Sectors,risk,The Rise of Strategic Sectors,,
the-rise-of-technologists,The rise of technologists,risk,The rise of technologists,,
the-rise-of-undocumented-a-i-accidents,The Rise of Undocumented A.I. Accidents,technology,The Rise of Undocumented A.I. Accidents,,
the-rising-regulation-of-web3,The Rising Regulation of Web3,technology,The Rising Regulation of Web3,,
the-satellite-boom,The Satellite Boom,technology,The Satellite Boom,,
the-search-for-cosmic-resources,The Search for Cosmic Resources,technology,The Search for Cosmic Resources,,
the-search-for-nearby-life,The Search for Nearby Life,technology,The Search for Nearby Life,,
the-size-of-the-underclass-is-stable,The size of the underclass is stable,technology,The size of the underclass is stable,,
the-space-economy,The Space Economy,technology,The Space Economy,,
the-subscription-economy-matures,The Subscription Economy Matures,technology,The Subscription Economy Matures,,
the-superman-memory-crystal,The Superman Memory Crystal,technology,The Superman Memory Crystal,,
the-synthetic-tsunami,The Synthetic Tsunami,technology,The Synthetic Tsunami,,
the-u-s-remains-world-s-top-military-power,The U.S. remains world’s top military power,technology,The U.S. remains world’s top military power,,
the-unhackable-internet,The Unhackable Internet,technology,The Unhackable Internet,,
the-united-states-vs-itself,The United States vs. itself,risk,The United States vs. itself,,
the-us-at-home,The US at home,risk,The US at home,,
the-us-china-chip-war,The US-China Chip War,technology,The US-China Chip War,,
the-water-weapon,The water weapon,risk,The water weapon,,
the-white-house-vs-silicon-valley,The White House vs Silicon Valley,risk,The White House vs Silicon Valley,,
the-world-s-smallest-eeg-electrode-caps,The World’s Smallest EEG Electrode Caps,technology,The World’s Smallest EEG Electrode Caps,,
theme-parks-go-green,Theme Parks Go Green,technology,Theme Parks Go Green,,
theory-of-mind-models,Theory of Mind Models,technology,Theory of Mind Models,,
therapeutics-market-value,Therapeutics market value,quantity,Therapeutics market value,,
theresa-may-successor,Theresa May successor,other,Theresa May successor,,
thermal-batteries,Thermal batteries,technology,Thermal batteries,,
thermal-storage,Thermal storage,technology,Thermal storage,,
thermo-bimetals,Thermo-bimetals,technology,Thermo-bimetals,,
thermoelectric-generators,Thermoelectric Generators,technology,Thermoelectric Generators,,
thermophotovoltaic,Thermophotovoltaic,technology,Thermophotovoltaic,,
thin-high-resolution-handheld-displays,Thin high-resolution handheld displays,technology,Thin high-resolution handheld displays,,
thinkables,Thinkables,technology,Thinkables,,
third-generation-biofuels,Third-generation biofuels,technology,Third-generation biofuels,,
third-party-verified-identities,Third-Party Verified Identities,technology,Third-Party Verified Identities,,
thorium-reactors,Thorium reactors,technology,Thorium reactor;Thorium reactors,next-gen-nuclear,
thought-detection,Thought Detection,technology,Thought Detection,,
threats-to-open-access-to-online-content,threats to open access to online content,other,threats to open access to online content,,
tiangong-space-station-completion,Tiangong space station completion,other,Tiangong space station completion,,
tidal-turbines,Tidal turbines,technology,Tidal Turbines;Tidal turbines,,
tik-tok-boom,Tik Tok boom,risk,Tik Tok boom,,
tiktok-recommendation-algorithms,TikTok recommendation algorithms,technology,TikTok recommendation algorithms,,
time-spent-gaming,Time spent gaming,quantity,Time spent gaming,,
time-spent-online,Time spent online,quantity,Time spent online,,
tiny-ai,Tiny AI,technology,Tiny AI,on-device-machine-learning,
tiny-flying-weapons,Tiny flying weapons,technology,Tiny flying weapons,,
tissue-embedded-sensors,Tissue-embedded sensors,technology,Tissue-embedded sensors,,
tissue-regeneration,Tissue regeneration,technology,Tissue regeneration,,
tmt-divestitures,TMT divestitures,technology,TMT divestitures,,
token-economics,Token Economics,technology,Token Economics,,
tokenization-of-tradfi-digital-assets-and-security-tokens,"Tokenization of TradFi, Digital Assets & Security Tokens",technology,"Tokenization of TradFi, Digital Assets & Security Tokens",,
tokenization-of-unconventional-assets,Tokenization of unconventional assets,technology,Tokenization of unconventional assets,,
tokenized-assets,Tokenized assets,quantity,Tokenized Assets;Tokenized assets,,
tokenized-government-bonds,Tokenized government bonds,technology,Tokenized government bonds,,
tokenized-loyalty-programs,Tokenized Loyalty Programs,technology,Tokenized Loyalty Programs,,
tokenized-personalized-wealth-management,Tokenized personalized wealth management,technology,Tokenized personalized wealth management,,
tokenizing-value,Tokenizing Value,technology,Tokenizing Value,,
tokenomics,Tokenomics,technology,Tokenomics,,
tokens-for-smart-royalties-and-freelancers,Tokens For Smart Royalties and Freelancers,technology,Tokens For Smart Royalties and Freelancers,,
tokyo-olympics-and-euro-2020-held-in-2020,Tokyo Olympics and Euro 2020 held in 2020,other,Tokyo Olympics and Euro 2020 held in 2020,,
tools-for-detecting-copyright-violations-in-ai-outputs,Tools for Detecting Copyright Violations in AI Outputs,technology,Tools for Detecting Copyright Violations in AI Outputs,,
tools-for-exposing-deepfakes,Tools for Exposing Deepfakes,technology,Tools for Exposing Deepfakes,,
tools-for-identifying-ai-generated-writing,Tools for Identifying AI-Generated Writing,technology,Tools for Identifying AI-Generated Writing,,
tools-for-upskilling,Tools For Upskilling,technology,Tools For Upskilling,,
tools-giving-consumers-instant-professional-quality-output,Tools giving consumers instant professional-quality output,other,Tools giving consumers instant professional-quality output,,
tools-to-combat-broadly-malicious-ai-behavior,Tools to Combat Broadly Malicious AI Behavior,technology,Tools to Combat Broadly Malicious AI Behavior,,
tools-to-manage-digital-identity-and-assets,Tools to Manage Digital Identity and Assets,technology,Tools to Manage Digital Identity and Assets,,
tools-to-thwart-recognition-systems,Tools to Thwart Recognition Systems,technology,Tools to Thwart Recognition Systems,,
torrents,Torrents,technology,Torrents,,
touch-recognition,Touch Recognition,technology,Touch Recognition,,
touch-sensitive-materials,Touch-Sensitive Materials,technology,Touch-Sensitive Materials,,
touch-sensitive-prosthetics,Touch-Sensitive Prosthetics,technology,Touch-Sensitive Prosthetics,,
touchless-kinetic-musical-interfaces,Touchless kinetic musical interfaces,technology,Touchless kinetic musical interfaces,,
touchscreens-and-personal-screens,Touchscreens and personal screens,other,Touchscreens and personal screens,,
tpus-tensor-processing-units,TPUs (Tensor Processing Units),technology,TPUs (Tensor Processing Units),,
tpv-batteries,TPV Batteries,technology,TPV Batteries,,
trackers-everywhere,Trackers Everywhere,technology,Trackers Everywhere,,
tracking-intangible-value,Tracking Intangible Value,technology,Tracking Intangible Value,,
tracking-platforms,Tracking Platforms,technology,Tracking Platforms,,
traditional-tv-viewing-uk,Traditional TV viewing (UK),technology,Traditional TV viewing (UK),,
training-biocomputers-to-learn-new-skills,Training Biocomputers to Learn New Skills,technology,Training Biocomputers to Learn New Skills,,
training-language-models-to-achieve-scale,Training Language Models to Achieve Scale,technology,Training Language Models to Achieve Scale,,
trains,Trains,technology,Trains,,
trans-pacific-partnership-agreement,Trans-Pacific Partnership agreement,other,Trans-Pacific Partnership agreement,,
transactions-from-anywhere,Transactions From Anywhere,technology,Transactions From Anywhere,,
transcranial-magnetic-stimulation,Transcranial magnetic stimulation,technology,Transcranial magnetic stimulation,,
transfer-learning,Transfer Learning,technology,Transfer Learning,,
transitioning-to-textless-nlp,Transitioning to Textless NLP,technology,Transitioning to Textless NLP,,
translating-telephone,Translating telephone,technology,Translating telephone,,
translating-telephone-apps,Translating telephone apps,technology,Translating telephone apps,,
transparency-exposing-internal-company-culture-metoo,Transparency exposing internal company culture (#MeToo),other,Transparency exposing internal company culture (#MeToo),,
transparency-in-metrics,Transparency in Metrics,technology,Transparency in Metrics,,
transparency-versus-privacy,transparency versus privacy,other,transparency versus privacy,,
transportation-as-a-service,Transportation-as-a-Service,technology,Transportation-as-a-Service,,
transportation-as-a-service-business-models,Transportation as a Service Business Models,technology,Transportation as a Service Business Models;Transportation-as-a-Service Business Models,,
transportation-trends,Transportation Trends,technology,Transportation Trends,,
travel-to-mars,Travel to Mars,technology,Travel to Mars,,
traveling-wave-reactor,Traveling wave reactor,technology,Traveling wave reactor;Traveling-Wave Reactor,next-gen-nuclear,
trigger-warnings,Trigger Warnings,technology,Trigger Warnings,,
triple-play-bundles,Triple-play bundles,technology,Triple-play bundles,,
trolls,Trolls,technology,Trolls,,
true-to-reality-simulations,True-To-Reality Simulations,technology,True-To-Reality Simulations,,
trump-fails,Trump fails,risk,Trump fails,,
trump-impeachment-and-senate-acquittal,Trump impeachment and Senate acquittal,other,Trump impeachment and Senate acquittal,,
trump-s-friends-in-trouble,Trump's friends in trouble,risk,Trump's friends in trouble,,
trump-white-house,Trump White House,risk,Trump White House,,
trumponomics,Trumponomics,risk,Trumponomics,,
trust-building-perks-in-travel,Trust-building perks in travel,other,Trust-building perks in travel,,
trust-in-autonomous-systems,Trust in autonomous systems,technology,Trust in autonomous systems,,
trust-in-media,Trust in Media,technology,Trust in Media,,
trust-minimized-infrastructure-development,Trust-Minimized Infrastructure Development,technology,Trust-Minimized Infrastructure Development,,
trust-protection-failures,Trust protection failures,technology,Trust protection failures,,
trusted-computing-platforms,Trusted Computing Platforms,technology,Trusted Computing Group;Trusted Computing Platforms,,
trustworthy-ai,Trustworthy AI,technology,Trustworthy AI,,
truth-decay-in-an-era-of-synthetic-media,Truth Decay in an Era of Synthetic Media,technology,Truth Decay in an Era of Synthetic Media,,
truth-verification,Truth Verification,technology,Truth Verification,,
trying-to-predict-sea-level-rise,Trying to Predict Sea Level Rise,technology,Trying to Predict Sea Level Rise,,
trying-to-regulate-big-tech,Trying To Regulate Big Tech,technology,Trying To Regulate Big Tech,,
turing-test-passed,Turing test passed,technology,Turing test passed,,
turkey,Turkey,risk,Turkey,,
turkish-and-nigerian-presidential-elections,Turkish and Nigerian presidential elections,other,Turkish and Nigerian presidential elections,,
turning-plastics-into-fuel,Turning Plastics Into Fuel,technology,Turning Plastics Into Fuel,,
turnkey-consumer-grade-application-development,Turnkey Consumer-Grade Application Development,technology,Turnkey Consumer-Grade Application Development,,
tv-advertising,TV advertising,technology,TV advertising,,
tv-audience-measurement,TV audience measurement,technology,TV audience measurement,,
tv-remote-control-and-gesture-voice-interfaces,TV remote control and gesture/voice interfaces,technology,TV remote control and gesture/voice interfaces,,
tv-viewing-time,TV viewing time,technology,TV viewing time,,
twitter-killers,Twitter killers,technology,Twitter killers,,
two-factor-biometric-authentication,Two-Factor Biometric Authentication,technology,Two-Factor Biometric Authentication,,
two-factor-biometric-based-authentication,Two-factor Biometric-based Authentication,technology,Two-factor Biometric-based Authentication,,
two-steps-greener-one-step-back,"Two steps greener, one step back",risk,"Two steps greener, one step back",,
two-way-translating-telephones-common,Two-way translating telephones common,technology,Two-way translating telephones common,,
u-s-mobile-commerce,U.S. mobile commerce,technology,U.S. mobile commerce,,
u-s-multiculturalism-an-asset,U.S. multiculturalism an asset,technology,U.S. multiculturalism an asset,,
u-s-still-global-economic-leader,U.S. still global economic leader,technology,U.S. still global economic leader,,
uber-for-x,Uber for X,technology,Uber for X,,
ubiquitous-computers-in-education,Ubiquitous computers in education,technology,Ubiquitous computers in education,,
ubiquitous-computing,Ubiquitous Computing,technology,Ubiquitous Computing,,
ubiquitous-digital-assistants,Ubiquitous Digital Assistants,technology,Ubiquitous Digital Assistants,,
ubiquitous-digital-assistants-get-smarter,Ubiquitous Digital Assistants Get Smarter,technology,Ubiquitous Digital Assistants Get Smarter,,
ubiquitous-high-bandwidth-communication,Ubiquitous high-bandwidth communication,technology,Ubiquitous high-bandwidth communication,,
ubiquitous-online-access-mobile-broadband-inflight-internet,"Ubiquitous online access (mobile broadband, inflight internet)",other,"Ubiquitous online access (mobile broadband, inflight internet)",,
ubiquitous-sensor-distribution,Ubiquitous Sensor Distribution,technology,Ubiquitous Sensor Distribution,,
ubiquity-of-intelligent-virtual-assistants,Ubiquity of intelligent virtual assistants,technology,Ubiquity of intelligent virtual assistants,,
ubiquity-of-online-transactions,Ubiquity of online transactions,technology,Ubiquity of online transactions,,
uhv-power-lines,UHV Power Lines,technology,UHV Power Lines,,
uk-general-election,UK general election,other,UK general election,,
uk-general-election-1992,UK general election 1992,other,UK general election 1992,,
uk-labour-leadership,UK Labour leadership,other,UK Labour leadership,,
uk-stagflation,UK stagflation,other,UK stagflation,,
ukraine,Ukraine,risk,Ukraine,,
ukraine-russia-deal-under-us-pressure,Ukraine-Russia deal under US pressure,other,Ukraine-Russia deal under US pressure,,
ultra-capacitors,Ultra-capacitors,technology,Ultra-capacitors,,
ultra-efficient-solar,Ultra-Efficient Solar,technology,Ultra-Efficient Solar,,
ultra-efficient-solar-power,Ultra-Efficient Solar Power,technology,Ultra-Efficient Solar Power,,
ultra-high-voltage-direct-current-and-macro-grids,Ultra-High-Voltage Direct Current and Macro Grids,technology,Ultra-High-Voltage Direct Current and Macro Grids,,
ultra-high-voltage-power-lines,Ultra-High-Voltage Power Lines,technology,Ultra-High-Voltage Power Lines,,
ultra-long-read-sequencing-becomes-mainstream,Ultra-Long-Read Sequencing Becomes Mainstream,technology,Ultra-Long-Read Sequencing Becomes Mainstream,,
ultra-long-space-missions,Ultra-Long Space Missions,technology,Ultra-Long Space Missions,,
ultra-white-paint,Ultra-White Paint,technology,Ultra-White Paint,,
ultraprivate-phones,Ultraprivate Phones,technology,Ultraprivate Phones,,
ultraprivate-smartphones,Ultraprivate Smartphones,technology,Ultraprivate Smartphones,,
ultrasound-stickers,Ultrasound Stickers,technology,Ultrasound Stickers,,
ultrawideband,Ultrawideband,technology,UWB/803.15.3a/WiMedia;Ultrawideband,,
unbranded-technology-products,Unbranded technology products,technology,Unbranded technology products,,
unbreakable-encryption-is-popular,Unbreakable encryption is popular,technology,Unbreakable encryption is popular,,
unbundling-of-online-classifieds,Unbundling of online classifieds,technology,Unbundling of online classifieds,,
unconventional-sustainable-supply-chains,Unconventional sustainable supply chains,other,Unconventional sustainable supply chains,,
uncovering-hidden-bias-in-ai,Uncovering Hidden Bias in AI,technology,Uncovering Hidden Bias in AI,,
underclass-neutralized-by-welfare-state,Underclass neutralized by welfare state,technology,Underclass neutralized by welfare state,,
underdeveloped-africa,Underdeveloped Africa,risk,Underdeveloped Africa,,
underground-cities,Underground Cities,technology,Underground Cities,,
underground-climate-change,Underground Climate Change,technology,Underground Climate Change,,
undersea-fiber-brought-to-you-by-big-tech,"Undersea Fiber, Brought To You By Big Tech",technology,"Undersea Fiber, Brought To You By Big Tech",,
undocumented-ai-accidents,Undocumented AI Accidents,technology,Undocumented AI Accidents,,
undocumented-ai-accidents-on-the-rise,Undocumented AI Accidents on the Rise,technology,Undocumented AI Accidents on the Rise,,
unemployment-and-underemployment,Unemployment and underemployment,risk,Structurally high unemployment/underemployment;Unemployment;Unemployment and underemployment,,
unexpected-immersive-brand-communication,"Unexpected, immersive brand communication",other,"Unexpected, immersive brand communication",,
ungoverned-ai,Ungoverned AI,risk,Ungoverned AI,,
ungoverned-spaces,Ungoverned spaces,risk,Ungoverned spaces,,
unhackable-internet,Unhackable internet,technology,Unhackable internet,,
unified-ai-platforms,Unified AI platforms,technology,Unified AI platforms,,
unified-communications,Unified Communications,technology,Unified Communications,,
unified-learning-processes,Unified Learning Processes,technology,Unified Learning Processes,,
unified-omnichannel-management,Unified Omnichannel Management,technology,Unified Omnichannel Management,,
unique-and-innovative-partnerships,Unique and Innovative Partnerships,technology,Unique and Innovative Partnerships,,
united-arab-emirates-balancing-innovation-with-guidelines,United Arab Emirates: Balancing Innovation with Guidelines,technology,United Arab Emirates: Balancing Innovation with Guidelines,,
united-kingdom,United Kingdom,risk,United Kingdom,,
united-kingdom-cpi-inflation,United Kingdom CPI inflation,quantity,CPI inflation,,"Consumer prices index, calendar-year percentage change on a year earlier."
united-kingdom-public-sector-net-borrowing,United Kingdom public sector net borrowing,quantity,public sector net borrowing,,Fiscal year April to March. Stated in GBP billion or percent of GDP; each claim carries its unit.
united-kingdom-real-gdp-growth,United Kingdom real GDP growth,quantity,real GDP growth,,"Real GDP growth, calendar-year annual average over the previous year, percent. Not Q4-over-Q4 growth (the Fed SEP measure), which needs its own subject."
united-states,United States,risk,United States,,
united-states-10-year-treasury-rate,United States 10-year Treasury note rate,quantity,"10-year Treasury note rate;10-year Treasury note rate, average",,Calendar-year average of the 10-year Treasury note rate.
united-states-aaa-corporate-bond-rate,United States Aaa corporate bond rate,quantity,"Aaa corporate bond rate, average",,Calendar-year average.
united-states-accelerating-ai-fast,United States: Accelerating AI Fast,technology,United States: Accelerating AI Fast,,
united-states-core-pce-inflation-q4-over-q4,"United States core PCE inflation, Q4 over Q4",quantity,core PCE inflation,united-states-pce-inflation-q4-over-q4,"PCE price index excluding food and energy, fourth quarter over fourth quarter."
united-states-cpi-inflation,"United States CPI-U inflation, annual average",quantity,"CPI inflation, average;CPI-U inflation",united-states-pce-inflation-q4-over-q4,"Consumer price index for all urban consumers, calendar-year average over the previous year."
united-states-federal-budget-deficit,United States federal budget deficit,quantity,federal budget deficit,,"Federal surplus or deficit, fiscal year (October to September), billion USD; negative is a deficit."
united-states-federal-funds-rate-year-end,United States federal funds rate at year end,quantity,federal funds rate,,"Target level, or midpoint of the target range, at the end of the year."
united-states-pce-inflation-q4-over-q4,"United States PCE inflation, Q4 over Q4",quantity,PCE inflation,united-states-core-pce-inflation-q4-over-q4;united-states-cpi-inflation,"Percent change in the PCE price index, fourth quarter over fourth quarter."
united-states-real-gdp-growth,United States real GDP growth,quantity,"real GDP growth;real GDP growth, average",us-gdp;united-states-real-gdp-growth-q4-over-q4;united-states-real-gnp-growth,"Real GDP growth, calendar-year annual average over the previous year, percent. Not Q4-over-Q4 growth (the Fed SEP measure), which needs its own subject."
united-states-real-gdp-growth-q4-over-q4,"United States real GDP growth, Q4 over Q4",quantity,real GDP growth,united-states-real-gdp-growth,Percent change in real GDP from the fourth quarter of the previous year to the fourth quarter of the year (Fed SEP measure). Not the annual-average measure.
united-states-real-gnp-growth,United States real GNP growth,quantity,"real GNP growth, average",united-states-real-gdp-growth,"Real gross national product, the headline output measure before 1992."
united-states-unemployment-rate,"United States unemployment rate, annual average",quantity,unemployment rate,united-states-unemployment-rate-q4,"Civilian unemployment rate, calendar-year average (CBO measure)."
united-states-unemployment-rate-q4,"United States unemployment rate, Q4 average",quantity,unemployment rate,united-states-unemployment-rate,Average civilian unemployment rate in the fourth quarter of the year (Fed SEP measure).
universal-authentication,Universal Authentication,technology,Universal Authentication,,
universal-basic-income,Universal basic income,technology,Universal Basic Income;Universal basic income,,
universal-basic-income-ubi,Universal Basic Income (UBI),technology,Universal Basic Income (UBI),,
universal-cancer-vaccines,Universal Cancer Vaccines,technology,Universal Cancer Vaccines,,
universal-genetic-databases,Universal Genetic Databases,technology,Universal Genetic Databases,,
universal-memory,Universal Memory,technology,Universal Memory,,
universe-mapping,Universe Mapping,technology,Universe Mapping,,
unlimited-mobile-data-plans,Unlimited mobile data plans,technology,Unlimited mobile data plans,,
unlocking-bioinformatics-data,Unlocking Bioinformatics Data,technology,Unlocking Bioinformatics Data,,
unmanned-drones-the-size-of-birds-or-smaller,Unmanned drones the size of birds or smaller,technology,Unmanned drones the size of birds or smaller,,
unmanned-intelligent-flying-drones-dominate,Unmanned intelligent flying drones dominate,technology,Unmanned intelligent flying drones dominate,,
unmanned-traffic-management,Unmanned Traffic Management,technology,Unmanned Traffic Management,,
unpiloted-military-vehicles,Unpiloted Military Vehicles,technology,Unpiloted Military Vehicles,,
unpredictable-leaders,Unpredictable leaders,risk,Unpredictable leaders,,
unpredictable-sea-level-rise,Unpredictable Sea Level Rise,technology,Unpredictable Sea Level Rise,,
unregulated-pet-cloning,Unregulated Pet Cloning,technology,Unregulated Pet Cloning,,
untangling-code,Untangling Code,technology,Untangling Code,,
upcycled-and-circular-fashion,Upcycled and Circular Fashion,technology,Upcycled and Circular Fashion,,
updating-post-quantum-cryptography-standards,Updating Post-Quantum Cryptography Standards,technology,Updating Post-Quantum Cryptography Standards,,
upgrading-babies,Upgrading Babies,technology,Upgrading Babies,,
upgrading-embryos-before-birth,Upgrading Embryos Before Birth,technology,Upgrading Embryos Before Birth,,
upgrading-photosynthesis,Upgrading Photosynthesis,technology,Upgrading Photosynthesis,,
uploading-photos-to-law-enforcement-databases,Uploading Photos To Law Enforcement Databases,technology,Uploading Photos To Law Enforcement Databases,,
upskilling,Upskilling,technology,Upskilling,,
upskilling-for-ai,Upskilling for AI,technology,Upskilling for AI,,
urban-planning-for-multi-use-roads,Urban Planning for Multi-Use Roads,technology,Urban Planning for Multi-Use Roads,,
urbanization,urbanization,other,urbanization,,
urbanization-and-urban-consumers,Urbanization and urban consumers,other,Urbanization and urban consumers,,
us,US,risk,US,,
us-and-china-rate-cuts-ecb-bond-purchases,US and China rate cuts; ECB bond purchases,other,US and China rate cuts; ECB bond purchases,,
us-and-european-recessions,US and European recessions,other,US and European recessions,,
us-and-global-election-security,US and Global Election Security,technology,U.S. and Global Election Security;US and Global Election Security,,
us-as-input,Us as Input,technology,Us as Input,,
us-battery-factories,US battery factories,technology,US battery factories,,
us-china,US-China,risk,US-China;US/China,,
us-china-breakdown,US-China breakdown,risk,US-China breakdown,,
us-china-crisis,US-China crisis,risk,US-China crisis,,
us-china-relations,US-China relations,risk,US-China relations,,
us-china-relations-1993,US-China relations 1993,other,US-China relations 1993,,
us-china-tensions-broaden,US-China tensions broaden,risk,US-China tensions broaden,,
us-china-trade-war-under-biden,US-China trade war under Biden,other,US-China trade war under Biden,,
us-chips-act,US Chips Act,technology,US Chips Act,,
us-crispr-human-trials-enter-new-era-of-safety-protocols,US: CRISPR Human Trials Enter New Era of Safety Protocols,technology,US: CRISPR Human Trials Enter New Era of Safety Protocols,,
us-crypto-market-structure-legislation,US crypto market structure legislation,technology,US crypto market structure legislation,,
us-domestic-policy,US domestic policy,risk,US domestic policy,,
us-domestic-politics,US domestic politics,risk,US domestic politics,,
us-economic-expansion-record,US economic expansion record,other,US economic expansion record,,
us-elections,US elections,risk,US elections,,
us-electricity-sales,US electricity sales,quantity,Total electricity sales;Total electricity sales excluding direct use,,"EIA total electricity sales (from AEO Retrospective 2022: excluding direct use), billion kWh."
us-energy-co2-emissions,US energy-related CO2 emissions,quantity,Energy-related carbon dioxide emissions;Total carbon dioxide emissions;Total energy-related carbon dioxide emissions,,"EIA total energy-related carbon dioxide emissions, million metric tons."
us-energy-independence,US energy independence,other,US energy independence,,
us-federal-budget-deficit,US federal budget deficit,other,US federal budget deficit,,
us-financial-regulation,US financial regulation,risk,US financial regulation,,
us-gdp,US GDP,quantity,US GDP,united-states-real-gdp-growth,
us-global-role,US global role,other,US global role,,
us-gradual-balancing-of-accounts,US: Gradual balancing of accounts,risk,US: Gradual balancing of accounts,,
us-gridlock,US gridlock,risk,US gridlock,,
us-imported-crude-oil-price-nominal,"US imported crude oil price, nominal",quantity,"Imported crude oil price (IRAC), nominal;Imported refiner acquisition cost of crude oil (nominal $);World oil prices (imported refiner acquisition cost of crude oil, IRAC)",us-imported-crude-oil-price-real,"EIA imported refiner acquisition cost of crude oil (earlier 'world oil price'), nominal USD per barrel."
us-imported-crude-oil-price-real,"US imported crude oil price, real",quantity,"Imported crude oil price (IRAC), real;Imported refiner acquisition cost of crude oil (constant $)",us-imported-crude-oil-price-nominal,EIA imported refiner acquisition cost of crude oil in constant dollars. The dollar year differs by edition; each claim carries its unit.
us-inflation-after-tariffs,US inflation after tariffs,other,US inflation after tariffs,,
us-iran-relations,US-Iran relations,risk,US-Iran relations,,
us-midterm-elections,US midterm elections,other,US midterm elections,,
us-midterm-elections-2018-house,US midterm elections 2018 (House),other,US midterm elections 2018 (House),,
us-midterms,US midterms,risk,US midterms,,
us-military,US military,other,US military,,
us-millennials-outnumber-baby-boomers,US millennials outnumber baby-boomers,other,US millennials outnumber baby-boomers,,
us-natural-gas-price-electric-power-nominal,"US natural gas price to the electric power sector, nominal",quantity,"Natural gas price, electric power sector (nominal $);Natural gas price, electric power sector, nominal",us-natural-gas-price-electric-power-real;us-natural-gas-wellhead-price-nominal,"EIA natural gas price, electric power sector, nominal. Unit differs by retrospective (per million Btu or per thousand cubic feet)."
us-natural-gas-price-electric-power-real,"US natural gas price to the electric power sector, real",quantity,"Natural gas price, electric power sector (constant $);Natural gas price, electric power sector, real",us-natural-gas-price-electric-power-nominal,"EIA natural gas price, electric power sector, constant dollars. Dollar year and unit differ by retrospective."
us-natural-gas-wellhead-price-nominal,"US natural gas wellhead price, nominal",quantity,Natural gas wellhead prices,us-natural-gas-price-electric-power-nominal,"EIA natural gas wellhead price, nominal USD per thousand cubic feet. No longer reported after 2012."
us-petroleum-liquids-consumption,US petroleum and other liquids consumption,quantity,Total petroleum and other liquids consumption;Total petroleum consumption,,EIA total petroleum (and other liquids) consumption. The unit changes between retrospectives (million barrels per day or per year); each claim carries its unit.
us-political-revolution,US political revolution,risk,US political revolution,,
us-post-election-violence,US post-election violence,other,US post-election violence,,
us-presidential-election-1992,US presidential election 1992,other,US presidential election 1992,,
us-presidential-election-2004,US presidential election 2004,other,US presidential election 2004,,
us-presidential-election-2008,US presidential election 2008,other,US presidential election 2008,,
us-presidential-election-2016,US presidential election 2016,other,US presidential election 2016,,
us-presidential-election-2020,US presidential election 2020,other,US presidential election 2020,,
us-presidential-election-2024,US presidential election 2024,other,US presidential election 2024,,
us-recession,US recession,other,US recession,,
us-recession-timing,US recession timing,other,US recession timing,,
us-solar-generation,US solar electricity generation,quantity,Solar net generation (all sectors),,"EIA solar net generation, all sectors, billion kWh."
us-soviet-arms-control-1987,US-Soviet arms control 1987,other,US-Soviet arms control 1987,,
us-tariffs-on-china-and-allies,US tariffs on China and allies,other,US tariffs on China and allies,,
us-tightening-rules-on-lab-grown-meat-and-modified-crops,US: Tightening Rules on Lab-Grown Meat and Modified Crops,technology,US: Tightening Rules on Lab-Grown Meat and Modified Crops,,
us-total-energy-consumption,US total energy consumption,quantity,Total energy consumption;Total energy consumption (all sectors),,"EIA total energy consumption, all sectors, quadrillion Btu."
us-transportation-energy-consumption,US transportation energy consumption,quantity,Total delivered transportation energy consumption;Total transportation energy consumption,,"EIA total (delivered) transportation energy consumption, quadrillion Btu."
us-unsustainable-deficit-impacts-growth,US: Unsustainable deficit impacts growth,risk,US: Unsustainable deficit impacts growth,,
us-vs-rest-of-world-stockmarkets,US vs rest-of-world stockmarkets,other,US vs rest-of-world stockmarkets,,
us-wind-generation,US wind electricity generation,quantity,Wind net generation (all sectors),,"EIA wind net generation, all sectors, billion kWh."
usage-based-compensation-for-web-content-used-by-ai,Usage-based compensation for web content used by AI,technology,Usage-based compensation for web content used by AI,,
usage-based-data-pricing,Usage-based data pricing,technology,Usage-based data pricing,,
usd-1-000-computer-with-human-brain-capacity,"USD 1,000 computer with human brain capacity",technology,"USD 1,000 computer with human brain capacity",,
usd-4-000-device-equals-human-brain-capacity,"USD 4,000 device equals human brain capacity",technology,"USD 4,000 device equals human brain capacity",,
used-smartphones,Used smartphones,technology,Used smartphones,,
user-direct-media-formats,User-Direct Media Formats,technology,User-Direct Media Formats,,
user-directed-media-formats,User Directed Media Formats,technology,User Directed Media Formats,,
user-empowerment-consumerization-of-it,User empowerment (consumerization of IT),technology,User empowerment (consumerization of IT),,
user-engagement-and-enterprise-user-experience,User engagement and enterprise user experience,technology,User engagement and enterprise user experience,,
user-experience-and-natural-interfaces,User experience and natural interfaces,technology,User experience and natural interfaces,,
user-experience-first-crypto-product-design,User-experience-first crypto product design,technology,User-experience-first crypto product design,,
user-generated-content,User-generated content,technology,User-generated content,,
user-generated-content-game-development,User-generated content game development,technology,User-generated content game development,,
user-generated-content-monetization,User-generated content monetization,technology,User-generated content monetization,,
user-generated-game-content,User-generated game content,technology,User-generated game content,,
user-interface-simplicity,User interface simplicity,technology,User interface simplicity,,
users-servers-store-virtual-reality-environments,Users’ servers store virtual reality environments,technology,Users’ servers store virtual reality environments,,
using-a-i-in-critical-systems,Using A.I. in Critical Systems,technology,Using A.I. in Critical Systems,,
using-a-i-to-speed-the-process-of-scientific-discovery,Using A.I. to Speed the Process of Scientific Discovery,technology,Using A.I. to Speed the Process of Scientific Discovery,,
using-ai-to-improve-talk-therapy,Using AI to Improve Talk Therapy,technology,Using AI to Improve Talk Therapy,,
using-crispr-for-sustainable-wood-production,Using CRISPR for Sustainable Wood Production,technology,Using CRISPR for Sustainable Wood Production,,
using-dna-to-store-data,Using DNA to Store Data,technology,Using DNA to Store Data,,
using-geothermal-for-energy-storage,Using Geothermal for Energy Storage,technology,Using Geothermal for Energy Storage,,
using-live-organisms-ethically,Using Live Organisms (Ethically),technology,Using Live Organisms (Ethically),,
using-our-dna-as-hard-drives,Using Our DNA As Hard Drives,technology,Using Our DNA As Hard Drives,,
using-synthetic-media-to-get-around-copyright-laws,Using Synthetic Media to get around Copyright Laws,technology,Using Synthetic Media to Get Around Copyright Laws;Using Synthetic Media to get around Copyright Laws,,
using-synthetic-media-to-skirt-copyright-laws,Using Synthetic Media to Skirt Copyright Laws,technology,Using Synthetic Media to Skirt Copyright Laws,,
using-the-coldness-of-outer-space,Using the Coldness of Outer Space,technology,Using the Coldness of Outer Space,,
using-the-human-genome-map,Using the Human Genome Map,technology,Using the Human Genome Map,,
using-viruses-to-deliver-big-dna-payloads,Using Viruses to Deliver Big DNA Payloads,technology,Using Viruses to Deliver Big DNA Payloads,,
utility-fog,Utility fog,technology,Utility fog,,
utility-scale-energy-storage-cost,Utility-scale energy storage cost,quantity,Utility-scale energy storage cost,,
utilizing-mobility-data,Utilizing Mobility Data,technology,Utilizing Mobility Data,,
vaccine-diplomacy,Vaccine Diplomacy,technology,Vaccine Diplomacy,,
vaccine-nationalism,Vaccine Nationalism,technology,Vaccine Nationalism,,
vaccine-passports,Vaccine Passports,technology,Vaccine Passports,,
value-based-care-technology-stack,Value-based care technology stack,technology,Value-based care technology stack,,
value-based-enterprise-software-sales,Value-based enterprise software sales,technology,Value-based enterprise software sales,,
value-stream-management-platforms,Value Stream Management Platforms,technology,Value Stream Management Platforms,,
values-based-rather-than-demographic-segmentation,Values-based rather than demographic segmentation,other,Values-based rather than demographic segmentation,,
vanishing-messages,Vanishing Messages,technology,Vanishing Messages,,
vaping-and-e-cigarettes,Vaping and E-cigarettes,technology,Vaping and E-cigarettes,,
variable-rate-swath-control,Variable rate swath control,technology,Variable rate swath control,,
vasimr,VASIMR,technology,VASIMR,,
vast-differences-in-verification-systems,Vast Differences in Verification Systems,technology,Vast Differences in Verification Systems,,
vat-carousel-fraud,VAT carousel fraud,technology,VAT carousel fraud,,
vector-databases,Vector Databases,technology,Vector Databases,,
vehicle-miles-traveled,Vehicle miles traveled,quantity,Vehicle miles traveled,,
vehicle-to-vehicle-communications,Vehicle-to-Vehicle Communications,technology,Vehicle-to-Vehicle Communications,,
vehicles,vehicles,quantity,vehicles,,
vehicular-biospheres,Vehicular Biospheres,technology,Vehicular Biospheres,,
venezuela,Venezuela,risk,Venezuela,,
venezuelan-presidential-election-2018,Venezuelan presidential election 2018,other,Venezuelan presidential election 2018,,
vera-c-rubin-observatory,Vera C. Rubin Observatory,technology,Vera C. Rubin Observatory,,
verifiable-delay-function-vdf-hardware,Verifiable delay function (VDF) hardware,technology,Verifiable delay function (VDF) hardware,,
verification,Verification,technology,Verification,,
verification-methodology,Verification Methodology,technology,Verification Methodology,,
verification-system-asymmetry,Verification System Asymmetry,technology,Verification System Asymmetry,,
verified-loyalty-programs,Verified Loyalty Programs,technology,Verified Loyalty Programs,,
vertical-earth-observation-products,Vertical Earth observation products,technology,Vertical Earth observation products,,
vertical-farming,Vertical farming,technology,Vertical agriculture;Vertical farming,,
vertical-farming-grows-up,Vertical Farming Grows Up,technology,Vertical Farming Grows Up,,
vertical-industrial-robotics,Vertical industrial robotics,technology,Vertical industrial robotics,,
vertical-integration,Vertical Integration,technology,Vertical Integration,,
vertical-integration-from-hardware-to-llms,Vertical Integration From Hardware to LLMs,technology,Vertical Integration From Hardware to LLMs,,
vertical-purpose-built-ai-applications,Vertical (purpose-built) AI applications,technology,Vertical (purpose-built) AI applications,,
vertical-wind-turbines,Vertical Wind Turbines,technology,Vertical Wind Turbines,,
very-few-transportation-accidents,Very few transportation accidents,technology,Very few transportation accidents,,
vibe-coding,Vibe Coding,technology,Vibe Coding,,
vices,Vices,technology,Vices,,
video,Video,technology,Video,,
video-analytics-for-customer-service,Video Analytics for Customer Service,technology,Video Analytics for Customer Service,,
video-calling,Video calling,technology,Video calling,,
video-conferencing,Video Conferencing,technology,Video Conferencing,,
video-downloads,Video downloads,technology,Video downloads,,
video-game-market,Video game market,technology,Video game market,,
video-game-revenue-models,Video game revenue models,technology,Video game revenue models,,
video-lessons,Video lessons,technology,Video lessons,,
video-on-demand-in-africa,Video on demand in Africa,technology,Video on demand in Africa,,
video-podcasts,Video podcasts,technology,Video podcasts,,
video-search,Video Search,technology,Video Search,,
video-telepresence,Video Telepresence,technology,Video Telepresence,telepresence,
video-telepresence-and-air-travel,Video telepresence and air travel,technology,Video telepresence and air travel,,
vinyl-records,Vinyl records,technology,Vinyl records,,
viral-sales-and-product-exposure,Viral Sales and Product Exposure,technology,Viral Sales and Product Exposure,,
virtual-acoustic-instruments,Virtual acoustic instruments,technology,Virtual acoustic instruments,,
virtual-and-augmented-reality-experiences-as-status,Virtual and augmented reality experiences as status,other,Virtual and augmented reality experiences as status,,
virtual-artists,Virtual artists,technology,Virtual artists,,
virtual-assets,Virtual Assets,technology,Virtual Assets,,
virtual-assistants,Virtual Assistants,technology,Intelligent Software Assistant;Virtual Assistants;Virtual Personal Assistants;Virtual assistants,personal-digital-assistants;smart-speakers;smooth-talking-ai-assistants;virtual-personal-assistants-in-business,
virtual-brand-characters-and-avatars,Virtual brand characters and avatars,other,Virtual brand characters and avatars,,
virtual-crime,Virtual Crime,technology,Virtual Crime,,
virtual-currencies,Virtual currencies,technology,Virtual currencies,cryptocurrencies,
virtual-events-and-gatherings,Virtual events and gatherings,other,Virtual events and gatherings,,
virtual-events-on-game-platforms-roblox-fortnite,"Virtual events on game platforms (Roblox, Fortnite)",other,"Virtual events on game platforms (Roblox, Fortnite)",,
virtual-experience-software-top-entertainment,Virtual-experience software top entertainment,technology,Virtual-experience software top entertainment,,
virtual-experiences,Virtual experiences,technology,Virtual experiences,,
virtual-fantasy-worlds,Virtual fantasy worlds,technology,Virtual fantasy worlds,,
virtual-meetings,Virtual meetings,technology,Virtual meetings,,
virtual-parallel-supercomputers,Virtual parallel supercomputers,technology,Virtual parallel supercomputers,,
virtual-personal-assistants-in-business,Virtual personal assistants in business,technology,Virtual personal assistants in business,virtual-assistants,
virtual-possessions-and-ownership,Virtual Possessions and Ownership,technology,Virtual Possessions and Ownership,,
virtual-power-plants,Virtual Power Plants,technology,Virtual Power Plants,,
virtual-private-networks,Virtual private networks,technology,Virtual private networks,,
virtual-production,Virtual production,technology,Virtual production,,
virtual-property,Virtual property,technology,Virtual property,,
virtual-reality,Virtual Reality,technology,Immersive virtual reality;Virtual Reality;Virtual reality,ar-and-vr-market;extended-reality-headsets;mixed-reality;oculus-rift,
virtual-reality-chat-rooms,Virtual reality chat rooms,technology,Virtual reality chat rooms,,
virtual-reality-concerts,Virtual Reality Concerts,technology,Virtual Reality Concerts,,
virtual-reality-productivity-and-addiction,virtual reality productivity and addiction,other,virtual reality productivity and addiction,,
virtual-sex-limited-by-virtual-touch-technology,Virtual sex limited by virtual-touch technology,technology,Virtual sex limited by virtual-touch technology,,
virtual-sex-partners-on-the-rise,Virtual sex partners on the rise,technology,Virtual sex partners on the rise,,
virtual-sexual-encounters,Virtual sexual encounters,technology,Virtual sexual encounters,,
virtual-tactile-environments,Virtual tactile environments,technology,Virtual tactile environments,,
virtual-trainers,Virtual Trainers,technology,Virtual Trainers,,
virtual-training-for-real-world-jobs,Virtual Training for Real World Jobs,technology,Virtual Training For Real-World Jobs;Virtual Training for Real World Jobs,,
virtual-triage,Virtual triage,technology,Virtual triage,,
virtual-workspaces-in-the-metaverse,Virtual workspaces in the metaverse,technology,Virtual workspaces in the metaverse,,
virtual-worlds,Virtual Worlds,technology,Public Virtual Worlds;Virtual Environments/Virtual Worlds;Virtual Worlds;Virtual worlds,,
virtual-worlds-revenue,Virtual worlds revenue,quantity,Virtual worlds revenue,,
virtualization,Virtualization,technology,Virtualization,,
visibility-track-and-trace,Visibility Track and Trace,technology,Visibility Track and Trace,,
visible-sustainability-in-beauty,Visible sustainability in beauty,other,Visible sustainability in beauty,,
visibly-eco-friendly-products-as-status-markers,Visibly eco-friendly products as status markers,other,Visibly eco-friendly products as status markers,,
vision-driven-leadership,Vision-driven leadership,technology,Vision-driven leadership,,
visual-and-tactile-music-for-the-deaf,Visual and tactile music for the deaf,technology,Visual and tactile music for the deaf,,
visual-and-voice-search,Visual and voice search,technology,Visual and voice search,,
visual-artists-working-digitally,Visual artists working digitally,technology,Visual artists working digitally,,
visual-commonsense-reasoning-vcr,Visual Commonsense Reasoning (VCR),technology,Visual Commonsense Reasoning (VCR),,
visual-search-and-object-recognition-point-a-phone-get-information,"Visual search and object recognition (point a phone, get information)",other,"Visual search and object recognition (point a phone, get information)",,
voice-and-ai-assistants-that-know-the-user,Voice and AI assistants that know the user,other,Voice and AI assistants that know the user,,
voice-and-touch-interfaces,voice and touch interfaces,other,voice and touch interfaces,,
voice-cloning,Voice Cloning,technology,Voice Cloning,,
voice-first-ai-applications,Voice-first AI applications,technology,Voice-first AI applications,,
voice-gesture-and-neural-interfaces,"Voice, Gesture, and Neural Interfaces",technology,"Voice, Gesture, and Neural Interfaces",,
voice-gesture-and-touchless-interfaces,"Voice, Gesture, and Touchless Interfaces",technology,"Voice, Gesture, and Touchless Interfaces",,
voice-of-society-metric,Voice of society metric,technology,Voice of society metric,,
voice-operated-assistive-technology-for-the-blind,Voice-operated assistive technology for the blind,technology,Voice-operated assistive technology for the blind,,
voice-portals,Voice Portals,technology,Voice Portals,,
voiceprints,Voiceprints,technology,Voiceprints,,
voip,VoIP,technology,VOIP;VoIP;Voice Over IP;Voice Over IP Services;Voice over IP,ip-telephony;p2p-voip,
vokenization,Vokenization,technology,Vokenization,,
volte-vowifi,VoLTE / VoWiFi,technology,VoLTE / VoWiFi,,
volumetric-3d-screens,Volumetric (3D) screens,technology,Volumetric (3D) screens,,
volumetric-and-holographic-displays,Volumetric and Holographic Displays,technology,Volumetric and Holographic Displays,holography,
volumetric-displays,Volumetric Displays,technology,Volumetric Displays,,
volumetric-video,Volumetric Video,technology,Volumetric Video,,
vr-for-marketing,VR For Marketing,technology,VR For Marketing,,
vr-headsets,VR headsets,technology,VR Headsets;VR headsets,,
vr-in-location-based-entertainment,VR in Location-Based Entertainment,technology,VR in Location-Based Entertainment,,
vr-marketing,VR Marketing,technology,VR Marketing,,
vr-only-lifeforms,VR-only lifeforms,technology,VR-only lifeforms,,
vr-therapy,VR therapy,other,VR therapy,,
vrml-avatars,VRML/Avatars,technology,VRML/Avatars,,
wall-sized-screens,Wall-sized screens,technology,Wall-sized screens,,
wap-mobile-internet,WAP mobile internet,technology,WAP mobile internet,,
war-in-ukraine-outcome,War in Ukraine outcome,other,War in Ukraine outcome,,
wars-in-ukraine-sudan-and-myanmar-continue,"Wars in Ukraine, Sudan and Myanmar continue",other,"Wars in Ukraine, Sudan and Myanmar continue",,
washington-politics,Washington Politics,risk,Washington Politics,,
waste,Waste,technology,Waste,,
waste-upcycled-into-new-product-categories,Waste upcycled into new product categories,other,Waste upcycled into new product categories,,
watches,Watches,technology,Watches,,
water-infrastructure-engineering,Water Infrastructure Engineering,technology,Water Infrastructure Engineering,,
water-resilience-and-flood-management,Water Resilience & Flood Management,technology,Water Resilience & Flood Management,,
water-scarcity,water scarcity,other,water scarcity,,
water-stress,Water stress,risk,Water stress,,
water-supply-crises,Water supply crises,risk,Water crises;Water supply crises,,
watermarking,Watermarking,technology,Watermarking,,
wave-power,Wave Power,technology,Wave Power,,
weak-incumbents,Weak Incumbents,risk,Weak Incumbents,,
weaponization-of-finance,Weaponization of Finance,risk,Weaponization of Finance,,
weaponizing-wikileaks,Weaponizing Wikileaks,technology,Weaponizing Wikileaks,,
weapons-of-mass-destruction,weapons of mass destruction,other,weapons of mass destruction,,
weapons-of-mass-disruption,Weapons of mass disruption,risk,Weapons of mass disruption,,
wearable-ai,Wearable AI,technology,Wearable AI,,
wearable-air-conditioners,Wearable Air Conditioners,technology,Wearable Air Conditioners,,
wearable-computers,Wearable Computers,technology,Wearable Computers,wearables,
wearable-data-and-sales,Wearable data and sales,technology,Wearable data and sales,,
wearable-ecosystems,Wearable Ecosystems,technology,Wearable Ecosystems,,
wearable-health-monitors,Wearable health monitors,technology,Wearable health monitors,,
wearable-intelligence,Wearable Intelligence,technology,Wearable Intelligence,,
wearable-personal-computers-and-devices,Wearable personal computers & devices,technology,Wearable personal computers & devices,,
wearable-smart-electronics,Wearable smart electronics,technology,Wearable smart electronics,,
wearables,Wearables,technology,Wearable User Interfaces;Wearables,health-wearables;smart-clothing;smart-watches;wearable-computers,
wearables-and-biointerfaces,Wearables and Biointerfaces,technology,Wearables and Biointerfaces,,
wearables-in-the-enterprise,Wearables in the enterprise,technology,Wearables in the enterprise,,
weather-engineering,Weather engineering,technology,Weather engineering,,
weather-modification,Weather Modification,technology,Weather Modification,,
web-2-0,Web 2.0,technology,Web 2.0,,
web-2-0-workplace-technologies,Web 2.0 Workplace Technologies,technology,Web 2.0 Workplace Technologies,,
web-3-0,Web 3.0,technology,Web 3.0,,
web-3-enabled-health-care-enhancements,Web 3-Enabled Health Care Enhancements,technology,Web 3-Enabled Health Care Enhancements,,
web-browsers,Web browsers,technology,Web browsers,,
web-platforms,Web Platforms,technology,Web Platforms,,
web-scale-content-analysis,Web-Scale Content Analysis,technology,Web-Scale Content Analysis,,
web-search,Web search,technology,Web search,,
web-services,Web Services,technology,Web Services;Web services,,
web-services-enabled-business-models,Web-Services-Enabled Business Models,technology,Web Services-Enabled Business Models;Web-Services-Enabled Business Models,,
web3,Web3,technology,Web3,,
web3-games,Web3 games,technology,Web3 games,,
web3-powered-education-and-skill-verification,Web3-Powered Education and Skill Verification,technology,Web3-Powered Education and Skill Verification,,
webar-webvr,WebAR/WebVR,technology,WebAR/WebVR,,
webassembly,WebAssembly,technology,WebAssembly,,
webassembly-wasm,WebAssembly (Wasm),technology,WebAssembly (Wasm),,
webrtc,WebRTC,technology,WebRTC,,
webtops,Webtops,technology,Webtops,,
weekly-code-deployment,Weekly code deployment,technology,Weekly code deployment,,
weight-loss-drugs,Weight-loss drugs,technology,Weight-loss drugs,,
weird-glitches,Weird Glitches,technology,Weird Glitches,,
wetware-biofeedback,Wetware (biofeedback),technology,Wetware (biofeedback),,
wfh-security,WFH Security,technology,WFH Security,,
white-label-payment-processing-in-latin-america,White-label payment processing in Latin America,technology,White-label payment processing in Latin America,,
wi-fi,Wi-Fi,technology,Wi-Fi,,
wi-fi-7,Wi-Fi 7,technology,Wi-Fi 7,,
wi-fi-hot-spots,Wi-Fi Hot Spots,technology,Wi-Fi Hot Spots;Wi-Fi hotspots,,
wide-bandgap-semiconductors,Wide-bandgap semiconductors,technology,Wide-bandgap semiconductors,,
widespread-cybercrime-and-cyber-insecurity,Widespread cybercrime and cyber insecurity,risk,Widespread cybercrime and cyber insecurity,cyber-attacks,
wifi-recognition,WiFi Recognition,technology,Wi-Fi Recognition;WiFi Recognition,,
wigig,WiGig,technology,WiGig,,
wikis,Wikis,technology,Wikis,,
wimax,WiMAX,technology,WiMAX,,
wind-energy,wind energy,quantity,wind energy,,
wind-replaces-batteries,Wind Replaces Batteries,technology,Wind Replaces Batteries,,
windows-8-enterprise-deployment,Windows 8 enterprise deployment,technology,Windows 8 enterprise deployment,,
wireless-body-area-networks,Wireless Body Area Networks,technology,Wireless Body Area Networks,,
wireless-charging-everywhere,Wireless Charging Everywhere,technology,Wireless Charging Everywhere,,
wireless-communications,Wireless Communications,technology,Wireless Communications,,
wireless-health-monitoring-and-life-expectancy,Wireless health monitoring and life expectancy,technology,Wireless health monitoring and life expectancy,,
wireless-inductive-vehicle-charging,Wireless Inductive Vehicle Charging,technology,Wireless Inductive Vehicle Charging,,
wireless-kitchens,Wireless Kitchens,technology,Wireless Kitchens,,
wireless-lan,Wireless LAN,technology,Wireless LAN,,
wireless-lans-802-11,Wireless LANs/802.11,technology,Wireless LANs/802.11;Wireless LANs/802.11s,,
wireless-power,Wireless Power,technology,Power from the Air;Wireless Power,inductive-chargers,
wireless-power-transfer,Wireless Power Transfer,technology,Wireless Power Transfer,,
wireless-telecom-consolidation,Wireless telecom consolidation,technology,Wireless telecom consolidation,,
wireless-web-wap,Wireless Web/WAP,technology,WAP/Wireless Web;Wireless Web/WAP,,
women,Women,technology,Women,,
women-in-it,Women in IT,technology,Women in IT,,
women-in-tech,Women in tech,technology,Women in tech,,
women-s-sports,Women's sports,technology,Women's sports,,
women-wearables,Women/ Wearables,technology,Women/ Wearables,,
work-from-anywhere,Work From Anywhere,technology,Work From Anywhere,,
worker-surveillance,Worker Surveillance,technology,Worker Surveillance,,
workflow,Workflow,technology,Workflow,,
workforce-retraining,workforce retraining,other,workforce retraining,,
world-building,World Building,technology,World Building,,
world-building-on-blockchain,World Building on Blockchain,technology,World Building on Blockchain,,
world-gdp-growth-2015-vs-2014,World GDP growth 2015 vs 2014,other,World GDP growth 2015 vs 2014,,
world-median-age-above-30,World median age above 30,other,World median age above 30,,
world-models-for-interactive-storytelling,World models for interactive storytelling,technology,World models for interactive storytelling,,
world-population,world population,other,world population,,
world-population-reaches-7-billion,World population reaches 7 billion,other,World population reaches 7 billion,,
world-real-gdp-growth,World real GDP growth,quantity,real GDP growth,global-gdp;world-real-gdp-growth-market-exchange-rates,"Real GDP growth, calendar-year annual average over the previous year, percent. Not Q4-over-Q4 growth (the Fed SEP measure), which needs its own subject. IMF WEO weights the world aggregate at purchasing power parity; a world figure at market exchange rates (World Bank, OECD) is a different measure."
world-real-gdp-growth-market-exchange-rates,World real GDP growth at market exchange rates,quantity,real GDP growth,,"Real GDP growth, calendar-year annual average over the previous year, percent. Not Q4-over-Q4 growth (the Fed SEP measure), which needs its own subject. World Bank GEP weights the world aggregate at market exchange rates; the IMF's PPP-weighted world figure is a different measure."
world-series-1996,World Series 1996,other,World Series 1996,,
world-wide-web,World Wide Web,technology,World Wide Web,,
worlds-for-purpose,Worlds for Purpose,technology,Worlds for Purpose,,
worlds-for-the-enterprise,Worlds for the Enterprise,technology,Worlds for the Enterprise,,
worldwide-web-plus-intranets,Worldwide Web + Intranets,technology,Worldwide Web + Intranets,,
writing-with-voice-recognition,Writing with voice recognition,technology,Writing with voice recognition,,
wrongful-recognition,Wrongful Recognition,technology,Wrongful Recognition,,
x-as-a-service-xaas,X as a Service (XaaS),technology,X as a Service (XaaS),,
xbrl,XBRL,technology,XBRL,,
xbrl-financial-reporting,XBRL financial reporting,technology,XBRL financial reporting,,
xdsl,xDSL,technology,xDSL,xdsl-cable-modems,
xdsl-cable-modems,xDSL/Cable Modems,technology,xDSL/Cable Modems,cable-modems;xdsl,
xenotransplantation,Xenotransplantation,technology,Xenotransplantation,,
xml,XML,technology,XML,,
xr-accessibility,XR Accessibility,technology,XR Accessibility,,
xr-fine-art,XR Fine Art,technology,XR Fine Art,,
xr-in-diagnostics,XR in Diagnostics,technology,XR in Diagnostics,,
young-children-learn-to-read-with-software-tools,Young children learn to read with software tools,technology,Young children learn to read with software tools,,
your-own-private-5g,Your Own Private 5G,technology,Your Own Private 5G,,
youth-bulges,youth bulges,other,youth bulges,,
youth-disillusionment,Youth disillusionment,risk,Youth disillusionment,,
youth-tv-viewing,Youth TV viewing,technology,Youth TV viewing,,
zero-carbon-natural-gas,Zero-Carbon Natural Gas,technology,Zero Carbon Natural Gas;Zero-Carbon Natural Gas,,
zero-day-exploits,Zero Day Exploits,technology,Zero Day Exploits,,
zero-day-exploits-on-the-rise,Zero-Day Exploits On The Rise,technology,Zero-Day Exploits On The Rise;Zero-Day Exploits on the Rise,,
zero-day-exploits-rising,Zero-Day Exploits Rising,technology,Zero-Day Exploits Rising,,
zero-g-bioprinting,Zero G Bioprinting,technology,Zero G Bioprinting,,
zero-knowledge-developer-tooling,Zero-knowledge developer tooling,technology,Zero-knowledge developer tooling,,
zero-knowledge-proofs,Zero-Knowledge Proofs,technology,Zero-Knowledge Proofs,,
zero-knowledge-proofs-go-commercial,Zero-Knowledge Proofs Go Commercial,technology,Zero-Knowledge Proofs Go Commercial,,
zero-knowledge-proofs-multi-party-computation-and-post-quantum-cryptography,"Zero-knowledge proofs, multi-party computation and post-quantum cryptography",technology,"Zero-knowledge proofs, multi-party computation and post-quantum cryptography",,
zero-rated-app-data-plans,Zero-rated app data plans,technology,Zero-rated app data plans,,
zero-touch,Zero-Touch,technology,Zero-Touch,,
zero-trust-security,Zero trust security,technology,Zero trust security,,
zero-trust-security-and-blockchain,Zero-trust security and blockchain,technology,Zero-trust security and blockchain,,
zero-uis,Zero UIs,technology,Zero UIs,,
zkvm-provers-verifiable-computation,zkVM provers (verifiable computation),technology,zkVM provers (verifiable computation),,
zombie-usmca,Zombie USMCA,risk,Zombie USMCA,,
