claim_id,source_id,verdict,status,rule,reason,was
accenture-tech-vision-2017-015,accenture-tech-vision,miss,audited,D16,,
accenture-tech-vision-2017-018,accenture-tech-vision,partial,audited,D16,,
accenture-tech-vision-2017-021,accenture-tech-vision,hit,audited,D16,,
ark-big-ideas-2017-002,ark-big-ideas,ungradable,adjudicated,D16,"D23 same-quantity clause requires a public measure of the price per mile of autonomous taxi rides in the target year or the year before (2019-2020). None exists: Waymo One (Phoenix, the only paid service) published no fare data, and per-mile robotaxi fare tracking (Obi) starts in 2025. Grader B's evidence is outside the window: one Reuters test ride at launch (December 2018) and Obi data from 2025. Both suggest the figure was far too low, but D23 does not grade from anecdotes or out-of-window data. Grader A is upheld. Not conditional: the claim states no condition, so the conditional clause is not used.",
ark-big-ideas-2017-003,ark-big-ideas,hit,audited,D16,,
ark-big-ideas-2017-004,ark-big-ideas,miss,audited,D16,,
ark-big-ideas-2017-006,ark-big-ideas,miss,audited,D16,,
ark-big-ideas-2017-007,ark-big-ideas,miss,audited,D16,,
ark-big-ideas-2018-001,ark-big-ideas,miss,audited,D16,,
ark-big-ideas-2018-003,ark-big-ideas,hit,audited,D16,,
ark-big-ideas-2018-004,ark-big-ideas,miss,audited,D16,,
ark-big-ideas-2018-007,ark-big-ideas,miss,audited,D16,,
ark-big-ideas-2018-008,ark-big-ideas,miss,audited,D16,,
ark-big-ideas-2018-010,ark-big-ideas,miss,audited,D16,,
ark-big-ideas-2018-015,ark-big-ideas,miss,audited,D16,,
ark-big-ideas-2019-004,ark-big-ideas,miss,audited,D16,,
ark-big-ideas-2019-006,ark-big-ideas,miss,audited,D16,,
ark-big-ideas-2019-007,ark-big-ideas,miss,audited,D16,,
ark-big-ideas-2019-008,ark-big-ideas,hit,audited,D16,,
ark-big-ideas-2019-009,ark-big-ideas,miss,audited,D16,,
ark-big-ideas-2019-018,ark-big-ideas,miss,audited,D16,,
ark-big-ideas-2019-019,ark-big-ideas,miss,adjudicated,D16,"D23 same-quantity clause: NHGRI's cost per genome measures the same quantity, the all-in price or cost of one whole genome, by a different method (production cost at funded centres). ARK's own baseline confirms this: its 2018 ASP of USD 1,600 sits inside NHGRI's 2018 points (USD 1,232 to 1,467 per quarter, USD 1,844 in late 2017). The edition also cites NHGRI for its cost charts (pp61-62). The last NHGRI point is USD 525 (Feb and May 2022), in the year before the target year, which D23 allows. (200 - 525) / 525 = -62%, so a miss. Grader B treated the cost-versus-ASP method difference as a different quantity; D23 asks graders to state such a difference and still grade. Vendor list claims of USD 100-200 (NovaSeq X, Ultima) are consumable costs on one platform at full throughput, a proxy and not a market average, so they are not a second estimate.",
ark-big-ideas-2019-020,ark-big-ideas,miss,audited,D16,,
ark-big-ideas-2019-022,ark-big-ideas,miss,audited,D16,,
ark-big-ideas-2020-001,ark-big-ideas,miss,audited,D16,,
ark-big-ideas-2020-003,ark-big-ideas,ungradable,adjudicated,D16,"D23 same-quantity clause: no public series measures this composite. A total can only be built from components with different sources and scopes, and the user-generated video part needs an attribution no source publishes. Grader A's sum (Omdia video streaming about USD 190 billion, which excludes social video, plus YouTube ads USD 36 billion, IFPI music USD 20 billion and a few billion for games) is about USD 250 billion, a miss. Adding the ad revenue of TikTok and Douyin as 'user-generated video' raises the total past the partial threshold (USD 312 billion) and possibly into the hit band. So A's statement that every generous construction stays below USD 300 billion does not hold. The edition does not say whether Chinese short-video platforms are in scope. Grader B is upheld.",
ark-big-ideas-2020-004,ark-big-ideas,partial,adjudicated,D16,"The edition's chart settles the scope: global streaming TV advertising inside the TV ad market, without social video. Two public global estimates exist on this scope. (1) Omdia premium streaming advertising: USD 42.1 billion in 2025, up 15.6%, which gives USD 36.4 billion in 2024. (2) GroupM This Year Next Year (Dec 2024): global TV USD 169.1 billion in 2025, linear 72.6% of it, streaming +19.3%, which gives about USD 38.8 billion for streaming TV in 2024 (GroupM's June 2024 forecast: USD 38.3 billion). The estimates are well within a factor of 2. Median about USD 37.6 billion; 44 / 37.6 = +17%, a partial. Each estimate alone also gives a partial (+21%, +13%). Grader B's range included US-only figures (Magna, US CTV), which are a different scope, not estimates of the same global quantity. That is a reading error. Grader A's arithmetic is correct (+20.8%).",
ark-big-ideas-2020-005,ark-big-ideas,partial,audited,D16,,
ark-big-ideas-2020-006,ark-big-ideas,contested,contested,D16,"No measured 2023 or 2024 cloud gaming revenue is cited: both graders rely on Newzoo's 2022 projection of USD 6.3-6.5 billion for 2024 (Game World Observer 2022-04-07 calls it a forecast) plus the lower 2024 total games market. A projection is not a measure under D23; without a measured value (or a range check of public estimates) the miss is not supported, and the claim may be ungradable.",miss
ark-big-ideas-2020-007,ark-big-ideas,miss,audited,D16,,
ark-big-ideas-2020-008,ark-big-ideas,hit,audited,D16,,
ark-big-ideas-2020-012,ark-big-ideas,miss,audited,D16,,
ark-big-ideas-2020-013,ark-big-ideas,miss,audited,D16,,
ark-big-ideas-2020-022,ark-big-ideas,miss,audited,D16,,
ark-big-ideas-2020-027,ark-big-ideas,miss,audited,D16,,
ark-big-ideas-2021-001,ark-big-ideas,hit,audited,D16,,
ark-big-ideas-2021-002,ark-big-ideas,miss,audited,D16,,
ark-big-ideas-2021-009,ark-big-ideas,miss,audited,D16,,
ark-big-ideas-2021-013,ark-big-ideas,miss,audited,D16,,
ark-big-ideas-2021-016,ark-big-ideas,miss,audited,D16,,
ark-big-ideas-2021-017,ark-big-ideas,miss,audited,D16,,
ark-big-ideas-2021-019,ark-big-ideas,miss,audited,D16,,
ark-big-ideas-2021-021,ark-big-ideas,hit,audited,D16,,
ark-big-ideas-2021-025,ark-big-ideas,ungradable,adjudicated,D16,"D23 attributed-value clause: this is a value attributed to a technology business, and no public source measures it for 2025. The operators are mostly units of larger companies (Waymo in Alphabet, Apollo Go in Baidu, Tesla). Grader B argued that every construction gives a miss, but that does not hold. Counting whole parent companies (Alphabet alone had a market cap of roughly USD 3.5 to 3.9 trillion in late 2025; not fetched here) reaches or passes the figure, so the verdict depends entirely on an attribution no source publishes. B noted itself that the strict D23 reading is ungradable. Grader A is upheld.",
ark-big-ideas-2021-030,ark-big-ideas,miss,audited,D16,,
ark-big-ideas-2021-032,ark-big-ideas,miss,audited,D16,,
ark-big-ideas-2021-033,ark-big-ideas,miss,audited,D16,,
ark-big-ideas-2021-036,ark-big-ideas,miss,audited,D16,,
ark-big-ideas-2022-028,ark-big-ideas,miss,audited,D16,,
deloitte-tmt-predictions-2002-001,deloitte-tmt-predictions,partial,adjudicated,D16,"A measure exists, so not ungradable: enterprise mobile e-mail is counted by RIM's BlackBerry subscriber series and mobile data use by Ofcom. BlackBerry subscribers doubled each year (534,000 FY2003, 1.07m FY2004, 2.51m FY2005), so business take-up did accelerate, but business mobile data stayed a small share in 2004: non-SMS data was 2% of UK mobile retail revenue. Measurable but below mainstream by the placed year; routine business use came 3 to 5 years later. Grader A's partial stands.",
deloitte-tmt-predictions-2002-003,deloitte-tmt-predictions,partial,agreed,D16,,
deloitte-tmt-predictions-2002-004,deloitte-tmt-predictions,hit,audited,D16,,
deloitte-tmt-predictions-2002-005,deloitte-tmt-predictions,contested,contested,D16,"Graders' key fact (FCC 'granted many' Phase II waivers) is not on the cited Wikipedia 'Enhanced 911' page, which instead says many phones made after 2005 have built-in GPS and the 95% location-capable handset deadline was end-2005 (some carriers fined). The forecast (pressure for faster, cheaper location 'right across the world') is met in the US by about 2005 (3 years: partial) but not worldwide (miss); the evidence does not settle which, so no verdict is supported.",miss
deloitte-tmt-predictions-2002-007,deloitte-tmt-predictions,ungradable,adjudicated,D16,"The claim is about a trend in handset size, so it needs a size or weight series by year. Grader A's single model (Nokia 7650, 154 g, June 2002) is one flagship, not the trend; slim and small models kept launching (Motorola T720 2002, RAZR 2004). The only series found (USGS citing Environmental Literacy Council and Nokia) gives a typical phone at 218 g in 2000 and 113 g in 2005, but the 2005 figure excludes the battery and the 2000 figure's basis is not stated, so it cannot show whether the curve flattened in 2002. No consistent public series reached: ungradable (D22/D23).",
deloitte-tmt-predictions-2002-008,deloitte-tmt-predictions,hit,adjudicated,D16,"The sentence is framed as what users 'must be prepared' to accept, but the chapter's headline 'Swap privacy for security' is a forecast that the swap happens, and it has a dated observable: the EU ePrivacy Directive 2002/58/EC (adopted July 2002) obliges providers to erase traffic data unless Article 15(1) conditions apply, which let member states require retention for security and crime purposes; retention was later made mandatory by the Data Retention Directive (2006), which amends 2002/58. The swap was written into law in the target year. Grader B's normative-only reading ignores the headline. Low-medium confidence: the claim is soft.",
deloitte-tmt-predictions-2002-009,deloitte-tmt-predictions,hit,audited,D16,,
deloitte-tmt-predictions-2003-003,deloitte-tmt-predictions,miss,audited,D16,,
deloitte-tmt-predictions-2003-004,deloitte-tmt-predictions,partial,agreed,D16,,
deloitte-tmt-predictions-2003-005,deloitte-tmt-predictions,hit,adjudicated,D16,"The claim is a revival, not mainstream status. The revival happened: Vodafone live! (colour-handset portal, launched October 2002) had 1 million customers by April 2003 and 1.5 million by May 2003, and WAP 'made a stronger resurgence' in 2003-2004 with Vodafone live! and T-Mobile T-Zones. Grader A's Ofcom evidence (mobile internet 'relatively insignificant' in 2004) shows WAP stayed small, which tests a claim of significance that Deloitte did not make. Hit.",
deloitte-tmt-predictions-2003-006,deloitte-tmt-predictions,hit,agreed,D16,,
deloitte-tmt-predictions-2003-007,deloitte-tmt-predictions,hit,agreed,D16,,
deloitte-tmt-predictions-2004-001,deloitte-tmt-predictions,hit,audited,D16,,
deloitte-tmt-predictions-2004-002,deloitte-tmt-predictions,hit,adjudicated,D16,"The headline is about data growth, and it slowed: Ofcom's UK mobile retail revenue shows SMS plus data at £1.4bn (2002), £1.9bn (2003), £2.1bn (2004), so growth fell from about 36% to about 11%; SMS revenue rose only from £1.8bn to £1.9bn; the average SMS sent per subscriber was unchanged in 2004; MMS and mobile internet stayed small. Grader B is right that total UK text volumes kept growing (over 28bn in 2004), but that growth came from more subscriptions; the forecast's mechanism (SMS deceleration not offset by other data) held. UK is the only market checked, so medium confidence.",
deloitte-tmt-predictions-2004-003,deloitte-tmt-predictions,hit,audited,D16,,
deloitte-tmt-predictions-2004-004,deloitte-tmt-predictions,hit,audited,D16,,
deloitte-tmt-predictions-2004-005,deloitte-tmt-predictions,hit,audited,D16,,
deloitte-tmt-predictions-2004-006,deloitte-tmt-predictions,hit,audited,D16,,
deloitte-tmt-predictions-2004-007,deloitte-tmt-predictions,hit,audited,D16,,
deloitte-tmt-predictions-2004-008,deloitte-tmt-predictions,hit,adjudicated,D16,"A public assessment of exactly this exists: Ofcom's 2005 review headed its section 'WiFi hotspots are growing in number, but usage is still low', noting roaming-inflated site counts, substantial price cuts in 2004 and packages still aimed at corporate users. No hourly utilisation series exists, but the regulator's measure of usage supports the claim. Hit, medium confidence.",
deloitte-tmt-predictions-2004-009,deloitte-tmt-predictions,hit,agreed,D16,,
deloitte-tmt-predictions-2004-010,deloitte-tmt-predictions,hit,adjudicated,D16,"No developed-market-only figure was found, but the global series brackets it: ABI put colour screens at nearly 38% of all handsets sold in 2003, and iSuppli at 74% of handset main displays in 2005. Developed markets led the switch (IDC, January 2004: North American and Western European buyers were ditching monochrome phones), and the global figure is pulled down by low-end emerging-market sales, so the developed-market share was above 50% by end-2004 on any interpolation. Polyphony shipped on colour phones from 2002 (Nokia 3510 onward). Hit, medium confidence (inference from the global series).",
deloitte-tmt-predictions-2004-011,deloitte-tmt-predictions,miss,audited,D16,,
deloitte-tmt-predictions-2004-012,deloitte-tmt-predictions,hit,audited,D16,,
deloitte-tmt-predictions-2004-013,deloitte-tmt-predictions,hit,audited,D16,,
deloitte-tmt-predictions-2004-014,deloitte-tmt-predictions,hit,adjudicated,D16,"The edition settles grader B's two readings: the chapter defines 'indirectly on usage' as speed tiers, not volume caps. Speed-tiered broadband became standard (Ofcom 2006: average price of 512K access fell from £30 to £16 in 2005 while operators sold 'up to 8Mbit/s' packages), and volume caps also arrived in the UK in 2004 (Ofcom 2005), so even the second reading points the same way in the market checked. Not unfalsifiable. Hit.",
deloitte-tmt-predictions-2004-015,deloitte-tmt-predictions,hit,audited,D16,,
deloitte-tmt-predictions-2004-016,deloitte-tmt-predictions,ungradable,adjudicated,D16,"The claim is about operators' return on hotspot investment. No hotspot revenue or profitability figure for 2004 was found by either grader or the adjudicator. Ofcom's low-usage and price-cut findings make low returns likely, but usage is a proxy of a different quantity (D23), and the adjudicator's prior w1 practice treats such proxies as not a measure. Ungradable; grader A's hit rests on inference.",
deloitte-tmt-predictions-2004-017,deloitte-tmt-predictions,hit,audited,D16,,
deloitte-tmt-predictions-2004-018,deloitte-tmt-predictions,hit,audited,D16,,
deloitte-tmt-predictions-2004-020,deloitte-tmt-predictions,hit,adjudicated,D16,"A measure exists: BT reported 'new wave' turnover (ICT, broadband, mobility) up 32% to £4.47bn in 2004/05, about a quarter of group revenue, with ICT a main driver, and BT Global Services bought Radianz and Infonet in 2005. Grader B did not reach BT's results. Hit; one operator, but the largest European incumbent named in this kind of strategy.",
deloitte-tmt-predictions-2005-001,deloitte-tmt-predictions,hit,agreed,D16,,
deloitte-tmt-predictions-2005-002,deloitte-tmt-predictions,miss,audited,D16,,
deloitte-tmt-predictions-2005-003,deloitte-tmt-predictions,hit,adjudicated,D16,"The edition settles the scope (D23: read the scope from the edition): the chapter lists hard drives, smaller/faster processors and storage, sunblock, car tyres and fabrics as the mainstream applications, not nano-labelled consumer gadgets. Nanoscale features were in essentially all new hard drives and processors (90 nm node, GMR heads) by 2005, so at least 50% of new units shipped with it: mainstream at the placed year. Grader A's two readings are therefore not equally faithful; the consumer-product-count reading is not what the chapter says. Grader B's directional test is not the D16 test, but its verdict stands under the D16 test.",
deloitte-tmt-predictions-2005-004,deloitte-tmt-predictions,hit,audited,D16,,
deloitte-tmt-predictions-2005-005,deloitte-tmt-predictions,miss,adjudicated,D16,"The chapter is about household robots starting with the robot vacuum. D16 reads a year placement as mainstream around that year; 'increasingly' does not turn it into a directional claim (grader B's test is not D16). iRobot had sold about 1 million Roombas by 2004 and only about 30 million home robots in total by 2020; robots reached 20% of vacuum-cleaner sales (a flow, not household stock) only in 2016. Household penetration in major markets stayed well under 5% through 2010, so miss, window closed.",
deloitte-tmt-predictions-2005-006,deloitte-tmt-predictions,partial,audited,D16,,
deloitte-tmt-predictions-2005-007,deloitte-tmt-predictions,hit,audited,D16,,
deloitte-tmt-predictions-2005-008,deloitte-tmt-predictions,hit,agreed,D16,,
deloitte-tmt-predictions-2005-009,deloitte-tmt-predictions,hit,agreed,D16,,
deloitte-tmt-predictions-2005-010,deloitte-tmt-predictions,hit,agreed,D16,,
deloitte-tmt-predictions-2005-011,deloitte-tmt-predictions,hit,audited,D16,,
deloitte-tmt-predictions-2005-012,deloitte-tmt-predictions,hit,audited,D16,,
deloitte-tmt-predictions-2005-013,deloitte-tmt-predictions,hit,audited,D16,,
deloitte-tmt-predictions-2005-015,deloitte-tmt-predictions,hit,audited,D16,,
deloitte-tmt-predictions-2005-016,deloitte-tmt-predictions,hit,audited,D16,,
deloitte-tmt-predictions-2005-017,deloitte-tmt-predictions,hit,audited,D16,,
deloitte-tmt-predictions-2005-018,deloitte-tmt-predictions,hit,audited,D16,,
deloitte-tmt-predictions-2005-019,deloitte-tmt-predictions,hit,audited,D16,,
deloitte-tmt-predictions-2005-020,deloitte-tmt-predictions,hit,agreed,D16,,
deloitte-tmt-predictions-2005-021,deloitte-tmt-predictions,hit,adjudicated,D16,"ITU: 2,205.3 million mobile-cellular subscriptions in 2005 (checked in the ITU workbook). The captured value is ~2 billion; 2.0bn is 9.3% below the actual, inside the 10% band. Grader B's reading of 'nearly 2 billion' as strictly below 1.985bn is narrower than the captured value; the forecast is graded at its stated number. Hit, at the edge of the band.",
deloitte-tmt-predictions-2005-022,deloitte-tmt-predictions,hit,agreed,D16,,
deloitte-tmt-predictions-2005-023,deloitte-tmt-predictions,hit,agreed,D16,,
deloitte-tmt-predictions-2005-024,deloitte-tmt-predictions,hit,agreed,D16,,
deloitte-tmt-predictions-2005-026,deloitte-tmt-predictions,hit,agreed,D16,,
deloitte-tmt-predictions-2005-027,deloitte-tmt-predictions,hit,agreed,D16,,
deloitte-tmt-predictions-2005-028,deloitte-tmt-predictions,hit,adjudicated,D16,"The quoted sentence states behaviour, and the behaviour is documented: in 2005 O2 trialled DVB-H TV, BT and Virgin Mobile trialled DAB TV, UK hotspots grew, 3G operators planned HSDPA launches for 2006-2007, and WiMAX was in trials. Whether this spread bets 'too thin' (the headline's judgment) is not graded. Hit.",
deloitte-tmt-predictions-2005-029,deloitte-tmt-predictions,hit,agreed,D16,,
deloitte-tmt-predictions-2005-030,deloitte-tmt-predictions,miss,adjudicated,D16,"The edition settles the reading: the chapter says RFID 'in 2005 should make it out of the lab', with retail, defence and automotive mandates prompting 'a massive increase in RFID adoption', then 'by the end of the year, billions ... commissioned'. That is the 2005 flow. IDTechEx counted just over 600 million tags in 2005. Cumulative sales since the 1940s (2.4bn, about 1.8bn before 2005) would make the forecast trivially true and are not what the chapter describes. Grader B's cumulative reading is not equally faithful. 0.6bn against at least 2bn: miss.",
deloitte-tmt-predictions-2005-031,deloitte-tmt-predictions,hit,agreed,D16,,
deloitte-tmt-predictions-2005-032,deloitte-tmt-predictions,hit,agreed,D16,,
deloitte-tmt-predictions-2005-033,deloitte-tmt-predictions,hit,adjudicated,D16,"The chapter defines the group (fast-growing low-cost providers, especially VoIP and carrier pre-selection entrants) and their growth is measured: by March 2006 there were 6.1 million UK CPS lines, over 40% with Carphone Warehouse (TalkTalk); nearly 34% of UK lines took calls from a provider other than BT; BT's share of all telecoms connections fell from 37% to 26% over five years to 2005, the 'other' category rising from 4% to 12%, mainly CPS and broadband entrants. Hit.",
deloitte-tmt-predictions-2005-034,deloitte-tmt-predictions,hit,agreed,D16,,
deloitte-tmt-predictions-2005-035,deloitte-tmt-predictions,hit,agreed,D16,,
deloitte-tmt-predictions-2005-036,deloitte-tmt-predictions,hit,agreed,D16,,
deloitte-tmt-predictions-2005-038,deloitte-tmt-predictions,hit,agreed,D16,,
deloitte-tmt-predictions-2005-039,deloitte-tmt-predictions,hit,agreed,D16,,
deloitte-tmt-predictions-2005-040,deloitte-tmt-predictions,hit,agreed,D16,,
deloitte-tmt-predictions-2006-001,deloitte-tmt-predictions,miss,audited,D16,,
deloitte-tmt-predictions-2006-002,deloitte-tmt-predictions,miss,audited,D16,,
deloitte-tmt-predictions-2006-003,deloitte-tmt-predictions,hit,audited,D16,,
deloitte-tmt-predictions-2006-004,deloitte-tmt-predictions,hit,audited,D16,,
deloitte-tmt-predictions-2006-005,deloitte-tmt-predictions,hit,audited,D16,,
deloitte-tmt-predictions-2006-006,deloitte-tmt-predictions,hit,agreed,D16,,
deloitte-tmt-predictions-2006-007,deloitte-tmt-predictions,miss,agreed,D16,,
deloitte-tmt-predictions-2006-008,deloitte-tmt-predictions,hit,adjudicated,D16,"The chapter names its own test: services 'from directory inquiries to tourist information' incorporating natural-language speech recognition, and voice control in vehicles. Both happened inside the D16 two-year window: Google's GOOG-411 speech-recognition directory service launched April 2007, and Ford SYNC voice control (announced January 2007) shipped in twelve 2008-model vehicles in 2007. Grader A's Wii reading is off the chapter's subject and its speech reading asserted 'niche' without evidence; grader B's Wii evidence is also off-subject, but both readings give a hit, so not unfalsifiable.",
deloitte-tmt-predictions-2006-009,deloitte-tmt-predictions,hit,agreed,D16,,
deloitte-tmt-predictions-2006-010,deloitte-tmt-predictions,hit,audited,D16,,
deloitte-tmt-predictions-2006-012,deloitte-tmt-predictions,miss,audited,D16,,
deloitte-tmt-predictions-2006-013,deloitte-tmt-predictions,hit,audited,D16,,
deloitte-tmt-predictions-2006-015,deloitte-tmt-predictions,ungradable,rechecked,D16,"The definitional gap both graders named is narrower than they thought: the chapter's Figure 3 is titled 'Global console game sales' and sourced to Screen Digest, 'Games Software Publishing - Strategies for Success' (November 2005), so the $23bn is Screen Digest's console game (software) series. No public 2006 actual on that definition was found: Screen Digest figures sit in paid reports; US-only NPD figures and all-platform retail totals (hardware plus software, PC, online) are different quantities (D23). Looked for: Screen Digest 2006/2007 console software press figures, DFC Intelligence, ESA/NPD, PwC outlook. One web search, plus the Deloitte PDF opened. Stays ungradable.",
deloitte-tmt-predictions-2006-016,deloitte-tmt-predictions,hit,audited,D16,,
deloitte-tmt-predictions-2006-017,deloitte-tmt-predictions,partial,adjudicated,D16,"A measure exists, so not ungradable: the US Radio Advertising Bureau tracks 'Off-Air' revenue (mainly online, then experiential marketing). It grew at about 10% a year from mid-2005 and 12.3% over the two years to mid-2008, reaching 9% of US radio revenue, while spot revenue fell. Diversification started, at a measurable share, but the streams the chapter named (paid replays, downloads, subscriptions, premium HD) did not become a significant share, and 9% is below the 20% D16 mainstream line. Grader A's two readings collapse into this one measure. Partial, low-medium confidence (US data only).",
deloitte-tmt-predictions-2006-019,deloitte-tmt-predictions,hit,audited,D16,,
deloitte-tmt-predictions-2006-020,deloitte-tmt-predictions,hit,agreed,D16,,
deloitte-tmt-predictions-2006-021,deloitte-tmt-predictions,hit,agreed,D16,,
deloitte-tmt-predictions-2006-022,deloitte-tmt-predictions,hit,agreed,D16,,
deloitte-tmt-predictions-2006-023,deloitte-tmt-predictions,hit,agreed,D16,,
deloitte-tmt-predictions-2006-024,deloitte-tmt-predictions,hit,adjudicated,D16,"Dolce & Gabbana released a limited-edition gold RAZR in December 2005 and another on 1 June 2006; Prada announced its LG-made phone on 12 December 2006, on sale March 2007. The Prada launch falls inside the two-year window D16 allows, so grader B's late-arrival penalty does not apply. Hit.",
deloitte-tmt-predictions-2006-027,deloitte-tmt-predictions,hit,agreed,D16,,
deloitte-tmt-predictions-2006-029,deloitte-tmt-predictions,hit,adjudicated,D16,"Measured at a record: per the FCC, US resellers including MVNOs served 15.1 million subscribers at end-2006, up 1.6 million, about 7% of US mobile subscribers. In UK fixed, carrier pre-selection resellers reached 6.1 million lines by March 2006. Grader B's MVNO failures (Mobile ESPN under 10,000 subscribers) are single entrants; the reseller segment grew to its largest size. Hit.",
deloitte-tmt-predictions-2006-030,deloitte-tmt-predictions,hit,agreed,D16,,
deloitte-tmt-predictions-2006-031,deloitte-tmt-predictions,hit,agreed,D16,,
deloitte-tmt-predictions-2007-001,deloitte-tmt-predictions,hit,agreed,D16,,
deloitte-tmt-predictions-2007-002,deloitte-tmt-predictions,hit,agreed,D16,,
deloitte-tmt-predictions-2007-003,deloitte-tmt-predictions,ungradable,adjudicated,D16,"The claim states a state of worry among consumers and businesses. Grader B's evidence (EPA report on data-centre electricity, Aug 2007) shows policy attention to data-centre energy in general; it does not measure consumer or business concern about storage costs, so it is a proxy of another quantity (D23). No 2007 survey of that concern was found by either grader. Ungradable (D22).",
deloitte-tmt-predictions-2007-004,deloitte-tmt-predictions,partial,adjudicated,D16,"By 2007 biometrics were routine in one application, e-passports (EU states, Japan, US from 2005-2007), a measurable share of users. Across the 'large range of applications' the claim names, consumer device use (laptops, phones) became mainstream only after Touch ID in 2013 and its spread to most phones by about 2016-2017, 6 or more years late. Measurable share by the placed year, mainstream across applications not within 2 years: partial. Grader B graded only the passport rollout, which is one application.",
deloitte-tmt-predictions-2007-007,deloitte-tmt-predictions,hit,agreed,D16,,
deloitte-tmt-predictions-2007-008,deloitte-tmt-predictions,hit,adjudicated,D16,"The edition text settles grader A's objection: the sentences after the quote are about access to broadband conferring benefits, and the chapter defines the second chasm as between those with broadband 'at a speed and contention ratio sufficient' and those without (under 5% of the world had broadband at the start of 2007); the voice divide in the same chapter is said to be narrowing. ITU: fixed broadband per 100 inhabitants rose from 4.3 (2006) to 5.2 (2007) worldwide while LDCs stayed at about 0, so the gap widened in absolute terms. Hit.",
deloitte-tmt-predictions-2007-009,deloitte-tmt-predictions,hit,agreed,D16,,
deloitte-tmt-predictions-2007-010,deloitte-tmt-predictions,ungradable,adjudicated,D16,"The chapter's subject is the cost burden of spam, spim, spit and malware; the 'suppliers start charging' reading grader A sets against it is a recommendation in the bottom line, not the forecast, so the readings are not equally faithful and unfalsifiable does not apply. Under the chapter's reading the claim needs a cost series for 2006 and 2007; none was found. Spam share of email (about 95% in 2006 per the chapter, 97% in 2008 per Microsoft) is a volume proxy, not a cost (D23). Ungradable.",
deloitte-tmt-predictions-2007-011,deloitte-tmt-predictions,partial,adjudicated,D16,"The chapter expected the 25 member states to introduce country-specific anti-fraud legislation in 2007. The UK did: from 1 June 2007 a VAT reverse charge applied to mobile phones and computer chips, changing invoicing for every supplier of those goods into the UK. EU-wide reverse-charge powers for such goods came only later (quick-reaction and reverse-charge directives around 2010), three years after the placed year. One major market in the year, broader action 3 or more years later: partial. Grader B's 'no measure' ignores the legislative event the chapter names.",
deloitte-tmt-predictions-2007-013,deloitte-tmt-predictions,hit,agreed,D16,,
deloitte-tmt-predictions-2007-014,deloitte-tmt-predictions,miss,adjudicated,D16,"The chapter scopes it: 'the technology sector may increasingly adopt a new approach to portable power ... power-scavenging solutions' recharging portable-device batteries. The absence is observable: no phone, laptop or media-player line shipped harvesting as a standard feature in 2007-2012; harvesting stayed in milliwatt niches (sensors, watches, pilot floor tiles). Below 5% within five years: miss. Grader B's lack of a market-size figure does not make it ungradable when no product category adopted it.",
deloitte-tmt-predictions-2007-015,deloitte-tmt-predictions,hit,adjudicated,D16,"An event claim with named examples, and they happened in 2007: the i-LIMB, the first commercial prosthetic hand with individually powered digits, launched in July 2007, and Oscar Pistorius raced non-disabled athletes at Rome's Golden Gala and the British Grand Prix in July 2007, starting the IAAF dispute over his prosthetics. Soft claim, but the chapter's own examples occurred. Hit.",
deloitte-tmt-predictions-2007-016,deloitte-tmt-predictions,hit,adjudicated,D16,"The quality half has no measure, but the threat half does: the largest UGC platform, YouTube, had 2007 revenue Google called 'not material' in its filing, so UGC took no material revenue from media in 2007. Hit.",
deloitte-tmt-predictions-2007-017,deloitte-tmt-predictions,miss,agreed,D16,,
deloitte-tmt-predictions-2007-018,deloitte-tmt-predictions,hit,audited,D16,,
deloitte-tmt-predictions-2007-019,deloitte-tmt-predictions,unfalsifiable,adjudicated,D16,"A measure exists (newspaper revenue, print and online), so not ungradable. But the hedged wording ('may not always be about one versus the other') supports two readings: some publishers profitably combine print and online (true in 2007, when most newspaper groups were still profitable and online revenue grew), or the press as a whole coexists profitably across both (false from 2008, as print revenue collapsed and online did not offset it). The chapter supports both and no reading dominates. Grader A's unfalsifiable stands.",
deloitte-tmt-predictions-2007-020,deloitte-tmt-predictions,hit,audited,D16,,
deloitte-tmt-predictions-2007-022,deloitte-tmt-predictions,unfalsifiable,adjudicated,D16,"Two faithful readings diverge. On the quoted sentence alone, social networking stayed popular and found a sustainable model on advertising (Facebook EBITDA-profitable early 2008, cash-flow positive September 2009): hit. On the chapter's body, the model would have to lean on subscriptions and paid privacy because 'advertising revenues may not suffice': miss, as advertising won. The quote does not name the model and the chapter does, so neither dominates. Not ungradable: under D23 a necessity claim is graded on its outcome, and the outcome is observable.",
deloitte-tmt-predictions-2007-023,deloitte-tmt-predictions,hit,audited,D16,,
deloitte-tmt-predictions-2007-024,deloitte-tmt-predictions,hit,agreed,D16,,
deloitte-tmt-predictions-2007-025,deloitte-tmt-predictions,miss,audited,D16,,
deloitte-tmt-predictions-2007-026,deloitte-tmt-predictions,hit,agreed,D16,,
deloitte-tmt-predictions-2007-027,deloitte-tmt-predictions,miss,audited,D16,,
deloitte-tmt-predictions-2007-028,deloitte-tmt-predictions,hit,audited,D16,,
deloitte-tmt-predictions-2007-029,deloitte-tmt-predictions,contested,contested,D16,"Source PDF p14 ties 'primary network for voice' to mobile traffic exceeding PSTN 'in many developed countries'. Evidence: Taiwan crossed in 2007 (Telecompaper, 9 Apr 2008), but the UK was still ~60/40 fixed:mobile in 2007 (3g4g summary of Ofcom 2008) and fixed still led in 2009 (CMR 2010: 133bn vs 118bn); a US crossover could not be verified. One country is too thin for 'many': no verdict supported.",hit
deloitte-tmt-predictions-2008-001,deloitte-tmt-predictions,partial,adjudicated,D16,"A series exists (ZenithOptimedia global internet adspend), so this is gradable; grader B recorded ungradable only for lack of a retrieved figure. Zenith's later tally for 2008 is about $51.1bn (via Statista), consistent with Zenith's mid-2008 estimate of internet at 10.8% of global adspend in 2008 (roughly $50bn of a total near $480bn). $41.6bn is about 18-19% below: within 25%, not 10%. Deloitte's own base ($41.6bn = +23% implies about $33.8bn in 2007) is lower than Zenith's, a method difference of the same quantity (D23), stated here. The radio comparison held. Partial; one tracker only, medium-low confidence.",
deloitte-tmt-predictions-2008-002,deloitte-tmt-predictions,hit,agreed,D16,,
deloitte-tmt-predictions-2008-003,deloitte-tmt-predictions,hit,agreed,D16,,
deloitte-tmt-predictions-2008-004,deloitte-tmt-predictions,hit,agreed,D16,,
deloitte-tmt-predictions-2008-008,deloitte-tmt-predictions,partial,agreed,D16,,
deloitte-tmt-predictions-2008-012,deloitte-tmt-predictions,hit,audited,D16,,
deloitte-tmt-predictions-2008-013,deloitte-tmt-predictions,partial,audited,D16,,
deloitte-tmt-predictions-2008-015,deloitte-tmt-predictions,hit,audited,D16,,
deloitte-tmt-predictions-2008-016,deloitte-tmt-predictions,hit,audited,D16,,
deloitte-tmt-predictions-2008-017,deloitte-tmt-predictions,miss,corrected,D16,"Graders graded side figures (tours over $100m). Source PDF pp13-14: the forecast is that recorded music is sold as a physical product again (pre-recorded MP3 players, memory cards, box sets, vinyl). That stayed niche: slotMusic microSD albums (Oct 2008, Wikipedia) did not catch on, and global vinyl trade value was $66m in 2008 and $416m in 2015 (Wikipedia 'Vinyl revival'), under 5% of recorded music, while digital share kept rising (IFPI). Miss.",hit
deloitte-tmt-predictions-2008-018,deloitte-tmt-predictions,hit,audited,D16,,
deloitte-tmt-predictions-2008-020,deloitte-tmt-predictions,hit,adjudicated,D16,"An event claim, and the year's launches confirm it: Apple's App Store opened 10 July 2008, Spotify launched in Sweden, Finland, France, Norway and Spain on 7 October 2008, Hulu ran as a free online TV service in 2008. Grader B's objection (no threshold) is about strength of the test, not about whether it is observable. Hit.",
deloitte-tmt-predictions-2008-021,deloitte-tmt-predictions,hit,adjudicated,D16,"The quote is one of two scenarios, but the chapter leans: 'service providers may be better able to weather the storm, at least in 2008', 'service revenue growth may hold steady', equipment manufacturers harder hit. Operators' 2008 results held: AT&T revenue $118.9bn (2007) to $124.0bn (2008), net income $11.95bn to $12.87bn; world mobile subscriptions grew by about 660 million. Grader B's stock-price reading is not the chapter's measure (it says operators' stocks 'may be seen as secure', i.e. relative), so the operating reading dominates. Hit, medium confidence.",
deloitte-tmt-predictions-2008-022,deloitte-tmt-predictions,unfalsifiable,rechecked,D16,"A measure exists, so not ungradable: Berg Insight counts cellular M2M connections (81.4 million at end-2010, up 46% year on year, so about 56 million at end-2009), against 662 million net new mobile subscriptions worldwide in 2008 (ITU, cited by grader B). Machines were at most a few percent of 2008 subscription growth, so read as a forecast it would be a miss. But the sentence is a conditional possibility: hedge word 'could', conditioned on 'sufficient collaboration and focus', and the chapter's bottom line frames machines as 'the major opportunity', not an expected outcome. Under D30 (and D27) a possibility-only claim is unfalsifiable: both outcomes agree with it. This differs from the 'may' claims graded elsewhere in this source (for example 2009-006), which state an expected outcome without a condition.",
deloitte-tmt-predictions-2008-023,deloitte-tmt-predictions,hit,adjudicated,D16,"Observable by who holds the paying customers. Paid VoIP went to incumbents: Comcast's VoIP service made it the third-largest US home telephone provider, while Skype (the leading pure-play) remained a low-revenue business sold to Microsoft in 2011, a trade sale as the chapter advised. Mobile broadband went to LTE run by incumbent operators, not WiMAX entrants. Grader B's 'no horizon' objection: the chapter states a present-tense pattern for 2008 onward and the record is clear. Hit, medium confidence.",
deloitte-tmt-predictions-2008-024,deloitte-tmt-predictions,ungradable,rechecked,D16,"The graded part is usage frequency among GPS-phone owners. The nearest public measure is comScore M:Metrics (July 2008): 8% of US and 3% of European mobile subscribers accessed maps on the phone in the three months to May 2008, US up 82% and Europe up 49% year on year, mostly via the browser and for driving directions. Its base is all subscribers, not GPS-phone owners, the leading US device (the original iPhone) had no GPS, and it gives reach, not frequency; using it would grade a different quantity (D23). Looked for 2008 comScore, Nielsen Mobile, Berg Insight and J.D. Power usage figures among GPS-handset owners; none found in public. Stays ungradable.",
deloitte-tmt-predictions-2008-025,deloitte-tmt-predictions,ungradable,adjudicated,D16,"The forecast is a causal one: that communications tools differentiate sites competitively. Grader A shows sites added tools (Facebook Chat released April 2008) and that Facebook led MySpace, but no source links share changes to communications features; that is a proxy (D23). No measure of the differentiator effect was found. Ungradable.",
deloitte-tmt-predictions-2008-026,deloitte-tmt-predictions,hit,audited,D16,,
deloitte-tmt-predictions-2008-027,deloitte-tmt-predictions,hit,audited,D16,,
deloitte-tmt-predictions-2008-028,deloitte-tmt-predictions,hit,agreed,D16,,
deloitte-tmt-predictions-2008-029,deloitte-tmt-predictions,hit,adjudicated,D16,"The captured quote is the literal sentence, and it happened: at Mobile World Congress 2008 Ericsson demonstrated the first end-to-end LTE call on a handheld and Motorola demonstrated LTE equipment and HD streaming. Grader B's second reading (the chapter's doubt about demand for speed) is a different sentence of the chapter, not the captured claim, so it does not create a competing reading of this claim. Hit, near-certain but low information.",
deloitte-tmt-predictions-2009-001,deloitte-tmt-predictions,miss,adjudicated,D16,"One public estimate of the same quantity for 2009 was found: the global smart grid market at $69.3bn (with the US at $21.4bn), cited on Wikipedia. D23 makes a claim ungradable when estimates span more than a factor of 2; grader A asserted such a spread but cited no second global estimate, so the rule does not apply on the evidence. Against $69.3bn the forecast is 64% low: miss. Against the US-only figure it would be partial, but the edition is global. Low confidence: smart grid scope varies by source.",
deloitte-tmt-predictions-2009-002,deloitte-tmt-predictions,hit,adjudicated,D16,"The core of the claim is an event (a significant expansion of the subsidy model in 2009), and it happened: from late 2008 and through 2009 major operators in the US and Europe sold netbooks at low or zero upfront price on mobile-broadband contracts, the 'cellphone-like contract deals' trend. 'Pervasive' is read as widely offered by operators, which held; no series gives the share of devices sold this way, so a share reading is not tested. Grader A's ungradable rests on the share reading only. Moderate-low confidence.",
deloitte-tmt-predictions-2009-003,deloitte-tmt-predictions,hit,audited,D16,,
deloitte-tmt-predictions-2009-005,deloitte-tmt-predictions,hit,audited,D16,,
deloitte-tmt-predictions-2009-006,deloitte-tmt-predictions,miss,rechecked,D16,"The quantity is measured by IDC's worldwide disk storage systems tracker. IDC reported full-year 2009 disk storage sales down 0.7% year over year (Q4 2009 up 0.2% to $7.3bn), after quarterly declines of up to 18% in H1 2009. Even the steepest quarterly fall is far from a halving; error well beyond 25%. Miss.",
deloitte-tmt-predictions-2009-007,deloitte-tmt-predictions,hit,adjudicated,D16,"Two public estimates of the same quantity disagree: Gartner sales to end users 172.4m, +23.8%; IDC shipments 174.2m, +15.1% (from 151.4m in 2008). D23: grade against their median, 19.45%, which is under 20% and within 0.5 pt of a forecast of just under 20%: hit. Grader A used Gartner only, which D23 does not allow when a second estimate exists. Sub-parts went worse: all-phone growth was about -1% (Gartner), not +4%, and Gartner shows no 15-point fall in smartphone growth; the headline smartphone level is graded. Low confidence: the trackers straddle the threshold.",
deloitte-tmt-predictions-2009-009,deloitte-tmt-predictions,ungradable,rechecked,D16,"Not a page-access problem: no public series measures inbox checks per office worker per day for 2009. Radicati counts emails sent and received per business user, a different quantity (D23). Looked for a 2009 time-use or workplace survey of email checking frequency; none found.",
deloitte-tmt-predictions-2009-010,deloitte-tmt-predictions,miss,audited,D16,,
deloitte-tmt-predictions-2009-011,deloitte-tmt-predictions,hit,audited,D16,,
deloitte-tmt-predictions-2009-012,deloitte-tmt-predictions,ungradable,adjudicated,D16,"The quantity is the share of unbranded/little-known brands in technology purchases in 2009; no public series was found. Grader A's evidence is that Vizio became North America's largest LCD TV seller by volume in 2007, before the target year and by then not an unknown brand; netbooks came mostly from established brands (Asus, Acer). Neither tests a 2009 shift. Ungradable.",
deloitte-tmt-predictions-2009-013,deloitte-tmt-predictions,ungradable,rechecked,D16,"Both graders read the claim as e-discovery revenue. The chapter is about the volume of lawsuits over digital matters (privacy, product claims, RSI, IP and copyright class actions), not about electronic discovery services, so e-discovery revenue is a different quantity (D23). For the record, on the graders' reading the Socha-Gelbmann surveys give 2007 commercial e-discovery revenue of $2.794bn (with a pre-recession projection of $4.051bn for 2009) and 2009 revenue of about $2.8bn: flat rather than falling, which a 'recession-proof' reading would call a hit and a 'kept growing' reading a stall; that reading is not graded. No public series counts digital-related litigation across these case types for 2008 and 2009. Looked for: Socha-Gelbmann public results 2008 to 2010, litigation trend surveys, patent and copyright filing counts (each covers only one slice). Stays ungradable.",
deloitte-tmt-predictions-2009-014,deloitte-tmt-predictions,hit,rechecked,D16,"Grader A named the right measure (McKinsey's 2009 Web 2.0 survey) but could not open it. Opened via the Internet Archive: the survey (fielded June 2009, about 1,700 executives) shows, in Exhibit 2, internal use of social networking by 42% of respondents at companies reporting benefits and 30% at companies reporting none, among only the 1,032 respondents whose companies use Web 2.0 internally; across all respondents that is well under half. McKinsey's 2010 survey reports 'significant increases' in the share of companies using social networking, to 40% (internal and external use), so 2009 was below 40% and rising. Growth in 2009 and adoption by a minority both held as stated. Hit. Grader B's Inc. 500 figure measured external social media, not internal networks.",
deloitte-tmt-predictions-2009-015,deloitte-tmt-predictions,miss,audited,D16,,
deloitte-tmt-predictions-2009-017,deloitte-tmt-predictions,miss,adjudicated,D16,"The chapter is global ('Overall, in 2009 ... per viewer'). Eurodata TV Worldwide (89 countries): average daily viewing 3h12 in 2009, up 3 minutes on 2008, i.e. about 21 minutes a week. 30 is 43% above 21: miss. UK BARB via Ofcom (3.74 to 3.75 hours a day, about 4 minutes a week) is also a miss. Grader B's Nielsen figure is US Q1 only and is not the stated scope.",
deloitte-tmt-predictions-2009-018,deloitte-tmt-predictions,hit,agreed,D16,,
deloitte-tmt-predictions-2009-019,deloitte-tmt-predictions,ungradable,adjudicated,D16,"The claim names which challenge is 'fundamental'; that is a ranking of concerns, not an outcome, like the w1 adjudication of 2007-003 (a state of worry). Grader A's evidence is YouTube's 2007 'not material' revenue, two years before the target year, which does not test 2009. Ungradable.",
deloitte-tmt-predictions-2009-020,deloitte-tmt-predictions,miss,adjudicated,D16,"The chapter's own test is that megastars 'may have to play arenas, not stadiums'. In 2009 the opposite happened: U2's 360 Tour opened in stadiums, sold 650,000 tickets in seven hours, and ended as the highest-grossing tour ever ($736m, 7.27 million tickets). Grader B looked for a premium series; the chapter's stadium-versus-arena test is observable. Miss.",
deloitte-tmt-predictions-2009-021,deloitte-tmt-predictions,miss,rechecked,D16,"Two public measures, in the two largest markets for the chapter's argument. UK: Ofcom's Communications Market Report 2010 (Figure 1.2) puts WiFi radio take-up at 2% of individuals in Q1 2010, while 15% listened to radio via the internet monthly, so sets were a small share of the audience. US: the Arbitron/Edison Infinite Dial 2010 has weekly online radio at 17% in both the early-2009 and early-2010 surveys (no growth over 2009), listening going to Internet-only services (Pandora) and computers, and a radio-like Internet radio device appearing only as an interest item (18% 'very interested'). WiFi sets were neither the biggest impetus nor a visible one in 2009. Miss. 'May' is Deloitte's usual pre-2010 voice for an expected outcome in this source and is graded as such (as in 2009-006).",
deloitte-tmt-predictions-2009-022,deloitte-tmt-predictions,miss,adjudicated,D16,"The edition fixes the base: global mobile ad spend 'only $1 billion' at end-2008 (0.4% of global ad revenue). Gartner reported 2010 mobile ad revenue of US$1.6bn (forecasting more than double, US$3.3bn, for 2011), so 2009 was below US$1.6bn. 2.0 against at most 1.6 is 25% or more off: miss. Grader B's Gartner figures of US$1.7bn (2007) and US$2.7bn (2008 forecast) use an older, broader definition inconsistent with Deloitte's US$1bn base and with Gartner's own later series.",
deloitte-tmt-predictions-2009-023,deloitte-tmt-predictions,hit,audited,D16,,
deloitte-tmt-predictions-2009-024,deloitte-tmt-predictions,hit,audited,D16,,
deloitte-tmt-predictions-2009-025,deloitte-tmt-predictions,partial,adjudicated,D16,"The event is confirmed on reputable sites in 2009 (The New York Times' ad feed served malicious ads 11-14 September 2009; the Guardian reported Internet companies facing the threat), but no source counts 'hundreds' of reputable sites in 2009. The direction and kind are right and the scale is unshown. Partial, low confidence.",
deloitte-tmt-predictions-2009-027,deloitte-tmt-predictions,hit,adjudicated,D16,"Under D23 a conditional is graded if the condition held. Demand stayed strong (iPhone users about 400 MB a month against 40-80 MB for typical smartphones), and the stress was severe: AT&T's network in New York, San Francisco and other iPhone-heavy areas 'quickly bogged down', with failed calls and slow 3G, and AT&T invested billions and ended unlimited data in June 2010. Grader A's 'no measure of severity' is answered by the documented congestion. Hit.",
deloitte-tmt-predictions-2009-028,deloitte-tmt-predictions,hit,adjudicated,D16,"Broadcast mobile TV closed region by region: Germany's MFD ended April 2008, Albania's DVB-H ended October 2010, Austria and Switzerland switched off around 2010, the Netherlands in 2011, Finland and Italy by 2012. Closures inside the two-year window count as a hit under D16; grader A's late-timing penalty applies only from year 3. 'Temporary' turned out permanent, which does not weaken the demise. Hit.",
deloitte-tmt-predictions-2009-029,deloitte-tmt-predictions,hit,audited,D16,,
deloitte-tmt-predictions-2009-030,deloitte-tmt-predictions,hit,agreed,D16,,
deloitte-tmt-predictions-2010-001,deloitte-tmt-predictions,hit,agreed,D16,,
deloitte-tmt-predictions-2010-002,deloitte-tmt-predictions,hit,agreed,D16,,
deloitte-tmt-predictions-2010-003,deloitte-tmt-predictions,hit,agreed,D16,,
deloitte-tmt-predictions-2010-004,deloitte-tmt-predictions,ungradable,rechecked,D16,"No public count of seats moved to VDI or thin client in 2010. IDC thin-client device shipments sit in paid trackers and are a different quantity from VDI seats (VDI also runs on repurposed PCs), so would be a proxy (D23). Earlier reason was paywalled analyst data, not a blocked page; no public press-release figure located.",
deloitte-tmt-predictions-2010-006,deloitte-tmt-predictions,hit,adjudicated,D16,"The chapter is about sector performance in a recovery ('CleanTech makes a comeback'), so the investment reading dominates. Yahoo Finance monthly adjusted closes, re-fetched by the adjudicator: Guggenheim Solar ETF (TAN) 75.80 (Dec 2009) to 54.20 (Dec 2010), -28.5%; PowerShares WilderHill Clean Energy (PBW) 39.24 to 37.06, -5.6%. Solar underperformed the broad clean-energy index by about 23 points: hit. Grader A could not retrieve the index data.",
deloitte-tmt-predictions-2010-008,deloitte-tmt-predictions,hit,audited,D16,,
deloitte-tmt-predictions-2010-009,deloitte-tmt-predictions,partial,adjudicated,D16,"A series exists and was retrieved: ZenithOptimedia put internet at 16.0% of global adspend in 2011 ($76.4bn). D18 rate: 15 - 16.0 = -1.0 pt, within 1.0: partial. Deloitte's 'roughly 10% at end-2009' base is lower than Zenith's, a baseline difference of the same quantity (D23). Grader B's ungradable was for lack of retrieval only.",
deloitte-tmt-predictions-2010-010,deloitte-tmt-predictions,miss,audited,D16,,
deloitte-tmt-predictions-2010-011,deloitte-tmt-predictions,partial,agreed,D16,,
deloitte-tmt-predictions-2010-013,deloitte-tmt-predictions,partial,rechecked,D16,"IFPI Digital Music Report 2012 gives an estimated 8.2 million paying subscribers globally in 2010 (13.4 million in 2011). The 10 million threshold was not crossed in 2010; the forecast is 22% above the actual (10 vs 8.2), within 25%: partial under the D16 quantitative rule. Threshold crossed in 2011.",
deloitte-tmt-predictions-2010-014,deloitte-tmt-predictions,partial,agreed,D16,,
deloitte-tmt-predictions-2010-015,deloitte-tmt-predictions,hit,agreed,D16,,
deloitte-tmt-predictions-2010-016,deloitte-tmt-predictions,hit,adjudicated,D16,"No source splits 2010 mobile search exactly, but two figures bracket it. Google, the dominant mobile search provider, said in October 2010 it was on track for US$1bn in mobile revenue that year (mostly search ads, some display). Gartner put all mobile advertising at US$1.6bn in 2010, with search and maps its largest category. Mobile search therefore fell roughly between US$0.8bn and US$1.6bn, within or at most about 20% below the stated range. Grader A was right that no exact split exists, but both bracket figures are of the same quantity or contain it. Hit, low-medium confidence.",
deloitte-tmt-predictions-2010-017,deloitte-tmt-predictions,partial,audited,D16,,
deloitte-tmt-predictions-2010-019,deloitte-tmt-predictions,hit,audited,D16,,
deloitte-tmt-predictions-2011-001,deloitte-tmt-predictions,hit,audited,D16,,
deloitte-tmt-predictions-2011-002,deloitte-tmt-predictions,miss,adjudicated,D16,"The title names each device class, so the per-class reading is more faithful than grader B's combined smartphone-plus-tablet pool. By end-2011 Android passed 50% of quarterly smartphone sales (Q4 2011, Gartner) with a lead of more than 25 points over the next OS, and iPad held 61.5% of tablet shipments in Q3 2011 (IDC). Each class had a dominant OS at the target date: miss. Medium confidence on where 'dominant' starts.",
deloitte-tmt-predictions-2011-003,deloitte-tmt-predictions,ungradable,rechecked,D16,No public series splits 2011 tablet purchases by enterprise vs consumer buyer. IDC/Gartner commercial-vs-consumer splits for 2011 are in paid trackers; no public press-release figure for the 2011 enterprise share was located. Total tablet shipments are a different quantity (D23).,
deloitte-tmt-predictions-2011-004,deloitte-tmt-predictions,ungradable,rechecked,D16,"Eurostat's enterprise e-government series is the matching measure. With archive access, the 2010 reference-year values were found (Jan 2011 survey, EU27: 74% obtaining information, 76% downloading forms, 69% returning completed forms), which match Deloitte's 75% baseline. No 2011 reference-year value was found: the Eurostat datasets (tin00107, isoc_bde15ei) are no longer disseminated, the archived Statistics Explained pages stop at 2010, and the 2012 ICT-usage-in-enterprises Statistics in Focus carries no e-government figure. The only year-before value is the claim's own baseline, so grading against it would test nothing. Ungradable for 2011; low certainty, a 2011 OECD or Eurostat figure may exist offline.",
deloitte-tmt-predictions-2011-005,deloitte-tmt-predictions,contested,contested,D16,"The claim is comparative ('more ... than ever before'); both graders cite only 2011 events (Wikipedia PSN breach, cookie directive) with no measure against 2010, itself a peak privacy year (Facebook settings, Street View Wi-Fi). Evidence does not support any verdict on the comparison.",hit
deloitte-tmt-predictions-2011-006,deloitte-tmt-predictions,hit,audited,D16,,
deloitte-tmt-predictions-2011-007,deloitte-tmt-predictions,miss,audited,D16,,
deloitte-tmt-predictions-2011-008,deloitte-tmt-predictions,hit,audited,D16,,
deloitte-tmt-predictions-2011-009,deloitte-tmt-predictions,miss,adjudicated,D16,"The claim is a rate threshold, graded under D18, not the D16 placement windows grader B applied (late arrival 3-5 years is a placement rule, not a numeric one). US DVR penetration was 32% (2009) and 38% (2010); at that pace about 44% at end-2011, and the edition itself put the US crossing in 2011-2012. No source shows the US near 50% in 2011, so the US is more than 1 pt short and the two-market claim fails: miss. TV advertising was little affected, as stated, but the headline is the penetration number. Medium confidence: no retrieved 2011 US figure; 2011 is extrapolated by both graders.",
deloitte-tmt-predictions-2011-010,deloitte-tmt-predictions,hit,audited,D16,,
deloitte-tmt-predictions-2011-011,deloitte-tmt-predictions,hit,audited,D16,,
deloitte-tmt-predictions-2011-014,deloitte-tmt-predictions,hit,audited,D16,,
deloitte-tmt-predictions-2011-015,deloitte-tmt-predictions,miss,audited,D16,,
deloitte-tmt-predictions-2012-001,deloitte-tmt-predictions,hit,agreed,D16,,
deloitte-tmt-predictions-2012-004,deloitte-tmt-predictions,hit,audited,D16,,
deloitte-tmt-predictions-2012-005,deloitte-tmt-predictions,hit,audited,D16,,
deloitte-tmt-predictions-2012-006,deloitte-tmt-predictions,ungradable,rechecked,D16,"No series measures 3D printers as a segment of the power-tools or industrial-manufacturing markets. Wohlers total additive-manufacturing revenue is a different quantity (D23). Not a page-access gap: even with Wohlers open, the named segment is unmeasured.",
deloitte-tmt-predictions-2012-008,deloitte-tmt-predictions,ungradable,rechecked,D16,"Scope is global and the window is 24 hours. National panels (BARB UK, Nielsen US) publish live vs time-shifted within 7 days (BARB) or Live+SD/+3/+7 (Nielsen), not a global or 24-hour share. Ofcom access would only add UK 7-day data, a different window and scope. Ungradable stays.",
deloitte-tmt-predictions-2012-015,deloitte-tmt-predictions,ungradable,rechecked,D16,"Only analyst estimates (IHS, ABI, Juniper, Berg) of NFC device or handset shipments exist, in paid reports with differing device scopes; no public 2012 actual was located. Not a blocked-page case.",
deloitte-tmt-predictions-2012-018,deloitte-tmt-predictions,hit,agreed,D16,,
deloitte-tmt-predictions-2013-001,deloitte-tmt-predictions,contested,contested,D16,"Cisco VNI release (June 2014) gives 33% of IP traffic from non-PC devices, but IP traffic includes managed IPTV/VoD to set-top boxes; the claim is about Internet traffic. The release has no Internet-only device split, and removing managed video plausibly puts the PC share near 80%, so the miss rests on an unconfirmed figure.",miss
deloitte-tmt-predictions-2013-005,deloitte-tmt-predictions,miss,adjudicated,D16,"Deloitte's 2011 baseline ($1.5bn) is Massolution's $1.47bn. The same series gives $2.66bn for 2012 and, in the 2015CF report, $6.1bn for 2013 ($16.2bn in 2014, +167%). $3bn is 51% below: miss. The $2.8bn for 2013 on Wikipedia (journalism passage) has no stated source or scope and sits barely above the same series' 2012 value, so it is not treated as an estimate of the same quantity; the D23 factor-2 rule is not triggered. Grader B's $6.1bn was from memory; it is now retrieved via the Massolution release. Medium-low confidence.",
deloitte-tmt-predictions-2013-007,deloitte-tmt-predictions,hit,audited,D16,,
deloitte-tmt-predictions-2013-009,deloitte-tmt-predictions,ungradable,rechecked,D16,"Earlier adjudication stands: no public global installed-base figure for 2013; available figures are US-only (25m households in 2012) or 2019 (1.26bn connected TVs). Building a base from shipment shares is a constructed estimate (D23). Likely exceeded, but not measured.",
deloitte-tmt-predictions-2013-011,deloitte-tmt-predictions,hit,agreed,D16,,
deloitte-tmt-predictions-2013-012,deloitte-tmt-predictions,hit,agreed,D16,,
deloitte-tmt-predictions-2013-013,deloitte-tmt-predictions,hit,agreed,D16,,
deloitte-tmt-predictions-2014-002,deloitte-tmt-predictions,miss,agreed,D16,,
deloitte-tmt-predictions-2014-003,deloitte-tmt-predictions,ungradable,rechecked,D16,"No tracker publishes tablet installed base by screen size; deriving it from shipments needs replacement assumptions (proxy, D23). Not a page-access gap.",
deloitte-tmt-predictions-2014-004,deloitte-tmt-predictions,hit,agreed,D16,,
deloitte-tmt-predictions-2014-007,deloitte-tmt-predictions,partial,adjudicated,D16,"The event can be dated: Germany's AGF restructured in 2017 so that streaming data enter the ratings measurement; in the UK, BARB's fusion of panel and device data (Dovetail) is documented only for later years, not 2014. Neither market shows hybrid ratings in 2014 or within 2 years in the evidence; Germany's came 3 years after the placed year, which D16 grades partial. Low confidence: no retrieved launch date for BARB's hybrid, and an earlier German streaming pilot cannot be ruled out.",
deloitte-tmt-predictions-2014-009,deloitte-tmt-predictions,hit,rechecked,D16,"IFPI Digital Music Report 2015 (contemporaneous vintage): 2014 performance rights revenue $948m, +8.3%, on an amended scope that moved US SoundExchange to digital and gave US performance rights a nil value. $1bn vs $948m is 5.5% off: hit under the D16 quantitative rule (within 10%). On the scope in force when Deloitte forecast, IFPI's DMR 2014 already put 2013 at $1.1bn (+19%), so the threshold was crossed on that basis too (early arrival not penalised). Both vintages give hit; the threshold-not-crossed reading on the new scope is the only weakness. Grader B's 'factor 2 spread' rested on a later restatement not used here; vintages of the same quantity are gradable (D23).",
deloitte-tmt-predictions-2014-011,deloitte-tmt-predictions,ungradable,adjudicated,D16,"The claim states a level (50bn a day) as well as a ratio. No aggregate of MIM traffic exists; per-app disclosures use different counts (WhatsApp reported 30bn a day by January 2015, while earlier WhatsApp figures counted sent and received separately, which differ by about a factor of 2), and WeChat, Messenger, LINE and iMessage gave no comparable 2014 counts. Estimates of the total therefore span more than a factor of 2 depending on the counting convention: ungradable under D23. Grader B's sum is a construction from partial disclosures. The ratio half very likely held (WhatsApp alone at or above the SMS level), noted but not graded alone.",
deloitte-tmt-predictions-2014-013,deloitte-tmt-predictions,ungradable,rechecked,D16,"The claim spans developed markets; only single-country surveys (Ofcom UK, Pew US) exist, with different age bands and growth bases (points vs percent). Opening Ofcom would give one country, not the stated scope. Not re-attempted beyond confirming no cross-market series.",
deloitte-tmt-predictions-2015-002,deloitte-tmt-predictions,ungradable,rechecked,D16,"No installed-base series of civil drones by price. FAA registrations began Dec 2015, cover the US only and all drones over 250 g. Not a page-access gap.",
deloitte-tmt-predictions-2015-003,deloitte-tmt-predictions,hit,adjudicated,D16,"Gartner, the consensus series Deloitte cites (forecast 217,350 for 2015 in Oct 2014), later reported 219,168 units shipped in 2015 (in its 2016 forecast, 455,772 for 2016). 220,000 vs 219,168 is +0.4%: hit. Grader A did not retrieve the figure (403); grader B recalled it, now confirmed via search. Wohlers' desktop counts for 2015 are higher, but no Wohlers figure was retrieved, so the D23 median rule is applied to the one retrieved estimate. Medium confidence; a higher Wohlers count could move this to partial.",
deloitte-tmt-predictions-2015-005,deloitte-tmt-predictions,hit,agreed,D16,,
deloitte-tmt-predictions-2015-010,deloitte-tmt-predictions,hit,agreed,D16,,
deloitte-tmt-predictions-2015-012,deloitte-tmt-predictions,partial,adjudicated,D16,"ITU (Nov 2022 vintage): fixed-broadband subscriptions 730.8m (2014) and 834.9m (2015). 715m is 14.4% below: within 25%, not 10%, partial; growth was about 14%, not 2%. Business lines are a minority of subscriptions; even removing 10% for them gives about 750m and a hit, but no residential series exists, so the graded figure is subscriptions, the same quantity with a stated scope difference (D23). Grader A's own figure (about 795m) is 10.1% above 715m, outside the 10% hit band, so its hit was an arithmetic error; its residential adjustment was unsourced. Speed sub-claim not graded.",
deloitte-tmt-predictions-2016-001,deloitte-tmt-predictions,hit,agreed,D16,,
deloitte-tmt-predictions-2016-004,deloitte-tmt-predictions,ungradable,rechecked,D16,"Only bracketing market-research figures ($9m in 2012, about $380m in 2022) were found; 2016 estimates from market-research firms differ by scope (materials vs products) and span more than a factor of 2 (D23). Not resolved by page access.",
deloitte-tmt-predictions-2016-006,deloitte-tmt-predictions,miss,adjudicated,D16,"SuperData put 2016 VR revenue at $1.8bn (games 44% of it), fetched by the adjudicator from VGChartz's report of the SuperData release. $1.0bn is 44% below: miss. Grader B fetched only SuperData's unit counts. Medium confidence; one estimate.",
deloitte-tmt-predictions-2016-007,deloitte-tmt-predictions,partial,agreed,D16,,
deloitte-tmt-predictions-2016-008,deloitte-tmt-predictions,miss,rechecked,D16,"PageFair's 2017 Adblock Report (Dec 2016 data) counts 380 million mobile devices using adblock software on mobile browsers, up 108 million in 2016, 94% in Asia-Pacific. Against the edition's own base of 3.4 billion mobile devices that is about 11%, some 37 times the forecast; even if PageFair overstated by a factor of 10 the share would exceed 1%. Reading note: PageFair's mobile count is of adblocking browsers (UC Browser and similar), while the chapter frames ad-blockers as installed software and iOS content blockers; an adblocking browser is installed ad-blocking software on the device, so the plain reading 'use an ad-blocker' covers it, and the chapter does not exclude it. Miss.",
deloitte-tmt-predictions-2016-009,deloitte-tmt-predictions,hit,audited,D16,,
deloitte-tmt-predictions-2016-010,deloitte-tmt-predictions,partial,adjudicated,D16,"Leichtman Research: about 82% of US TV households subscribed to pay TV in 2016 (fetched; 87% in 2011), 79% in 2017. D18: 81 - 82 = -1.0 pt, within 1.0: partial. Grader A's Pew figure is an adult base and was rightly set aside, but a household series was retrievable.",
deloitte-tmt-predictions-2016-011,deloitte-tmt-predictions,hit,agreed,D16,,
deloitte-tmt-predictions-2016-012,deloitte-tmt-predictions,hit,audited,D16,,
deloitte-tmt-predictions-2016-016,deloitte-tmt-predictions,hit,audited,D16,,
deloitte-tmt-predictions-2017-002,deloitte-tmt-predictions,miss,agreed,D16,,
deloitte-tmt-predictions-2017-003,deloitte-tmt-predictions,miss,agreed,D16,,
deloitte-tmt-predictions-2017-004,deloitte-tmt-predictions,hit,agreed,D16,,
deloitte-tmt-predictions-2017-008,deloitte-tmt-predictions,hit,adjudicated,D16,"IDC: 163.5m tablets shipped in 2017, down 6.5% from 174.8m in 2016 (IDC table on Wikipedia, retrieved by the adjudicator). Under the 165m ceiling: hit. The 'down about 10% from 182m' part uses a different 2016 base than IDC's.",
deloitte-tmt-predictions-2018-002,deloitte-tmt-predictions,hit,agreed,D16,,
deloitte-tmt-predictions-2018-009,deloitte-tmt-predictions,partial,rechecked,D16,"UK (BARB via Ofcom, ages 16-24, live plus 7-day): 2018 down 15% to 85 minutes a day (at the top of the band); 2019 down 18% to 70 minutes (outside the band, 20% beyond its 15% edge; H1 2019 was down 22%). A conjunctive band claim is capped by its worst measured component: the UK 2019 value is within 25% of the band edge, so at most partial. US (Nielsen) and Canada (Numeris) 18-24 series were not retrieved (Nielsen report pages give no data without the PDF; Numeris not public), so a larger US or Canadian decline could make this a miss. Low certainty.",
deloitte-tmt-predictions-2018-010,deloitte-tmt-predictions,partial,adjudicated,D16,"The claim's base is people with internet access, not all adults. Pew: smartphone-dependent 20% of adults (Jan 2018 survey) and 17% (Feb 2019); internet users 89% and 90%. On the claim's base: 22.5% and 18.9%, which bracket 2018; the midpoint is about 20.7%, 0.7 pt off: partial (D18). Grader A graded on the all-adult base (20% exactly) although it noted the base difference: a reading error. Canada has no measure on this basis. Low confidence: single surveys move a lot year to year.",
deloitte-tmt-predictions-2019-001,deloitte-tmt-predictions,miss,audited,D16,,
deloitte-tmt-predictions-2019-003,deloitte-tmt-predictions,ungradable,rechecked,D16,"The headline quantity is industry revenue. Trackers (Canalys, Strategy Analytics) publish unit shipments; units times an assumed ASP is a proxy (D23). No public 2019 smart-speaker revenue measure.",
deloitte-tmt-predictions-2019-005,deloitte-tmt-predictions,ungradable,rechecked,D16,"Newzoo is the tracker. Via Wayback its Feb 2019 release was opened: it gives North America at $409.1m for 2019, but this is Newzoo's in-year forecast, and no 2018 North America base or 2019 actual was retrieved (2020 report pages and articles not archived at the URLs found; newzoo.com returns 403). A growth rate cannot be computed from one number. Ungradable; low certainty, the 2020 report would settle it.",
deloitte-tmt-predictions-2019-006,deloitte-tmt-predictions,ungradable,rechecked,D16,Global radio revenue series (PwC Global Entertainment & Media Outlook) are paywalled and differ in scope (advertising only vs advertising plus licence fee and subscription). No public 2019 global figure on the same scope located.,
deloitte-tmt-predictions-2019-008,deloitte-tmt-predictions,hit,adjudicated,D16,"CNNIC 43rd Statistical Report (retrieved by the adjudicator): mobile payment users reached 583 million at end-2018, up 10.7%. 600m is 2.9% above: hit. Grader B could not retrieve the report.",
deloitte-tmt-predictions-2020-001,deloitte-tmt-predictions,ungradable,rechecked,D16,Deloitte's definition counts parts of chips; no tracker counts that quantity. AI-capable smartphone shares or vendor accelerator counts are proxies (D23).,
deloitte-tmt-predictions-2020-002,deloitte-tmt-predictions,miss,audited,D16,,
deloitte-tmt-predictions-2020-003,deloitte-tmt-predictions,contested,contested,D16,"GSA Dec 2020 update counts 259 companies deploying LTE or 5G (500+ incl. trials) with no 5G split; GSA's Aug 2021 release (Grader B's '120+ 5G projects') post-dates the target and says LTE was in 81% of networks in Oct 2020, implying well under 100 catalogued 5G at end-2020. No source confirms >100 companies testing 5G by end-2020.",hit
deloitte-tmt-predictions-2020-004,deloitte-tmt-predictions,hit,audited,D16,,
deloitte-tmt-predictions-2020-007,deloitte-tmt-predictions,ungradable,rechecked,D16,"2020 CDN market estimates come from market-research firms with paywalled reports and scopes that differ (security, video services); figures that circulate span widely. No same-scope public measure retrieved.",
deloitte-tmt-predictions-2021-002,deloitte-tmt-predictions,miss,audited,D16,,
deloitte-tmt-predictions-2021-003,deloitte-tmt-predictions,hit,audited,D16,,
deloitte-tmt-predictions-2021-008,deloitte-tmt-predictions,ungradable,rechecked,D16,"Trackers split AR/VR shipments by device type and, at most, consumer vs commercial in paid data; no public series of enterprise-plus-education headset sales. Not a page-access gap.",
deloitte-tmt-predictions-2022-002,deloitte-tmt-predictions,ungradable,rechecked,D16,"Newzoo's console segment excludes hardware; adding hardware needs unit times ASP assumptions (proxy, D23). No same-scope public measure.",
deloitte-tmt-predictions-2022-004,deloitte-tmt-predictions,partial,rechecked,D16,"Ofcom Media Nations (Barb in-home basis, recalculated for 2022): broadcaster content (live, recorded playback, BVoD) was 61% of video viewing in 2022, 57% in 2023 and 56% in 2024. The threshold event did not happen: 2022 was not the final year above 50%, and the share was still above half in 2024. On the D16 quantitative rule the stated path is 14% off in 2023 (49 vs 57) and 13% off in 2022 (53 vs 61), within 25%: partial. Ofcom's switch to in-home-only viewing moves shares by about a point (out-of-home added just under 2% to total viewing), which does not change the result. If the claim is read as a binary event, it is a miss; the edition gives explicit numbers, so the quantitative reading is used (same treatment as other threshold claims in this pass).",
deloitte-tmt-predictions-2022-005,deloitte-tmt-predictions,partial,audited,D16,,
deloitte-tmt-predictions-2022-006,deloitte-tmt-predictions,hit,adjudicated,D16,"PitchBook counted US$7.8bn of global VC into semiconductor startups in 2022 (to 5 December), fetched from The Register. That is above the US$6bn floor: hit. PitchBook's 2021 figure (US$14.5bn) is higher than Deloitte's base, a method difference of the same quantity (D23), stated; the 'new highs' framing failed on PitchBook's series, but the stated threshold is the claim. Grader A found no figure; one was retrievable.",
deloitte-tmt-predictions-2022-008,deloitte-tmt-predictions,partial,adjudicated,D16,"Ericsson Mobility Report June 2023 (text verified by the adjudicator): 'From 100 million at the end of 2022, FWA connections worldwide are projected to increase to 300 million by the end of 2028.' 88m is 12% below: within 25%, not 10%: partial.",
deloitte-tmt-predictions-2022-009,deloitte-tmt-predictions,ungradable,rechecked,D16,No public annual Wi-Fi 6 device shipment actual for 2022 was found. Wi-Fi Alliance newsroom pages tried returned 404; IDC figures are forecasts or paywalled; chipset projections are a different quantity. Low certainty: a Wi-Fi Alliance or IDC public actual may exist.,
deloitte-tmt-predictions-2022-010,deloitte-tmt-predictions,ungradable,rechecked,D16,"IDC reports wearables by form (earwear, smartwatches, wristbands); Deloitte's 'health and wellness' scope matches none, and the two candidate scopes (all wearables about 500m; watches plus bands) give opposite verdicts. No same-scope measure (D23).",
deloitte-tmt-predictions-2022-013,deloitte-tmt-predictions,contested,contested,D16,"Estimates of end-2022 floating PV conflict: REN21 GSR 2024 'at least 5.6 GW operational' (5.2 is 7% below, a hit), REN21 GSR 2023 'well over 3 GW', Wikipedia/Bloomberg 13 GW (miss). Spread exceeds 2x (D23), so the agreed miss is not supported.",miss
deloitte-tmt-predictions-2022-014,deloitte-tmt-predictions,hit,audited,D16,,
deloitte-tmt-predictions-2022-018,deloitte-tmt-predictions,hit,audited,D16,,
deloitte-tmt-predictions-2022-019,deloitte-tmt-predictions,hit,audited,D16,,
deloitte-tmt-predictions-2023-001,deloitte-tmt-predictions,hit,audited,D16,,
deloitte-tmt-predictions-2023-002,deloitte-tmt-predictions,contested,contested,D16,"Graders' 2023 price evidence (itel P55 5G at Rs 9,699, ~US$116) returned 404; only Lava Blaze 5G (Oct 2022, ~US$125) and Poco C75 5G (Dec 2024, Rs 7,399 per Cashify) were confirmed. A 2023 phone within 10% of US$99 (with offers) would make it a hit, so partial rests on an unconfirmed figure.",partial
deloitte-tmt-predictions-2023-003,deloitte-tmt-predictions,miss,audited,D16,,
deloitte-tmt-predictions-2023-014,deloitte-tmt-predictions,miss,rechecked,D16,"Drake Star's gaming deal tracker: 163 M&A deals announced in 2023 (Q1 2023: 43). For 2022 its quarterly releases give Q4 2022 alone at 76 M&A deals, Q1 2022 at about 100 (387 transactions less 287 financings), and 132 PC/console and mobile M&A transactions in the first nine months; 2022 M&A count was therefore well above 200, and total gaming deals fell from 1,300+ (2022) to 960 (2023). The count fell by roughly a quarter or more instead of rising 25%: miss. Drake Star itself describes 2023 deal activity as shifting back to pre-COVID levels. The exact 2022 M&A total sits in the gated PDF; the direction is not in doubt.",
deloitte-tmt-predictions-2024-002,deloitte-tmt-predictions,hit,agreed,D16,,
deloitte-tmt-predictions-2024-003,deloitte-tmt-predictions,miss,agreed,D16,,
deloitte-tmt-predictions-2024-004,deloitte-tmt-predictions,hit,agreed,D16,,
deloitte-tmt-predictions-2024-005,deloitte-tmt-predictions,partial,adjudicated,D16,"USGS (verified): China's gallium exports recovered in 2024 as licences were granted; prices rose (to $420/kg by October) 'as stocks outside of China depleted further'; China banned gallium exports to the US only in December 2024. Supply tightened and stocks ran down, but with exports flowing again there is no evidence of an actual shortfall in multiple regions during 2024. Partly happened: partial. Moderate-low confidence on what counts as 'running short'.",
deloitte-tmt-predictions-2024-012,deloitte-tmt-predictions,hit,audited,D16,,
deloitte-tmt-predictions-2024-014,deloitte-tmt-predictions,partial,audited,D16,,
deloitte-tmt-predictions-2024-016,deloitte-tmt-predictions,hit,adjudicated,D16,"Every iPhone 14 or later supports satellite messaging (Apple). IDC puts Apple's 2025 shipments at 247.4m, +6.1%, so about 233m in 2024; the iPhone 13 and SE, the only non-satellite iPhones on sale in 2024, were the cheap tail of the line. Satellite-capable Huawei Mate 60 and Pura 70 and Pixel 9 models add to that. This counts units of the same quantity (satellite-capable phones), not a proxy of another quantity, so D23 does not bar it. Even with 15% of iPhones non-satellite the total is above 200m, and D16 allows a hit down to 180m. Medium confidence: no tracker count retrieved; the Apple 2025 figure is from IDC's release title.",
deloitte-tmt-predictions-2025-002,deloitte-tmt-predictions,hit,audited,D16,,
deloitte-tmt-predictions-2025-005,deloitte-tmt-predictions,hit,adjudicated,D16,"The claim has two observable parts and both held. Industry collaboration on content provenance was active in 2025: the C2PA coalition (Adobe, Amazon, BBC, Google, Meta, Microsoft, OpenAI, Sony, TikTok and others) runs Content Credentials as a cross-industry standard. Detection evasion is the documented pattern. It was partly in place before 2025, and D16 does not penalise early arrival. Grader A's ungradable treats it as an unmeasurable pattern, but its parts are events, which are gradable. Moderate confidence: 'at least some' is a low bar.",
deloitte-tmt-predictions-2025-007,deloitte-tmt-predictions,miss,adjudicated,D16,Counterpoint (fetched): global smartphone shipments grew 2% in 2025; IDC preliminary 1.9%. D18: about 5 pt below: miss. Grader B could not retrieve tracker releases.,
deloitte-tmt-predictions-2025-010,deloitte-tmt-predictions,hit,audited,D16,,
deloitte-tmt-predictions-2025-014,deloitte-tmt-predictions,miss,audited,D16,,
deloitte-tmt-predictions-2025-021,deloitte-tmt-predictions,ungradable,rechecked,D16,"2025 actuals for silicon photonics chips (not modules) are not yet public; analyst figures (Yole, LightCounting) are paywalled, forecast-based and scope modules or PICs differently, spanning more than a factor of 2 (D23).",
economist-world-ahead-1987-001,economist-world-ahead,hit,agreed,D16,,
economist-world-ahead-1987-002,economist-world-ahead,hit,agreed,D16,,
economist-world-ahead-1987-003,economist-world-ahead,hit,agreed,D16,,
economist-world-ahead-1987-004,economist-world-ahead,hit,agreed,D16,,
economist-world-ahead-1987-005,economist-world-ahead,hit,agreed,D16,,
economist-world-ahead-1987-006,economist-world-ahead,partial,agreed,D16,,
economist-world-ahead-1987-007,economist-world-ahead,contested,contested,D16,"Wikipedia 1987 UK election confirms Thatcher's 102-seat win, but the cited Shearson Lehman Brothers page does not mention Nippon Life or any Japanese stake, so the takeover leg rests on an unsupported citation; the moral-majority leg (Robertson's 1987 campaign) was dismissed as vague, not checked, and if it holds the claim is partial on the 1-of-n logic used elsewhere.",miss
economist-world-ahead-1987-008,economist-world-ahead,miss,agreed,D16,,
economist-world-ahead-1988-001,economist-world-ahead,hit,agreed,D16,,
economist-world-ahead-1988-002,economist-world-ahead,hit,adjudicated,D16,"'Threat of a heterosexual epidemic' in 1987 usage meant the feared generalised spread to the general population; that reading dominates over a reading on the heterosexual share of cases, which the text does not name. CDC 1988 update: heterosexually acquired cases 4.8% of adult cases in 1988 vs 5.2% in 1983, concentrated in discrete groups (partners of IV-drug users, Black/Hispanic women). No generalised epidemic took off in the US or western Europe. A's divergence rests on a rising heterosexual share in the 1990s, which is a different measure (and beyond the D27 window), so no second equally faithful reading. Low-medium certainty: 'threat' is partly perceptual.",
economist-world-ahead-1988-003,economist-world-ahead,partial,agreed,D16,,
economist-world-ahead-1991-001,economist-world-ahead,hit,agreed,D16,,
economist-world-ahead-1991-002,economist-world-ahead,partial,agreed,D16,,
economist-world-ahead-1992-001,economist-world-ahead,miss,agreed,D16,,
economist-world-ahead-1992-002,economist-world-ahead,hit,agreed,D16,,
economist-world-ahead-1993-001,economist-world-ahead,hit,agreed,D16,,
economist-world-ahead-1993-002,economist-world-ahead,hit,agreed,D16,,
economist-world-ahead-1994-001,economist-world-ahead,hit,agreed,D16,,
economist-world-ahead-1996-001,economist-world-ahead,miss,audited,D16,,
economist-world-ahead-1996-002,economist-world-ahead,miss,audited,D16,,
economist-world-ahead-1997-001,economist-world-ahead,miss,audited,D16,,
economist-world-ahead-2001-001,economist-world-ahead,hit,audited,D16,,
economist-world-ahead-2001-002,economist-world-ahead,hit,audited,D16,,
economist-world-ahead-2002-001,economist-world-ahead,hit,agreed,D16,,
economist-world-ahead-2003-001,economist-world-ahead,miss,agreed,D16,,
economist-world-ahead-2003-002,economist-world-ahead,hit,agreed,D16,,
economist-world-ahead-2004-001,economist-world-ahead,hit,audited,D16,,
economist-world-ahead-2005-001,economist-world-ahead,partial,agreed,D16,,
economist-world-ahead-2005-002,economist-world-ahead,hit,agreed,D16,,
economist-world-ahead-2008-001,economist-world-ahead,hit,agreed,D16,,
economist-world-ahead-2008-002,economist-world-ahead,miss,agreed,D16,,
economist-world-ahead-2008-003,economist-world-ahead,miss,agreed,D16,,
economist-world-ahead-2008-004,economist-world-ahead,miss,agreed,D16,,
economist-world-ahead-2008-005,economist-world-ahead,miss,agreed,D16,,
economist-world-ahead-2008-006,economist-world-ahead,miss,agreed,D16,,
economist-world-ahead-2008-007,economist-world-ahead,hit,agreed,D16,,
economist-world-ahead-2008-008,economist-world-ahead,hit,agreed,D16,,
economist-world-ahead-2011-001,economist-world-ahead,hit,agreed,D16,,
economist-world-ahead-2015-002,economist-world-ahead,miss,agreed,D16,,
economist-world-ahead-2015-003,economist-world-ahead,hit,agreed,D16,,
economist-world-ahead-2015-004,economist-world-ahead,partial,agreed,D16,,
economist-world-ahead-2015-005,economist-world-ahead,hit,agreed,D16,,
economist-world-ahead-2016-001,economist-world-ahead,hit,agreed,D16,,
economist-world-ahead-2016-002,economist-world-ahead,hit,agreed,D16,,
economist-world-ahead-2016-003,economist-world-ahead,hit,agreed,D16,,
economist-world-ahead-2016-004,economist-world-ahead,hit,agreed,D16,,
economist-world-ahead-2016-005,economist-world-ahead,hit,agreed,D16,,
economist-world-ahead-2016-006,economist-world-ahead,miss,audited,D16,,
economist-world-ahead-2017-001,economist-world-ahead,hit,adjudicated,D16,"The claim says 'set about' and 'rollback', not repeal. Both graders agree on the facts: repeal bills failed (July 2017), but CSR payments were ended (Oct 2017), an executive order loosened ACA rules, and the TCJA (signed 22 Dec 2017) zeroed the individual-mandate penalty. That is a rollback begun in 2017 as stated. B graded against 'repealed or materially rolled back' and treated failed repeal as a smaller event; the stated event was never full repeal.",
economist-world-ahead-2017-002,economist-world-ahead,hit,agreed,D16,,
economist-world-ahead-2017-003,economist-world-ahead,hit,agreed,D16,,
economist-world-ahead-2017-004,economist-world-ahead,hit,agreed,D16,,
economist-world-ahead-2018-002,economist-world-ahead,hit,audited,D16,,
economist-world-ahead-2018-003,economist-world-ahead,hit,audited,D16,,
economist-world-ahead-2018-004,economist-world-ahead,hit,audited,D16,,
economist-world-ahead-2018-005,economist-world-ahead,miss,audited,D16,,
economist-world-ahead-2018-006,economist-world-ahead,partial,audited,D16,,
economist-world-ahead-2018-007,economist-world-ahead,hit,audited,D16,,
economist-world-ahead-2018-008,economist-world-ahead,hit,adjudicated,D16,"Full press-release sentence: 'Telling trends of 2018 will include ... the rise of private space ventures reflected most dramatically in SpaceX's plan to send tourists around the Moon'. The words say 'plan'; a flight is not stated, so B's flight reading adds a claim the text does not make. The original Dragon/Falcon Heavy plan (Feb 2017, for late 2018) was shelved in Feb 2018, but SpaceX announced the larger dearMoon tourist lunar flyby on 14 Sep 2018, the year's most prominent private-space announcement; the plan 'to send tourists around the Moon' stood in 2018. Low certainty: a reader in Nov 2017 knew the plan meant a 2018 flight, which reads as miss; A's unfalsifiable is defensible.",
economist-world-ahead-2018-009,economist-world-ahead,hit,audited,D16,,
economist-world-ahead-2018-010,economist-world-ahead,unfalsifiable,adjudicated,D16,"Hedge 'with luck' (D27 possibility rule). 'With luck, X will happen' states a hope; both outcomes agree with it (eradication = luck held; none = luck did not). The 'will' is inside the conditional. For the record, wild poliovirus type 1 was still endemic in Afghanistan and Pakistan in 2018 (33 cases) and 2019, so under an expectation reading it would be a miss.",
economist-world-ahead-2018-012,economist-world-ahead,miss,agreed,D16,,
economist-world-ahead-2018-013,economist-world-ahead,hit,agreed,D16,,
economist-world-ahead-2018-014,economist-world-ahead,hit,agreed,D16,,
economist-world-ahead-2018-015,economist-world-ahead,hit,agreed,D16,,
economist-world-ahead-2018-016,economist-world-ahead,hit,agreed,D16,,
economist-world-ahead-2019-001,economist-world-ahead,hit,audited,D16,,
economist-world-ahead-2019-002,economist-world-ahead,partial,agreed,D16,,
economist-world-ahead-2019-003,economist-world-ahead,partial,agreed,D16,,
economist-world-ahead-2019-004,economist-world-ahead,partial,adjudicated,D16,"'Flirt with' has one dominant reading (near-crisis stress without a crisis), so not unfalsifiable. Monthly 10y Italy-Germany spread (OECD via FRED): 263-277bp Jan-May 2019, close to the late-2018 peak of ~307bp, then 204bp Jul and ~150-165bp Sep-Dec. ECB put Banca Carige under temporary administration on 2 Jan 2019; Lega brought down the government in Aug 2019. Stress in H1 was real but below the 2018 peak and faded after mid-year: a smaller version of the stated event, partial. B's claim that 2019 spreads 'stayed below the late-2018 peak' is right but ignores H1 stress near it.",
economist-world-ahead-2019-005,economist-world-ahead,hit,agreed,D16,,
economist-world-ahead-2019-006,economist-world-ahead,partial,agreed,D16,,
economist-world-ahead-2019-007,economist-world-ahead,hit,agreed,D16,,
economist-world-ahead-2019-008,economist-world-ahead,hit,audited,D16,,
economist-world-ahead-2019-009,economist-world-ahead,hit,audited,D16,,
economist-world-ahead-2019-010,economist-world-ahead,miss,audited,D16,,
economist-world-ahead-2019-011,economist-world-ahead,hit,agreed,D16,,
economist-world-ahead-2019-012,economist-world-ahead,hit,agreed,D16,,
economist-world-ahead-2019-013,economist-world-ahead,miss,audited,D16,,
economist-world-ahead-2019-014,economist-world-ahead,hit,agreed,D16,,
economist-world-ahead-2019-015,economist-world-ahead,partial,agreed,D16,,
economist-world-ahead-2019-016,economist-world-ahead,hit,agreed,D16,,
economist-world-ahead-2019-017,economist-world-ahead,miss,audited,D16,,
economist-world-ahead-2019-018,economist-world-ahead,miss,audited,D16,,
economist-world-ahead-2019-019,economist-world-ahead,miss,audited,D16,,
economist-world-ahead-2019-020,economist-world-ahead,hit,audited,D16,,
economist-world-ahead-2019-021,economist-world-ahead,miss,audited,D16,,
economist-world-ahead-2020-001,economist-world-ahead,hit,audited,D16,,
economist-world-ahead-2020-002,economist-world-ahead,hit,audited,D16,,
economist-world-ahead-2020-003,economist-world-ahead,contested,contested,D16,"Wikipedia 2019 UK general election: the election was legislated 29-31 Oct 2019 and held 12 Dec 2019, i.e. scheduled before the edition's 21 Nov 2019 publication and held before the 2020 target year. D27 grades events in the target year; the graders imported D16's early-adoption clause and both note a strict D27 reading gives miss, so the rule does not support hit over miss (or exclusion).",hit
economist-world-ahead-2020-004,economist-world-ahead,miss,adjudicated,D16,"The firm forecast of change is 'America will flirt with recession', i.e. near but not in recession; the US entered recession (NBER peak Feb 2020, trough Apr 2020) with the sharpest quarterly fall since WWII, so the stated state did not hold (an overshoot is not a 'smaller version'). The negative-rates clause is the status quo (ECB deposit rate -0.5% since Sep 2019) and markets reviving (S&P 500 +16%) sits under the 'don't be surprised if' hedge. B credits the hedged and status-quo clauses as parts; the core US clause is wrong, so miss. Medium certainty.",
economist-world-ahead-2020-005,economist-world-ahead,partial,audited,D16,,
economist-world-ahead-2020-006,economist-world-ahead,partial,audited,D16,,
economist-world-ahead-2020-007,economist-world-ahead,miss,audited,D16,,
economist-world-ahead-2020-008,economist-world-ahead,partial,audited,D16,,
economist-world-ahead-2020-009,economist-world-ahead,partial,audited,D16,,
economist-world-ahead-2020-010,economist-world-ahead,partial,audited,D16,,
economist-world-ahead-2020-011,economist-world-ahead,miss,audited,D16,,
economist-world-ahead-2020-012,economist-world-ahead,hit,adjudicated,D16,"The same article forecasts a later revival separately ('As investors start to price in aggressive fiscal stimulus, stock prices will revive', its own claim), so 'come under greater pressure' is an interim phase, not an end-year level. Equities crashed Feb-Mar 2020 (pressure as stated). US 10y fell from ~1.9% (end-2019) to ~0.9% (end-2020); Bund 10y from about -0.19% to about -0.57%. All legs happened. B's partial grades the stock leg on the year-end level, which reads in the separate revival claim; a reading error.",
economist-world-ahead-2020-013,economist-world-ahead,partial,corrected,D16,"The instruments happened (Fed cut to 0-0.25% on 15 Mar 2020 per federalreserve.gov; ECB PEPP; PBoC cuts), but the stated outcome, credit 'flowing smoothly', failed in March 2020: Wikipedia 2020 stock market crash documents the commercial-paper and money-fund dysfunction that forced the CPFF backstops. Grader A's PEPP citation returns 404. Happened in part.",hit
economist-world-ahead-2020-014,economist-world-ahead,hit,audited,D16,,
economist-world-ahead-2020-015,economist-world-ahead,hit,audited,D16,,
economist-world-ahead-2020-017,economist-world-ahead,hit,audited,D16,,
economist-world-ahead-2021-001,economist-world-ahead,hit,audited,D16,,
economist-world-ahead-2021-002,economist-world-ahead,hit,audited,D16,,
economist-world-ahead-2021-003,economist-world-ahead,hit,audited,D16,,
economist-world-ahead-2021-004,economist-world-ahead,partial,audited,D16,,
economist-world-ahead-2021-006,economist-world-ahead,contested,contested,D16,"IEA OMR Dec 2021 / Jan 2022: demand rose a record 5.4-5.5 mb/d in 2021 but stayed below the pre-pandemic ~99.5-99.7 mb/d until 2022. Graded only on the self-review's paraphrase; 'stay depressed' read against 2019 holds for 2021 (hit or partial), read as 'no rebound' fails (miss), and the original wording is not available to pick the dominant reading.",miss
economist-world-ahead-2022-002,economist-world-ahead,miss,audited,D16,,
economist-world-ahead-2022-003,economist-world-ahead,miss,adjudicated,D16,"Government employees launched in 2022: 20 (Crew-4 4, Crew-5 4, Soyuz MS-21 3, MS-22 3, Shenzhou-14 3, Shenzhou-15 3). Paying passengers: New Shepard NS-20/21/22 carried 18, of whom Gary Lai was a Blue Origin employee, so 17 (counting sponsored seats as paid); Ax-1 carried 3 paying passengers plus commander Lopez-Alegria, an Axiom employee. Total 20 paying vs 20 government: not 'more'. 2021 already had more private flyers than government (Inspiration4, New Shepard x3, Virgin Galactic Unity 22, Soyuz MS-20 tourists), so 'first year' is also wrong. 2023 had fewer paying passengers than government crew (no crewed New Shepard), so no next-year credit. A's '~22 private' counted two employees (Lai, Lopez-Alegria) as paying passengers: a counting error.",
economist-world-ahead-2022-004,economist-world-ahead,hit,audited,D16,,
economist-world-ahead-2022-005,economist-world-ahead,hit,audited,D16,,
economist-world-ahead-2022-006,economist-world-ahead,hit,audited,D16,,
economist-world-ahead-2022-007,economist-world-ahead,hit,audited,D16,,
economist-world-ahead-2022-009,economist-world-ahead,hit,audited,D16,,
economist-world-ahead-2022-010,economist-world-ahead,hit,agreed,D16,,
economist-world-ahead-2022-011,economist-world-ahead,partial,agreed,D16,,
economist-world-ahead-2023-001,economist-world-ahead,hit,agreed,D16,,
economist-world-ahead-2023-002,economist-world-ahead,partial,agreed,D16,,
economist-world-ahead-2023-003,economist-world-ahead,miss,agreed,D16,,
economist-world-ahead-2023-004,economist-world-ahead,hit,agreed,D16,,
economist-world-ahead-2023-005,economist-world-ahead,partial,agreed,D16,,
economist-world-ahead-2023-006,economist-world-ahead,hit,agreed,D16,,
economist-world-ahead-2023-007,economist-world-ahead,hit,adjudicated,D16,"The 1.8bn 2019 base is not UNWTO's arrivals series (~1.46bn in 2019), so comparing 1.6bn with UNWTO's 1.3bn mixes two measures; the forecast is only testable consistently as the stated relation and ratio. UN Tourism: 2023 arrivals ~1.3bn, 88% of 2019 vs the forecast's ~89%, and below 2019 as stated. A's partial (1.6 vs 1.3bn, ~23% off) compares across measures: a reading error, not arithmetic. Medium certainty: if the level must be graded on UNWTO alone it is partial.",
economist-world-ahead-2023-008,economist-world-ahead,partial,agreed,D16,,
economist-world-ahead-2023-009,economist-world-ahead,miss,agreed,D16,,
economist-world-ahead-2023-010,economist-world-ahead,hit,agreed,D16,,
economist-world-ahead-2023-012,economist-world-ahead,partial,agreed,D16,,
economist-world-ahead-2024-001,economist-world-ahead,hit,agreed,D16,,
economist-world-ahead-2025-002,economist-world-ahead,hit,agreed,D16,,
economist-world-ahead-2025-004,economist-world-ahead,miss,adjudicated,D16,"The forecast change is the backlash diminishing; it grew instead, with coordinated protests in June 2025 across southern Europe (a 'second wave'). The 'restrictions will remain' clause is the status quo qualifier and is right (Venice fee, Amsterdam measures kept), but it does not make the stated event happen in part. A counted the status-quo clause as half the claim.",
envisioning-education-2012-001,envisioning-education,hit,audited,D37,,
envisioning-education-2012-002,envisioning-education,hit,audited,D37,,
envisioning-education-2012-003,envisioning-education,hit,audited,D37,,
envisioning-education-2012-004,envisioning-education,hit,audited,D37,,
envisioning-education-2012-005,envisioning-education,hit,audited,D37,,
envisioning-education-2012-006,envisioning-education,hit,audited,D37,,
envisioning-education-2012-007,envisioning-education,hit,adjudicated,D37,"Apple's Volume Purchase Program for Education (US 2010) is an education-only storefront through which schools buy and distribute App Store apps, and iTunes U is an education-only content store; with 4.5M iPads in US schools by Feb 2013, well over 5% of US schools used that channel by 2014. B required a store that is education-dedicated in its catalogue and found no share figure; the VPP education store meets the label's sense. Google Play for Education closing in 2016 is after Y+2 and does not undo the hit.",
envisioning-education-2012-008,envisioning-education,hit,audited,D37,,
envisioning-education-2012-009,envisioning-education,hit,adjudicated,D37,"The LJ/SLJ ebook survey found 6% of school libraries circulating preloaded e-reading devices, and among those the devices were mostly e-ink (Sony Reader 64%, Kindle 47%, Nook 15%, iPad 4%). That crosses D37's 5% bar by Y+2, narrowly. B's evidence measures student interest in e-books, not the share of schools using e-readers, so it does not test the threshold.",
envisioning-education-2012-010,envisioning-education,hit,audited,D37,,
envisioning-education-2012-011,envisioning-education,hit,audited,D37,,
envisioning-education-2012-012,envisioning-education,hit,audited,D37,,
envisioning-education-2012-013,envisioning-education,hit,audited,D37,,
envisioning-education-2012-014,envisioning-education,partial,audited,D37,,
envisioning-education-2012-015,envisioning-education,hit,audited,D37,,
envisioning-education-2012-016,envisioning-education,partial,audited,D37,,
envisioning-education-2012-017,envisioning-education,hit,audited,D37,,
envisioning-education-2012-018,envisioning-education,hit,audited,D37,,
envisioning-education-2012-019,envisioning-education,hit,audited,D37,,
envisioning-education-2012-020,envisioning-education,hit,audited,D37,,
envisioning-education-2012-021,envisioning-education,contested,contested,D37,"No measure of school share: 3ders/Y Soft 2017 says 23% of vendor-survey respondents use 3D printing at primary level (not 23% of K-12 schools, as grader B reads it); MakerBot's 7,000 classroom printers (Voxelmatters 2019) is ~5% of US schools only if one per school. Evidence cannot separate hit from partial.",hit
envisioning-education-2012-022,envisioning-education,hit,audited,D37,,
envisioning-education-2012-023,envisioning-education,partial,audited,D37,,
envisioning-education-2012-024,envisioning-education,partial,audited,D37,,
envisioning-education-2012-025,envisioning-education,partial,adjudicated,D37,"A's hit counts remote proctoring as eye tracking. Proctorio, the leading tool, states it does not track eye movements; it flags face presence and head turning away. So the 54% proctoring share measures webcam face monitoring, not eye tracking. True eye tracking in learning stayed in research and pilots, with some gaze-estimation features in proctoring. Real use below 5% = partial.",
envisioning-education-2012-026,envisioning-education,partial,adjudicated,D37,"A's two cases do not meet the reading: England's CO2 monitors are single-purpose building sensors with no intelligence, and the micro:bit is a programmable board taught as a computer, not intelligence embedded in everyday objects. Both show real adjacent use; no measure puts smart classroom objects at 5% of schools. Real but limited = partial.",
envisioning-education-2012-027,envisioning-education,hit,audited,D37,,
envisioning-education-2012-028,envisioning-education,partial,audited,D37,,
envisioning-education-2012-029,envisioning-education,hit,audited,D37,,
envisioning-health-2012-001,envisioning-health,partial,audited,D37,,
envisioning-health-2012-002,envisioning-health,partial,audited,D37,,
envisioning-health-2012-003,envisioning-health,partial,audited,D37,,
envisioning-health-2012-009,envisioning-health,partial,audited,D37,,
envisioning-health-2012-010,envisioning-health,hit,corrected,D37,"The capture reads the label as therapies using stem cells to treat disease, which includes HSCT, and D37 counts earlier use. AutoHCT reached 27.4% of US myeloma patients diagnosed 2011-2016 (PMC11624524), above 5%. Both graders excluded HSCT on an unstated forward-looking reading and said it would otherwise be a hit.",partial
envisioning-health-2012-011,envisioning-health,partial,adjudicated,D37,"CRISPR editing of embryos (He Jiankui, 2018) was criminalised and abandoned. But Newcastle has held a clinical licence for mitochondrial donation by pronuclear transfer since 2017, inside the NHS pathway though framed as a research study, and eight babies were reported in 2025. Licensed, tiny-scale use within the window = D37 partial. A misses this path; a strict nuclear-editing reading would give miss, which is why this call is less certain.",
envisioning-health-2012-012,envisioning-health,hit,audited,D37,,
envisioning-health-2012-023,envisioning-health,hit,audited,D37,,
envisioning-health-2012-024,envisioning-health,hit,audited,D37,,
envisioning-health-2012-025,envisioning-health,hit,audited,D37,,
envisioning-health-2012-026,envisioning-health,partial,audited,D37,,
envisioning-health-2012-027,envisioning-health,hit,audited,D37,,
envisioning-health-2012-028,envisioning-health,hit,audited,D37,,
envisioning-health-2012-033,envisioning-health,miss,audited,D37,,
envisioning-health-2012-034,envisioning-health,hit,audited,D37,,
envisioning-health-2012-035,envisioning-health,partial,audited,D37,,
envisioning-health-2012-036,envisioning-health,partial,audited,D37,,
envisioning-health-2012-037,envisioning-health,partial,audited,D37,,
envisioning-health-2012-038,envisioning-health,hit,audited,D37,,
envisioning-health-2012-039,envisioning-health,hit,audited,D37,,
envisioning-health-2012-040,envisioning-health,partial,audited,D37,,
envisioning-health-2012-041,envisioning-health,partial,audited,D37,,
envisioning-health-2012-046,envisioning-health,partial,audited,D37,,
envisioning-health-2012-047,envisioning-health,miss,adjudicated,D37,"The vOICe has been free since the 1990s, and a handful of blind individuals use it daily, but reviews describe these devices as used mainly in research, not in practical rehabilitation. No rehab service or care pathway adopted them by 2025. Scattered self-use by a few individuals is not use in health care. A's own evidence shows availability, not use in care.",
envisioning-health-2012-048,envisioning-health,hit,audited,D37,,
envisioning-health-2012-049,envisioning-health,partial,audited,D37,,
envisioning-health-2012-050,envisioning-health,miss,audited,D37,,
envisioning-health-2012-051,envisioning-health,hit,audited,D37,,
envisioning-horizons-2014-003,envisioning-horizons,hit,audited,D37,,
envisioning-horizons-2014-004,envisioning-horizons,hit,audited,D37,,
envisioning-horizons-2014-005,envisioning-horizons,hit,audited,D37,,
envisioning-horizons-2014-007,envisioning-horizons,hit,audited,D37,,
envisioning-horizons-2014-008,envisioning-horizons,hit,audited,D37,,
envisioning-horizons-2014-009,envisioning-horizons,hit,audited,D37,,
envisioning-horizons-2014-013,envisioning-horizons,hit,audited,D37,,
envisioning-horizons-2014-014,envisioning-horizons,partial,audited,D37,,
envisioning-horizons-2014-015,envisioning-horizons,hit,audited,D37,,
envisioning-horizons-2014-018,envisioning-horizons,partial,adjudicated,D37,"A's reading (a), generic intelligence-amplifying software, was available long before 2014 and would make the 2022 placement empty; it is not equally faithful, so unfalsifiable does not apply. B's miss overlooks consumer closed-loop neurostimulation: Dreem (2017, $499) read EEG and played phase-timed sound to deepen slow-wave sleep, and Elemind (June 2024 launch, $349, shipping Sept 2024) reads EEG and applies phase-locked acoustic stimulation for sleep onset. Both read the brain and stimulate it to accomplish a brain function, buyable by consumers within Y+2. But they target sleep, not cognition proper, and are single niche products; no cognition-augmenting closed-loop product is sold. Real but limited = partial. A strict 'cognition only' reading gives provisional miss, so this call is less certain.",
envisioning-horizons-2014-019,envisioning-horizons,contested,contested,D37,"Graders call Eversense (2018) the single niche product, but Medtronic Reveal LINQ (FDA Feb 2014, ~1 cc implant with remote CareLink reporting) and sensing pacemakers/ICDs were sold widely before 2019, which would give hit under an implanted-biometric-sensor reading; under the poster's 'microscopic' reading nothing exists (miss). Readings diverge, partial is not supported by either.",partial
envisioning-horizons-2014-022,envisioning-horizons,miss,audited,D37,,
envisioning-horizons-2014-023,envisioning-horizons,hit,audited,D37,,
envisioning-horizons-2014-024,envisioning-horizons,partial,audited,D37,,
envisioning-horizons-2014-027,envisioning-horizons,hit,audited,D37,,
envisioning-horizons-2014-028,envisioning-horizons,hit,audited,D37,,
envisioning-horizons-2014-029,envisioning-horizons,hit,audited,D37,,
envisioning-horizons-2014-031,envisioning-horizons,hit,audited,D37,,
envisioning-horizons-2014-032,envisioning-horizons,hit,audited,D37,,
envisioning-horizons-2014-033,envisioning-horizons,hit,audited,D37,,
envisioning-horizons-2014-034,envisioning-horizons,hit,audited,D37,,
envisioning-horizons-2014-036,envisioning-horizons,miss,audited,D37,,
envisioning-horizons-2014-038,envisioning-horizons,hit,audited,D37,,
envisioning-horizons-2014-039,envisioning-horizons,hit,audited,D37,,
envisioning-horizons-2014-040,envisioning-horizons,hit,audited,D37,,
envisioning-horizons-2014-041,envisioning-horizons,hit,audited,D37,,
envisioning-horizons-2014-043,envisioning-horizons,hit,audited,D37,,
envisioning-horizons-2014-044,envisioning-horizons,miss,audited,D37,,
envisioning-horizons-2014-046,envisioning-horizons,partial,audited,D37,,
envisioning-horizons-2014-047,envisioning-horizons,hit,audited,D37,,
envisioning-horizons-2014-048,envisioning-horizons,hit,audited,D37,,
envisioning-horizons-2014-049,envisioning-horizons,hit,audited,D37,,
envisioning-horizons-2014-052,envisioning-horizons,hit,audited,D37,,
envisioning-horizons-2014-053,envisioning-horizons,hit,audited,D37,,
envisioning-horizons-2014-056,envisioning-horizons,miss,audited,D37,,
envisioning-horizons-2014-057,envisioning-horizons,hit,audited,D37,,
envisioning-horizons-2014-059,envisioning-horizons,miss,audited,D37,,
envisioning-horizons-2014-060,envisioning-horizons,hit,audited,D37,,
envisioning-horizons-2014-061,envisioning-horizons,partial,audited,D37,,
envisioning-horizons-2014-063,envisioning-horizons,hit,audited,D37,,
envisioning-horizons-2014-064,envisioning-horizons,hit,audited,D37,,
envisioning-horizons-2014-069,envisioning-horizons,miss,audited,D37,,
envisioning-horizons-2014-070,envisioning-horizons,miss,audited,D37,,
envisioning-horizons-2014-071,envisioning-horizons,hit,agreed,D37,,
envisioning-horizons-2014-072,envisioning-horizons,partial,audited,D37,,
envisioning-horizons-2014-073,envisioning-horizons,hit,adjudicated,D37,"D37 tests availability, not market share. Raizen's Costa Pinto plant (built 2014, ~40 million L/yr) sold cellulosic E2G commercially, including export cargoes to the EU; in Nov 2022 Raizen signed a 3.3 billion litre E2G offtake with Shell to 2037, and Bonfim started in 2023. Business buyers could buy 2G ethanol outside pilots by 2023. A graded volume and refinery closures (a share test) rather than availability. Algal biodiesel was abandoned, but the label is the category and one named pathway is commercially sold.",
envisioning-horizons-2014-074,envisioning-horizons,miss,audited,D37,,
envisioning-horizons-2014-077,envisioning-horizons,hit,audited,D37,,
envisioning-horizons-2014-078,envisioning-horizons,hit,audited,D37,,
envisioning-horizons-2014-079,envisioning-horizons,hit,audited,D37,,
envisioning-horizons-2014-081,envisioning-horizons,hit,agreed,D37,,
envisioning-horizons-2014-082,envisioning-horizons,hit,agreed,D37,,
envisioning-horizons-2014-083,envisioning-horizons,hit,agreed,D37,,
envisioning-horizons-2014-086,envisioning-horizons,hit,audited,D37,,
envisioning-horizons-2014-087,envisioning-horizons,hit,audited,D37,,
envisioning-horizons-2014-088,envisioning-horizons,hit,audited,D37,,
envisioning-technology-2011-003,envisioning-technology,hit,audited,D16,,
envisioning-technology-2011-004,envisioning-technology,miss,audited,D16,,
envisioning-technology-2011-005,envisioning-technology,contested,contested,D16,"The only cited source (zcccuttingtools.com, vendor post of 2022) gives undated shares (US 3-4%, Japan 8-10%, Germany ~12%) with no data year, so the share at 2015 is not established; cermets were an established tool material long before 2011, and no independent market data supports either partial or an early-arrival hit.",partial
envisioning-technology-2011-009,envisioning-technology,miss,adjudicated,D16,"Both graders use the same reading. Under that reading the target is energy storage in general. Ultracapacitors stayed far below 5% of it: Maxwell, the largest Western maker, had 114.5M USD ultracapacitor revenue in 2015, and the whole supercapacitor market stays under 5B USD against a lithium-ion market above 300B USD. The 65% share of electric wind-pitch systems (grader B) is a share of one sub-niche, not of the target users of the reading. A sub-niche share does not meet the D16 partial floor for the claim as read. Miss, window closed 2020.",
envisioning-technology-2011-014,envisioning-technology,miss,adjudicated,D16,"The label says 'of media' and sits in the MEDIA track. That wording rules out grader A's second reading (game elements in apps in general). The media reading dominates. Under it the 2011 wave failed: GetGlue/tvtag, the lead social-TV badge app, shut on 2015-01-01, and Gartner put gamification into the trough of disillusionment in 2014. No source shows 5% of media consumption gamified by 2020. Miss, window closed 2020.",
envisioning-technology-2011-015,envisioning-technology,hit,audited,D16,,
envisioning-technology-2011-025,envisioning-technology,hit,agreed,D16,,
envisioning-technology-2011-028,envisioning-technology,hit,agreed,D16,,
envisioning-technology-2011-030,envisioning-technology,hit,audited,D16,,
envisioning-technology-2011-033,envisioning-technology,hit,audited,D16,,
envisioning-technology-2011-034,envisioning-technology,partial,audited,D16,,
envisioning-technology-2011-042,envisioning-technology,hit,agreed,D16,,
envisioning-technology-2011-047,envisioning-technology,miss,agreed,D16,,
envisioning-technology-2011-049,envisioning-technology,miss,agreed,D16,,
envisioning-technology-2011-050,envisioning-technology,hit,agreed,D16,,
envisioning-technology-2011-053,envisioning-technology,hit,agreed,D16,,
envisioning-technology-2011-055,envisioning-technology,miss,agreed,D16,,
envisioning-technology-2011-056,envisioning-technology,hit,agreed,D16,,
envisioning-technology-2011-059,envisioning-technology,miss,agreed,D16,,
envisioning-technology-2011-061,envisioning-technology,miss,corrected,D16,"Wikipedia 'Spime' (cited by grader B) calls spimes largely theoretical and states RFID is only one of six required technologies, so item-level RFID (SupplyChainBrain 2015: 47% of apparel items tagged) is not a share of spimes. Under the dominant (Sterling) reading no measurable 5% share exists by 2025; miss, provisional until 2030.",partial
envisioning-technology-2011-063,envisioning-technology,hit,audited,D16,,
envisioning-technology-2011-065,envisioning-technology,hit,audited,D16,,
envisioning-technology-2011-070,envisioning-technology,hit,agreed,D16,,
envisioning-technology-2011-073,envisioning-technology,miss,agreed,D16,,
envisioning-technology-2012-001,envisioning-technology,hit,agreed,D16,,
envisioning-technology-2012-002,envisioning-technology,hit,agreed,D16,,
envisioning-technology-2012-003,envisioning-technology,hit,agreed,D16,,
envisioning-technology-2012-004,envisioning-technology,partial,agreed,D16,,
envisioning-technology-2012-005,envisioning-technology,hit,agreed,D16,,
envisioning-technology-2012-006,envisioning-technology,miss,agreed,D16,,
envisioning-technology-2012-007,envisioning-technology,hit,adjudicated,D16,"The D16 industry test is routine use by at least 20% of the relevant industry. The PwC/SME 2014 survey of large US manufacturers found two-thirds used 3D printing in some way, 24.6% in prototyping and a further 9.6% in prototyping and production. About 34% routine use in 2014 is within 2 years of 2012. Grader B restricted the reading to production use only (9.6%, partial); the label 'additive manufacturing' covers prototyping, which was the main industrial use in 2012. Hit.",
envisioning-technology-2012-008,envisioning-technology,partial,agreed,D16,,
envisioning-technology-2012-009,envisioning-technology,partial,agreed,D16,,
envisioning-technology-2012-010,envisioning-technology,partial,agreed,D16,,
envisioning-technology-2012-011,envisioning-technology,hit,agreed,D16,,
envisioning-technology-2012-012,envisioning-technology,hit,adjudicated,D16,"Both graders use the same reading. D16 allows the device-feature test: at least 50% of new units shipping with it. By 2014 a built-in assistant shipped on iOS (Siri, 2011) and Android (Google Now, 2012) phones, and Windows Phone added Cortana in 2014. iOS and Android together were well over 90% of new smartphones, so the feature test was met at the placed year. Grader B applied only the user test and had no figure before 2017 (46% of US adults, Pew). The device-feature test is valid for this reading. Hit.",
envisioning-technology-2012-013,envisioning-technology,hit,agreed,D16,,
envisioning-technology-2012-014,envisioning-technology,partial,agreed,D16,,
envisioning-technology-2012-015,envisioning-technology,hit,agreed,D16,,
envisioning-technology-2012-016,envisioning-technology,miss,agreed,D16,,
envisioning-technology-2012-017,envisioning-technology,partial,agreed,D16,,
envisioning-technology-2012-018,envisioning-technology,miss,agreed,D16,,
envisioning-technology-2012-019,envisioning-technology,hit,agreed,D16,,
envisioning-technology-2012-020,envisioning-technology,hit,agreed,D16,,
envisioning-technology-2012-021,envisioning-technology,miss,agreed,D16,,
envisioning-technology-2012-022,envisioning-technology,partial,agreed,D16,,
envisioning-technology-2012-023,envisioning-technology,hit,agreed,D16,,
envisioning-technology-2012-024,envisioning-technology,hit,agreed,D16,,
envisioning-technology-2012-025,envisioning-technology,hit,agreed,D16,,
envisioning-technology-2012-026,envisioning-technology,miss,adjudicated,D16,"Two readings exist. Plastic-substrate OLED panels inside rigid curved or notchless phones gave about 3% of phones in 2016 and passed 20% about 2021 (partial). Displays that bend in use reached consumers only as foldables from 2019, about 1.4-1.6% of smartphones in 2023 (miss). I grade the user-facing reading: 'flexible screens' in a UBICOMP track describes what the user gets, and a rigid curved phone is not a flexible screen to its user. The panel reading is an industry-internal sense. Under 5% within 5 years of 2016. Miss, window closed 2021. Low certainty: the panel reading is also plausible.",
envisioning-technology-2012-027,envisioning-technology,hit,adjudicated,D16,"Fleet telematics is the core use of the term. Berg Insight put fleet-management penetration at 22.9% of non-privately owned commercial vehicles in North America in 2016, above the 20% industry threshold at the placed year. Grader B used only the worldwide new-car device test (51% in 2019, 3 years late); North America was already at 37% of new cars in 2015. The industry test in a major market is met in 2016. Hit.",
envisioning-technology-2012-028,envisioning-technology,miss,agreed,D16,,
envisioning-technology-2012-029,envisioning-technology,miss,agreed,D16,,
envisioning-technology-2012-030,envisioning-technology,partial,adjudicated,D16,"Commercial satellite launch by established operators (Arianespace, commercial Proton) was routine since the 1980s; it was not the new thing a 2012 futures poster placed at 2016. The 2012 term meant private NewSpace, including people. Private NewSpace launch had a measurable share at 2016 (Falcon 9 about 9-15% of about 85-91 orbital launches a year, 2016-2018). SpaceX alone passed 20% of launches only in 2020-2022, and private crew flights began in 2020 (Crew Dragon) and 2021 (Inspiration4, New Shepard). Mainstream 4-5 years after 2016 gives partial. Grader B's FAA-licensed count (25% in 2017) mixes in established commercial launch.",
envisioning-technology-2012-031,envisioning-technology,unfalsifiable,adjudicated,D16,"In an INTERNET track in 2012 the label fits reading (a), the decentralised-internet sense (community meshes, Serval, later FireChat); that stayed far below 5% of internet access: miss. Reading (b) fits the generic technology label: RF-mesh smart meters were routine for US utilities by 2017 and home mesh Wi-Fi reached 11% of US broadband households by 2019: hit or partial. Grader B's partial rests on Amazon Sidewalk coverage (population reached by the signal), not adoption. The label gives neither reading a lead, and the verdicts differ. Unfalsifiable under D16.",
envisioning-technology-2012-032,envisioning-technology,hit,agreed,D16,,
envisioning-technology-2012-033,envisioning-technology,hit,audited,D16,,
envisioning-technology-2012-034,envisioning-technology,hit,audited,D16,,
envisioning-technology-2012-035,envisioning-technology,contested,contested,D16,"Both graders rest the miss on absence of evidence (NPD 1999 2.5% share, toys-to-life only). A Juniper Research release (May 2018, found by search) puts smart-toy revenue at about USD 6bn in 2018 rising to USD 18bn by 2023, against a global toy market near USD 90bn, which implies a share above 5% near the placed year; definitions differ and no source settles the share, so neither miss nor partial is established.",miss
envisioning-technology-2012-036,envisioning-technology,miss,audited,D16,,
envisioning-technology-2012-037,envisioning-technology,unfalsifiable,adjudicated,D16,"'Bio-enhanced fuels' is not a standard term. Read literally, E10 gasoline is a petroleum fuel enhanced with bio-ethanol, and nearly all US gasoline was E10 before 2012: hit by early arrival. Read as fuels enhanced by biotechnology, which the word 'enhanced' and a 2017 placement suggest, advanced biofuels were about 9% of biofuels and biofuels about 3.7% of transport fuel in 2018, so under 1% of fuel: miss. Both readings are faithful to the words and give different verdicts. Unfalsifiable under D16.",
envisioning-technology-2012-038,envisioning-technology,hit,adjudicated,D16,"The label is the generic field name 'Photonics' in the INTERNET track, not 'silicon photonics'. The generic reading is the most faithful to the text. Under it the user-facing test is met at the placed year: fibre passed 25% of fixed broadband subscriptions across the OECD in mid-2018, above 70% in Korea and Japan. D16 does not penalise early arrival of the backbone use. The narrower silicon-photonics reading (grader B's miss case) gives partial at worst, since silicon photonics shipped in volume from 2018; it is a sub-reading, not an equal rival. Hit.",
envisioning-technology-2012-039,envisioning-technology,hit,audited,D16,,
envisioning-technology-2012-040,envisioning-technology,hit,audited,D16,,
envisioning-technology-2012-041,envisioning-technology,miss,audited,D16,,
envisioning-technology-2012-042,envisioning-technology,hit,adjudicated,D16,"Both graders use the same reading and the same study. The D16 industry test is routine use by at least 20% of the relevant industry; the industry is surgeons and hospitals, not procedures. In 73 Michigan hospitals 35.1% of general surgeons performed robotic surgery in 2018, up from 8.7% in 2012. Robot-assisted prostatectomy was already the most common US approach by 2013. Procedure share (15.1% of general surgery in 2018) is a stricter test than D16 names. Hit.",
envisioning-technology-2012-043,envisioning-technology,miss,audited,D16,,
envisioning-technology-2012-044,envisioning-technology,miss,audited,D16,,
envisioning-technology-2012-045,envisioning-technology,hit,audited,D16,,
envisioning-technology-2012-046,envisioning-technology,partial,audited,D16,,
envisioning-technology-2012-047,envisioning-technology,hit,audited,D16,,
envisioning-technology-2012-048,envisioning-technology,hit,adjudicated,D16,"The SENSORS track fixes the reading to biomarker sensing, not the biomarker concept. Two of the three readings give hit: clinical biomarker tests were routine before 2019 (early arrival), and CGM use in US type 1 diabetes rose from 7% (2010-2012) to 30% (2016-2018), 51% in children under 6, and became standard of care. Only a narrow reading (multi-analyte sweat or breath wearables for the general public) gives miss, and the label does not name that. Unfalsifiable needs equally faithful readings with different verdicts; that is not the case here. Hit.",
envisioning-technology-2012-049,envisioning-technology,miss,audited,D16,,
envisioning-technology-2012-050,envisioning-technology,miss,audited,D16,,
envisioning-technology-2012-051,envisioning-technology,partial,adjudicated,D16,"'Smart drugs' in common 2012 use meant cognitive enhancers (the 2011 film Limitless, press on students and modafinil). Targeted drug delivery is normally called 'targeted' or 'smart drug delivery', not 'smart drugs'. The popular sense dominates. Under it the Global Drug Survey found past-year use for cognitive enhancement rose from 5% (2015) to 14% (2017) across 15 countries, 23% in the UK. The sample is self-selected and overstates population use, but it shows a measurable share above 5% by 2019, with no representative figure at 20%. Partial.",
envisioning-technology-2012-052,envisioning-technology,miss,audited,D16,,
envisioning-technology-2012-053,envisioning-technology,miss,audited,D16,,
envisioning-technology-2012-054,envisioning-technology,partial,adjudicated,D16,"The label sits in the AI track, not a games track, so AI story and role-play tools count; grader B limited it to game titles. Generated narrative was niche at 2020 (AI Dungeon, RimWorld). By 2025 a representative NORC survey for Common Sense Media found 72% of US teens had used AI companions and about a third used them for social interaction including role-play; Pew found 22% of US adults used ChatGPT for entertainment. That is mainstream in a target group about 5 years after the placed year, which is partial. Not hit: no mainstream use by 2022.",
envisioning-technology-2012-055,envisioning-technology,hit,audited,D16,,
envisioning-technology-2012-056,envisioning-technology,hit,audited,D16,,
envisioning-technology-2012-057,envisioning-technology,miss,audited,D16,,
envisioning-technology-2012-058,envisioning-technology,miss,audited,D16,,
envisioning-technology-2012-059,envisioning-technology,hit,audited,D16,,
envisioning-technology-2012-060,envisioning-technology,miss,audited,D16,,
envisioning-technology-2012-061,envisioning-technology,miss,audited,D16,,
envisioning-technology-2012-062,envisioning-technology,miss,audited,D16,,
envisioning-technology-2012-063,envisioning-technology,hit,audited,D16,,
envisioning-technology-2012-064,envisioning-technology,miss,audited,D16,,
envisioning-technology-2012-065,envisioning-technology,miss,audited,D16,,
envisioning-technology-2012-066,envisioning-technology,miss,audited,D16,,
envisioning-technology-2012-067,envisioning-technology,miss,audited,D16,,
envisioning-technology-2012-068,envisioning-technology,hit,audited,D16,,
envisioning-technology-2012-069,envisioning-technology,miss,audited,D16,,
envisioning-technology-2012-070,envisioning-technology,miss,agreed,D16,,
envisioning-technology-2012-071,envisioning-technology,contested,contested,D16,"WMO statement (14 June 2025) confirms operational programmes in more than 50 countries (about 25% of countries) with efficacy hard to establish. The graders' own named test (about 25% of countries) passes the D16 20% line, which gives hit, and they downgrade to partial on efficacy, which D16 does not use; but a count of countries with any programme is not routine use by 20% of the water or farm sector, and the geoengineering reading (controlled weather) gives miss. Neither partial nor another verdict is established.",partial
envisioning-technology-2012-072,envisioning-technology,hit,agreed,D16,,
envisioning-technology-2012-073,envisioning-technology,hit,agreed,D16,,
envisioning-technology-2012-074,envisioning-technology,miss,agreed,D16,,
envisioning-technology-2012-075,envisioning-technology,hit,agreed,D16,,
envisioning-technology-2012-076,envisioning-technology,miss,agreed,D16,,
envisioning-technology-2012-077,envisioning-technology,hit,adjudicated,D16,"The label is the generic material. The D16 industry test is routine use by at least 20% of the relevant industry. CNT conductive agent was in 31.8% of Chinese power lithium batteries in 2018 (GaoGong data via Industrial Securities), forecast to 80% by 2025; China makes most of the world's EV batteries, and CNT conductive paste shipments in China were projected above 120,000 t in 2022. Routine use before the placed year gives hit by early arrival. Grader B had no share figure; this figure fills the gap. Caveat: the 31.8% figure comes through a CNT maker's blog, not the primary report.",
envisioning-technology-2012-078,envisioning-technology,miss,adjudicated,D16,"In 2012 'telepresence' named a product class defined against ordinary video calls (Cisco TelePresence rooms, Double and iRobot Ava robots); Skype already had hundreds of millions of users, so a 2024 placement cannot mean plain video calls. The term's meaning at publication dominates. Under it no source shows 5% adoption of immersive telepresence or telepresence robots by 2024; Google Beam/Starline is early commercial. Grader A graded the video-call reading (81% of US adults, Pew 2021), which is the thing the term was defined against. Provisional miss, window closes 2029.",
envisioning-technology-2012-079,envisioning-technology,partial,agreed,D16,,
envisioning-technology-2012-080,envisioning-technology,miss,audited,D16,,
envisioning-technology-2012-081,envisioning-technology,miss,audited,D16,,
envisioning-technology-2012-082,envisioning-technology,miss,audited,D16,,
envisioning-technology-2012-083,envisioning-technology,miss,audited,D16,,
envisioning-technology-2012-084,envisioning-technology,hit,adjudicated,D16,"In 2012 'reprogrammable chips' named FPGA-class reconfigurable logic; that is the plain meaning of the label. Grader B dropped this reading because FPGAs were already routine in 2012, but D16 does not penalise early arrival and does not allow the placed year to exclude a reading. Under the plain reading the industry test is met: FPGAs are standard in telecom base stations and networking, Microsoft deployed them across Azure from 2018, and the FPGA market was about 9.8B USD in 2020. Grader B's narrower reading (user-reconfigurable logic in everyday devices) would give miss, but the label does not state it. Hit.",
envisioning-technology-2012-085,envisioning-technology,hit,adjudicated,D16,"Both graders use this reading; it matches the standard industry category name (IFR 'domestic robots' counts floor-cleaning and lawn-mowing robots). Robots were about 20% of worldwide vacuum-cleaner sales in 2016 (iRobot) and iRobot alone sold over 40M units by 2021. Market estimates put US household ownership of robot vacuums at about 20-25% in 2024 and Germany at about 18-22% in 2026. Mainstream (20% of households in major markets) at or within 2 years of 2026. Hit. Caveat: the household figures come from market-research summaries, not a representative survey; if a survey shows under 20% through 2028 the verdict falls to partial.",
envisioning-technology-2012-086,envisioning-technology,miss,audited,D16,,
envisioning-technology-2012-087,envisioning-technology,miss,audited,D16,,
envisioning-technology-2012-088,envisioning-technology,miss,audited,D16,,
envisioning-technology-2012-089,envisioning-technology,miss,audited,D16,,
eurasia-top-risks-2007-001,eurasia-top-risks,partial,agreed,D16,,
eurasia-top-risks-2007-002,eurasia-top-risks,hit,agreed,D16,,
eurasia-top-risks-2007-003,eurasia-top-risks,partial,agreed,D16,,
eurasia-top-risks-2007-004,eurasia-top-risks,hit,agreed,D16,,
eurasia-top-risks-2007-005,eurasia-top-risks,hit,agreed,D16,,
eurasia-top-risks-2007-006,eurasia-top-risks,miss,agreed,D16,,
eurasia-top-risks-2007-007,eurasia-top-risks,hit,agreed,D16,,
eurasia-top-risks-2007-008,eurasia-top-risks,hit,audited,D16,,
eurasia-top-risks-2007-009,eurasia-top-risks,hit,audited,D16,,
eurasia-top-risks-2007-010,eurasia-top-risks,hit,agreed,D16,,
eurasia-top-risks-2007-011,eurasia-top-risks,partial,agreed,D16,,
eurasia-top-risks-2007-012,eurasia-top-risks,hit,agreed,D16,,
eurasia-top-risks-2007-013,eurasia-top-risks,hit,agreed,D16,,
eurasia-top-risks-2008-001,eurasia-top-risks,partial,agreed,D16,,
eurasia-top-risks-2008-002,eurasia-top-risks,hit,agreed,D16,,
eurasia-top-risks-2008-003,eurasia-top-risks,miss,agreed,D16,,
eurasia-top-risks-2008-004,eurasia-top-risks,hit,agreed,D16,,
eurasia-top-risks-2008-005,eurasia-top-risks,hit,agreed,D16,,
eurasia-top-risks-2008-006,eurasia-top-risks,hit,agreed,D16,,
eurasia-top-risks-2008-007,eurasia-top-risks,hit,agreed,D16,,
eurasia-top-risks-2008-008,eurasia-top-risks,hit,audited,D16,,
eurasia-top-risks-2008-009,eurasia-top-risks,partial,audited,D16,,
eurasia-top-risks-2008-010,eurasia-top-risks,partial,agreed,D16,,
eurasia-top-risks-2008-011,eurasia-top-risks,hit,agreed,D16,,
eurasia-top-risks-2008-012,eurasia-top-risks,hit,agreed,D16,,
eurasia-top-risks-2008-013,eurasia-top-risks,hit,agreed,D16,,
eurasia-top-risks-2008-014,eurasia-top-risks,partial,agreed,D16,,
eurasia-top-risks-2008-015,eurasia-top-risks,hit,agreed,D16,,
eurasia-top-risks-2009-001,eurasia-top-risks,hit,agreed,D16,,
eurasia-top-risks-2009-002,eurasia-top-risks,partial,agreed,D16,,
eurasia-top-risks-2009-003,eurasia-top-risks,partial,agreed,D16,,
eurasia-top-risks-2009-004,eurasia-top-risks,partial,agreed,D16,,
eurasia-top-risks-2009-005,eurasia-top-risks,partial,audited,D16,,
eurasia-top-risks-2009-006,eurasia-top-risks,miss,agreed,D16,,
eurasia-top-risks-2009-007,eurasia-top-risks,hit,audited,D16,,
eurasia-top-risks-2009-008,eurasia-top-risks,hit,agreed,D16,,
eurasia-top-risks-2009-009,eurasia-top-risks,partial,agreed,D16,,
eurasia-top-risks-2009-010,eurasia-top-risks,partial,agreed,D16,,
eurasia-top-risks-2009-011,eurasia-top-risks,partial,agreed,D16,,
eurasia-top-risks-2009-012,eurasia-top-risks,hit,adjudicated,D16,"The source text defines the scope: it names Saudi Arabia, Qatar, Oman and the UAE and lists 'violence in Iraq, Iran' as surrounding concerns, not as the Gulf whose stability is forecast. On that reading B is right: the GCC states stayed stable and Dubai's debt standstill was contained by Abu Dhabi, as the text itself anticipated. Grader A's reading error: it counted Iran's post-election protests, which the source places outside the claim; the Saudi-Houthi border operation was a military action, not political instability in the Gulf states.",
eurasia-top-risks-2009-013,eurasia-top-risks,hit,agreed,D16,,
eurasia-top-risks-2010-001,eurasia-top-risks,hit,agreed,D16,,
eurasia-top-risks-2010-002,eurasia-top-risks,partial,agreed,D16,,
eurasia-top-risks-2010-003,eurasia-top-risks,hit,agreed,D16,,
eurasia-top-risks-2010-004,eurasia-top-risks,hit,agreed,D16,,
eurasia-top-risks-2010-005,eurasia-top-risks,hit,agreed,D16,,
eurasia-top-risks-2010-006,eurasia-top-risks,hit,agreed,D16,,
eurasia-top-risks-2010-007,eurasia-top-risks,partial,agreed,D16,,
eurasia-top-risks-2010-008,eurasia-top-risks,partial,adjudicated,D16,"The source's mechanism is rising attacks on Indian targets that push Delhi to a tougher line on Pakistan. One such attack happened (Pune German Bakery bombing, Feb 2010, 17-18 dead) and Kashmir unrest was severe, but there was no large-scale attack and no escalation: foreign-secretary and ministerial talks continued. Occurred in part (smaller scale). Grader B graded a stricter 'materially escalates' reading and ignored the Pune attack, which is the mechanism the source names.",
eurasia-top-risks-2010-009,eurasia-top-risks,partial,adjudicated,D16,"The source names Ukraine, Hungary and Latvia as most vulnerable. Hungary materialised fully: Fidesz won a two-thirds majority, imposed bank taxes, broke off IMF review talks (July 2010) and nationalised private pension assets. Ukraine elected Yanukovych but signed a new IMF stand-by in July 2010; Latvia re-elected its austerity government in Oct 2010; Poland saw no such stress. Only some named countries: partial under D31. Grader A's Romania example is not among the named countries.",
eurasia-top-risks-2010-010,eurasia-top-risks,hit,agreed,D16,,
eurasia-top-risks-2010-011,eurasia-top-risks,partial,agreed,D16,,
eurasia-top-risks-2010-012,eurasia-top-risks,hit,agreed,D16,,
eurasia-top-risks-2010-013,eurasia-top-risks,hit,agreed,D16,,
eurasia-top-risks-2010-014,eurasia-top-risks,hit,agreed,D16,,
eurasia-top-risks-2010-015,eurasia-top-risks,hit,agreed,D16,,
eurasia-top-risks-2011-001,eurasia-top-risks,hit,adjudicated,D16,"The core channels the source names (G20 economic coordination, current-account imbalances, climate) all failed in 2011: Cannes G20 made little progress, the Doha deadline was missed, Durban deferred a binding deal, the US debt-ceiling fight absorbed Washington. Libya (UNSC 1973) is a single exception on security, not on the economic-governance channel the entry centres on. The development happened with documented effect: hit. Grader B's facts are correct but one exception does not make the risk smaller in scale.",
eurasia-top-risks-2011-002,eurasia-top-risks,hit,agreed,D16,,
eurasia-top-risks-2011-003,eurasia-top-risks,hit,agreed,D16,,
eurasia-top-risks-2011-004,eurasia-top-risks,hit,agreed,D16,,
eurasia-top-risks-2011-005,eurasia-top-risks,partial,agreed,D16,,
eurasia-top-risks-2011-006,eurasia-top-risks,hit,adjudicated,D16,Several countries imposed new controls in 2011: Brazil extended the IOF to foreign borrowing under 360 days (28 Mar) then 720 days (early Apr) and added a currency-derivatives tax (Jul); Korea reinstated a bond withholding tax (Jan) and levied up to 0.2% on banks' foreign debt from Aug. Grader B's chronology omits Brazil's March-April loan IOF and leans on the Jan equity cut and Dec rollback; the Dec reversal came after the inflow phase and does not undo the year's new controls.,
eurasia-top-risks-2011-007,eurasia-top-risks,hit,agreed,D16,,
eurasia-top-risks-2011-008,eurasia-top-risks,hit,agreed,D16,,
eurasia-top-risks-2011-009,eurasia-top-risks,hit,agreed,D16,,
eurasia-top-risks-2011-010,eurasia-top-risks,hit,agreed,D16,,
eurasia-top-risks-2011-011,eurasia-top-risks,hit,audited,D16,,
eurasia-top-risks-2011-012,eurasia-top-risks,hit,agreed,D16,,
eurasia-top-risks-2011-013,eurasia-top-risks,partial,agreed,D16,,
eurasia-top-risks-2011-014,eurasia-top-risks,hit,adjudicated,D16,"The source anticipated a tense north-south election, persisting sectarian clashes and a Jonathan win, and forecast only that politics would not be fundamentally unstable. That is what happened: Jonathan won in April 2011, the result held and the constitutional order survived. The post-election violence (~800 dead) and Boko Haram attacks are serious but fall within the messiness the claim allowed; no systemic breakdown. Grader A counted anticipated messiness as partial materialisation of the feared risk.",
eurasia-top-risks-2012-001,eurasia-top-risks,hit,agreed,D16,,
eurasia-top-risks-2012-002,eurasia-top-risks,hit,agreed,D16,,
eurasia-top-risks-2012-003,eurasia-top-risks,hit,agreed,D16,,
eurasia-top-risks-2012-004,eurasia-top-risks,hit,agreed,D16,,
eurasia-top-risks-2012-005,eurasia-top-risks,partial,adjudicated,D16,"The source centres on regime instability ('history's first leaderless nuclear power', collapse bringing US and Chinese troops face to face). No implosion: Kim Jong Un consolidated power. Provocation occurred only in a routine, smaller form: two satellite launches (13 Apr failed, 12 Dec orbit) condemned under UN resolutions; no nuclear test, no attack on the South. Smaller scale: partial. Grader A treated any launch as the full 'explosion' branch.",
eurasia-top-risks-2012-006,eurasia-top-risks,partial,adjudicated,D16,"Domestic turmoil was real (PM Gilani convicted April, disqualified June 2012 by the Supreme Court) but there was no military interference, and the spillover channels the source stresses (Taliban safe havens after US drawdown, India-Pakistan proxy war in Afghanistan) did not produce a new crisis. The NATO supply-route closure was a 2011 carry-over that ended in July 2012. Some channels only: partial. Grader A's hit rests on the supply closure, which began in Nov 2011 and is not the spillover the source describes.",
eurasia-top-risks-2012-007,eurasia-top-risks,hit,agreed,D16,,
eurasia-top-risks-2012-008,eurasia-top-risks,hit,agreed,D16,,
eurasia-top-risks-2012-009,eurasia-top-risks,partial,agreed,D16,,
eurasia-top-risks-2012-010,eurasia-top-risks,hit,agreed,D16,,
eurasia-top-risks-2012-011,eurasia-top-risks,hit,agreed,D16,,
eurasia-top-risks-2012-012,eurasia-top-risks,hit,agreed,D16,,
eurasia-top-risks-2012-013,eurasia-top-risks,hit,agreed,D16,,
eurasia-top-risks-2012-014,eurasia-top-risks,hit,agreed,D16,,
eurasia-top-risks-2013-001,eurasia-top-risks,hit,agreed,D16,,
eurasia-top-risks-2013-002,eurasia-top-risks,hit,agreed,D16,,
eurasia-top-risks-2013-003,eurasia-top-risks,hit,agreed,D16,,
eurasia-top-risks-2013-004,eurasia-top-risks,hit,agreed,D16,,
eurasia-top-risks-2013-005,eurasia-top-risks,partial,agreed,D16,,
eurasia-top-risks-2013-006,eurasia-top-risks,hit,agreed,D16,,
eurasia-top-risks-2013-007,eurasia-top-risks,hit,agreed,D16,,
eurasia-top-risks-2013-008,eurasia-top-risks,hit,agreed,D16,,
eurasia-top-risks-2013-009,eurasia-top-risks,hit,agreed,D16,,
eurasia-top-risks-2013-010,eurasia-top-risks,hit,adjudicated,D16,"The source forecasts rising economic populism and a negative trajectory, not a single crisis. Both came with documented effect in 2013: Malema launched the EFF on a nationalisation and expropriation platform (Jul 2013), mining labour conflict continued, the Nkandla scandal grew, and South Africa was named one of the 'Fragile Five' as the rand weakened. Grader B required a crisis-scale shock, which the claim does not state.",
eurasia-top-risks-2013-011,eurasia-top-risks,hit,agreed,D16,,
eurasia-top-risks-2013-012,eurasia-top-risks,hit,adjudicated,D16,"The source's forecast is that the feared protectionist turn does not come and that competitive liberalisation (TPP, a transatlantic deal) quickens. TTIP negotiations opened in July 2013, TPP talks continued and the WTO concluded the Bali Package in Dec 2013. WTO G-20 monitoring shows only a slow creep in restrictive measures (116 vs 109). Grader B's Global Trade Alert count covers June 2012 to May 2013, mostly before the edition year, and counts low-visibility measures rather than the systemic rise the red herring addresses.",
eurasia-top-risks-2013-013,eurasia-top-risks,hit,agreed,D16,,
eurasia-top-risks-2013-014,eurasia-top-risks,hit,agreed,D16,,
eurasia-top-risks-2014-001,eurasia-top-risks,hit,agreed,D16,,
eurasia-top-risks-2014-002,eurasia-top-risks,hit,adjudicated,D16,"All six elections happened and outcomes diverged as forecast: India's BJP won the first single-party majority since 1984 and markets rallied; Indonesia elected Jokowi; Colombia re-elected Santos (the source's positive case) and peace talks continued; Brazil re-elected Rousseff by 51.6% into recession; Turkey's Erdogan consolidated. Grader B treated unevenness as partial, but uneven outcomes are the divergence the claim forecasts.",
eurasia-top-risks-2014-003,eurasia-top-risks,hit,agreed,D16,,
eurasia-top-risks-2014-004,eurasia-top-risks,partial,agreed,D16,,
eurasia-top-risks-2014-005,eurasia-top-risks,hit,audited,D16,,
eurasia-top-risks-2014-006,eurasia-top-risks,hit,audited,D16,,
eurasia-top-risks-2014-007,eurasia-top-risks,hit,audited,D16,,
eurasia-top-risks-2014-008,eurasia-top-risks,hit,agreed,D16,,
eurasia-top-risks-2014-009,eurasia-top-risks,hit,agreed,D16,,
eurasia-top-risks-2014-010,eurasia-top-risks,hit,agreed,D16,,
eurasia-top-risks-2014-011,eurasia-top-risks,hit,agreed,D16,,
eurasia-top-risks-2014-012,eurasia-top-risks,hit,agreed,D16,,
eurasia-top-risks-2014-013,eurasia-top-risks,miss,agreed,D16,,
eurasia-top-risks-2015-001,eurasia-top-risks,hit,agreed,D16,,
eurasia-top-risks-2015-002,eurasia-top-risks,hit,audited,D16,,
eurasia-top-risks-2015-003,eurasia-top-risks,hit,agreed,D16,,
eurasia-top-risks-2015-004,eurasia-top-risks,hit,agreed,D16,,
eurasia-top-risks-2015-005,eurasia-top-risks,hit,agreed,D16,,
eurasia-top-risks-2015-006,eurasia-top-risks,hit,agreed,D16,,
eurasia-top-risks-2015-008,eurasia-top-risks,hit,agreed,D16,,
eurasia-top-risks-2015-009,eurasia-top-risks,miss,agreed,D16,,
eurasia-top-risks-2015-010,eurasia-top-risks,hit,agreed,D16,,
eurasia-top-risks-2015-011,eurasia-top-risks,hit,agreed,D16,,
eurasia-top-risks-2015-012,eurasia-top-risks,partial,agreed,D16,,
eurasia-top-risks-2015-013,eurasia-top-risks,hit,adjudicated,D16,"The source explicitly carves out Venezuela ('the one exception ... very real threat of near-term instability'). Russia, Saudi Arabia and the smaller Gulf producers stayed stable in 2015. Grader A's reading error: it graded the Venezuelan opposition's Dec 2015 assembly win against the red herring, though the source placed Venezuela outside it.",
eurasia-top-risks-2015-014,eurasia-top-risks,miss,agreed,D16,,
eurasia-top-risks-2016-001,eurasia-top-risks,hit,audited,D16,,
eurasia-top-risks-2016-002,eurasia-top-risks,hit,audited,D16,,
eurasia-top-risks-2016-003,eurasia-top-risks,hit,audited,D16,,
eurasia-top-risks-2016-004,eurasia-top-risks,hit,adjudicated,D16,"The source centres on ISIS's reach and names the states it expects to be hit. ISIS-attributed deaths rose 49% in 2016 (GTI 2017) and major attacks struck named targets: Brussels (Mar), Orlando (Jun), Istanbul airport (Jun), Baghdad Karrada (Jul), Nice (Jul), Berlin (Dec); 77 countries recorded a terrorism death, the most in 17 years. Total terrorism deaths fell 13%, driven by Boko Haram and Afghanistan/Pakistan, which the source does not list as vulnerable targets. Grader A weighted the aggregate death count over the ISIS channel the entry is about.",
eurasia-top-risks-2016-005,eurasia-top-risks,partial,audited,D16,,
eurasia-top-risks-2016-006,eurasia-top-risks,hit,audited,D16,,
eurasia-top-risks-2016-007,eurasia-top-risks,hit,audited,D16,,
eurasia-top-risks-2016-008,eurasia-top-risks,partial,audited,D16,,
eurasia-top-risks-2016-009,eurasia-top-risks,hit,audited,D16,,
eurasia-top-risks-2016-010,eurasia-top-risks,hit,audited,D16,,
eurasia-top-risks-2016-011,eurasia-top-risks,miss,agreed,D16,,
eurasia-top-risks-2016-012,eurasia-top-risks,hit,audited,D16,,
eurasia-top-risks-2016-013,eurasia-top-risks,hit,audited,D16,,
eurasia-top-risks-2017-001,eurasia-top-risks,hit,audited,D16,,
eurasia-top-risks-2017-002,eurasia-top-risks,partial,agreed,D16,,
eurasia-top-risks-2017-003,eurasia-top-risks,hit,agreed,D16,,
eurasia-top-risks-2017-004,eurasia-top-risks,miss,audited,D16,,
eurasia-top-risks-2017-005,eurasia-top-risks,partial,audited,D16,,
eurasia-top-risks-2017-006,eurasia-top-risks,miss,agreed,D16,,
eurasia-top-risks-2017-007,eurasia-top-risks,hit,audited,D16,,
eurasia-top-risks-2017-008,eurasia-top-risks,hit,agreed,D16,,
eurasia-top-risks-2017-009,eurasia-top-risks,hit,agreed,D16,,
eurasia-top-risks-2017-010,eurasia-top-risks,hit,agreed,D16,,
eurasia-top-risks-2017-011,eurasia-top-risks,hit,agreed,D16,,
eurasia-top-risks-2017-012,eurasia-top-risks,hit,agreed,D16,,
eurasia-top-risks-2017-013,eurasia-top-risks,partial,agreed,D16,,
eurasia-top-risks-2018-001,eurasia-top-risks,partial,agreed,D16,,
eurasia-top-risks-2018-002,eurasia-top-risks,partial,agreed,D16,,
eurasia-top-risks-2018-003,eurasia-top-risks,hit,agreed,D16,,
eurasia-top-risks-2018-004,eurasia-top-risks,partial,agreed,D16,,
eurasia-top-risks-2018-005,eurasia-top-risks,hit,adjudicated,D16,"The source names Trump revoking waivers and ending sanctions relief as a path to the deal's failure. That happened: US withdrawal on 8 May 2018, sanctions reimposed in Aug and Nov, Iran's currency and oil exports collapsed, and the EU invoked its blocking statute. The development in the summary happened with documented effect in 2018. Grader A required Iran's exit and military escalation; the source lists US withdrawal as sufficient for failure, and the later 2019 escalation is beyond the year but not required for a hit.",
eurasia-top-risks-2018-006,eurasia-top-risks,hit,agreed,D16,,
eurasia-top-risks-2018-007,eurasia-top-risks,hit,agreed,D16,,
eurasia-top-risks-2018-008,eurasia-top-risks,hit,agreed,D16,,
eurasia-top-risks-2018-009,eurasia-top-risks,partial,agreed,D16,,
eurasia-top-risks-2018-010,eurasia-top-risks,partial,agreed,D16,,
eurasia-top-risks-2018-011,eurasia-top-risks,miss,agreed,D16,,
eurasia-top-risks-2018-012,eurasia-top-risks,hit,adjudicated,D16,"The source explicitly allowed for 'an outright radical euroskeptic' Italian government and forecast only that the economy would not fall apart and Italy would not leave. That is what happened: the Conte government clashed with the Commission over its budget, settled in December; Germany formed its coalition in March; euro-area growth was 1.8%. Grader A counted the anticipated Italian clash as partial materialisation.",
eurasia-top-risks-2018-013,eurasia-top-risks,hit,agreed,D16,,
eurasia-top-risks-2019-001,eurasia-top-risks,hit,adjudicated,D16,"The quote places the fruit 'in years to come', so the reading 'dangers bear fruit in 2019' is not a faithful in-year reading; the faithful in-year reading is that the named dynamics keep deteriorating. That is documented: the US left the INF Treaty (2 Aug 2019), the WTO Appellate Body lost its quorum (11 Dec 2019), US-China tariffs escalated (May, Sep 2019), and Macron called NATO 'brain dead' (Nov 2019). One reading dominates, so not unfalsifiable; the named institutions are observable, so not ungradable. Both graders declined to grade; low certainty.",
eurasia-top-risks-2019-002,eurasia-top-risks,hit,agreed,D16,,
eurasia-top-risks-2019-003,eurasia-top-risks,hit,agreed,D16,,
eurasia-top-risks-2019-004,eurasia-top-risks,partial,adjudicated,D16,"The source's named outcomes: record euroskeptic seats (partly: ID 73, up from 36), second-largest group (no: EPP, S&D, Renew and Greens were larger), populist commissioners shaping the Commission (no: Parliament rejected Hungary's nominee Trocsanyi), populist governments holding (no: FPÖ left Austria's government after Ibiza in May, Lega left Italy's in August). Smaller scale and only some channels: partial. Grader B graded the seat gain and did not test the power claims the source makes.",
eurasia-top-risks-2019-005,eurasia-top-risks,hit,agreed,D16,,
eurasia-top-risks-2019-006,eurasia-top-risks,partial,agreed,D16,,
eurasia-top-risks-2019-007,eurasia-top-risks,hit,agreed,D16,,
eurasia-top-risks-2019-008,eurasia-top-risks,hit,agreed,D16,,
eurasia-top-risks-2019-009,eurasia-top-risks,miss,agreed,D16,,
eurasia-top-risks-2019-010,eurasia-top-risks,partial,adjudicated,D16,"The source forecasts a close vote with a possibly challenged or inconclusive result. The vote was disrupted (postponed a week at 03:00 on polling day, violence, supplementary polls) and Atiku challenged it to the Supreme Court, but it was not close: Buhari won 55.6% to 41.2%, a wider margin than 2015's 54-45, so 'most fiercely contested since 1999' is not borne out by the result. Some channels only: partial. Grader B graded disruption and the court challenge without testing the closeness the source names.",
eurasia-top-risks-2019-012,eurasia-top-risks,hit,agreed,D16,,
eurasia-top-risks-2019-013,eurasia-top-risks,partial,agreed,D16,,
eurasia-top-risks-2019-014,eurasia-top-risks,miss,agreed,D16,,
eurasia-top-risks-2019-015,eurasia-top-risks,partial,agreed,D16,,
eurasia-top-risks-2020-001,eurasia-top-risks,hit,agreed,D16,,
eurasia-top-risks-2020-002,eurasia-top-risks,hit,agreed,D16,,
eurasia-top-risks-2020-003,eurasia-top-risks,hit,agreed,D16,,
eurasia-top-risks-2020-004,eurasia-top-risks,hit,agreed,D16,,
eurasia-top-risks-2020-005,eurasia-top-risks,partial,adjudicated,D16,"The source names three channels. Sectarian instability happened with documented effect (Delhi riots, Feb 2020, 53 dead; continued anti-CAA protests). The foreign-policy channel did not: US-India ties deepened (Trump visit Feb 2020, BECA signed Oct 2020) and no CAATSA sanctions came in 2020. The economic channel cannot be separated from the COVID contraction. Only some channels: partial under D31. Grader B graded the social channel alone.",
eurasia-top-risks-2020-006,eurasia-top-risks,partial,agreed,D16,,
eurasia-top-risks-2020-007,eurasia-top-risks,partial,agreed,D16,,
eurasia-top-risks-2020-008,eurasia-top-risks,hit,agreed,D16,,
eurasia-top-risks-2020-009,eurasia-top-risks,hit,agreed,D16,,
eurasia-top-risks-2020-010,eurasia-top-risks,hit,agreed,D16,,
eurasia-top-risks-2020-011,eurasia-top-risks,hit,adjudicated,D16,"The report was published 6 Jan 2020, after the Soleimani killing, and explicitly expected Iranian retaliation 'probably even direct strikes against the US and allies' while betting against war; for North Korea it expected missile provocations short of the brink. Iran's 8 Jan missile strike on US bases was the anticipated retaliation and was followed by de-escalation; no war with any of the three. Grader B's reading error: it counted the Soleimani killing (before publication) and the anticipated retaliation as partial materialisation.",
eurasia-top-risks-2020-012,eurasia-top-risks,hit,agreed,D16,,
eurasia-top-risks-2020-013,eurasia-top-risks,partial,agreed,D16,,
eurasia-top-risks-2021-001,eurasia-top-risks,partial,audited,D16,,
eurasia-top-risks-2021-002,eurasia-top-risks,hit,audited,D16,,
eurasia-top-risks-2021-003,eurasia-top-risks,hit,adjudicated,D16,"The source predicted headline commitments ('climate commitments will matter in 2021 like never before') and, beneath them, competition. The named mechanisms occurred: the EU proposed CBAM (14 Jul 2021); India and China forced the coal 'phase-down' wording at COP26; NDCs fell well short of 1.5C; US-China clean-tech rivalry intensified. Grader B counted the Glasgow Pact and US-China declaration as coordination against the claim, but the source anticipated exactly such headline pledges.",
eurasia-top-risks-2021-004,eurasia-top-risks,hit,audited,D16,,
eurasia-top-risks-2021-005,eurasia-top-risks,hit,audited,D16,,
eurasia-top-risks-2021-006,eurasia-top-risks,hit,audited,D16,,
eurasia-top-risks-2021-007,eurasia-top-risks,hit,corrected,D16,"Graders read 'foreign adventures' from the edition summary, but the quote says only 'misadventures', and the Top Risks 2021 PDF (pp. 15-16) names premature monetary easing and rate cuts as the first step. en.wikipedia Turkish economic crisis: governor fired, rates cut 19% to 14%, lira -44% in 2021. The stated development occurred in full.",partial
eurasia-top-risks-2021-008,eurasia-top-risks,miss,audited,D16,,
eurasia-top-risks-2021-009,eurasia-top-risks,miss,audited,D16,,
eurasia-top-risks-2021-010,eurasia-top-risks,hit,adjudicated,D16,"The source's named outcomes mostly happened: a severe early-2021 wave before vaccines (Peru highest COVID death rate in the world), Fernandez weakened in Argentina's midterms, Morena kept its Mexican majority, an outsider (Castillo) won in Peru, the leftist Boric won in Chile, mass unrest in Colombia. Ecuador went the other way (Lasso won). The 6.2% GDP rebound followed a 6.8% contraction and is not what the entry forecast. Grader A weighted the GDP rebound over the political channels the entry names.",
eurasia-top-risks-2021-011,eurasia-top-risks,hit,audited,D16,,
eurasia-top-risks-2021-012,eurasia-top-risks,hit,audited,D16,,
eurasia-top-risks-2021-013,eurasia-top-risks,hit,audited,D16,,
eurasia-top-risks-2022-001,eurasia-top-risks,hit,agreed,D16,,
eurasia-top-risks-2022-002,eurasia-top-risks,partial,agreed,D16,,
eurasia-top-risks-2022-003,eurasia-top-risks,partial,adjudicated,D16,"The source's own text sets 'no crisis' as part of the forecast and names channels. Some happened: Republicans took the House (222-213); some losing denier candidates (e.g. Kari Lake) refused to concede and sued; Cochise County briefly refused to certify. Others did not: Democrats held the Senate, most denier candidates for state election offices lost and conceded, certification was routine overall. In part: partial. Grader A read the claim as the tipping point failing entirely and ignored the GOP House win the source forecast.",
eurasia-top-risks-2022-004,eurasia-top-risks,hit,agreed,D16,,
eurasia-top-risks-2022-005,eurasia-top-risks,hit,agreed,D16,,
eurasia-top-risks-2022-006,eurasia-top-risks,hit,agreed,D16,,
eurasia-top-risks-2022-007,eurasia-top-risks,hit,agreed,D16,,
eurasia-top-risks-2022-008,eurasia-top-risks,hit,agreed,D16,,
eurasia-top-risks-2022-009,eurasia-top-risks,hit,agreed,D16,,
eurasia-top-risks-2022-010,eurasia-top-risks,hit,agreed,D16,,
eurasia-top-risks-2022-011,eurasia-top-risks,partial,agreed,D16,,
eurasia-top-risks-2022-012,eurasia-top-risks,partial,agreed,D16,,
eurasia-top-risks-2022-013,eurasia-top-risks,partial,agreed,D16,,
eurasia-top-risks-2022-014,eurasia-top-risks,miss,agreed,D16,,
eurasia-top-risks-2023-001,eurasia-top-risks,hit,audited,D16,,
eurasia-top-risks-2023-002,eurasia-top-risks,hit,audited,D16,,
eurasia-top-risks-2023-003,eurasia-top-risks,hit,audited,D16,,
eurasia-top-risks-2023-004,eurasia-top-risks,partial,audited,D16,,
eurasia-top-risks-2023-005,eurasia-top-risks,contested,contested,D16,"The recorded quote is a probability statement ('chance of regime collapse is low, but higher than in four decades'); non-collapse does not falsify it. Top Risks 2023 PDF p.12 frames the risk as new confrontations between Iran and the West, which graders did not check; Wikipedia Mahsa Amini protests (subsided by spring 2023) only tests a reading the source calls unlikely.",miss
eurasia-top-risks-2023-006,eurasia-top-risks,partial,adjudicated,D16,"The price premise failed: Brent averaged $82.49 in 2023, down from $100.93, and did not end the year above $100. The friction channel occurred in part: the surprise OPEC+ cut (Apr 2023) and Saudi voluntary cuts (Jul 2023) drew US criticism, though US-Saudi ties did not rupture. Only one channel, at smaller scale: partial. Grader A graded the price premise alone; both graders' price figures agree with EIA.",
eurasia-top-risks-2023-007,eurasia-top-risks,partial,audited,D16,,
eurasia-top-risks-2023-008,eurasia-top-risks,hit,audited,D16,,
eurasia-top-risks-2023-009,eurasia-top-risks,partial,audited,D16,,
eurasia-top-risks-2023-010,eurasia-top-risks,hit,audited,D16,,
eurasia-top-risks-2023-011,eurasia-top-risks,partial,audited,D16,,
eurasia-top-risks-2023-012,eurasia-top-risks,hit,audited,D16,,
eurasia-top-risks-2023-013,eurasia-top-risks,partial,corrected,D16,"The page both graders cite (en.wikipedia Fourth Taiwan Strait Crisis) dates the crisis 2 Aug 2022 to present and records 'Joint Sword' encirclement drills 8-10 Apr 2023 with ~71 aircraft across the median line and live fire. Smaller than 2022 but not calm; it materialised in part, consistent with 2023-014.",hit
eurasia-top-risks-2023-014,eurasia-top-risks,partial,audited,D16,,
eurasia-top-risks-2024-001,eurasia-top-risks,partial,agreed,D16,,
eurasia-top-risks-2024-002,eurasia-top-risks,hit,agreed,D16,,
eurasia-top-risks-2024-003,eurasia-top-risks,hit,agreed,D16,,
eurasia-top-risks-2024-004,eurasia-top-risks,hit,agreed,D16,,
eurasia-top-risks-2024-005,eurasia-top-risks,hit,agreed,D16,,
eurasia-top-risks-2024-006,eurasia-top-risks,hit,agreed,D16,,
eurasia-top-risks-2024-007,eurasia-top-risks,hit,agreed,D16,,
eurasia-top-risks-2024-008,eurasia-top-risks,hit,agreed,D16,,
eurasia-top-risks-2024-009,eurasia-top-risks,hit,agreed,D16,,
eurasia-top-risks-2024-010,eurasia-top-risks,hit,agreed,D16,,
eurasia-top-risks-2024-011,eurasia-top-risks,hit,agreed,D16,,
eurasia-top-risks-2024-012,eurasia-top-risks,hit,agreed,D16,,
eurasia-top-risks-2024-013,eurasia-top-risks,hit,agreed,D16,,
eurasia-top-risks-2025-001,eurasia-top-risks,hit,agreed,D16,,
eurasia-top-risks-2025-002,eurasia-top-risks,hit,agreed,D16,,
eurasia-top-risks-2025-003,eurasia-top-risks,partial,agreed,D16,,
eurasia-top-risks-2025-004,eurasia-top-risks,partial,agreed,D16,,
eurasia-top-risks-2025-005,eurasia-top-risks,hit,agreed,D16,,
eurasia-top-risks-2025-006,eurasia-top-risks,hit,agreed,D16,,
eurasia-top-risks-2025-007,eurasia-top-risks,partial,agreed,D16,,
eurasia-top-risks-2025-008,eurasia-top-risks,hit,agreed,D16,,
eurasia-top-risks-2025-009,eurasia-top-risks,hit,agreed,D16,,
eurasia-top-risks-2025-010,eurasia-top-risks,hit,agreed,D16,,
eurasia-top-risks-2025-011,eurasia-top-risks,hit,agreed,D16,,
eurasia-top-risks-2025-012,eurasia-top-risks,hit,agreed,D16,,
eurasia-top-risks-2025-013,eurasia-top-risks,hit,agreed,D16,,
gartner-hype-cycle-1999-002,gartner-hype-cycle,miss,agreed,D16,,
gartner-hype-cycle-1999-003,gartner-hype-cycle,miss,agreed,D16,,
gartner-hype-cycle-1999-004,gartner-hype-cycle,miss,agreed,D16,,
gartner-hype-cycle-1999-005,gartner-hype-cycle,miss,agreed,D16,,
gartner-hype-cycle-1999-006,gartner-hype-cycle,miss,agreed,D16,,
gartner-hype-cycle-1999-007,gartner-hype-cycle,partial,adjudicated,D16,"Mainstream in 2007, 3 to 5 years after the placed year 2004. Neither builder. A's 2006 is contradicted by Nokia's figures: 133M Bluetooth phones in 2005 against a handset market of about 780M (~17%), 220M forecast for 2006 (well under half globally). B's 2009 extrapolates global growth and ignores major-market data: NPD counted 53% of US phones sold with Bluetooth in Q4 2006 and 72% in Q4 2007. 2007 is the first full year above 50% in a major market; the US crossed on a quarterly basis at the end of 2006, so the year is bounded between late 2006 and 2007. Global (incl. low-end emerging-market phones) crossed later, but D16 asks for major markets. year_5pct 2003 only needs to be <=2004 and is not contested in effect.",
gartner-hype-cycle-1999-008,gartner-hype-cycle,hit,agreed,D16,,
gartner-hype-cycle-1999-009,gartner-hype-cycle,hit,adjudicated,D16,"Mainstream in 2002, placed year 2001: within 2 years after, or earlier. Builder A was closer. Jupiter Research (reported by InfoWorld, January 2004) found 80% of companies surveyed had already deployed portals or planned to deploy them soon; Forrester 2006 found 46% of large companies using an employee portal. Packaged portal products date from 1998. The 20% crossing among large and medium organisations is therefore no later than 2006 and most likely by 2002-2003, given the deployed-or-planned share at the end of 2003. An Answerthink survey (October 2002) reported in pass 1 as more than 50% of companies with portals could not be opened. 2002 is kept as an estimate inside the bound; the placed year 2001 needs mainstream by 2003 for a hit, so the verdict rests on that estimate with medium-low certainty. Builder B's 2004 interpolated from the 2006 figure without an earlier data point. year_5pct 1999 is a bound (packaged products from 1998).",
gartner-hype-cycle-1999-010,gartner-hype-cycle,miss,audited,D16,,
gartner-hype-cycle-1999-011,gartner-hype-cycle,hit,audited,D16,,
gartner-hype-cycle-1999-012,gartner-hype-cycle,hit,audited,D16,,
gartner-hype-cycle-1999-013,gartner-hype-cycle,hit,adjudicated,D16,"Mainstream in 2006, placed year 2004: within 2 years after, or earlier. Builder A's verdicts stand but on a different test. A used IP-capable PBX line shipments (hybrid lines are not VoIP use), B used US residential voice connections only. France is a major market: ARCEP counted about 6.6M broadband-voice subscriptions at end 2006 (about a quarter of ~26M households) and 10.8M at end 2007 (27.4% of all phone subscriptions), adding about a million a quarter, so the 20% line was passed in 2006. In-Stat/MDR: US businesses using VoIP 3% (2003) to 12% (2004), so 5% in 2004. B's error: restricting the denominator to the US and missing France/Japan, which crossed 2-3 years earlier. Enterprise use alone was slower: Forrester counted IP PBXs at 14% of North American enterprises in 2006 and 23% in 2007, hosted VoIP 3% and 8%. year_mainstream is precise to about a year; 2006 vs 2007 only changes the 1999 claim (P=2004).",
gartner-hype-cycle-1999-014,gartner-hype-cycle,miss,audited,D16,,
gartner-hype-cycle-1999-015,gartner-hype-cycle,miss,audited,D16,,
gartner-hype-cycle-1999-016,gartner-hype-cycle,partial,audited,D16,,
gartner-hype-cycle-1999-017,gartner-hype-cycle,hit,audited,D16,,
gartner-hype-cycle-1999-018,gartner-hype-cycle,hit,corrected,D16,"Pew fact sheet confirms US home broadband 6-9% (2001), 15-19% (2003), 23-26% (2004), so US-only gives mainstream 2004 = P+3. But StatCan The Daily 23 Sep 2003: 2.8 million Canadian households had broadband in 2001 (about 24% of ~11.6M households), and builder B itself notes Korea passed 20% around 2001; under the one-major-market test both builders used for Smart Cards, mainstream by P=2001: hit.",partial
gartner-hype-cycle-1999-019,gartner-hype-cycle,hit,adjudicated,D16,"Mainstream in 2004, placed year 2004: within 2 years after, or earlier. Closer to A. year_mainstream 2004 is an upper bound (no later than 2004), which is all the 1999 claim (placed 2004, hit if mainstream by 2006) needs. GAO-04-548 (May 2004) found 52 of 128 surveyed US federal agencies using or planning data mining, with 199 efforts of which 131 were operational: well above 20% of a large-organisation population by 2004, and the commercial heavy users (credit scoring, telecom churn, retail basket analysis) were earlier than government. B's 2014 used the wrong denominator and object: TDWI/Eurostat measure predictive analytics or big-data analysis across all companies of all sizes, a later and broader technology, not data mining among organisations with large customer databases. A's evidence (Wikipedia) carries no share figure, so the year rests on the GAO count. Low-to-moderate certainty.",
gartner-hype-cycle-1999-020,gartner-hype-cycle,partial,agreed,D16,,
gartner-hype-cycle-1999-021,gartner-hype-cycle,hit,agreed,D16,,
gartner-hype-cycle-2000-002,gartner-hype-cycle,partial,adjudicated,D16,"Mainstream in 2015, 3 to 5 years after the placed year 2010. Revised in pass 2; follows the DMG data. Reading and test as pass 1 (contact-centre speech analytics). DMG Consulting counted 25 commercial implementations in 2004 and 1,764 at end-2008, forecast 40-45% growth a year for 2009-2011 and at least 25-30% of all contact-centre seats within five to seven years (2014-2016). DMG's 2015-2016 report counts 2,889,031 speech-analytics seats in May 2014 and 3,507,795 in March 2015. Against a world base of roughly 12-17 million contact-centre seats, that is about 17-24% in 2014 and 20-29% in 2015, so the 20% crossing is set at 2015 (bounded 2014-2016). Back-casting the seat count at 30-40% growth puts 5% of seats at about 2010, so year_5pct 2010 stays. Pass 1's 2012 rested on a ContactBabel figure (24% of contact-centre organisations in 2012) that could not be found on any opened page. The builders' 2019 has no data point. For the 2000 claim (placed 2010) both 2012 and 2015 are within reach of the rule only as: 5% by the placed year (partial) or mainstream 5 years after (partial); a hit would need 20% by 2012, which the opened sources do not show.",
gartner-hype-cycle-2000-003,gartner-hype-cycle,miss,agreed,D16,,
gartner-hype-cycle-2000-004,gartner-hype-cycle,miss,audited,D16,,
gartner-hype-cycle-2000-005,gartner-hype-cycle,miss,agreed,D16,,
gartner-hype-cycle-2000-006,gartner-hype-cycle,miss,agreed,D16,,
gartner-hype-cycle-2000-007,gartner-hype-cycle,hit,agreed,D16,,
gartner-hype-cycle-2000-008,gartner-hype-cycle,miss,adjudicated,D16,"Reached 5% only in 2005; not mainstream by 2007 (placed year 2002 plus 5). Neither builder. Pass 1 dated mainstream to 2009 from Forrester's software survey (Q4 2009, published 2010: 25% of North American companies using SaaS); that page is now dead (404) and the figure could not be re-confirmed. The opened Eurostat release bounds it: in 2014, 19% of all EU enterprises with 10+ staff bought cloud services (mostly SaaS: e-mail, files, office software), and large enterprises (250+) were at about 35% (56% in 2018 after a 21-point rise since 2014). So 20% of organisations in a major market is reached no later than 2014 for large firms; 2009 lies inside that bound and is kept. B's 2016 used the all-enterprise EU average including 10-49 staff firms. year_5pct 2005 is an estimate (no measured series before 2007); the 2000 claim (P=2002) is a miss under any year_5pct after 2002, which no source supports. Verdicts: 2000 claim miss, 2001 claim partial. Low-to-moderate certainty: a mainstream year of 2012 or later together with a 5% year after 2006 would turn the 2001 claim into a miss.",
gartner-hype-cycle-2000-009,gartner-hype-cycle,miss,agreed,D16,,
gartner-hype-cycle-2000-010,gartner-hype-cycle,hit,adjudicated,D16,"Mainstream in 2007, placed year 2005: within 2 years after, or earlier. Neither builder. A's 2006 is contradicted by Nokia's figures: 133M Bluetooth phones in 2005 against a handset market of about 780M (~17%), 220M forecast for 2006 (well under half globally). B's 2009 extrapolates global growth and ignores major-market data: NPD counted 53% of US phones sold with Bluetooth in Q4 2006 and 72% in Q4 2007. 2007 is the first full year above 50% in a major market; the US crossed on a quarterly basis at the end of 2006, so the year is bounded between late 2006 and 2007. Global (incl. low-end emerging-market phones) crossed later, but D16 asks for major markets. year_5pct 2003 only needs to be <=2004 and is not contested in effect.",
gartner-hype-cycle-2000-011,gartner-hype-cycle,hit,agreed,D16,,
gartner-hype-cycle-2000-012,gartner-hype-cycle,miss,agreed,D16,,
gartner-hype-cycle-2000-013,gartner-hype-cycle,miss,agreed,D16,,
gartner-hype-cycle-2000-014,gartner-hype-cycle,miss,adjudicated,D16,"Never reached 5%; not mainstream by 2015 (placed year 2010 plus 5). Follows B. The dominant reading is the dedicated micropayment system. The decisive point is Gartner's own placement: in 2010 it still placed Internet Micropayment Systems 2-5 years from the plateau (on the Slope of Enlightenment), two years after the App Store and seven after the iTunes 99-cent store. So app-store and in-game purchases were not what the label referred to; counting them, as A does, makes the 2010 placement describe something already near mainstream. A says itself that under the dedicated-system reading the answer is never mainstream. No dedicated system (Millicent, IBM Micro Payments, BitPass, Flattr, Blendle, which moved to subscriptions in 2019) reached even 5% of internet users. Not marked abandoned, because new attempts keep appearing. A Gartner definition of the 2010 entry could not be retrieved, so this rests on the placement argument.",
gartner-hype-cycle-2000-015,gartner-hype-cycle,partial,adjudicated,D16,"Mainstream in 2006, 3 to 5 years after the placed year 2002. Builder A's verdicts stand but on a different test. A used IP-capable PBX line shipments (hybrid lines are not VoIP use), B used US residential voice connections only. France is a major market: ARCEP counted about 6.6M broadband-voice subscriptions at end 2006 (about a quarter of ~26M households) and 10.8M at end 2007 (27.4% of all phone subscriptions), adding about a million a quarter, so the 20% line was passed in 2006. In-Stat/MDR: US businesses using VoIP 3% (2003) to 12% (2004), so 5% in 2004. B's error: restricting the denominator to the US and missing France/Japan, which crossed 2-3 years earlier. Enterprise use alone was slower: Forrester counted IP PBXs at 14% of North American enterprises in 2006 and 23% in 2007, hosted VoIP 3% and 8%. year_mainstream is precise to about a year; 2006 vs 2007 only changes the 1999 claim (P=2004).",
gartner-hype-cycle-2000-016,gartner-hype-cycle,miss,agreed,D16,,
gartner-hype-cycle-2000-017,gartner-hype-cycle,hit,agreed,D16,,
gartner-hype-cycle-2000-018,gartner-hype-cycle,hit,agreed,D16,,
gartner-hype-cycle-2000-019,gartner-hype-cycle,hit,agreed,D16,,
gartner-hype-cycle-2000-020,gartner-hype-cycle,hit,agreed,D16,,
gartner-hype-cycle-2001-001,gartner-hype-cycle,miss,audited,D16,,
gartner-hype-cycle-2001-002,gartner-hype-cycle,miss,agreed,D16,,
gartner-hype-cycle-2001-003,gartner-hype-cycle,hit,adjudicated,D16,"Mainstream in 2013, placed year 2011: within 2 years after, or earlier. Neither builder; closer to A. Web Data Commons (Meusel et al., ISWC 2014) measured the share of Common Crawl HTML pages carrying RDFa, microdata or microformats at 5.76% (2010), 12.29% (2012) and 26.33% (2013). So 5% by 2010 and 20% crossed in 2013. Builder B's 2012/2019 interpolation is wrong by six years on the mainstream year: B inferred from schema.org's 2011 launch and the 2022-2024 Almanac without the WDC series. Builder A's 2014 is one year late. Caveats: crawls differ in composition between years, and the share includes microformats; RDFa (Open Graph) plus microdata alone also grew fast after 2010-2011, so the 2013 crossing is a reasonable point estimate. The strict RDF/OWL agents vision would give null, but that reading does not dominate a label graded on web adoption. All three placed years (2011, 2013, 2014) give hit: 2013 is within 2 years after 2011 and before 2013 and 2014.",
gartner-hype-cycle-2001-004,gartner-hype-cycle,miss,agreed,D16,,
gartner-hype-cycle-2001-005,gartner-hype-cycle,partial,adjudicated,D16,"Mainstream in 2011, 3 to 5 years after the placed year 2006. Builder B. A applied the 50%-of-new-units device-feature test globally (crossed 2013), but a PDA phone is a device class bought by users, so D16's 20%-of-target-users test fits; Pew measured 35% of US adults owning a smartphone in 2011, so 2011 is an upper bound (comScore-type subscriber data suggest 2010). Smartphones were above 5% of global phone sales by 2006 (estimate; builder B's figure of about 10% in 2007 was not re-confirmed on an opened page). Any year_mainstream from 2010 to 2011 gives partial for both claims (placed 2006 and 2007); only a crossing by 2009 would turn the 2002 claim into a hit, and Pew's first measure (35% in 2011) with US smartphone ownership rising fast from about 2009 makes 2010-2011 the likely crossing.",
gartner-hype-cycle-2001-006,gartner-hype-cycle,hit,agreed,D16,,
gartner-hype-cycle-2001-007,gartner-hype-cycle,hit,adjudicated,D16,"Mainstream in 2005, placed year 2003: within 2 years after, or earlier. Follows B. B's sources are primary analyst surveys: Nemertes 2005, 76% of medium and large companies use some IM and 58% of corporate IM users are on an enterprise-class model; Osterman, about 93% of North American organisations use IM in some form. B's ~44% of companies is a derived figure (it multiplies a share of users by a share of companies), but even a cautious reading puts enterprise-class deployments above 20% of medium and large firms by 2005. Under the broader reading (any IM used in the enterprise), the crossing is earlier still (Radicati 2004: 85% of North American companies). Both readings give a hit for the 2001 claim placed at 2003, which needs mainstream by 2005. A's 2006 is from general knowledge and cites no share. year_mainstream 2005 is an upper bound.",
gartner-hype-cycle-2001-008,gartner-hype-cycle,hit,agreed,D16,,
gartner-hype-cycle-2001-009,gartner-hype-cycle,miss,agreed,D16,,
gartner-hype-cycle-2001-010,gartner-hype-cycle,hit,agreed,D16,,
gartner-hype-cycle-2001-011,gartner-hype-cycle,hit,agreed,D16,,
gartner-hype-cycle-2001-012,gartner-hype-cycle,miss,agreed,D16,,
gartner-hype-cycle-2001-013,gartner-hype-cycle,partial,adjudicated,D16,"Mainstream in 2009, 3 to 5 years after the placed year 2006. Neither builder. Pass 1 dated mainstream to 2009 from Forrester's software survey (Q4 2009, published 2010: 25% of North American companies using SaaS); that page is now dead (404) and the figure could not be re-confirmed. The opened Eurostat release bounds it: in 2014, 19% of all EU enterprises with 10+ staff bought cloud services (mostly SaaS: e-mail, files, office software), and large enterprises (250+) were at about 35% (56% in 2018 after a 21-point rise since 2014). So 20% of organisations in a major market is reached no later than 2014 for large firms; 2009 lies inside that bound and is kept. B's 2016 used the all-enterprise EU average including 10-49 staff firms. year_5pct 2005 is an estimate (no measured series before 2007); the 2000 claim (P=2002) is a miss under any year_5pct after 2002, which no source supports. Verdicts: 2000 claim miss, 2001 claim partial. Low-to-moderate certainty: a mainstream year of 2012 or later together with a 5% year after 2006 would turn the 2001 claim into a miss.",
gartner-hype-cycle-2001-014,gartner-hype-cycle,hit,adjudicated,D16,"Mainstream in 2007, placed year 2006: within 2 years after, or earlier. Neither builder. A's 2006 is contradicted by Nokia's figures: 133M Bluetooth phones in 2005 against a handset market of about 780M (~17%), 220M forecast for 2006 (well under half globally). B's 2009 extrapolates global growth and ignores major-market data: NPD counted 53% of US phones sold with Bluetooth in Q4 2006 and 72% in Q4 2007. 2007 is the first full year above 50% in a major market; the US crossed on a quarterly basis at the end of 2006, so the year is bounded between late 2006 and 2007. Global (incl. low-end emerging-market phones) crossed later, but D16 asks for major markets. year_5pct 2003 only needs to be <=2004 and is not contested in effect.",
gartner-hype-cycle-2001-015,gartner-hype-cycle,hit,agreed,D16,,
gartner-hype-cycle-2001-016,gartner-hype-cycle,hit,agreed,D16,,
gartner-hype-cycle-2001-017,gartner-hype-cycle,hit,agreed,D16,,
gartner-hype-cycle-2001-018,gartner-hype-cycle,hit,agreed,D16,,
gartner-hype-cycle-2001-019,gartner-hype-cycle,hit,adjudicated,D16,"Mainstream in 2004, placed year 2003: within 2 years after, or earlier. Builder A was closer. In 2003, the year Centrino launched (March 2003, with integrated Intel PRO/Wireless), In-Stat/MDR counted about 16 million Wi-Fi-enabled notebooks sold to businesses and Strategy Analytics about 8 million worldwide, against roughly 40 million notebooks shipped (20-40%). Analysts forecast integrated WLAN in 95% (In-Stat/MDR, 2005), 90% (Strategy Analytics, 2008) and 80% (Forrester, 2008) of notebooks; by 2005 the majority of Intel Mobility Group revenue came from Centrino, which includes the Wi-Fi radio. Half of new notebooks is reached in 2004 or 2005 at the latest. Builder B used a household test without early household data and set 2006 by estimate; households are not the dominant target on an enterprise-oriented chart, and the device-feature test is the one D16 names for a built-in radio. 2004 is an estimate inside the 2004-2005 bound; only placed year 2003 matters (hit if mainstream by 2005), so the verdict holds either way.",
gartner-hype-cycle-2002-001,gartner-hype-cycle,miss,agreed,D16,,
gartner-hype-cycle-2002-002,gartner-hype-cycle,partial,adjudicated,D16,"At least 5% from 2006, below mainstream by the placed year 2007 (mainstream only in 2014). Neither builder: both flagged the label ambiguous, but one reading dominates on a 2002 Emerging Technologies chart. Vehicle toll tags were mature by 2002 (Telepass 1989, E-ZPass in the 1990s) and electronic shelf labels were 1990s technology, so neither fits a label placed 2-5 years from the plateau. Supply-chain RFID tags were the emerging-technology story of 2002 (Auto-ID Center, EPC, the Gillette order of early 2003). Under that reading, mandated case and pallet tagging by Walmart's top suppliers (2005, about 600 suppliers by 2007), Metro and the US DoD put routine use above 5% of the relevant retail and CPG supplier population around 2006. Surveys still describe adoption as early-stage in 2007, and by 2015 a GS1 US / Auburn survey found 57% of retailers and 48% of manufacturers implementing EPC RFID, with 40-47% of apparel and general-merchandise items tagged. The mainstream year is an estimate, bounded after 2009, which is all the 2002 claim (placed 2007, partial unless mainstream by 2009) needs. year_5pct 2006 is low-to-moderate certainty. If the evidence showed under 5% by 2007, the claim would be a miss.",
gartner-hype-cycle-2002-004,gartner-hype-cycle,partial,adjudicated,D16,"Mainstream in 2011, 3 to 5 years after the placed year 2007. Builder B's verdict (partial), but via an earlier mainstream year, not via B's 2002 5% year. Both builders guessed 2013 without evidence. Janrain's Social Identity study by Blue Research (US consumers, reported January 2012) found that 41% of social media users chose social login to sign in to websites in 2011, up from 28% in 2010 (77% said sites should offer it). With Facebook alone at 54% of US adults in 2012 (Pew), about two-thirds of internet users, that is roughly a quarter of US internet users, so mainstream by 2011. This is a vendor-commissioned survey that measures the preferred sign-in method, so 2011 has low-medium confidence; it is within P+5 (2012) by one year. B's year_5pct 2002 counted Passport accounts used mostly on Microsoft's own services, which is not third-party sign-in: eBay and Monster cancelled their Passport agreements in 2004. year_5pct 2009 is an estimate (social login at 28% of social media users in 2010) and does not affect the verdict.",
gartner-hype-cycle-2002-005,gartner-hype-cycle,partial,adjudicated,D16,"At least 5% from 2001, below mainstream by the placed year 2007 (mainstream only in 2013). Closer to A. Both builders define the label as 'Ask Jeeves style', so Ask Jeeves usage counts toward the 5% floor. comScore Media Metrix put Ask Jeeves sites at about 6% of US searches through July 2004 and 6.1% in July 2005 (with its acquired engines); Ask Jeeves alone was about 2-3.5% of searches. Its share of searchers (monthly reach) was higher than its share of queries, so 5% of searchers is met no later than 2004-2005; 2001 is kept as the pass-1 value inside that bound. B's 2019 (BERT) moves the test to back-end language understanding on Google and ignores the Ask Jeeves base that B's own reading names. year_mainstream: Hummingbird 2013 (A) or BERT 2019-20 (B); both are later than 2012, so the 2002 claim (placed 2007) is a partial either way. Only the 5% year decides it, and every candidate year is before 2007.",
gartner-hype-cycle-2002-006,gartner-hype-cycle,partial,agreed,D16,,
gartner-hype-cycle-2002-007,gartner-hype-cycle,hit,adjudicated,D16,"Mainstream in 2006, placed year 2012: within 2 years after, or earlier. Builder A was closer, on reading rather than on retrieved data. No survey with an organisation share was found (three searches in pass 1 and 2). The call rests on the shape of the market: Celent (February 2006) judged that grid computing in financial services had 'finally hit the tipping point', changing how firms model risk, with grid spending forecast to rise from just over US$100 million to nearly US$500 million between 2006 and 2010; grid-scheduled compute farms were also routine at pharma and chip designers, and the practice continued into HPC clusters and cloud rather than being abandoned. Builder B left mainstream null for lack of evidence, which grades the absence of a survey as the absence of adoption; that is the wrong default when the relevant industry plainly runs the technology. year_mainstream 2006 is an estimate; for the claims it only needs to be no later than 2012 (placed years 2010, 2011, 2012), which is the confident part. Low certainty on the exact year.",
gartner-hype-cycle-2002-008,gartner-hype-cycle,hit,agreed,D16,,
gartner-hype-cycle-2002-009,gartner-hype-cycle,partial,agreed,D16,,
gartner-hype-cycle-2002-010,gartner-hype-cycle,miss,adjudicated,D16,"Abandoned in 2013 without reaching mainstream within 5 years after the placed year 2012. Builder A. B's two readings are not equally faithful: consumer file sharing was already mass-market in 2002 (Kazaa), so Gartner placing 'Peer-to-peer computing' 5-10 years from the plateau only makes sense for the enterprise computing model, which is what an Emerging Technologies chart addresses. The enterprise model never showed a measured 5% share; its flagship product (Groove, Microsoft Office Groove, SharePoint Workspace 2010) was dropped from Office 2013 in favour of cloud sync. Abandoned year 2013 (A had ~2015); either gives miss for P=2012.",
gartner-hype-cycle-2002-011,gartner-hype-cycle,hit,agreed,D16,,
gartner-hype-cycle-2002-012,gartner-hype-cycle,hit,agreed,D16,,
gartner-hype-cycle-2002-013,gartner-hype-cycle,miss,agreed,D16,,
gartner-hype-cycle-2002-014,gartner-hype-cycle,hit,agreed,D16,,
gartner-hype-cycle-2002-015,gartner-hype-cycle,partial,adjudicated,D16,"At least 5% from 2000, below mainstream by the placed year 2007 (mainstream only in 2017). Follows B. A's denominator is wrong: 'websites serving HTTPS by default' measures the web-TLS end state, not organisations deploying PKI. It led A to a 5% year of 2013, although SSL server certificates for e-commerce and large government PKIs (the DoD Common Access Card from 2001) put organisational use well above 5% by 2000-2002. The mainstream year is a late bound. Enterprise PKI with user certificates was widely judged a disappointment through the 2000s, and no survey found shows 20% of organisations running it routinely by 2009 (the hit threshold for the 2002 claim placed at 2007). The 2015-2017 HTTPS shift is the first clearly evidenced mass use. Low certainty on the upper side: if an organisation holding any SSL certificate counted as 'using PKI', the crossing would be in the 2000s and the verdict a hit. Search found no 2006-2008 survey to settle it.",
gartner-hype-cycle-2002-016,gartner-hype-cycle,hit,agreed,D16,,
gartner-hype-cycle-2002-017,gartner-hype-cycle,hit,agreed,D16,,
gartner-hype-cycle-2002-018,gartner-hype-cycle,partial,agreed,D16,,
gartner-hype-cycle-2002-019,gartner-hype-cycle,miss,agreed,D16,,
gartner-hype-cycle-2002-020,gartner-hype-cycle,hit,agreed,D16,,
gartner-hype-cycle-2002-021,gartner-hype-cycle,hit,agreed,D16,,
gartner-hype-cycle-2003-001,gartner-hype-cycle,partial,agreed,D16,,
gartner-hype-cycle-2003-003,gartner-hype-cycle,miss,agreed,D16,,
gartner-hype-cycle-2003-005,gartner-hype-cycle,partial,agreed,D16,,
gartner-hype-cycle-2003-006,gartner-hype-cycle,partial,agreed,D16,,
gartner-hype-cycle-2003-007,gartner-hype-cycle,miss,agreed,D16,,
gartner-hype-cycle-2003-008,gartner-hype-cycle,hit,agreed,D16,,
gartner-hype-cycle-2003-009,gartner-hype-cycle,partial,adjudicated,D16,"Mainstream in 2011, 3 to 5 years after the placed year 2008. Builder B was closer, narrowly. Forrester reported in July 2008 that the number of UC trials at firms had jumped more than 20% in a year but with little conversion into actual deployments, and did not expect full deployments within the next year; its Q1 2008 European data had 81% of enterprises 'at some stage' of UC implementation, which counts plans and pilots, and builder A's own 2009 Forrester figure is 22% of enterprises 'implemented or implementing', which includes projects still in progress. Production use by 20% therefore lands after 2009, most likely 2010-2011; Infonetics described VoIP services (with hosted UC growing) as mainstream in many developed countries by 2012. A took the implemented-or-implementing figure as production use one year later; that overcounts. 2011 is an estimate within 2010-2012; the 2003 claim (placed 2008) is a hit only if the crossing is 2010, so that call is close; the 2004 claim (placed 2009) is a hit at 2011.",
gartner-hype-cycle-2003-010,gartner-hype-cycle,hit,adjudicated,D16,"Mainstream in 2013, placed year 2013: within 2 years after, or earlier. Neither builder; closer to A. Web Data Commons (Meusel et al., ISWC 2014) measured the share of Common Crawl HTML pages carrying RDFa, microdata or microformats at 5.76% (2010), 12.29% (2012) and 26.33% (2013). So 5% by 2010 and 20% crossed in 2013. Builder B's 2012/2019 interpolation is wrong by six years on the mainstream year: B inferred from schema.org's 2011 launch and the 2022-2024 Almanac without the WDC series. Builder A's 2014 is one year late. Caveats: crawls differ in composition between years, and the share includes microformats; RDFa (Open Graph) plus microdata alone also grew fast after 2010-2011, so the 2013 crossing is a reasonable point estimate. The strict RDF/OWL agents vision would give null, but that reading does not dominate a label graded on web adoption. All three placed years (2011, 2013, 2014) give hit: 2013 is within 2 years after 2011 and before 2013 and 2014.",
gartner-hype-cycle-2003-011,gartner-hype-cycle,miss,agreed,D16,,
gartner-hype-cycle-2003-012,gartner-hype-cycle,miss,agreed,D16,,
gartner-hype-cycle-2003-013,gartner-hype-cycle,miss,agreed,D16,,
gartner-hype-cycle-2003-014,gartner-hype-cycle,miss,agreed,D16,,
gartner-hype-cycle-2003-015,gartner-hype-cycle,miss,agreed,D16,,
gartner-hype-cycle-2003-016,gartner-hype-cycle,partial,agreed,D16,,
gartner-hype-cycle-2003-017,gartner-hype-cycle,miss,agreed,D16,,
gartner-hype-cycle-2003-018,gartner-hype-cycle,partial,agreed,D16,,
gartner-hype-cycle-2003-020,gartner-hype-cycle,hit,adjudicated,D16,"Mainstream in 2008, placed year 2008: within 2 years after, or earlier. Builder B's verdict (hit), with an earlier year. Both builders looked only at the US SEC phase-in (2009-2011). Japan's FSA made XBRL mandatory for all EDINET filers (about 5,000 companies) for fiscal years starting on or after April 2008, so all Japanese listed companies were filing XBRL from 2008 quarterly reports. A's 2011 was a wrong-market error. Any year up to 2010 gives hit for P=2008; China's exchanges mandated XBRL even earlier (2004-2005, not retrieved).",
gartner-hype-cycle-2003-021,gartner-hype-cycle,hit,agreed,D16,,
gartner-hype-cycle-2003-022,gartner-hype-cycle,partial,adjudicated,D16,"Mainstream in 2010, 3 to 5 years after the placed year 2005. Neither builder. Mainstream follows A. Nielsen counted 28% of US mobile subscribers with a smartphone in Q3 2010 and 41% of recent buyers choosing one; Pew measured 35% of US adults in 2011. 20% was crossed in 2010. B's own Pew 35% figure contradicts its choice of 2011 as the first year. The 5% year follows B: Gartner counted smartphones at 11% of global handset sales in 2008 and 14% in 2009, lower in earlier years, and the owned base lags sales, so 5% of adults in major markets is first clear in 2006. A's 2005 is an unsupported estimate. year_5pct is moderately uncertain: Western Europe (Symbian) may have reached 5% ownership in 2005.",
gartner-hype-cycle-2003-023,gartner-hype-cycle,hit,agreed,D16,,
gartner-hype-cycle-2003-024,gartner-hype-cycle,miss,agreed,D16,,
gartner-hype-cycle-2003-026,gartner-hype-cycle,hit,agreed,D16,,
gartner-hype-cycle-2003-027,gartner-hype-cycle,hit,agreed,D16,,
gartner-hype-cycle-2003-028,gartner-hype-cycle,partial,agreed,D16,,
gartner-hype-cycle-2003-029,gartner-hype-cycle,hit,adjudicated,D16,"Mainstream in 2006, placed year 2005: within 2 years after, or earlier. Builder A's verdicts stand but on a different test. A used IP-capable PBX line shipments (hybrid lines are not VoIP use), B used US residential voice connections only. France is a major market: ARCEP counted about 6.6M broadband-voice subscriptions at end 2006 (about a quarter of ~26M households) and 10.8M at end 2007 (27.4% of all phone subscriptions), adding about a million a quarter, so the 20% line was passed in 2006. In-Stat/MDR: US businesses using VoIP 3% (2003) to 12% (2004), so 5% in 2004. B's error: restricting the denominator to the US and missing France/Japan, which crossed 2-3 years earlier. Enterprise use alone was slower: Forrester counted IP PBXs at 14% of North American enterprises in 2006 and 23% in 2007, hosted VoIP 3% and 8%. year_mainstream is precise to about a year; 2006 vs 2007 only changes the 1999 claim (P=2004).",
gartner-hype-cycle-2003-030,gartner-hype-cycle,partial,agreed,D16,,
gartner-hype-cycle-2003-031,gartner-hype-cycle,hit,agreed,D16,,
gartner-hype-cycle-2004-006,gartner-hype-cycle,hit,agreed,D16,,
gartner-hype-cycle-2004-008,gartner-hype-cycle,partial,agreed,D16,,
gartner-hype-cycle-2004-009,gartner-hype-cycle,hit,agreed,D16,,
gartner-hype-cycle-2004-010,gartner-hype-cycle,partial,adjudicated,D16,"At least 5% from 2010, below mainstream by the placed year 2014. Builder B was closer. Both builders agree there is no organisation-share series and that SNA is routine in identifiable niches; they differ only on whether that niche use clears 5%. It does on the relevant denominator: link and network analysis was standard in intelligence and law enforcement (i2-style link analysis) well before 2010, network-based fraud detection shipped in mainstream bank/insurer fraud suites from about 2009, and telecoms used calling-network analysis for churn. Five per cent of relevant large organisations by 2010-2012 is the conservative reading of that. Builder A set year_5pct null 'for lack of evidence, not because it failed', which turns missing data into a miss; that is the error. Mainstream (20% of organisations using it as a distinct practice) is not evidenced through 2019, so null. year_5pct 2010 is a bound (no later than 2012, the earliest placed year). No search spent here; low-medium certainty.",
gartner-hype-cycle-2004-011,gartner-hype-cycle,hit,agreed,D16,,
gartner-hype-cycle-2004-012,gartner-hype-cycle,miss,agreed,D16,,
gartner-hype-cycle-2004-013,gartner-hype-cycle,partial,agreed,D16,,
gartner-hype-cycle-2004-014,gartner-hype-cycle,hit,agreed,D16,,
gartner-hype-cycle-2004-015,gartner-hype-cycle,miss,agreed,D16,,
gartner-hype-cycle-2004-016,gartner-hype-cycle,miss,agreed,D16,,
gartner-hype-cycle-2004-017,gartner-hype-cycle,hit,adjudicated,D16,"Mainstream in 2013, placed year 2014: within 2 years after, or earlier. Neither builder; closer to A. Web Data Commons (Meusel et al., ISWC 2014) measured the share of Common Crawl HTML pages carrying RDFa, microdata or microformats at 5.76% (2010), 12.29% (2012) and 26.33% (2013). So 5% by 2010 and 20% crossed in 2013. Builder B's 2012/2019 interpolation is wrong by six years on the mainstream year: B inferred from schema.org's 2011 launch and the 2022-2024 Almanac without the WDC series. Builder A's 2014 is one year late. Caveats: crawls differ in composition between years, and the share includes microformats; RDFa (Open Graph) plus microdata alone also grew fast after 2010-2011, so the 2013 crossing is a reasonable point estimate. The strict RDF/OWL agents vision would give null, but that reading does not dominate a label graded on web adoption. All three placed years (2011, 2013, 2014) give hit: 2013 is within 2 years after 2011 and before 2013 and 2014.",
gartner-hype-cycle-2004-018,gartner-hype-cycle,miss,agreed,D16,,
gartner-hype-cycle-2004-019,gartner-hype-cycle,hit,agreed,D16,,
gartner-hype-cycle-2004-020,gartner-hype-cycle,miss,agreed,D16,,
gartner-hype-cycle-2004-021,gartner-hype-cycle,miss,agreed,D16,,
gartner-hype-cycle-2004-022,gartner-hype-cycle,hit,agreed,D16,,
gartner-hype-cycle-2004-023,gartner-hype-cycle,partial,agreed,D16,,
gartner-hype-cycle-2004-024,gartner-hype-cycle,partial,agreed,D16,,
gartner-hype-cycle-2004-025,gartner-hype-cycle,hit,agreed,D16,,
gartner-hype-cycle-2004-026,gartner-hype-cycle,miss,agreed,D16,,
gartner-hype-cycle-2004-027,gartner-hype-cycle,miss,adjudicated,D16,"Abandoned in 2009 without reaching mainstream within 5 years after the placed year 2014. Builder B. Gartner's label deliberately isolates the case/pallet application. The retail mandates stalled in 2007-2009 and Walmart moved to item-level tagging (apparel, later home goods and hardlines); the later RFID growth (GS1 US 2015 survey: 47% of goods received by RFID-aware retailers tagged) is item-level source tagging, which is a different application. A kept it 'not abandoned' on the strength of DoD and niche logistics use, but gave no evidence of a sustained 5% share of the relevant suppliers after 2009; even the 5% year is generous (a few hundred mandated suppliers out of tens of thousands). Any of 'abandoned 2009' or 'never reached 5%' gives miss for all five claims (P=2014-2019); abandoned year approximate.",
gartner-hype-cycle-2004-028,gartner-hype-cycle,partial,agreed,D16,,
gartner-hype-cycle-2004-029,gartner-hype-cycle,miss,agreed,D16,,
gartner-hype-cycle-2004-030,gartner-hype-cycle,hit,agreed,D16,,
gartner-hype-cycle-2004-031,gartner-hype-cycle,hit,agreed,D16,,
gartner-hype-cycle-2004-032,gartner-hype-cycle,hit,adjudicated,D16,"Mainstream in 2011, placed year 2009: within 2 years after, or earlier. Follows A. Pew's 2011 location-based services report (May 2011 survey) found 28% of US cell owners using their phone for directions or recommendations based on location. That is about 23% of all adults, already above 20% in 2011. B used the 2013 Pew figure (74% of smartphone owners) and an ownership ramp to date the crossing at 2012, without checking the 2011 Pew measure. The crossing may have happened in 2010, so 2011 is an upper bound. That is enough for the 2004 claim placed at 2009: a hit needs mainstream by 2011.",
gartner-hype-cycle-2004-033,gartner-hype-cycle,hit,agreed,D16,,
gartner-hype-cycle-2004-034,gartner-hype-cycle,hit,adjudicated,D16,"Mainstream in 2006, placed year 2006: within 2 years after, or earlier. Builder A was closer, consistent with the grid-computing call. Internal compute grids (Platform LSF/Symphony, DataSynapse, Sun Grid Engine, United Devices Grid MP) were the practical, adopted part of the grid wave: grid-scheduled compute farms were routine at large banks, chip designers and pharma by the mid-2000s, and the practice continued as HPC clusters and then cloud. Builder B agreed on the practice but set mainstream null for want of a survey; absence of a published share is not evidence of non-adoption when the relevant industry plainly ran it. No survey found (shared with grid-computing searches). 2006 is an estimate; placed year 2006 needs mainstream by 2008 for a hit, so a crossing as late as 2008 gives the same verdict. Low certainty.",
gartner-hype-cycle-2004-035,gartner-hype-cycle,partial,agreed,D16,,
gartner-hype-cycle-2004-036,gartner-hype-cycle,hit,agreed,D16,,
gartner-hype-cycle-2004-037,gartner-hype-cycle,hit,agreed,D16,,
gartner-hype-cycle-2005-003,gartner-hype-cycle,hit,adjudicated,D16,"Mainstream in 2007, placed year 2015: within 2 years after, or earlier. Builder B. A called the label ambiguous, but Gartner's description of collective intelligence at the time (group knowledge produced with no central authority, enabled by wikis and Web 2.0) gives a dominant reading, and its main forms (Wikipedia, enterprise wikis, user ratings) were all mainstream well before P+2=2017; only the narrow prediction-market reading would fail, and it did not dominate. Pew: 36% of US online adults consulted Wikipedia in Feb 2007, 53% in 2010. Any year before 2017 gives hit for P=2015.",
gartner-hype-cycle-2005-005,gartner-hype-cycle,hit,agreed,D16,,
gartner-hype-cycle-2005-006,gartner-hype-cycle,miss,agreed,D16,,
gartner-hype-cycle-2005-007,gartner-hype-cycle,miss,agreed,D16,,
gartner-hype-cycle-2005-008,gartner-hype-cycle,partial,agreed,D16,,
gartner-hype-cycle-2005-009,gartner-hype-cycle,hit,agreed,D16,,
gartner-hype-cycle-2005-010,gartner-hype-cycle,partial,agreed,D16,,
gartner-hype-cycle-2005-012,gartner-hype-cycle,partial,adjudicated,D16,"At least 5% from 2006, below mainstream by the placed year 2015. Follows B. A's 'no measurable 5% share' is wrong. The Torchiano et al. 2012-13 survey of 155 Italian software professionals (online questionnaire February-April 2011) reports that of 155 respondents 105 model (13% always, 55% sometimes) and 44% of those 105 modellers use code generation, 16% model interpretation; so about 30% of all respondents (46 of 155) use code generation at least sometimes. With a self-selected sample and occasional use, that is still clearly above 5% before 2015, and model-based code generation was routine in automotive and embedded work from the mid-2000s. A judged the 5% floor from the Wikipedia statement that MDA never gained 'mainstream industry acceptance', which concerns 20%, not 5%. Mainstream stays null. The same survey finds only 13% of companies model 'always' and models used mainly for documentation, and the MDE literature reports low industrial adoption, so routine model-driven generation by 20% of software organisations is not shown by 2021 (the latest hit year for the claims). year_5pct 2006 is an estimate; it is bounded at no later than 2011 by the survey date. Risk: if the ~30% of respondents using code generation is read as routine use by organisations, the verdict would rise to hit.",
gartner-hype-cycle-2005-013,gartner-hype-cycle,partial,agreed,D16,,
gartner-hype-cycle-2005-014,gartner-hype-cycle,hit,adjudicated,D16,"Mainstream in 2016, placed year 2015: within 2 years after, or earlier. Neither builder on years; the verdict follows A. Functional inkjet reached volume in display manufacturing, which is the relevant industry (builder B's printed-electronics denominator, still mostly prototyping, is the wrong one). Two uses: inkjet thin-film encapsulation for flexible OLED, which debuted in manufacturing in 2014 and by September 2016 had won 'the vast majority of available TFE orders' from the largest panel makers in three Asian regions (Kateeva, Semiconductor Digest); and inkjet coating of polyimide alignment layers in LCD fabs, which a BOE patent filed in 2016-2017 describes as 'recently applied in an inkjet manner, which gradually replaces a conventional coating manner'. Pass 1 put mainstream at 2012 on the claim that every major panel maker ran inkjet PI lines by 2010-2012; that claim rested on a search summary and the BOE text contradicts it (still 'recently' and 'gradually' in 2016). Routine inkjet use by at least 20% of the large panel makers is therefore set at 2016, when inkjet TFE had most of the market and inkjet PI was spreading at BOE and others. year_5pct 2008 is kept as an estimate (early inkjet PI and colour-filter use; no figure fixes it). The 2005 claim (placed 2015) is a hit for any mainstream year up to 2017, so the verdict is unchanged. Medium-low certainty.",
gartner-hype-cycle-2005-015,gartner-hype-cycle,hit,agreed,D16,,
gartner-hype-cycle-2005-017,gartner-hype-cycle,hit,audited,D16,,
gartner-hype-cycle-2005-018,gartner-hype-cycle,hit,audited,D16,,
gartner-hype-cycle-2005-019,gartner-hype-cycle,miss,audited,D16,,
gartner-hype-cycle-2005-020,gartner-hype-cycle,miss,audited,D16,,
gartner-hype-cycle-2005-021,gartner-hype-cycle,partial,agreed,D16,,
gartner-hype-cycle-2005-023,gartner-hype-cycle,hit,adjudicated,D16,"Mainstream in 2006, placed year 2010: within 2 years after, or earlier. Builder A was closer, on reading rather than on retrieved data. No survey with an organisation share was found (three searches in pass 1 and 2). The call rests on the shape of the market: Celent (February 2006) judged that grid computing in financial services had 'finally hit the tipping point', changing how firms model risk, with grid spending forecast to rise from just over US$100 million to nearly US$500 million between 2006 and 2010; grid-scheduled compute farms were also routine at pharma and chip designers, and the practice continued into HPC clusters and cloud rather than being abandoned. Builder B left mainstream null for lack of evidence, which grades the absence of a survey as the absence of adoption; that is the wrong default when the relevant industry plainly runs the technology. year_mainstream 2006 is an estimate; for the claims it only needs to be no later than 2012 (placed years 2010, 2011, 2012), which is the confident part. Low certainty on the exact year.",
gartner-hype-cycle-2005-024,gartner-hype-cycle,hit,adjudicated,D16,"Mainstream in 2009, placed year 2007: within 2 years after, or earlier. Builder A. The UMass Dartmouth series (Barnes) gives 16% (2008) and 23% (2010, confirmed on a UMass page); the 2009 value of 22% comes from a summary page that is now dead, and B read 2009 as ~17%. The crossing is therefore 2009 or 2010; 2009 is kept. Mainstream 2009 is within P+2 for every placed year (2007, 2008, 2010, 2011), so hit; a 2010 crossing would turn the 2005 claim (placed 2007) into a partial. year_5pct 2006 is an estimate and does not affect the verdict.",
gartner-hype-cycle-2005-025,gartner-hype-cycle,miss,audited,D16,,
gartner-hype-cycle-2005-026,gartner-hype-cycle,hit,audited,D16,,
gartner-hype-cycle-2005-027,gartner-hype-cycle,partial,audited,D16,,
gartner-hype-cycle-2005-028,gartner-hype-cycle,hit,adjudicated,D16,"Mainstream in 2012, placed year 2010: within 2 years after, or earlier. Closer to A on the decisive year. B's 2014 is only the earliest survey it found. On the utility side, EIA-861 counts 20.3M AMI meters in 2010, 37.3M in 2011 and 43.2M in 2012, against about 138M meters in total (2013, the first year EIA counts meters), so AMI, much of it RF mesh, went from about 15% of US meters in 2010 to about 27% in 2011 and 31% in 2012. On the industrial side, the ISA/ON World surveys show 62% of process-automation respondents with wireless mesh nodes deployed by 2014 (80% by 2016); the 2012 wave of the same survey already reports standard preferences among adopters, but its adoption share was not found. The evidence bounds mainstream between 2011 (utilities) and 2014 (industrial survey); 2012 sits inside that bound and is kept, with medium-low certainty (survey samples overstate population shares). A's smart-meter-only 2008 5% year is unsupported, so year_5pct follows B (2009). That matters because the 2005 claim (placed 2010) is a hit only if mainstream came by 2012.",
gartner-hype-cycle-2005-029,gartner-hype-cycle,partial,agreed,D16,,
gartner-hype-cycle-2005-030,gartner-hype-cycle,hit,audited,D16,,
gartner-hype-cycle-2005-031,gartner-hype-cycle,hit,audited,D16,,
gartner-hype-cycle-2005-032,gartner-hype-cycle,miss,adjudicated,D16,"Never reached 5%; not mainstream by 2020 (placed year 2015 plus 5). Follows B. The dominant reading is the dedicated micropayment system. The decisive point is Gartner's own placement: in 2010 it still placed Internet Micropayment Systems 2-5 years from the plateau (on the Slope of Enlightenment), two years after the App Store and seven after the iTunes 99-cent store. So app-store and in-game purchases were not what the label referred to; counting them, as A does, makes the 2010 placement describe something already near mainstream. A says itself that under the dedicated-system reading the answer is never mainstream. No dedicated system (Millicent, IBM Micro Payments, BitPass, Flattr, Blendle, which moved to subscriptions in 2019) reached even 5% of internet users. Not marked abandoned, because new attempts keep appearing. A Gartner definition of the 2010 entry could not be retrieved, so this rests on the placement argument.",
gartner-hype-cycle-2005-033,gartner-hype-cycle,miss,audited,D16,,
gartner-hype-cycle-2005-034,gartner-hype-cycle,hit,audited,D16,,
gartner-hype-cycle-2005-035,gartner-hype-cycle,partial,audited,D16,,
gartner-hype-cycle-2005-036,gartner-hype-cycle,hit,audited,D16,,
gartner-hype-cycle-2005-037,gartner-hype-cycle,partial,adjudicated,D16,"At least 5% from 2010, below mainstream by the placed year 2010. Builder A was closer. iiMedia Research measured the first-choice input method of Chinese mobile input-method users in the first half of 2014: pinyin 76.7% (nine-key 53.5%, full keyboard 23.2%), handwriting 10.5%, stroke 5.1%, voice 4.6% (handwriting share as cited by Qiu et al., SCUT, from the same report). China is a major market, so handwriting as the preferred method of about a tenth of mobile users clears 5% by 2014 at the latest. Before 2014, stylus and resistive-touch phones with handwriting input (Hanvon and others) were common in China, so the share was unlikely to be lower in 2010; Palm Graffiti and Pocket PC handwriting were also routine among PDA users in the early 2000s. year_5pct 2010 is kept as an estimate inside the bound (no later than 2014), with low-medium certainty. Keyboards and voice dominate, so mainstream is null.",
gartner-hype-cycle-2005-038,gartner-hype-cycle,hit,adjudicated,D16,"Mainstream in 2009, placed year 2010: within 2 years after, or earlier. Builder A's verdict (hit), with a later year. Pass 1 placed mainstream at 2009 on a Forrester Q4 2009 survey (25% of North American companies using SaaS), reported in a Forrester blog that is no longer online and could not be re-opened. The official series starts later: Eurostat's first measurement (2014) shows 24% of UK enterprises with 10 or more staff buying cloud services (mostly e-mail, office software and file storage, i.e. SaaS), 54% of UK and 35% of EU-28 large enterprises, and an EU-28 average of 19%. A crossing among UK enterprises no later than 2014, with large enterprises far above 20% already in 2014, bounds mainstream at 2014 or earlier; 2009 is kept inside that bound. The verdict for P=2010 (hit, needs 2012 or earlier) therefore rests on the unconfirmed Forrester figure; low-medium certainty. A's 2006 rested on a paraphrased Gartner survey not retrieved. B used Eurostat's all-enterprise EU average as the only denominator, which includes 10-49 staff firms. year_5pct is an estimate and does not affect this claim.",
gartner-hype-cycle-2005-039,gartner-hype-cycle,hit,audited,D16,,
gartner-hype-cycle-2005-040,gartner-hype-cycle,contested,contested,D16,"Wikipedia Business rules engine (the only builder source) says engines date from the early 1990s and were typically used in finance and insurance, with no adoption share; one audit search found only the 2008 Forrester Wave, no adoption survey. Hit needs 20% of the relevant industry in production by P+2=2009; the 2007/2008 mainstream year is a judgement with no evidence, so pass 1's contest stands.",hit
gartner-hype-cycle-2005-041,gartner-hype-cycle,hit,audited,D16,,
gartner-hype-cycle-2005-042,gartner-hype-cycle,hit,corrected,D16,"Opened Wikipedia 'Speech synthesis': Narrator with Microsoft Sam 'shipped with all Windows 2000 operating systems, and subsequent Windows XP systems'; VoiceOver in Mac OS X 2005. TTS was a default feature on well over 50% of new PCs before P=2007, so under the D16 device-feature test it was mainstream at the placed year; the builders' handset test is not the dominant 2005 reading and is the only one giving a miss. Hit.",miss
gartner-hype-cycle-2005-043,gartner-hype-cycle,partial,audited,D16,,
gartner-hype-cycle-2005-044,gartner-hype-cycle,hit,audited,D16,,
gartner-hype-cycle-2006-004,gartner-hype-cycle,miss,agreed,D16,,
gartner-hype-cycle-2006-006,gartner-hype-cycle,miss,agreed,D16,,
gartner-hype-cycle-2006-007,gartner-hype-cycle,miss,agreed,D16,,
gartner-hype-cycle-2006-009,gartner-hype-cycle,hit,agreed,D16,,
gartner-hype-cycle-2006-010,gartner-hype-cycle,hit,adjudicated,D16,"Mainstream in 2007, placed year 2016: within 2 years after, or earlier. Follows B. A's ambiguity flag does not meet D20: the readings do not give different verdicts for claims placed at 2016 and 2017. Gartner's 2006 description (groups working without central authority to produce content, metadata, software and services; blogs, wikis and RSS as enabling technologies) is the dominant reading. Under it, consumer use was mainstream by 2007: Pew found 25% of US adults using Wikipedia in February 2007. Business use of wikis and of open-source collaborative production was routine in more than 20% of large organisations well before 2016. Only a narrow 'enterprise prediction markets' reading would give a miss, and prediction markets were one example inside the category, not its meaning. Hit under every faithful reading.",
gartner-hype-cycle-2006-011,gartner-hype-cycle,partial,adjudicated,D16,"At least 5% from 2006, below mainstream by the placed year 2016. Follows B. A's 'no measurable 5% share' is wrong. The Torchiano et al. 2012-13 survey of 155 Italian software professionals (online questionnaire February-April 2011) reports that of 155 respondents 105 model (13% always, 55% sometimes) and 44% of those 105 modellers use code generation, 16% model interpretation; so about 30% of all respondents (46 of 155) use code generation at least sometimes. With a self-selected sample and occasional use, that is still clearly above 5% before 2015, and model-based code generation was routine in automotive and embedded work from the mid-2000s. A judged the 5% floor from the Wikipedia statement that MDA never gained 'mainstream industry acceptance', which concerns 20%, not 5%. Mainstream stays null. The same survey finds only 13% of companies model 'always' and models used mainly for documentation, and the MDE literature reports low industrial adoption, so routine model-driven generation by 20% of software organisations is not shown by 2021 (the latest hit year for the claims). year_5pct 2006 is an estimate; it is bounded at no later than 2011 by the survey date. Risk: if the ~30% of respondents using code generation is read as routine use by organisations, the verdict would rise to hit.",
gartner-hype-cycle-2006-012,gartner-hype-cycle,miss,agreed,D16,,
gartner-hype-cycle-2006-013,gartner-hype-cycle,miss,agreed,D16,,
gartner-hype-cycle-2006-014,gartner-hype-cycle,partial,agreed,D16,,
gartner-hype-cycle-2006-015,gartner-hype-cycle,hit,agreed,D16,,
gartner-hype-cycle-2006-016,gartner-hype-cycle,miss,agreed,D16,,
gartner-hype-cycle-2006-017,gartner-hype-cycle,hit,agreed,D16,,
gartner-hype-cycle-2006-018,gartner-hype-cycle,hit,agreed,D16,,
gartner-hype-cycle-2006-019,gartner-hype-cycle,hit,agreed,D16,,
gartner-hype-cycle-2006-020,gartner-hype-cycle,miss,agreed,D16,,
gartner-hype-cycle-2006-021,gartner-hype-cycle,hit,agreed,D16,,
gartner-hype-cycle-2006-022,gartner-hype-cycle,hit,adjudicated,D16,"Mainstream in 2006, placed year 2011: within 2 years after, or earlier. Builder A was closer, on reading rather than on retrieved data. No survey with an organisation share was found (three searches in pass 1 and 2). The call rests on the shape of the market: Celent (February 2006) judged that grid computing in financial services had 'finally hit the tipping point', changing how firms model risk, with grid spending forecast to rise from just over US$100 million to nearly US$500 million between 2006 and 2010; grid-scheduled compute farms were also routine at pharma and chip designers, and the practice continued into HPC clusters and cloud rather than being abandoned. Builder B left mainstream null for lack of evidence, which grades the absence of a survey as the absence of adoption; that is the wrong default when the relevant industry plainly runs the technology. year_mainstream 2006 is an estimate; for the claims it only needs to be no later than 2012 (placed years 2010, 2011, 2012), which is the confident part. Low certainty on the exact year.",
gartner-hype-cycle-2006-023,gartner-hype-cycle,hit,agreed,D16,,
gartner-hype-cycle-2006-024,gartner-hype-cycle,miss,adjudicated,D16,"Abandoned in 2009 without reaching mainstream within 5 years after the placed year 2016. Builder B. Gartner's label deliberately isolates the case/pallet application. The retail mandates stalled in 2007-2009 and Walmart moved to item-level tagging (apparel, later home goods and hardlines); the later RFID growth (GS1 US 2015 survey: 47% of goods received by RFID-aware retailers tagged) is item-level source tagging, which is a different application. A kept it 'not abandoned' on the strength of DoD and niche logistics use, but gave no evidence of a sustained 5% share of the relevant suppliers after 2009; even the 5% year is generous (a few hundred mandated suppliers out of tens of thousands). Any of 'abandoned 2009' or 'never reached 5%' gives miss for all five claims (P=2014-2019); abandoned year approximate.",
gartner-hype-cycle-2006-025,gartner-hype-cycle,miss,agreed,D16,,
gartner-hype-cycle-2006-026,gartner-hype-cycle,hit,agreed,D16,,
gartner-hype-cycle-2006-027,gartner-hype-cycle,hit,agreed,D16,,
gartner-hype-cycle-2006-029,gartner-hype-cycle,miss,agreed,D16,,
gartner-hype-cycle-2006-030,gartner-hype-cycle,partial,agreed,D16,,
gartner-hype-cycle-2006-031,gartner-hype-cycle,hit,adjudicated,D16,"Mainstream in 2006, placed year 2008: within 2 years after, or earlier. Builder A was closer. The co-listed 'Location-Aware Applications' label (2-5 years, same editions) settles the reading: 'Location-Aware Technology' is the capability in handsets and networks, so the D16 device-feature test applies. In the US, FCC E911 Phase II required handset-based carriers (Verizon, Sprint) to have 95% of in-service phones location-capable by end-2005, and AT&T moved to embedded GPS in every voice device from 2006, so more than half of new US phones were location-capable by 2006. Builder B used adult use of location features (Pew), which measures the applications label, not this one, and said itself the device test fits better. 2006 is an estimate; for a hit the placed years 2008 and 2009 only need mainstream by 2010.",
gartner-hype-cycle-2006-032,gartner-hype-cycle,hit,agreed,D16,,
gartner-hype-cycle-2006-033,gartner-hype-cycle,hit,agreed,D16,,
gartner-hype-cycle-2006-034,gartner-hype-cycle,hit,adjudicated,D16,"Mainstream in 2010, placed year 2008: within 2 years after, or earlier. Neither builder. Mainstream follows A. Nielsen counted 28% of US mobile subscribers with a smartphone in Q3 2010 and 41% of recent buyers choosing one; Pew measured 35% of US adults in 2011. 20% was crossed in 2010. B's own Pew 35% figure contradicts its choice of 2011 as the first year. The 5% year follows B: Gartner counted smartphones at 11% of global handset sales in 2008 and 14% in 2009, lower in earlier years, and the owned base lags sales, so 5% of adults in major markets is first clear in 2006. A's 2005 is an unsupported estimate. year_5pct is moderately uncertain: Western Europe (Symbian) may have reached 5% ownership in 2005.",
gartner-hype-cycle-2006-035,gartner-hype-cycle,hit,agreed,D16,,
gartner-hype-cycle-2006-036,gartner-hype-cycle,hit,agreed,D16,,
gartner-hype-cycle-2007-002,gartner-hype-cycle,hit,adjudicated,D16,"Mainstream in 2008, placed year 2017: within 2 years after, or earlier. Builder B's verdict (hit), with an earlier year. A treated the label as ambiguous, but the academic-field reading is not an adoption reading on a technology chart; the applied readings (business choice architecture, public-policy nudge units) dominate and both reach mainstream well before P+2 (2019-2020). Vanguard How America Saves 2017 (Figure 15): automatic enrollment in 15% of Vanguard plans with employee-elective contributions at year-end 2007, 20% in 2008, 24% in 2009, 27% in 2010 and 45% in 2016. 20% is first reached in 2008. year_5pct 2006 is inside the bound set by 15% in 2007. Government nudge units followed: UK Behavioural Insights Team 2010, NSW 2012, Australia's BETA and Canada 2016, plus Germany, Japan, World Bank, UN and the European Commission. Any mainstream year up to 2019 gives hit for both claims (placed 2017 and 2018).",
gartner-hype-cycle-2007-004,gartner-hype-cycle,miss,agreed,D16,,
gartner-hype-cycle-2007-005,gartner-hype-cycle,unfalsifiable,adjudicated,D16,"No dominant reading of the label; the readings give different verdicts (D16). Both builders agree; confirmed. The 2007 label had no dominant meaning: Gartner itself later re-labelled the area 'Cloud/Web Platforms' (2010-2011), which also mixes readings (see cloud-web-platforms). The readings give different verdicts for placed year 2012: the browser-as-platform reading was mainstream well before 2014 (hit), while the cloud-workload reading reaches 20% of enterprises in major markets only around 2018-2021 on Eurostat-type data (miss or partial). No additional search spent.",
gartner-hype-cycle-2007-006,gartner-hype-cycle,hit,adjudicated,D16,"Mainstream in 2012, placed year 2012: within 2 years after, or earlier. Follows B. A treats three readings as equal, but the cross-world-avatar reading is a minority one. Gartner carried 'portable personality' on its Consumer Technologies (2007) and PC Technologies (2008) Hype Cycles, which places the label with a user's identity, profile and settings moving across services and devices, not with virtual-world avatars. Under that reading, federated or social login and account-based sync were mainstream by 2012-2014: Gigya surveys of US adults aged 18-55 found 77% had used social logins in 2014, 'a 45% increase over a 2012 survey' (so about 53% in 2012), and 65.5% used them often or whenever offered in 2014 against 35% in 2012. These are vendor surveys and likely overstate use, but the margin over 20% is large. Settings sync via Google, Apple and Microsoft accounts was in mass use by 2012-2014. The 2007 claim (placed 2012) is a hit if mainstream came by 2014, which holds even if 2012 is a year early. The avatar reading would give a miss, but it did not dominate.",
gartner-hype-cycle-2007-007,gartner-hype-cycle,hit,adjudicated,D16,"Mainstream in 2014, placed year 2017: within 2 years after, or earlier. Builder B was closer. On a chart about enterprise and consumer adoption, the 2007-2011 label 'Three-D/3D Printing' predates the consumer printer market (RepRap 2007, MakerBot 2009) and Gartner only introduced a separate 'Consumer 3D Printing' label in 2013, next to 'Enterprise 3D Printing'; the general label at first listing therefore reads as the enterprise technology. Builder A asserted a 'consumer and general-purpose framing' without a source and graded households, which is the later spin-off label. PwC and Zpryme survey of US manufacturers (February 2014, 114 respondents to the usage question; published with the Manufacturing Institute): 24.6% prototyping only, 9.6% prototyping and production, 2.6% products not otherwise makeable, 0.9% final parts only, so about 38% using 3D printing, so 20% is crossed by 2014 at the latest. That year is an upper bound; the hit for placed years 2017-2021 holds for any crossing up to 2019. year_5pct 2007 is a judgement (rapid prototyping long established). Medium certainty: the reading is the contested part, not the data.",
gartner-hype-cycle-2007-008,gartner-hype-cycle,partial,adjudicated,D16,"At least 5% from 2012, below mainstream by the placed year 2012 (mainstream only in 2024). Builder B. Eurostat (isoc_eb_ai, indicator text mining) measures 2.48% (2021), 2.90% (2023), 6.88% (2024) and 11.75% (2025) of all EU enterprises; among large enterprises (250+) 9.92% (2021), 11.93% (2023), 21.44% (2024) and 35.04% (2025), so the 20% line for the most favourable denominator is 2024. A's 2014 was an unevidenced estimate. year_5pct 2012 is an estimate for large-firm use (text analytics market ~US$1bn in 2011, social listening at big brands); it decides partial vs miss for the 2007 claim (P=2012) and is the weakest point. Verdicts: partial for both claims.",
gartner-hype-cycle-2007-009,gartner-hype-cycle,partial,adjudicated,D16,"At least 5% from 2009, below mainstream by the placed year 2012. Follows B on the verdict-relevant facts. A says no source shows 5% of organisations, but it did not consider Cisco's own deployment figures. Cisco reported in September 2009 that over 350 organisations had chosen Cisco TelePresence (2,500 systems) and that more than a quarter of the Fortune 100 used intercompany TelePresence. With HP, Polycom and Teliris customers added, that is above 5% of large organisations by 2009. B dates it to 2008; 2009 is the first evidenced year, and either year sits before every placed year (2012-2015). Mainstream stays null: immersive rooms remained confined to the largest firms, and the use case moved to cheaper HD rooms and cloud meetings (Zoom, Teams), which are a different reading. Not abandoned, since immersive rooms are still sold.",
gartner-hype-cycle-2007-010,gartner-hype-cycle,hit,adjudicated,D16,"Mainstream in 2007, placed year 2017: within 2 years after, or earlier. Follows B. A's ambiguity flag does not meet D20: the readings do not give different verdicts for claims placed at 2016 and 2017. Gartner's 2006 description (groups working without central authority to produce content, metadata, software and services; blogs, wikis and RSS as enabling technologies) is the dominant reading. Under it, consumer use was mainstream by 2007: Pew found 25% of US adults using Wikipedia in February 2007. Business use of wikis and of open-source collaborative production was routine in more than 20% of large organisations well before 2016. Only a narrow 'enterprise prediction markets' reading would give a miss, and prediction markets were one example inside the category, not its meaning. Hit under every faithful reading.",
gartner-hype-cycle-2007-011,gartner-hype-cycle,partial,adjudicated,D16,"At least 5% from 2010, below mainstream by the placed year 2012. Builder B was closer. Gartner's label is 'Expertise Location and Management', a capability, not a product category, so expertise search delivered inside enterprise portals and social software counts. By 2010 people/expertise search with skills profiles shipped in widely deployed collaboration suites (SharePoint My Sites with 'Ask Me About' skills search, IBM Connections Profiles, Yammer-era enterprise social) and dedicated systems were standard in professional-services and law firms, so routine use by at least 5% of organisations by 2010-2012 is the conservative call. Builder A restricted the test to dedicated systems and then set null for lack of data, which is a narrower reading than the label and turns missing data into a miss. Routine use by 20% of organisations as an expertise-location practice is not evidenced, so mainstream is null. year_5pct 2010 is a bound (no later than 2012). No search spent; low-medium certainty.",
gartner-hype-cycle-2007-012,gartner-hype-cycle,hit,audited,D16,,
gartner-hype-cycle-2007-013,gartner-hype-cycle,contested,contested,D16,"Opened Wikipedia 'Mashup (web application hybrid)' (definition only, no adoption figures) and 'Yahoo! Pipes' (Feb 2007 to 30 Sep 2015; Google Mashup Editor ended 2009). The pages define mashup as a web app combining sources via APIs, a practice both builders say became routine by about 2010 (hit), while their 'distinct tool category' test gives a miss; no measurement backs either reading, so the miss is not supported.",miss
gartner-hype-cycle-2007-014,gartner-hype-cycle,miss,audited,D16,,
gartner-hype-cycle-2007-016,gartner-hype-cycle,partial,agreed,D16,,
gartner-hype-cycle-2007-017,gartner-hype-cycle,hit,agreed,D16,,
gartner-hype-cycle-2007-018,gartner-hype-cycle,hit,agreed,D16,,
gartner-hype-cycle-2007-019,gartner-hype-cycle,hit,agreed,D16,,
gartner-hype-cycle-2007-020,gartner-hype-cycle,hit,agreed,D16,,
gartner-hype-cycle-2007-021,gartner-hype-cycle,partial,adjudicated,D16,"At least 5% from 2010, below mainstream by the placed year 2012. Builder B was closer. Both builders agree there is no organisation-share series and that SNA is routine in identifiable niches; they differ only on whether that niche use clears 5%. It does on the relevant denominator: link and network analysis was standard in intelligence and law enforcement (i2-style link analysis) well before 2010, network-based fraud detection shipped in mainstream bank/insurer fraud suites from about 2009, and telecoms used calling-network analysis for churn. Five per cent of relevant large organisations by 2010-2012 is the conservative reading of that. Builder A set year_5pct null 'for lack of evidence, not because it failed', which turns missing data into a miss; that is the error. Mainstream (20% of organisations using it as a distinct practice) is not evidenced through 2019, so null. year_5pct 2010 is a bound (no later than 2012, the earliest placed year). No search spent here; low-medium certainty.",
gartner-hype-cycle-2007-022,gartner-hype-cycle,miss,agreed,D16,,
gartner-hype-cycle-2007-023,gartner-hype-cycle,miss,adjudicated,D16,"Abandoned in 2009 without reaching mainstream within 5 years after the placed year 2017. Builder B. Gartner's label deliberately isolates the case/pallet application. The retail mandates stalled in 2007-2009 and Walmart moved to item-level tagging (apparel, later home goods and hardlines); the later RFID growth (GS1 US 2015 survey: 47% of goods received by RFID-aware retailers tagged) is item-level source tagging, which is a different application. A kept it 'not abandoned' on the strength of DoD and niche logistics use, but gave no evidence of a sustained 5% share of the relevant suppliers after 2009; even the 5% year is generous (a few hundred mandated suppliers out of tens of thousands). Any of 'abandoned 2009' or 'never reached 5%' gives miss for all five claims (P=2014-2019); abandoned year approximate.",
gartner-hype-cycle-2007-024,gartner-hype-cycle,hit,agreed,D16,,
gartner-hype-cycle-2007-026,gartner-hype-cycle,hit,agreed,D16,,
gartner-hype-cycle-2007-027,gartner-hype-cycle,hit,adjudicated,D16,"Mainstream in 2006, placed year 2009: within 2 years after, or earlier. Builder A was closer. The co-listed 'Location-Aware Applications' label (2-5 years, same editions) settles the reading: 'Location-Aware Technology' is the capability in handsets and networks, so the D16 device-feature test applies. In the US, FCC E911 Phase II required handset-based carriers (Verizon, Sprint) to have 95% of in-service phones location-capable by end-2005, and AT&T moved to embedded GPS in every voice device from 2006, so more than half of new US phones were location-capable by 2006. Builder B used adult use of location features (Pew), which measures the applications label, not this one, and said itself the device test fits better. 2006 is an estimate; for a hit the placed years 2008 and 2009 only need mainstream by 2010.",
gartner-hype-cycle-2007-028,gartner-hype-cycle,hit,agreed,D16,,
gartner-hype-cycle-2007-029,gartner-hype-cycle,hit,agreed,D16,,
gartner-hype-cycle-2008-002,gartner-hype-cycle,miss,agreed,D16,,
gartner-hype-cycle-2008-003,gartner-hype-cycle,hit,adjudicated,D16,"Mainstream in 2008, placed year 2018: within 2 years after, or earlier. Builder B's verdict (hit), with an earlier year. A treated the label as ambiguous, but the academic-field reading is not an adoption reading on a technology chart; the applied readings (business choice architecture, public-policy nudge units) dominate and both reach mainstream well before P+2 (2019-2020). Vanguard How America Saves 2017 (Figure 15): automatic enrollment in 15% of Vanguard plans with employee-elective contributions at year-end 2007, 20% in 2008, 24% in 2009, 27% in 2010 and 45% in 2016. 20% is first reached in 2008. year_5pct 2006 is inside the bound set by 15% in 2007. Government nudge units followed: UK Behavioural Insights Team 2010, NSW 2012, Australia's BETA and Canada 2016, plus Germany, Japan, World Bank, UN and the European Commission. Any mainstream year up to 2019 gives hit for both claims (placed 2017 and 2018).",
gartner-hype-cycle-2008-006,gartner-hype-cycle,miss,agreed,D16,,
gartner-hype-cycle-2008-007,gartner-hype-cycle,hit,adjudicated,D16,"Mainstream in 2014, placed year 2013: within 2 years after, or earlier. Builder A. Eurostat's first measurement (2014) already shows the United Kingdom at 24% of enterprises with 10 or more staff buying cloud services (Finland 51%; EU-28 average 19%; UK large enterprises 54%), so a major market was above 20% in 2014; B required the EU-wide average and so moved the crossing to 2016, which ignores the 'major markets' wording of D16. 2014 is an upper bound (no earlier official series). Hit for P=2013 either way. year_5pct is an estimate.",
gartner-hype-cycle-2008-008,gartner-hype-cycle,hit,adjudicated,D16,"Mainstream in 2014, placed year 2018: within 2 years after, or earlier. Builder B was closer. On a chart about enterprise and consumer adoption, the 2007-2011 label 'Three-D/3D Printing' predates the consumer printer market (RepRap 2007, MakerBot 2009) and Gartner only introduced a separate 'Consumer 3D Printing' label in 2013, next to 'Enterprise 3D Printing'; the general label at first listing therefore reads as the enterprise technology. Builder A asserted a 'consumer and general-purpose framing' without a source and graded households, which is the later spin-off label. PwC and Zpryme survey of US manufacturers (February 2014, 114 respondents to the usage question; published with the Manufacturing Institute): 24.6% prototyping only, 9.6% prototyping and production, 2.6% products not otherwise makeable, 0.9% final parts only, so about 38% using 3D printing, so 20% is crossed by 2014 at the latest. That year is an upper bound; the hit for placed years 2017-2021 holds for any crossing up to 2019. year_5pct 2007 is a judgement (rapid prototyping long established). Medium certainty: the reading is the contested part, not the data.",
gartner-hype-cycle-2008-009,gartner-hype-cycle,hit,agreed,D16,,
gartner-hype-cycle-2008-010,gartner-hype-cycle,hit,adjudicated,D16,"Mainstream in 2008, placed year 2013: within 2 years after, or earlier. Follows B. A's ambiguity flag fails the D20 test, because its three readings do not give different verdicts for claims placed at 2013 and 2014 (hit if mainstream by 2015-2016). Data-centre energy efficiency and virtualisation, green procurement and e-waste policy, and IT-enabled footprint reduction were each routine in well over 20% of large organisations by 2013-2016. A CDW survey of 557 companies (May 2008) found a third had initiated a green initiative to reduce energy consumption in their department or company. Forrester (20% of major companies implementing a comprehensive green IT plan in April 2008, 28% in 2009) and Symantec's 2009 Green IT Report (45% had implemented initiatives) point the same way but their pages could not be opened. 2008 is the first year at 20% and only needs to be no later than 2015. Later absorption into ESG and sustainable IT is a change of name, not abandonment.",
gartner-hype-cycle-2008-011,gartner-hype-cycle,hit,agreed,D16,,
gartner-hype-cycle-2008-012,gartner-hype-cycle,partial,adjudicated,D16,"At least 5% from 2009, below mainstream by the placed year 2013. Follows B on the verdict-relevant facts. A says no source shows 5% of organisations, but it did not consider Cisco's own deployment figures. Cisco reported in September 2009 that over 350 organisations had chosen Cisco TelePresence (2,500 systems) and that more than a quarter of the Fortune 100 used intercompany TelePresence. With HP, Polycom and Teliris customers added, that is above 5% of large organisations by 2009. B dates it to 2008; 2009 is the first evidenced year, and either year sits before every placed year (2012-2015). Mainstream stays null: immersive rooms remained confined to the largest firms, and the use case moved to cheaper HD rooms and cloud meetings (Zoom, Teams), which are a different reading. Not abandoned, since immersive rooms are still sold.",
gartner-hype-cycle-2008-013,gartner-hype-cycle,partial,agreed,D16,,
gartner-hype-cycle-2008-014,gartner-hype-cycle,miss,agreed,D16,,
gartner-hype-cycle-2008-015,gartner-hype-cycle,hit,agreed,D16,,
gartner-hype-cycle-2008-016,gartner-hype-cycle,partial,adjudicated,D16,"At least 5% from 2008, below mainstream by the placed year 2013. Builder A was closer. 'Service-oriented business applications' (SOBA) was Gartner's own coined category for packaged applications built on SOA, so the label had a dominant meaning at publication: Builder B's ambiguity flag does not meet D16, which needs no reading to dominate. Under that reading, vendor suites re-architected on services were in customer production from 2007-2008 (SAP ERP 6.0 enterprise services, Business ByDesign; SOA foundations widely adopted in large firms by 2007-2008), which clears 5% by the placed year 2013. No survey measures a distinct SOBA share reaching 20% before the term faded into SaaS-with-APIs, so mainstream is null (not evidenced, not shown to be absent). No search spent; medium-low certainty on whether a broader count of service-based suites would reach 20% by 2015.",
gartner-hype-cycle-2008-017,gartner-hype-cycle,hit,agreed,D16,,
gartner-hype-cycle-2008-018,gartner-hype-cycle,miss,adjudicated,D16,"Abandoned in 2009 without reaching mainstream within 5 years after the placed year 2018. Builder B. Gartner's label deliberately isolates the case/pallet application. The retail mandates stalled in 2007-2009 and Walmart moved to item-level tagging (apparel, later home goods and hardlines); the later RFID growth (GS1 US 2015 survey: 47% of goods received by RFID-aware retailers tagged) is item-level source tagging, which is a different application. A kept it 'not abandoned' on the strength of DoD and niche logistics use, but gave no evidence of a sustained 5% share of the relevant suppliers after 2009; even the 5% year is generous (a few hundred mandated suppliers out of tens of thousands). Any of 'abandoned 2009' or 'never reached 5%' gives miss for all five claims (P=2014-2019); abandoned year approximate.",
gartner-hype-cycle-2008-019,gartner-hype-cycle,hit,agreed,D16,,
gartner-hype-cycle-2008-020,gartner-hype-cycle,contested,contested,D16,"Opened Wikipedia 'Innovation management': idea management named as a common tool, no adoption figures; builders' only evidence. One targeted search found only vendor and market-size reports, no organisational adoption share. The partial rests on an estimated year_5pct of 2010 with no measurement; neither 5% by 2013 nor below 5% is supported.",partial
gartner-hype-cycle-2008-021,gartner-hype-cycle,partial,adjudicated,D16,"At least 5% from 2010, below mainstream by the placed year 2013. Builder B was closer. Both builders agree there is no organisation-share series and that SNA is routine in identifiable niches; they differ only on whether that niche use clears 5%. It does on the relevant denominator: link and network analysis was standard in intelligence and law enforcement (i2-style link analysis) well before 2010, network-based fraud detection shipped in mainstream bank/insurer fraud suites from about 2009, and telecoms used calling-network analysis for churn. Five per cent of relevant large organisations by 2010-2012 is the conservative reading of that. Builder A set year_5pct null 'for lack of evidence, not because it failed', which turns missing data into a miss; that is the error. Mainstream (20% of organisations using it as a distinct practice) is not evidenced through 2019, so null. year_5pct 2010 is a bound (no later than 2012, the earliest placed year). No search spent here; low-medium certainty.",
gartner-hype-cycle-2008-022,gartner-hype-cycle,hit,audited,D16,,
gartner-hype-cycle-2008-023,gartner-hype-cycle,hit,audited,D16,,
gartner-hype-cycle-2008-024,gartner-hype-cycle,miss,audited,D16,,
gartner-hype-cycle-2008-025,gartner-hype-cycle,hit,audited,D16,,
gartner-hype-cycle-2008-026,gartner-hype-cycle,hit,audited,D16,,
gartner-hype-cycle-2008-027,gartner-hype-cycle,hit,audited,D16,,
gartner-hype-cycle-2009-002,gartner-hype-cycle,miss,audited,D16,,
gartner-hype-cycle-2009-004,gartner-hype-cycle,miss,audited,D16,,
gartner-hype-cycle-2009-005,gartner-hype-cycle,hit,audited,D16,,
gartner-hype-cycle-2009-008,gartner-hype-cycle,miss,agreed,D16,,
gartner-hype-cycle-2009-009,gartner-hype-cycle,hit,agreed,D16,,
gartner-hype-cycle-2009-010,gartner-hype-cycle,hit,adjudicated,D16,"Mainstream in 2014, placed year 2019: within 2 years after, or earlier. Builder B was closer. On a chart about enterprise and consumer adoption, the 2007-2011 label 'Three-D/3D Printing' predates the consumer printer market (RepRap 2007, MakerBot 2009) and Gartner only introduced a separate 'Consumer 3D Printing' label in 2013, next to 'Enterprise 3D Printing'; the general label at first listing therefore reads as the enterprise technology. Builder A asserted a 'consumer and general-purpose framing' without a source and graded households, which is the later spin-off label. PwC and Zpryme survey of US manufacturers (February 2014, 114 respondents to the usage question; published with the Manufacturing Institute): 24.6% prototyping only, 9.6% prototyping and production, 2.6% products not otherwise makeable, 0.9% final parts only, so about 38% using 3D printing, so 20% is crossed by 2014 at the latest. That year is an upper bound; the hit for placed years 2017-2021 holds for any crossing up to 2019. year_5pct 2007 is a judgement (rapid prototyping long established). Medium certainty: the reading is the contested part, not the data.",
gartner-hype-cycle-2009-011,gartner-hype-cycle,hit,agreed,D16,,
gartner-hype-cycle-2009-012,gartner-hype-cycle,partial,agreed,D16,,
gartner-hype-cycle-2009-013,gartner-hype-cycle,hit,agreed,D16,,
gartner-hype-cycle-2009-014,gartner-hype-cycle,hit,agreed,D16,,
gartner-hype-cycle-2009-015,gartner-hype-cycle,hit,agreed,D16,,
gartner-hype-cycle-2009-016,gartner-hype-cycle,hit,agreed,D16,,
gartner-hype-cycle-2009-017,gartner-hype-cycle,hit,adjudicated,D16,"Mainstream in 2008, placed year 2014: within 2 years after, or earlier. Follows B. A's ambiguity flag fails the D20 test, because its three readings do not give different verdicts for claims placed at 2013 and 2014 (hit if mainstream by 2015-2016). Data-centre energy efficiency and virtualisation, green procurement and e-waste policy, and IT-enabled footprint reduction were each routine in well over 20% of large organisations by 2013-2016. A CDW survey of 557 companies (May 2008) found a third had initiated a green initiative to reduce energy consumption in their department or company. Forrester (20% of major companies implementing a comprehensive green IT plan in April 2008, 28% in 2009) and Symantec's 2009 Green IT Report (45% had implemented initiatives) point the same way but their pages could not be opened. 2008 is the first year at 20% and only needs to be no later than 2015. Later absorption into ESG and sustainable IT is a change of name, not abandonment.",
gartner-hype-cycle-2009-018,gartner-hype-cycle,partial,adjudicated,D16,"At least 5% from 2009, below mainstream by the placed year 2014. Follows B on the verdict-relevant facts. A says no source shows 5% of organisations, but it did not consider Cisco's own deployment figures. Cisco reported in September 2009 that over 350 organisations had chosen Cisco TelePresence (2,500 systems) and that more than a quarter of the Fortune 100 used intercompany TelePresence. With HP, Polycom and Teliris customers added, that is above 5% of large organisations by 2009. B dates it to 2008; 2009 is the first evidenced year, and either year sits before every placed year (2012-2015). Mainstream stays null: immersive rooms remained confined to the largest firms, and the use case moved to cheaper HD rooms and cloud meetings (Zoom, Teams), which are a different reading. Not abandoned, since immersive rooms are still sold.",
gartner-hype-cycle-2009-020,gartner-hype-cycle,hit,agreed,D16,,
gartner-hype-cycle-2009-021,gartner-hype-cycle,miss,adjudicated,D16,"Never reached 5%; not mainstream by 2024 (placed year 2019 plus 5). Builder A's verdict (miss), with a stricter 5% year. The label names a technology used in the home, so the adopters are patients, not hospitals. B's test (33% of US hospitals offering RPM in 2018) is a supply-side availability measure, a denominator error. HHS OIG: 55,000 Medicare enrollees received RPM in 2019 and 570,000 in 2022, under 1% of ~65M enrollees. A's 5% year of 2020 is not supported; no evidence of 5% of target patients by 2024, so set null. Consumer fitness wearables are a different technology. Miss for P=2019, window closes 2024.",
gartner-hype-cycle-2009-022,gartner-hype-cycle,miss,agreed,D16,,
gartner-hype-cycle-2009-023,gartner-hype-cycle,miss,adjudicated,D16,"Abandoned in 2009 without reaching mainstream within 5 years after the placed year 2019. Builder B. Gartner's label deliberately isolates the case/pallet application. The retail mandates stalled in 2007-2009 and Walmart moved to item-level tagging (apparel, later home goods and hardlines); the later RFID growth (GS1 US 2015 survey: 47% of goods received by RFID-aware retailers tagged) is item-level source tagging, which is a different application. A kept it 'not abandoned' on the strength of DoD and niche logistics use, but gave no evidence of a sustained 5% share of the relevant suppliers after 2009; even the 5% year is generous (a few hundred mandated suppliers out of tens of thousands). Any of 'abandoned 2009' or 'never reached 5%' gives miss for all five claims (P=2014-2019); abandoned year approximate.",
gartner-hype-cycle-2009-024,gartner-hype-cycle,hit,agreed,D16,,
gartner-hype-cycle-2009-025,gartner-hype-cycle,partial,adjudicated,D16,"At least 5% from 2010, below mainstream by the placed year 2014. Builder B was closer. Both builders agree there is no organisation-share series and that SNA is routine in identifiable niches; they differ only on whether that niche use clears 5%. It does on the relevant denominator: link and network analysis was standard in intelligence and law enforcement (i2-style link analysis) well before 2010, network-based fraud detection shipped in mainstream bank/insurer fraud suites from about 2009, and telecoms used calling-network analysis for churn. Five per cent of relevant large organisations by 2010-2012 is the conservative reading of that. Builder A set year_5pct null 'for lack of evidence, not because it failed', which turns missing data into a miss; that is the error. Mainstream (20% of organisations using it as a distinct practice) is not evidenced through 2019, so null. year_5pct 2010 is a bound (no later than 2012, the earliest placed year). No search spent here; low-medium certainty.",
gartner-hype-cycle-2009-026,gartner-hype-cycle,hit,agreed,D16,,
gartner-hype-cycle-2009-027,gartner-hype-cycle,partial,agreed,D16,,
gartner-hype-cycle-2009-028,gartner-hype-cycle,miss,agreed,D16,,
gartner-hype-cycle-2009-029,gartner-hype-cycle,hit,agreed,D16,,
gartner-hype-cycle-2009-030,gartner-hype-cycle,hit,agreed,D16,,
gartner-hype-cycle-2009-031,gartner-hype-cycle,hit,agreed,D16,,
gartner-hype-cycle-2009-032,gartner-hype-cycle,hit,agreed,D16,,
gartner-hype-cycle-2009-033,gartner-hype-cycle,hit,agreed,D16,,
gartner-hype-cycle-2009-034,gartner-hype-cycle,hit,agreed,D16,,
gartner-hype-cycle-2010-002,gartner-hype-cycle,miss,agreed,D16,,
gartner-hype-cycle-2010-006,gartner-hype-cycle,hit,adjudicated,D16,"Mainstream in 2018, placed year 2020: within 2 years after, or earlier. Closer to A. B made a reading error: it marked XTP abandoned in 2012 because the analyst label faded. D16 grades the technology, and the architecture it named (scale-out transaction processing on in-memory data grids and distributed caches: Coherence, GemFire, Hazelcast, GigaSpaces, Redis-backed services) did not go away; it spread under the names in-memory computing and cloud-native scaling. A 2013 Gartner release is reported to have put in-memory computing at under 10% of midsize and large organisations in 2012 (not confirmed on an opened page), so 5% is about 2012. Its 2016 market guide described the in-memory data grid market as nearing mainstream; that is analyst context, not adoption evidence. Among high-volume transaction processors, which is a narrower and earlier-adopting population, routine use by 20% by 2018 is a low-confidence estimate. The verdict needs only mainstream by 2022 for the 2010 claim placed at 2020. A's 2015 and 2008 are unsupported; its evidence rows show titles only. No independent adoption survey exists for the concept as labelled; low certainty.",
gartner-hype-cycle-2010-008,gartner-hype-cycle,hit,agreed,D16,,
gartner-hype-cycle-2010-010,gartner-hype-cycle,hit,agreed,D16,,
gartner-hype-cycle-2010-011,gartner-hype-cycle,hit,adjudicated,D16,"Mainstream in 2014, placed year 2020: within 2 years after, or earlier. Builder B was closer. On a chart about enterprise and consumer adoption, the 2007-2011 label 'Three-D/3D Printing' predates the consumer printer market (RepRap 2007, MakerBot 2009) and Gartner only introduced a separate 'Consumer 3D Printing' label in 2013, next to 'Enterprise 3D Printing'; the general label at first listing therefore reads as the enterprise technology. Builder A asserted a 'consumer and general-purpose framing' without a source and graded households, which is the later spin-off label. PwC and Zpryme survey of US manufacturers (February 2014, 114 respondents to the usage question; published with the Manufacturing Institute): 24.6% prototyping only, 9.6% prototyping and production, 2.6% products not otherwise makeable, 0.9% final parts only, so about 38% using 3D printing, so 20% is crossed by 2014 at the latest. That year is an upper bound; the hit for placed years 2017-2021 holds for any crossing up to 2019. year_5pct 2007 is a judgement (rapid prototyping long established). Medium certainty: the reading is the contested part, not the data.",
gartner-hype-cycle-2010-012,gartner-hype-cycle,miss,agreed,D16,,
gartner-hype-cycle-2010-013,gartner-hype-cycle,hit,agreed,D16,,
gartner-hype-cycle-2010-014,gartner-hype-cycle,hit,agreed,D16,,
gartner-hype-cycle-2010-015,gartner-hype-cycle,hit,agreed,D16,,
gartner-hype-cycle-2010-016,gartner-hype-cycle,hit,agreed,D16,,
gartner-hype-cycle-2010-017,gartner-hype-cycle,partial,agreed,D16,,
gartner-hype-cycle-2010-018,gartner-hype-cycle,partial,agreed,D16,,
gartner-hype-cycle-2010-019,gartner-hype-cycle,hit,agreed,D16,,
gartner-hype-cycle-2010-020,gartner-hype-cycle,hit,agreed,D16,,
gartner-hype-cycle-2010-021,gartner-hype-cycle,hit,agreed,D16,,
gartner-hype-cycle-2010-022,gartner-hype-cycle,unfalsifiable,adjudicated,D16,"No dominant reading of the label; the readings give different verdicts (D16). Builder A was closer. The slash label deliberately merges two things, and Gartner carried it on both its cloud and its web/user-interaction hype cycles in 2010, so neither the cloud-hosting reading nor the web-API reading dominated at publication. They give different verdicts: under (a), builder B's Eurostat series (computing power for own software used by 23% of cloud-using EU enterprises in 2018, when 26% of enterprises used cloud: about 6% of all enterprises; about 20% hosting databases in 2021) gives miss for 2015 and partial for 2016; under (b), programmatic use of web platform APIs by developers and enterprises was mainstream before 2015, giving hit. Builder B picked (a) without arguing it dominated, and its denominator (all EU firms of 10+ employees) is also harsh against a large-enterprise chart. Years left null because they depend on the reading.",
gartner-hype-cycle-2010-023,gartner-hype-cycle,hit,agreed,D16,,
gartner-hype-cycle-2010-025,gartner-hype-cycle,hit,agreed,D16,,
gartner-hype-cycle-2010-026,gartner-hype-cycle,hit,agreed,D16,,
gartner-hype-cycle-2010-027,gartner-hype-cycle,partial,adjudicated,D16,"At least 5% from 2009, below mainstream by the placed year 2015. Follows B on the verdict-relevant facts. A says no source shows 5% of organisations, but it did not consider Cisco's own deployment figures. Cisco reported in September 2009 that over 350 organisations had chosen Cisco TelePresence (2,500 systems) and that more than a quarter of the Fortune 100 used intercompany TelePresence. With HP, Polycom and Teliris customers added, that is above 5% of large organisations by 2009. B dates it to 2008; 2009 is the first evidenced year, and either year sits before every placed year (2012-2015). Mainstream stays null: immersive rooms remained confined to the largest firms, and the use case moved to cheaper HD rooms and cloud meetings (Zoom, Teams), which are a different reading. Not abandoned, since immersive rooms are still sold.",
gartner-hype-cycle-2010-029,gartner-hype-cycle,hit,agreed,D16,,
gartner-hype-cycle-2010-030,gartner-hype-cycle,miss,audited,D16,,
gartner-hype-cycle-2010-031,gartner-hype-cycle,hit,agreed,D16,,
gartner-hype-cycle-2010-032,gartner-hype-cycle,partial,agreed,D16,,
gartner-hype-cycle-2010-033,gartner-hype-cycle,hit,agreed,D16,,
gartner-hype-cycle-2010-034,gartner-hype-cycle,hit,agreed,D16,,
gartner-hype-cycle-2010-035,gartner-hype-cycle,miss,adjudicated,D16,"Never reached 5%; not mainstream by 2020 (placed year 2015 plus 5). Follows B. The dominant reading is the dedicated micropayment system. The decisive point is Gartner's own placement: in 2010 it still placed Internet Micropayment Systems 2-5 years from the plateau (on the Slope of Enlightenment), two years after the App Store and seven after the iTunes 99-cent store. So app-store and in-game purchases were not what the label referred to; counting them, as A does, makes the 2010 placement describe something already near mainstream. A says itself that under the dedicated-system reading the answer is never mainstream. No dedicated system (Millicent, IBM Micro Payments, BitPass, Flattr, Blendle, which moved to subscriptions in 2019) reached even 5% of internet users. Not marked abandoned, because new attempts keep appearing. A Gartner definition of the 2010 entry could not be retrieved, so this rests on the placement argument.",
gartner-hype-cycle-2010-036,gartner-hype-cycle,hit,adjudicated,D16,"Mainstream in 2016, placed year 2015: within 2 years after, or earlier. Builder B. A listed several readings but they do not give different verdicts: pay-TV on-demand and programme guides were already widespread before 2010, and smart-TV apps crossed half of shipments in 2016; only broadcast-linked interactivity (ATSC 3.0, t-commerce) lags, and it was not the dominant meaning in 2010. IHS: more than half of TV sets shipped worldwide in Q1 2016 were smart TVs (North America 56%); its 2018 release (now offline) reported under 50% in 2015 and 70% in 2018. 2016 is within P+2=2017, so hit.",
gartner-hype-cycle-2010-037,gartner-hype-cycle,hit,agreed,D16,,
gartner-hype-cycle-2010-038,gartner-hype-cycle,hit,agreed,D16,,
gartner-hype-cycle-2010-039,gartner-hype-cycle,hit,agreed,D16,,
gartner-hype-cycle-2010-040,gartner-hype-cycle,hit,agreed,D16,,
gartner-hype-cycle-2010-041,gartner-hype-cycle,miss,agreed,D16,,
gartner-hype-cycle-2011-005,gartner-hype-cycle,miss,adjudicated,D16,"Reached 5% only in 2022; not mainstream by 2026 (placed year 2021 plus 5). Follows B on the verdict. A's mainstream year rests on an undated, unsourced vendor statistic ('nearly 50% of retailers', a Pelco blog citing another vendor). The primary survey contradicts it: ECR Retail Loss (May 2024, 70 retailers) found an overall deployed video-analytics utilisation of 10% (18% planned or trialling), store environment 15%, store checkout 10%, store entrance 7%, shopfloor 4%; the top deployed uses are security and loss (intruder detection, self-checkout non-scanning). Customer-service video analytics therefore sat below 20% in 2024 and near the 5% line at most. Counting the 15% store-environment figure suggests 5% around 2022, still after the placed year 2021. year_5pct is a bound (after 2021). The claim is a provisional miss: its 5-year window closes in 2026.",
gartner-hype-cycle-2011-006,gartner-hype-cycle,partial,agreed,D16,,
gartner-hype-cycle-2011-007,gartner-hype-cycle,hit,agreed,D16,,
gartner-hype-cycle-2011-009,gartner-hype-cycle,hit,agreed,D16,,
gartner-hype-cycle-2011-010,gartner-hype-cycle,hit,agreed,D16,,
gartner-hype-cycle-2011-011,gartner-hype-cycle,miss,agreed,D16,,
gartner-hype-cycle-2011-012,gartner-hype-cycle,hit,agreed,D16,,
gartner-hype-cycle-2011-013,gartner-hype-cycle,hit,agreed,D16,,
gartner-hype-cycle-2011-014,gartner-hype-cycle,hit,adjudicated,D16,"Mainstream in 2014, placed year 2021: within 2 years after, or earlier. Builder B was closer. On a chart about enterprise and consumer adoption, the 2007-2011 label 'Three-D/3D Printing' predates the consumer printer market (RepRap 2007, MakerBot 2009) and Gartner only introduced a separate 'Consumer 3D Printing' label in 2013, next to 'Enterprise 3D Printing'; the general label at first listing therefore reads as the enterprise technology. Builder A asserted a 'consumer and general-purpose framing' without a source and graded households, which is the later spin-off label. PwC and Zpryme survey of US manufacturers (February 2014, 114 respondents to the usage question; published with the Manufacturing Institute): 24.6% prototyping only, 9.6% prototyping and production, 2.6% products not otherwise makeable, 0.9% final parts only, so about 38% using 3D printing, so 20% is crossed by 2014 at the latest. That year is an upper bound; the hit for placed years 2017-2021 holds for any crossing up to 2019. year_5pct 2007 is a judgement (rapid prototyping long established). Medium certainty: the reading is the contested part, not the data.",
gartner-hype-cycle-2011-015,gartner-hype-cycle,hit,adjudicated,D16,"Mainstream in 2019, placed year 2021: within 2 years after, or earlier. Neither builder on years; the verdict follows A. Builder A's 2014 mainstream year rests on Gartner's own 2011 prediction (70% of Global 2000 by 2014), which is a forecast, not evidence. Builder B rightly rejected it but then left mainstream null. TalentLMS's 2019 survey (published 2019-08-19, almost 900 employees): 57% had noticed gamification elements in an app or software they use at work, and 61% of those received gamified training, i.e. about 35% of all employees surveyed (vendor survey, online sample). Game mechanics were by then standard in mass consumer apps (language learning, fitness, loyalty tiers). Routine use at 20%+ by 2019 is the best-supported year; it is an estimate with a vendor-survey basis, and the placed year 2021 only needs a crossing by 2023 for a hit. year_5pct 2012 follows the 2010-2012 vendor wave (B); Wikipedia: the term spread from 2010, when half of consumer-software start-ups seeking funding mentioned game design.",
gartner-hype-cycle-2011-016,gartner-hype-cycle,hit,agreed,D16,,
gartner-hype-cycle-2011-017,gartner-hype-cycle,hit,agreed,D16,,
gartner-hype-cycle-2011-018,gartner-hype-cycle,partial,agreed,D16,,
gartner-hype-cycle-2011-019,gartner-hype-cycle,hit,agreed,D16,,
gartner-hype-cycle-2011-020,gartner-hype-cycle,hit,agreed,D16,,
gartner-hype-cycle-2011-021,gartner-hype-cycle,hit,agreed,D16,,
gartner-hype-cycle-2011-022,gartner-hype-cycle,hit,agreed,D16,,
gartner-hype-cycle-2011-023,gartner-hype-cycle,hit,agreed,D16,,
gartner-hype-cycle-2011-024,gartner-hype-cycle,hit,agreed,D16,,
gartner-hype-cycle-2011-025,gartner-hype-cycle,hit,agreed,D16,,
gartner-hype-cycle-2011-026,gartner-hype-cycle,hit,agreed,D16,,
gartner-hype-cycle-2011-027,gartner-hype-cycle,hit,agreed,D16,,
gartner-hype-cycle-2011-028,gartner-hype-cycle,hit,agreed,D16,,
gartner-hype-cycle-2011-029,gartner-hype-cycle,hit,agreed,D16,,
gartner-hype-cycle-2011-031,gartner-hype-cycle,unfalsifiable,adjudicated,D16,"No dominant reading of the label; the readings give different verdicts (D16). Builder A was closer. The slash label deliberately merges two things, and Gartner carried it on both its cloud and its web/user-interaction hype cycles in 2010, so neither the cloud-hosting reading nor the web-API reading dominated at publication. They give different verdicts: under (a), builder B's Eurostat series (computing power for own software used by 23% of cloud-using EU enterprises in 2018, when 26% of enterprises used cloud: about 6% of all enterprises; about 20% hosting databases in 2021) gives miss for 2015 and partial for 2016; under (b), programmatic use of web platform APIs by developers and enterprises was mainstream before 2015, giving hit. Builder B picked (a) without arguing it dominated, and its denominator (all EU firms of 10+ employees) is also harsh against a large-enterprise chart. Years left null because they depend on the reading.",
gartner-hype-cycle-2011-032,gartner-hype-cycle,hit,agreed,D16,,
gartner-hype-cycle-2011-033,gartner-hype-cycle,miss,agreed,D16,,
gartner-hype-cycle-2011-034,gartner-hype-cycle,hit,agreed,D16,,
gartner-hype-cycle-2011-035,gartner-hype-cycle,hit,agreed,D16,,
gartner-hype-cycle-2011-036,gartner-hype-cycle,hit,agreed,D16,,
gartner-hype-cycle-2011-037,gartner-hype-cycle,partial,agreed,D16,,
gartner-hype-cycle-2011-038,gartner-hype-cycle,hit,agreed,D16,,
gartner-hype-cycle-2011-039,gartner-hype-cycle,hit,agreed,D16,,
gartner-hype-cycle-2011-040,gartner-hype-cycle,hit,agreed,D16,,
gartner-hype-cycle-2011-041,gartner-hype-cycle,hit,agreed,D16,,
gartner-hype-cycle-2011-042,gartner-hype-cycle,hit,agreed,D16,,
gartner-hype-cycle-2012-011,gartner-hype-cycle,miss,agreed,D16,,
gartner-hype-cycle-2012-014,gartner-hype-cycle,hit,agreed,D16,,
gartner-hype-cycle-2012-018,gartner-hype-cycle,partial,agreed,D16,,
gartner-hype-cycle-2012-020,gartner-hype-cycle,hit,agreed,D16,,
gartner-hype-cycle-2012-022,gartner-hype-cycle,hit,agreed,D16,,
gartner-hype-cycle-2012-023,gartner-hype-cycle,hit,agreed,D16,,
gartner-hype-cycle-2012-026,gartner-hype-cycle,hit,agreed,D16,,
gartner-hype-cycle-2012-027,gartner-hype-cycle,hit,agreed,D16,,
gartner-hype-cycle-2012-031,gartner-hype-cycle,hit,agreed,D16,,
gartner-hype-cycle-2012-032,gartner-hype-cycle,hit,agreed,D16,,
gartner-hype-cycle-2012-035,gartner-hype-cycle,partial,agreed,D16,,
gartner-hype-cycle-2012-036,gartner-hype-cycle,hit,agreed,D16,,
gartner-hype-cycle-2012-037,gartner-hype-cycle,hit,agreed,D16,,
gartner-hype-cycle-2012-039,gartner-hype-cycle,hit,agreed,D16,,
gartner-hype-cycle-2012-041,gartner-hype-cycle,hit,agreed,D16,,
gartner-hype-cycle-2012-042,gartner-hype-cycle,hit,agreed,D16,,
gartner-hype-cycle-2012-043,gartner-hype-cycle,hit,agreed,D16,,
gartner-hype-cycle-2012-044,gartner-hype-cycle,hit,agreed,D16,,
gartner-hype-cycle-2012-045,gartner-hype-cycle,partial,agreed,D16,,
gartner-hype-cycle-2012-047,gartner-hype-cycle,hit,agreed,D16,,
gartner-hype-cycle-2012-048,gartner-hype-cycle,hit,agreed,D16,,
gartner-hype-cycle-2013-004,gartner-hype-cycle,hit,audited,D16,,
gartner-hype-cycle-2013-026,gartner-hype-cycle,hit,agreed,D16,,
gartner-hype-cycle-2013-027,gartner-hype-cycle,hit,agreed,D16,,
gartner-hype-cycle-2013-031,gartner-hype-cycle,hit,agreed,D16,,
gartner-hype-cycle-2013-033,gartner-hype-cycle,hit,agreed,D16,,
gartner-hype-cycle-2013-035,gartner-hype-cycle,hit,agreed,D16,,
gartner-hype-cycle-2013-036,gartner-hype-cycle,partial,agreed,D16,,
gartner-hype-cycle-2013-037,gartner-hype-cycle,hit,agreed,D16,,
gartner-hype-cycle-2013-038,gartner-hype-cycle,hit,agreed,D16,,
gartner-hype-cycle-2013-039,gartner-hype-cycle,hit,agreed,D16,,
gartner-hype-cycle-2013-041,gartner-hype-cycle,hit,adjudicated,D16,"Mainstream in 2016, placed year 2015: within 2 years after, or earlier. Builder B, low certainty. A read Dresner's 'penetration remains modest' (share of users inside an organisation: in 2015, 70% of respondents had under 10% of staff using LI) as organisation-level adoption; that is a denominator error. The same figure implies the respondents' organisations already used LI, and 30% had at least 10% internal penetration in 2015. Map visualisation was standard in mainstream BI tools by the mid-2010s and GIS use in government and utilities was long established. No clean organisation-share series exists; 2016 is an estimate and an upper bound in spirit (2015-2016). Hit for P=2015 needs 2017 or earlier.",
gartner-hype-cycle-2013-042,gartner-hype-cycle,hit,agreed,D16,,
gartner-hype-cycle-2013-043,gartner-hype-cycle,hit,agreed,D16,,
gartner-hype-cycle-2014-018,gartner-hype-cycle,hit,agreed,D16,,
gartner-hype-cycle-2014-029,gartner-hype-cycle,hit,agreed,D16,,
gartner-hype-cycle-2014-030,gartner-hype-cycle,partial,adjudicated,D16,"Mainstream in 2024, 3 to 5 years after the placed year 2019. Builder B. Eurostat (isoc_eb_ai, indicator text mining) measures 2.48% (2021), 2.90% (2023), 6.88% (2024) and 11.75% (2025) of all EU enterprises; among large enterprises (250+) 9.92% (2021), 11.93% (2023), 21.44% (2024) and 35.04% (2025), so the 20% line for the most favourable denominator is 2024. A's 2014 was an unevidenced estimate. year_5pct 2012 is an estimate for large-firm use (text analytics market ~US$1bn in 2011, social listening at big brands); it decides partial vs miss for the 2007 claim (P=2012) and is the weakest point. Verdicts: partial for both claims.",
gartner-hype-cycle-2014-031,gartner-hype-cycle,hit,agreed,D16,,
gartner-hype-cycle-2014-036,gartner-hype-cycle,hit,agreed,D16,,
gartner-hype-cycle-2014-037,gartner-hype-cycle,hit,agreed,D16,,
gartner-hype-cycle-2014-039,gartner-hype-cycle,partial,agreed,D16,,
gartner-hype-cycle-2014-040,gartner-hype-cycle,hit,audited,D16,,
gartner-hype-cycle-2014-041,gartner-hype-cycle,hit,audited,D16,,
gartner-hype-cycle-2014-042,gartner-hype-cycle,hit,audited,D16,,
gartner-hype-cycle-2014-043,gartner-hype-cycle,miss,adjudicated,D16,"Never reached 5%; not mainstream by 2024 (placed year 2019 plus 5). Follows B. A's 5% year depends on counting the iPhone X front TrueDepth camera as a 3D scanner. That sensor is a face-authentication depth camera, and its occasional use for scanning does not make phone buyers 3D-scanner users. The 2014 label sat with 3D printing and referred to scanning devices (MakerBot Digitizer, Structure Sensor, Kinect-based scanners). A also flags its own share figure as from general knowledge and the counting as a judgement call. Standalone consumer scanners stayed niche, and rear LiDAR (Pro iPhones and iPads from 2020) is a minority of shipments and arrived after the placed year 2019. No evidence of 5% of target users by 2019 or of mainstream by 2024.",
gartner-hype-cycle-2014-045,gartner-hype-cycle,hit,audited,D16,,
gartner-hype-cycle-2015-016,gartner-hype-cycle,partial,agreed,D16,,
gartner-hype-cycle-2015-022,gartner-hype-cycle,partial,adjudicated,D16,"At least 5% from 2014, below mainstream by the placed year 2020. Builder B was closer. BARC/Eckerson (214 companies, published April 2022) found only about 25% of employees actively use BI/analytics tools at all, with minimal growth in seven years, and the self-service drivers it reports are report and dashboard authoring, not model building. That is well short of business users routinely doing predictive analytics in 20% of organisations by 2022. Builder A dated mainstream to 2020 from a Gartner prediction about augmented analytics driving purchases, which is a forecast and a purchasing measure, not adoption. TDWI 2014: 34% of respondents actively using predictive analytics, and in 63% of that active group business analysts build models (about a fifth of a respondent base skewed to analytics adopters), which supports at least 5% by 2014. Mainstream null through 2022 is the call; later AutoML/copilot features may change it but not within the claim's window.",
gartner-hype-cycle-2015-025,gartner-hype-cycle,miss,agreed,D16,,
gartner-hype-cycle-2015-026,gartner-hype-cycle,hit,agreed,D16,,
gartner-hype-cycle-2015-031,gartner-hype-cycle,hit,agreed,D16,,
gartner-hype-cycle-2015-033,gartner-hype-cycle,partial,agreed,D16,,
gartner-hype-cycle-2015-034,gartner-hype-cycle,miss,agreed,D16,,
gartner-hype-cycle-2015-036,gartner-hype-cycle,partial,agreed,D16,,
gartner-hype-cycle-2015-037,gartner-hype-cycle,hit,agreed,D16,,
gartner-hype-cycle-2016-026,gartner-hype-cycle,hit,audited,D16,,
gartner-hype-cycle-2016-030,gartner-hype-cycle,hit,adjudicated,D16,"Mainstream in 2020, placed year 2021: within 2 years after, or earlier. Builder B's verdict (hit), with a more conservative year. A called the umbrella ambiguous, but its components moved together and the readings do not give different verdicts. IDG Research for Masergy (May 2019, 100 private firms with 500+ employees, vendor-sponsored) found SD-WAN adoption up from 35% (2017) to 54% (2019). Frost & Sullivan for AT&T (May-June 2023, n=516 US businesses) found large shares of small, mid-size and large firms with SD-WAN deployed in at least one location, in a first deployment or expanding it, together well above 20% in each size class. Mainstream is therefore no later than 2023 on a broad business sample and no later than 2019 among large firms. 2020 is kept as the pass-1 value inside that bound; hit for P=2021 (needs mainstream by 2023) either way.",
gartner-hype-cycle-2016-031,gartner-hype-cycle,hit,audited,D16,,
gartner-strategic-predictions-2004-001,gartner-strategic-predictions,hit,audited,D16,,
gartner-strategic-predictions-2004-003,gartner-strategic-predictions,miss,audited,D16,,
gartner-strategic-predictions-2004-004,gartner-strategic-predictions,miss,audited,D16,,
gartner-strategic-predictions-2006-003,gartner-strategic-predictions,miss,audited,D16,,
gartner-strategic-predictions-2008-001,gartner-strategic-predictions,partial,adjudicated,D16,"D16 quantitative rule on the US measure. Forecast about 12.2% (2 x 6.1%). Actual 2011: IDC full year 10.73%; Gartner quarters 9.3%, 12.9% (Q3), 11.6% (Q4), annual level about 11%. Error vs forecast 10-14% of the actual (ratio 1.76x-1.82x vs 2.0x): outside the 10% hit band, inside 25%: partial. Western Europe not verified by either grader. Grader A error: its cited MacDailyNews page (2011-10-12) gives no Western Europe share; the 7.6% vs 5.7% figure is not on the page, so A's 'both regions about doubled' is unsupported. A also rounded an about-11% annual US level to 'within 10% of 12%', which holds only at the top of the range.",
gartner-strategic-predictions-2008-002,gartner-strategic-predictions,ungradable,rechecked,D16,"Edition text now read: the claim is about traveling workers leaving the notebook behind in favour of pocketable devices and web apps. Looked for a 2011-2012 survey of business travelers or mobile workers measuring the share who travel without a notebook. The iPass Mobile Workforce Reports (quarterly, 1,100+ enterprises, 2011-2012) are the closest series; they report devices carried (3.5 devices for work in Q1 2012, 'at least one laptop'), tablet adoption (64%) and desktop abandonment (38%), but never the share leaving the notebook at home on trips. Tablet ownership is a different quantity (D23). No public measure of the stated quantity at 2011-2012.",
gartner-strategic-predictions-2008-004,gartner-strategic-predictions,miss,audited,D16,,
gartner-strategic-predictions-2008-010,gartner-strategic-predictions,miss,audited,D16,,
gartner-strategic-predictions-2009-001,gartner-strategic-predictions,ungradable,rechecked,D16,"Edition text now read (Sydney release, 2009-02-06): a modelled displacement of seats by telepresence. Seats displaced by telepresence is an attributed value (D23); IATA, ICAO and airline traffic statistics report passengers carried, not seats substituted by video meetings, and no travel-industry body measured the substitution for 2011-2012. Page access does not change this.",
gartner-strategic-predictions-2009-009,gartner-strategic-predictions,contested,contested,D16,"Cited pages do not show the facts the graders rely on: FTC 2014 release gives AT&T throttling from 2011 but no date for ending unlimited sales; AT&T Mobility and Verizon Wikipedia pages give only 2016/2017 reintroduction. No opened source counts how many operators had dropped flat-rate data by 2010 or by 2013-2015, so neither partial nor miss is supported.",partial
gartner-strategic-predictions-2009-010,gartner-strategic-predictions,miss,adjudicated,D16,"A public measure exists: Cisco VNI (May 2013) puts all machine-to-machine traffic, a superset of sensor traffic, at 0.5% of global IP traffic in 2012. Even if non-video traffic were only 40% of IP traffic, M2M would be at most about 1.25% of non-video traffic, an order of magnitude below 20%. An upper bound this far below the forecast settles the claim; it is not a proxy of another quantity (D23). Miss. Grader B's ungradable rested on Cisco VNI being unreachable; the 2013 Cisco release is reachable.",
gartner-strategic-predictions-2010-01-001,gartner-strategic-predictions,ungradable,rechecked,D16,"Edition text now read: the claim concerns ownership of IT hardware shifting to third parties (cloud, virtualization, employee-owned PCs). Looked for a 2011-2012 survey of businesses measuring the share that own no IT hardware at all; cloud-adoption and BYOD surveys measure use of some services or devices, not zero ownership, which is a different quantity (D23). No public measure found.",
gartner-strategic-predictions-2010-01-003,gartner-strategic-predictions,hit,audited,D16,,
gartner-strategic-predictions-2010-01-006,gartner-strategic-predictions,contested,contested,D16,"Grader's global figure (eMarketer about $170bn digital ad spend 2015) could not be opened (404); opened pages give only US IAB $72.5bn (2016) and total all-media global ad spend $536-545bn (Magna/Zenith, Breitbart 2014-12-08). Global internet marketing spend could be about $170-200bn, which is miss or partial (within 25% of $250bn) depending on the figure, and the 'regulated' element is not evidenced either way.",miss
gartner-strategic-predictions-2010-01-007,gartner-strategic-predictions,hit,audited,D16,,
gartner-strategic-predictions-2010-01-009,gartner-strategic-predictions,hit,audited,D16,,
gartner-strategic-predictions-2010-11-001,gartner-strategic-predictions,contested,contested,D16,"Wikipedia Shamoon: 30,000+ Aramco Windows workstations wiped and fuel-truck loading halted, but exploration and production systems were on isolated networks and unaffected, so whether 'critical infrastructure' was damaged depends on the reading. The 2014 German steel mill case is not cited with any source; evidence too weak for hit or miss.",hit
gartner-strategic-predictions-2010-11-002,gartner-strategic-predictions,ungradable,rechecked,D16,"Edition text now read: it narrows the claim to the incentive portion of pay of new G2000 CIOs. CIOs are rarely named executive officers, so proxy filings do not disclose their incentive metrics; no public CIO survey of 2014-2015 reports the basis of incentive pay for this population. No public measure.",
gartner-strategic-predictions-2010-11-006,gartner-strategic-predictions,miss,rechecked,D16,"Edition text says the claim is about supporting corporate applications on employee-owned notebooks and smartphones, which is what organization-level BYOD surveys measure (organization allows employees to use own devices for work). In-window estimates (2013-2014, D23): Tech Pro Research Feb 2013, 44% of organizations allowing BYOD (18% more planning, 37% vetoed); Tech Pro Research Nov 2014, 74% using or planning to allow, about a quarter ruled out, with currently allowed at 71% for firms of 50-249 staff and 54% for the largest firms reported. Even the upper bound (74%, which includes plans) is 21.6% below 90; currently-allowed shares (44-71%) put 90 more than 25% above the actual. Median of in-window estimates is well under 72, so 90 is beyond 25%: miss under D10. Cisco IBSG 89% 'enable BYOD in some form' is from 2012, outside the target-year window, and not used.",
gartner-strategic-predictions-2011-001,gartner-strategic-predictions,ungradable,rechecked,D16,"Edition text now read: cannibalization of current and potential outsourcing revenue by low-cost cloud services. Revenue lost to cloud substitution is an attributed value (D23); outsourcers' filings report total and segment revenue, not revenue cannibalized by cloud, and no tracker publishes that attribution for 2014-2015. 'Up to' also makes the figure a ceiling. No public measure.",
gartner-strategic-predictions-2011-002,gartner-strategic-predictions,miss,audited,D16,,
gartner-strategic-predictions-2011-008,gartner-strategic-predictions,miss,audited,D16,,
gartner-strategic-predictions-2011-010,gartner-strategic-predictions,miss,audited,D16,,
gartner-strategic-predictions-2012-001,gartner-strategic-predictions,hit,audited,D16,,
gartner-strategic-predictions-2012-002,gartner-strategic-predictions,partial,adjudicated,D16,"Full-year 2014 all mobile phones (Gartner, via Wikipedia table): Samsung 392.5M, Apple 191.4M, Microsoft 185.7M, Lenovo/Motorola 84.0M, LG 76.1M, then Huawei 70.5M: one Chinese vendor in the top five. Full-year 2014 smartphones: Samsung, Apple, Lenovo, Huawei, LG: two. Only the Q4 2014 smartphone quarter (Apple, Samsung, Lenovo, Huawei, Xiaomi) has three. Three Chinese vendors in the full-year top five came in 2015 (smartphones: Huawei 104.1M, Lenovo 72.7M, BBK 72.4M). Not met on the dominant measure in 2014; met on the year-end quarter of a sub-measure and on full-year smartphones one year late: partial, following the late-arrival practice both graders used for event claims. Grader A graded a single-quarter smartphone ranking, a narrower reading than 'handset vendors by year-end 2014'. Grader B reading error: it listed Huawei in the 2014 all-phone top five, but its own figures put LG (76.1M) above Huawei (70.5M), so the count is one, not two.",
gartner-strategic-predictions-2012-004,gartner-strategic-predictions,miss,audited,D16,,
gartner-strategic-predictions-2012-010,gartner-strategic-predictions,hit,audited,D16,,
gartner-strategic-predictions-2013-002,gartner-strategic-predictions,miss,audited,D16,,
gartner-strategic-predictions-2013-003,gartner-strategic-predictions,miss,audited,D16,,
gartner-strategic-predictions-2013-004,gartner-strategic-predictions,miss,audited,D16,,
gartner-strategic-predictions-2013-007,gartner-strategic-predictions,miss,corrected,D16,"The claim's cause did not occur: graders themselves record mature-economy employment at record highs by 2019 and no unrest attributed to digitization job loss; the basic-income pilots (Wikipedia UBI pilots: Finland cites automation among several motives) answered anticipated, not realized, labor reduction. D16 gives no partial for half of a compound event whose driver failed, as with 2012-004: miss.",partial
gartner-strategic-predictions-2013-008,gartner-strategic-predictions,miss,audited,D16,,
gartner-strategic-predictions-2013-012,gartner-strategic-predictions,hit,audited,D16,,
gartner-strategic-predictions-2013-014,gartner-strategic-predictions,hit,adjudicated,D16,"A public measure of fitment exists: in Japan, where low-priced kei cars got low-cost AEB from 2012 (Daihatsu Smart Assist, Mazda SCBS), 41% of new passenger cars sold in 2014 had collision mitigation braking, up from launches in 2012. The direction stated is met by 2014: hit. Caveat: the Japanese figure counts fitment, not only standard fitment. Grader A's ungradable rested on not finding a series; the omitted amount leaves a direction claim, which is gradable. Grader B's citation of UNECE R131 is weak: that regulation covers heavy vehicles, not economy cars; its other evidence (sensor demand, Honda/Toyota announcements) is indirect.",
gartner-strategic-predictions-2014-003,gartner-strategic-predictions,miss,audited,D16,,
gartner-strategic-predictions-2014-004,gartner-strategic-predictions,partial,audited,D16,,
gartner-strategic-predictions-2014-010,gartner-strategic-predictions,contested,contested,D16,"Neither partial rationale is supported: A grades 'done by another agent' (wallets, autofill), which is no D16 test; B's cited Google Assistant page mentions Duplex only for phone calls, not form filling, so the claimed 2019 arrival is unconfirmed. Under the autofill reading it is a hit, under the assistant reading the evidence does not show arrival within 5 years.",partial
gartner-strategic-predictions-2014-011,gartner-strategic-predictions,miss,adjudicated,D16,"Public measures exist. Digital Commerce 360 / eMarketer put mobile at nearly 35% (34.5%) of US e-commerce sales in 2017; comScore put mobile at 21% of total digital commerce dollars in Q4 2016 (the year before). Estimates span 21-35%, a factor under 2 (D23); median about 28%; even the high estimate is 30% below 50%. Miss. Grader A's ungradable was a retrieval gap, not an absence of measures; A itself recalled about one third.",
gartner-strategic-predictions-2014-012,gartner-strategic-predictions,hit,audited,D16,,
gartner-strategic-predictions-2014-020,gartner-strategic-predictions,hit,audited,D16,,
gartner-strategic-predictions-2015-004,gartner-strategic-predictions,hit,audited,D16,,
gartner-strategic-predictions-2015-007,gartner-strategic-predictions,partial,audited,D16,,
gartner-strategic-predictions-2015-009,gartner-strategic-predictions,miss,audited,D16,,
gartner-strategic-predictions-2016-005,gartner-strategic-predictions,hit,audited,D16,,
gartner-strategic-predictions-2017-004,gartner-strategic-predictions,miss,adjudicated,D16,"Measured consumption of false news in a mature economy exists: Allen et al. (2020), on a representative US panel of TV, desktop and mobile use, find fake news at 0.15% of the daily media diet and news overall at most 14.2%. For false information to exceed true for most people, the share would have to exceed half; the measured share is orders of magnitude lower, and no later study reports a share near that. Miss. Grader A's Reuters DNR evidence measures concern, not consumption, as A said; but the consumption measure exists, so ungradable does not apply. Data years precede 2022; the gap is too large for the vintage to change the verdict.",
gartner-strategic-predictions-2017-005,gartner-strategic-predictions,hit,audited,D16,,
gartner-strategic-predictions-2018-002,gartner-strategic-predictions,miss,audited,D16,,
gartner-strategic-predictions-2018-003,gartner-strategic-predictions,ungradable,adjudicated,D16,"The claim states a value attributed to a technology (visits avoided due to AI-enhanced virtual care). Under D23 such an attributed value is ungradable unless a public source measures the attribution; none does (NHAMCS and CDC report total visits, not visits avoided by virtual care). Grader A graded total ED visits (130.0M in 2018, 155.4M in 2022), a different quantity: totals can rise while a counterfactual reduction occurs, so the rise does not establish a miss. A's figures are correct; the reading is the error.",
gartner-strategic-predictions-2018-007,gartner-strategic-predictions,miss,audited,D16,,
gartner-strategic-predictions-2018-010,gartner-strategic-predictions,hit,audited,D16,,
gartner-strategic-predictions-2019-001,gartner-strategic-predictions,miss,audited,D16,,
gartner-strategic-predictions-2019-005,gartner-strategic-predictions,miss,audited,D16,,
gartner-strategic-predictions-2019-007,gartner-strategic-predictions,miss,adjudicated,D16,"Graded as an adoption claim under D16 (below 5% = miss). The news industry's provenance effort converged on C2PA (founded with BBC, Microsoft, Adobe, and the New York Times' involvement), which secures provenance with hash codes and certified digital signatures, not a blockchain. Blockchain authentication of news stayed at pilot or single-outlet scale, which bounds the share far below 5% of world news and video. No survey gives a share, but adoption at this scale is evident from what was deployed, as for other D16 adoption calls; ungradable would require that no measure of the claim's state exists. Least certain call in this set on the ungradable boundary.",
gartner-strategic-predictions-2019-010,gartner-strategic-predictions,miss,audited,D16,,
gartner-strategic-predictions-2020-003,gartner-strategic-predictions,miss,audited,D16,,
gartner-strategic-predictions-2020-010,gartner-strategic-predictions,miss,adjudicated,D16,"The claim names its own measure, a CEO survey. Gartner's 2024 CEO and senior executive survey (416 respondents) reports top business priorities with shares (growth 62%, then technology and workforce); content moderation is not among the reported priorities, so its share is well below 30%. Miss. The survey release itself returned 403 and the archive was blocked; the priority list is from search summaries cited by grader B. Grader A looked for the item and found it absent, which is evidence of a miss rather than of no measure.",
gartner-strategic-predictions-2021-004,gartner-strategic-predictions,miss,audited,D16,,
idc-futurescape-2014-006,idc-futurescape,contested,contested,D16,"Wikipedia (citing PwC/Strategy&) confirms 21% of large public companies had a CDO by 2020, but that measures CDO presence, not CIOs supplanted by a CDO for digital product delivery; no survey of the same population and behaviour exists for 2019-2020 (session rule, D22/D23 same-quantity), so the bound argument does not support a published verdict.",miss
idc-futurescape-2015-002,idc-futurescape,ungradable,rechecked,D16,"Looked for a public 2016-2017 value of 3rd Platform share of IT spending. IDC's public Black Book releases opened now (CEMA release 2017-04-28 via Wayback; Business Wire release 2017-10-18 via Wayback; Black Book 3rd Platform Highlights PDF, 2018-03) give only forecasts (3rd Platform 75% of ICT spending by 2021), total ICT ($4.3T in 2016) and 'the 2nd Platform still represents more than $1 trillion in annual ICT spending today'. That last figure is a lower bound for 2017 ICT (incl. telecom services and consumer spend), not organizations' IT spending, and gives no 3rd Platform share; deriving a share from it would be a proxy of another scope (D23). The only public measured share found by grader B is ~29% for 2014. No public measure at the target year: ungradable.",
idc-futurescape-2015-003,idc-futurescape,miss,audited,D16,,
idc-futurescape-2015-006,idc-futurescape,miss,audited,D16,,
idc-futurescape-2017-003,idc-futurescape,hit,audited,D16,,
idc-futurescape-2018-010,idc-futurescape,hit,audited,D16,,
idc-futurescape-2019-010,idc-futurescape,hit,audited,D16,,
idc-futurescape-2020-013,idc-futurescape,ungradable,rechecked,D16,"No blocked page was the cause: both graders' reasons cite paywalled IDC follow-up surveys, not a fetch failure. With page access (Wayback reachable) nothing new is public. Looked for a 2022-2023 survey of CIOs giving the share burdened by technical debt accumulated during the pandemic (IDC, Gartner CIO Agenda, Foundry State of the CIO). 'Shadow' has no survey definition; tech-debt surveys report concern or priority, not this share. No public measure of this population and behaviour at the target year or the year before (D22/D23).",
idc-futurescape-2020-014,idc-futurescape,ungradable,rechecked,D16,"No blocked page was the cause: both graders' reasons cite paywalled IDC follow-up surveys, not a fetch failure. With page access (Wayback reachable) nothing new is public. Looked for a 2022-2023 CIO survey with the share of CIOs integral to business decisions under a comparable definition; Foundry and Gartner publish role perceptions and digital-leadership co-ownership (different behaviours). No public measure of this population and behaviour at the target year or the year before (D22/D23).",
idc-futurescape-2020-015,idc-futurescape,ungradable,rechecked,D16,"No blocked page was the cause: both graders' reasons cite paywalled IDC follow-up surveys, not a fetch failure. With page access (Wayback reachable) nothing new is public. Looked for a 2023-2024 CIO survey with the share accelerating automation for distributed work; automation-adoption surveys measure organizations' use, not acceleration by CIOs for this purpose. No public measure of this population and behaviour at the target year or the year before (D22/D23).",
idc-futurescape-2020-016,idc-futurescape,ungradable,rechecked,D16,"No blocked page was the cause: both graders' reasons cite paywalled IDC follow-up surveys, not a fetch failure. With page access (Wayback reachable) nothing new is public. Looked for any survey counting permanent CIO-led adversity or resilience centers in enterprises in 2022-2023; the construct is IDC's own and is not measured publicly. No public measure of this population and behaviour at the target year or the year before (D22/D23).",
idc-futurescape-2020-017,idc-futurescape,ungradable,rechecked,D16,"No blocked page was the cause: both graders' reasons cite paywalled IDC follow-up surveys, not a fetch failure. With page access (Wayback reachable) nothing new is public. Looked for a 2024-2025 survey of CIOs or organizations giving the share with AI deployed for customer-behaviour sensing and prediction. General AI-adoption surveys (e.g. McKinsey State of AI) measure AI use in any function, a different behaviour; using them would be a proxy (D23). No public measure of this population and behaviour at the target year or the year before (D22/D23).",
idc-futurescape-2020-018,idc-futurescape,ungradable,rechecked,D16,"No blocked page was the cause: both graders' reasons cite paywalled IDC follow-up surveys, not a fetch failure. With page access (Wayback reachable) nothing new is public. Looked for a 2024-2025 survey of the share of CIOs or IT organizations with formal low-code/no-code governance in place. Public low-code reports measure adoption or use, not governance. No public measure of this population and behaviour at the target year or the year before (D22/D23).",
idc-futurescape-2020-019,idc-futurescape,ungradable,rechecked,D16,"No blocked page was the cause: both graders' reasons cite paywalled IDC follow-up surveys, not a fetch failure. With page access (Wayback reachable) nothing new is public. Looked for any survey measuring IDC's 'control systems' construct; the term is not defined or measured outside IDC. No public measure of this population and behaviour at the target year or the year before (D22/D23).",
idc-futurescape-2020-020,idc-futurescape,ungradable,rechecked,D16,"No blocked page was the cause: both graders' reasons cite paywalled IDC follow-up surveys, not a fetch failure. With page access (Wayback reachable) nothing new is public. Looked for a 2023-2024 CIO survey on ownership of employee health, welfare and location data. No public measure of this population and behaviour at the target year or the year before (D22/D23).",
idc-futurescape-2021-001,idc-futurescape,ungradable,rechecked,D16,"Looked for a public 2023-2024 measure of the as-a-service plus outcome-based share of total tech and services spending. Public trackers measure narrower or different quantities: public cloud services (Gartner end-user spending), IDC cloud infrastructure, and IDC 'whole cloud' spending, which is a 2021 forecast ($1.3T by 2025), not a measured 2024 share and not the same quantity (it excludes non-cloud managed and outcome-based services). Dividing any of these by total IT spending would be a proxy of another quantity (D23). No public measure of the claim's quantity at the target year: ungradable.",
idc-futurescape-2021-002,idc-futurescape,ungradable,rechecked,D16,"No blocked page was the cause: both graders' reasons cite paywalled IDC follow-up surveys, not a fetch failure. With page access (Wayback reachable) nothing new is public. Looked for a 2022-2023 survey of G2000 or large enterprises measuring a reset of cloud selection criteria toward business outcomes. No public measure of this population and behaviour at the target year or the year before (D22/D23).",
idc-futurescape-2021-003,idc-futurescape,ungradable,rechecked,D16,"No blocked page was the cause: both graders' reasons cite paywalled IDC follow-up surveys, not a fetch failure. With page access (Wayback reachable) nothing new is public. Looked for a 2022-2023 enterprise survey on use of AI-assisted cloud governance services, and on value achieved; the category is IDC-defined. Cloud-management surveys (e.g. Flexera State of the Cloud) report cloud challenges and FinOps practice, not this service category. No public measure of this population and behaviour at the target year or the year before (D22/D23).",
idc-futurescape-2021-004,idc-futurescape,ungradable,rechecked,D16,"No blocked page was the cause: both graders' reasons cite paywalled IDC follow-up surveys, not a fetch failure. With page access (Wayback reachable) nothing new is public. Looked for a 2021-2022 measure of the share of large-enterprise IT budgets moved by aaS bundles in these four areas. No public measure of this population and behaviour at the target year or the year before (D22/D23).",
idc-futurescape-2021-006,idc-futurescape,ungradable,rechecked,D16,"No blocked page was the cause: both graders' reasons cite paywalled IDC follow-up surveys, not a fetch failure. With page access (Wayback reachable) nothing new is public. Looked for a 2023-2024 study comparing returns on augmenting vs automating investments across G2000; the 2x ratio is not measured publicly. No public measure of this population and behaviour at the target year or the year before (D22/D23).",
idc-futurescape-2021-007,idc-futurescape,ungradable,rechecked,D16,"No blocked page was the cause: both graders' reasons cite paywalled IDC follow-up surveys, not a fetch failure. With page access (Wayback reachable) nothing new is public. Looked for a 2024-2025 enterprise survey on data-governance restructuring caused by divergent regional mandates; privacy surveys (IAPP) measure governance programmes generally, not restructuring caused by divergence. No public measure of this population and behaviour at the target year or the year before (D22/D23).",
idc-futurescape-2021-008,idc-futurescape,ungradable,rechecked,D16,"No blocked page was the cause: both graders' reasons cite paywalled IDC follow-up surveys, not a fetch failure. With page access (Wayback reachable) nothing new is public. Looked for a 2022-2023 measure of G2000 new hardware/connectivity spending allocated to in-person customer and employee experiences. No public measure of this population and behaviour at the target year or the year before (D22/D23).",
idc-futurescape-2021-009,idc-futurescape,ungradable,rechecked,D16,"No blocked page was the cause: both graders' reasons cite paywalled IDC follow-up surveys, not a fetch failure. With page access (Wayback reachable) nothing new is public. Looked for a 2024-2025 survey of G2000 or large enterprises with dedicated digital sustainability teams; sustainability surveys measure CSO roles or ESG reporting, a different behaviour. No public measure of this population and behaviour at the target year or the year before (D22/D23).",
idc-futurescape-2021-010,idc-futurescape,ungradable,rechecked,D16,Attributed value (D23): no public source decomposes company valuations into confidence in data controls vs financial controls for 2025. Nothing was blocked; both graders' reasons hold with page access.,
idc-futurescape-2021-012,idc-futurescape,ungradable,rechecked,D16,"No blocked page was the cause: both graders' reasons cite paywalled IDC follow-up surveys, not a fetch failure. With page access (Wayback reachable) nothing new is public. Looked for a 2022-2023 CIO survey on the primary basis of CIO performance measurement; Foundry and Gartner publish priorities and role perceptions, not the primary measurement basis. No public measure of this population and behaviour at the target year or the year before (D22/D23).",
idc-futurescape-2021-013,idc-futurescape,ungradable,rechecked,D16,"No blocked page was the cause: both graders' reasons cite paywalled IDC follow-up surveys, not a fetch failure. With page access (Wayback reachable) nothing new is public. Looked for a 2024-2025 survey of CIOs/CFOs on formal technical-debt management practice adopted for this cause; vendor surveys report tech-debt concern or spend, not the share with formal practice. No public measure of this population and behaviour at the target year or the year before (D22/D23).",
idc-futurescape-2021-014,idc-futurescape,ungradable,rechecked,D16,"No blocked page was the cause: both graders' reasons cite paywalled IDC follow-up surveys, not a fetch failure. With page access (Wayback reachable) nothing new is public. Looked for a 2023-2024 CIO survey on COE-based user-support teams for hybrid work. No public measure of this population and behaviour at the target year or the year before (D22/D23).",
idc-futurescape-2021-016,idc-futurescape,ungradable,rechecked,D16,"No blocked page was the cause: both graders' reasons cite paywalled IDC follow-up surveys, not a fetch failure. With page access (Wayback reachable) nothing new is public. Looked for a 2023-2024 measure of CIO failure on these capabilities; 'fail to effectively evolve' is not surveyed. No public measure of this population and behaviour at the target year or the year before (D22/D23).",
idc-futurescape-2021-017,idc-futurescape,ungradable,rechecked,D16,"No blocked page was the cause: both graders' reasons cite paywalled IDC follow-up surveys, not a fetch failure. With page access (Wayback reachable) nothing new is public. Looked for a 2023-2024 survey or benchmark (e.g. TBM/Apptio) of the share of organizations allocating at least 25% of IT spend as LOB direct cost; none public reports this threshold share. No public measure of this population and behaviour at the target year or the year before (D22/D23).",
idc-futurescape-2021-018,idc-futurescape,ungradable,rechecked,D16,"The earlier block (Okta Secure Sign-in Trends pages returned 404) is now cleared: the 2023 report's executive summary PDF opened. It reports MFA adoption as a share of Okta Workforce Identity users (about 65% by end of 2022 per the report; by country 25-79%; 54% at 20,000+ employee firms). That is a share of workforce users at Okta customers, not a share of CIOs or organizations, and covers workforce sign-in, not ecosystem-wide (partner and customer) MFA. Using it would grade a different population and quantity (D23 proxy). No public 2021-2022 survey of the share of organizations requiring MFA across their ecosystem was found: ungradable.",
idc-futurescape-2021-019,idc-futurescape,ungradable,rechecked,D16,"No blocked page was the cause: both graders' reasons cite paywalled IDC follow-up surveys, not a fetch failure. With page access (Wayback reachable) nothing new is public. Looked for a 2024-2025 CIO survey on industry-ecosystem collaboration for these purposes. No public measure of this population and behaviour at the target year or the year before (D22/D23).",
idc-futurescape-2021-020,idc-futurescape,ungradable,rechecked,D16,"Still ungradable (D22/D23). The earlier call rested on IDC paywall, not a fetch block; with page access the IDC pages show abstracts only. Looked for: a 2022-2023 survey of G2000 (or largest-enterprise) CIOs measuring a mandate to implement sustainable IT across acquisition-to-disposal. The public 2023 Gartner CIO survey release (opened via Wayback) reports no sustainability-mandate share. No public measure of this population and behaviour found.",
idc-futurescape-2022-002,idc-futurescape,ungradable,rechecked,D16,"Still ungradable (D22/D23). Quantity is a share of vendor offerings; no public census of offerings by control-plane type exists. Cloud spending series (Gartner public cloud forecast) measure spend, a different quantity (proxy, D23). Looked for: IDC/Gartner tracker of offerings requiring cloud-based control planes, 2024-2025.",
idc-futurescape-2022-003,idc-futurescape,ungradable,rechecked,D16,"Still ungradable (D22/D23). 'Full value' attainment attributed to skills shortfalls is not measured by any public survey found for 2023-2024. Skills-gap surveys report shares citing skills as a barrier, which is a different quantity. Looked for: IDC, Gartner, Foundry surveys of businesses on value realisation blocked by skills.",
idc-futurescape-2022-004,idc-futurescape,ungradable,rechecked,D16,"Still ungradable (D22/D23). Share of G2000 IT and data assets moved for sovereignty, sustainability or residency reasons has no public measure. Looked for: IDC/Gartner sovereign-cloud surveys giving a share of assets affected, 2024-2025; found none with this quantity.",
idc-futurescape-2022-005,idc-futurescape,ungradable,rechecked,D16,"Still ungradable (D22/D23). Needs a 2022-2023 enterprise survey that ranks 'cannot assess promised gains' against cost as the main aaS barrier. None found; cloud-barrier surveys (e.g. Flexera State of the Cloud) list cost and skills but not this comparison. Looked for: IDC, Gartner, Flexera barrier rankings.",
idc-futurescape-2022-006,idc-futurescape,ungradable,rechecked,D16,"Still ungradable (D22/D23). 'Platinum-level' is a vendor tier with no common definition and no public census of such offerings or their bundled services. Looked for: tracker or survey of premium aaS tiers including expert teams, 2023-2024.",
idc-futurescape-2022-007,idc-futurescape,ungradable,rechecked,D16,"Still ungradable (D22/D23). A count of 'high-visibility' launches delayed by silicon or code supply chains has no public tally; 'high-visibility' is undefined. Isolated 2025 delays (e.g. GPU shortages) are anecdotes, not a count.",
idc-futurescape-2022-011,idc-futurescape,ungradable,rechecked,D16,"Still ungradable (D22/D23). Gartner's CIO survey (opened via Wayback) measures co-ownership of digital delivery (45% of CIOs, 12% 'franchisers'), not CIOs whose role is challenged; Foundry State of the CIO public page gives role self-identification only. Neither is the claim's quantity. Looked for: 2024-2025 CIO survey on role challenge by LOB leaders. Note: the earlier graders cite US49563122, the IT Industry 2023 edition; the claim is from the CIO Agenda 2023 FutureScape. Its public abstract would not change the call.",
idc-futurescape-2022-012,idc-futurescape,ungradable,rechecked,D16,"Still ungradable (D22/D23). 'Effective governance of pervasive IT' has no public survey measure. Gartner's 2023 survey gives operator 55% / explorer 33% / franchiser 12% profiles of digital-delivery ownership, a different construct and fielded two years before the target year. Looked for: 2024-2025 CIO survey on governance of business-led and partner IT. Note: the earlier graders cite US49563122, the IT Industry 2023 edition; the claim is from the CIO Agenda 2023 FutureScape. Its public abstract would not change the call.",
idc-futurescape-2022-014,idc-futurescape,ungradable,rechecked,D16,"Still ungradable (D22/D23). No public survey measures CIOs using resilience as competitive differentiation. Gartner's 2023 CIO survey (opened via Wayback) reports investment priorities and outcomes, not this. Looked for: 2023-2024 CIO surveys (Gartner, Foundry, IDC) on resilience as differentiator. Note: the earlier graders cite US49563122, the IT Industry 2023 edition; the claim is from the CIO Agenda 2023 FutureScape. Its public abstract would not change the call.",
idc-futurescape-2022-015,idc-futurescape,ungradable,rechecked,D16,"Still ungradable (D22/D23). 'True intelligent enterprise' has no public measure. McKinsey State of AI 2025 (scaling agentic AI 23%; high performers about 6%) and similar maturity surveys use other constructs; using them would be a proxy. Looked for: 2024-2025 surveys of AI plus automation maturity matching the definition. Note: the earlier graders cite US49563122, the IT Industry 2023 edition; the claim is from the CIO Agenda 2023 FutureScape.",
idc-futurescape-2022-017,idc-futurescape,ungradable,rechecked,D16,"Still ungradable (D22/D23). No public 2024-2025 CIO survey measures increased reliance on edge-collected operational data. Edge spending forecasts are market totals, not a share of CIOs. Note: the earlier graders cite US49563122, the IT Industry 2023 edition; the claim is from the CIO Agenda 2023 FutureScape.",
idc-futurescape-2022-018,idc-futurescape,ungradable,rechecked,D16,"Still ungradable (D22/D23). No public CIO survey measures this mandate (ethical employee-insight technology plus brand amplification). Looked for: 2023-2024 Gartner, Foundry, IDC CIO surveys on employee-experience mandates. Note: the earlier graders cite US49563122, the IT Industry 2023 edition; the claim is from the CIO Agenda 2023 FutureScape.",
idc-futurescape-2022-020,idc-futurescape,ungradable,rechecked,D16,"Still ungradable (D23 conditional claim). Condition first: public cloud (the core of 'as a service') is about $723B of roughly $5.6T IT spending in 2025, about 13% (Gartner). Whether the condition held depends on whether managed and outsourced services count as 'as a service'; no public series measures IDC's aaS share, so the condition is not shown to hold. The consequent (size of lasting opex resets) has no public measure either. Note: the earlier graders cite US49563122, the IT Industry 2023 edition; the claim is from the CIO Agenda 2023 FutureScape.",
idc-futurescape-2023-001,idc-futurescape,ungradable,rechecked,D16,"Still ungradable (D23). No public series gives AI as a share of core IT spend for the G2000. ISG's survey of 300 G2000 executives (Oct-Nov 2024) reports only that AI is 30% of the 2025 budget increase and AI spend grows 5.7% vs 1.8% for IT, not the level share. Related estimates disagree by far more than a factor of 2: Oxford Economics puts AI under 4% of enterprise tech spend in 2025 (all enterprises, model-based); BCG AI Radar has large firms planning AI spend of about 5% of revenue, which would be comparable to or above typical IT budgets. Under D23 (scope not matched; estimates span >2x) this stays ungradable, though every estimate found sits well below 40%.",
idc-futurescape-2023-003,idc-futurescape,ungradable,rechecked,D16,"Still ungradable (D22). Qualitative, universal claim ('all enterprises') with no public measure of stop-gap measures or of their effect on cloud-economics goals. GPU scarcity in 2024 is anecdotal support only.",
idc-futurescape-2023-004,idc-futurescape,ungradable,rechecked,D16,"Still ungradable (D22). With page access nothing changes: 'aggressive' expansion across the provider spectrum and partnering instability have no public series. Individual events (IBM Granite open release, Databricks-Tabular) are anecdotes, not a measure. Earlier adjudication stands.",
idc-futurescape-2023-006,idc-futurescape,ungradable,rechecked,D16,"Still ungradable (D23). No public measure of the share of service engagements with GenAI-enabled delivery. Services firms disclose GenAI bookings or revenue (e.g. Accenture), a share of value, not of engagements: a proxy. Looked for: IDC services trackers, provider disclosures counting engagements.",
idc-futurescape-2023-012,idc-futurescape,ungradable,rechecked,D16,"Still ungradable (D23). Opened the pages the earlier pass could not: Gartner's 2023 CIO survey (n=2,457) reports 70% call GenAI game-changing, 9% deployed, 55% plan to within 24 months: attitude and plans, not pressure. Salesforce/Vanson Bourne (600 IT professionals, Dec 2023-Jan 2024) says GenAI is the #1 technology IT feels pressure to onboard quickly and 88% cannot keep up with AI requests, but gives no share of CIOs feeling pressure. RWS reports 87% of C-suite executives feel pressure, a different population. EY 2024 US CIO sentiment survey has no pressure share. No measure of this population and behaviour.",
idc-futurescape-2023-014,idc-futurescape,ungradable,rechecked,D16,"Still ungradable (D23). Public CIO surveys rank data and analytics among top investment areas (Gartner 2023 release: cybersecurity, data analytics, cloud) but give no share of CIOs prioritising strategic data management with a comparable definition. Ranking is not the share.",
idc-futurescape-2023-015,idc-futurescape,ungradable,rechecked,D16,"Still ungradable (D22/D23). No public survey measures attainment of CIOs' 2025 digital revenue goals. Gartner's 2023 survey reports share of digital initiatives meeting outcome targets (43% operator, 63% franchiser), a different quantity and year.",
idc-futurescape-2023-017,idc-futurescape,hit,adjudicated,D16,"Session rule: a share of CIOs is gradable against a survey of the same population and behaviour at the target year or the year before. The 2025 Gartner CIO and Technology Executive Survey (3,186 CIOs and technology executives, 88 countries, fielded 2024, published October 2024) reports 37% of organizations had already deployed GenAI. Error |35-37|/37 = 5.4%: hit under D16 numeric. Grader A's factor-of-2 range mixes populations and years: the Gartner Q4 2023 survey (29%) and McKinsey State of AI (about 65%) are not CIO surveys, and the 2024 CIO survey (9% deployed) was fielded in 2023 and is superseded by the target-year survey of the same population. With same-population data only, D23's range test does not trigger. Uncertainty: the 37% figure was confirmed via search results only (Gartner pages return 403 to fetch); a broader reading of 'embrace' (deployed or piloting) is not measured by any CIO survey and would not lower the verdict below partial.",
idc-futurescape-2023-018,idc-futurescape,ungradable,rechecked,D16,"Still ungradable (D22/D23). No public 2024-2025 CIO survey gives a share motivated or planning to automate compliance and ESG reporting. Looked for: Gartner, Foundry, IDC CIO surveys on compliance/ESG automation.",
idc-futurescape-2024-006,idc-futurescape,miss,audited,D16,,
idc-futurescape-2024-011,idc-futurescape,ungradable,rechecked,D16,"Still ungradable (D22/D23). No public survey of the G1000 (or the largest firms) measures difficulty with divergent regulation in 2025. Looked for: IDC, Gartner, KPMG/EY large-enterprise regulatory surveys giving this share. Note: earlier graders cite US51736824, the IT Industry 2025 edition; the claim is from the CIO Agenda 2025 FutureScape.",
idc-futurescape-2024-012,idc-futurescape,partial,adjudicated,D16,"Surveys of organizations measuring this behaviour exist for 2024 and 2025, so grader A's 'no such survey found' is a search gap. Estimates on the dominant reading (in place or in progress): IAPP, spring 2024, 77% working on AI governance; Pacific AI, Feb-May 2025, 75% have AI usage policies; PEX Report 2025/26, 43% have an AI governance policy plus 25% implementing one = 68%. Range 68-77%, within a factor of 2 (D23). Median 75%; |85-75|/75 = 13.3%: partial. Grader B's median of two (76%, 11.8%) gives the same verdict. Narrower readings (formal governance framework 36%, dedicated role 59%, risk-evaluation process 45%) would be a miss, but 'be formalizing' is progressive and names policies first, so the broad reading dominates. Sample caveat: all three are self-selected professional surveys, not representative panels.",
idc-futurescape-2024-013,idc-futurescape,ungradable,rechecked,D16,"Still ungradable (D23). Found IDC's 2023/2024 CIO Sentiment Survey via CIO.com: nearly 4 in 10 CIOs expected to overspend on digital infrastructure and 47% of those blamed tech debt; CIOs ranked tech debt elimination well below AI and security. Neither is the share of CIOs driving enterprise remediation initiatives, and it predates the target year. Gartner's '<20% of software leaders are very effective at managing tech debt' is another construct. No measure of the claim's quantity. Note: earlier graders cite US51736824, the IT Industry 2025 edition; the claim is from the CIO Agenda 2025 FutureScape.",
kurzweil-1990-001,kurzweil,hit,audited,D16,,
kurzweil-1990-002,kurzweil,hit,audited,D16,,
kurzweil-1990-003,kurzweil,partial,audited,D16,,
kurzweil-1990-004,kurzweil,hit,audited,D16,,
kurzweil-1990-006,kurzweil,hit,adjudicated,D16,"Both graders agree on the fact: Google Translate's Android Conversation Mode launched January 2011 (English-Spanish; 14 languages by October 2011). D16 grades hit if true by target_year + 2; January 2011 is well inside the 2010+2 window, and the rule does not penalise arrival within two years. Grader B applied a late-arrival penalty that D16 does not impose inside the +2 window. Hit.",
kurzweil-1999-001,kurzweil,hit,audited,D16,,
kurzweil-1999-002,kurzweil,hit,audited,D16,,
kurzweil-1999-003,kurzweil,miss,audited,D16,,
kurzweil-1999-004,kurzweil,partial,agreed,D16,,
kurzweil-1999-005,kurzweil,miss,audited,D16,,
kurzweil-1999-006,kurzweil,hit,adjudicated,D16,"The sentence follows the body-LAN sentence and says 'these truly personal computers', so the referent is the small carried devices, not notebooks. In 2009 phones and smartphones used flash memory only, and most music players were flash (nano, shuffle, touch). This meets the device test (more than 50% of new units). Notebooks still used hard disks, but the text does not refer to them. Grader B's notebook reading is less faithful to the antecedent.",
kurzweil-1999-007,kurzweil,partial,agreed,D16,,
kurzweil-1999-008,kurzweil,miss,audited,D16,,
kurzweil-1999-009,kurzweil,partial,audited,D16,,
kurzweil-1999-010,kurzweil,miss,audited,D16,,
kurzweil-1999-011,kurzweil,hit,audited,D16,,
kurzweil-1999-012,kurzweil,partial,audited,D16,,
kurzweil-1999-013,kurzweil,hit,audited,D16,,
kurzweil-1999-014,kurzweil,miss,audited,D16,,
kurzweil-1999-015,kurzweil,partial,audited,D16,,
kurzweil-1999-016,kurzweil,partial,audited,D16,,
kurzweil-1999-017,kurzweil,miss,audited,D16,,
kurzweil-1999-018,kurzweil,partial,audited,D16,,
kurzweil-1999-019,kurzweil,partial,audited,D16,,
kurzweil-1999-020,kurzweil,miss,agreed,D16,,
kurzweil-1999-021,kurzweil,hit,agreed,D16,,
kurzweil-1999-022,kurzweil,miss,agreed,D16,,
kurzweil-1999-023,kurzweil,partial,agreed,D16,,
kurzweil-1999-024,kurzweil,hit,agreed,D16,,
kurzweil-1999-025,kurzweil,hit,adjudicated,D16,"Grader B says no such device existed by 2009. That is wrong. Benenson and Shapiro demonstrated a programmable autonomous molecular computer in 2001 and in 2004 an autonomous DNA automaton that evaluated cancer-gene expression and on its own released an antisense drug molecule. Autonomous DNA walkers were shown in 2003-2004. Nanoengineering was not a practical technology in 2009. Both halves hold. The devices are molecular, not Drexler-style atom-by-atom assemblers; the text's 'molecule by molecule' covers them.",
kurzweil-1999-026,kurzweil,hit,agreed,D16,,
kurzweil-1999-027,kurzweil,hit,agreed,D16,,
kurzweil-1999-028,kurzweil,hit,adjudicated,D16,"Routine-use test: more than 20% of the relevant industry. In 2009, 94% of US public school teachers used grading systems, 96% word processing and 94% the internet for instruction or administration; 97% of schools had classroom computers. 'All facets' is an overstatement, but routine use far above the 20% threshold across teaching and administration meets the rule. B's 'computer-centred instruction' test adds a condition the text does not state.",
kurzweil-1999-029,kurzweil,partial,agreed,D16,,
kurzweil-1999-030,kurzweil,hit,adjudicated,D16,"Both trends were real by 2009. World printing and writing paper production peaked in 2007 at about 120 Mt and fell in 2008-2009, and has not regained the peak. Google had scanned about 7 million books by November 2008 and 12 million by June 2010. Grader A tested completion (share of all titles scanned), but the text claims a rate, not completion.",
kurzweil-1999-031,kurzweil,hit,audited,D16,,
kurzweil-1999-032,kurzweil,partial,adjudicated,D16,"In 2009 the share was near zero, so no hit and no 'measurable by 2009' partial. The question is the 3-5 year window. Sub-pound high-resolution tablets arrived in 2012-2013 (iPad mini 0.68 lb, Nexus 7, Kindle Fire HD). Pearson's 2013 survey found about three in ten US students in grades 4-12 owned a tablet, with younger students more likely; 42% of high-school students used tablets regularly in 2014. A large part of the tablets children owned were 7-8 inch models under a pound. This puts ownership of a matching device near the 20% line in 2013-2014. Grader A's claim of under 5% by 2014 is not supported. Low certainty: no source splits student tablet ownership by weight.",
kurzweil-1999-033,kurzweil,miss,audited,D16,,
kurzweil-1999-034,kurzweil,miss,audited,D16,,
kurzweil-1999-035,kurzweil,hit,adjudicated,D16,"The text says materials 'are accessed through wireless communication'; it does not say 'mainly'. Routine-use test (20% of the relevant industry): in fall 2008, 39% of US public schools had whole-school wireless and 30% partial wireless, 58% had laptop carts, and 94% of teachers used the internet for instruction or administration. Wireless access to learning materials was routine in well over 20% of schools. B's 'mainly wireless' test adds a word the text does not contain.",
kurzweil-1999-036,kurzweil,partial,agreed,D16,,
kurzweil-1999-037,kurzweil,miss,audited,D16,,
kurzweil-1999-038,kurzweil,partial,adjudicated,D16,"The claim has three parts. Part 1 (teacher-led instruction still prevalent) is true. Part 2 (increasing reliance on software approaches) has a measurable share: 55% of US school districts had students in distance-education courses in 2009-10, with about 1.8 million enrollments, and cognitive tutors ran in thousands of schools. Part 3 (teachers attend primarily to motivation and well-being) did not happen by 2014. A measurable share above 5% but below mainstream by 2009 fits partial. A's miss grades only part 3.",
kurzweil-1999-039,kurzweil,miss,audited,D16,,
kurzweil-1999-040,kurzweil,miss,agreed,D16,,
kurzweil-1999-041,kurzweil,hit,agreed,D16,,
kurzweil-1999-042,kurzweil,miss,agreed,D16,,
kurzweil-1999-043,kurzweil,partial,adjudicated,D16,"Acceptance is measurable where the systems were used. Print-to-speech software (Kurzweil 3000 and similar) was used and accepted among students with learning disabilities. The LeapFrog Tag, a pen that reads printed children's books aloud, sold more than 2 million readers in 2008-2009, a share above 5% of US children of the target age. General routine use by most children (claim 040) did not happen. Measurable, below mainstream, gives partial. A's miss rests on 'under 5%' without a source and ignores consumer read-aloud devices.",
kurzweil-1999-044,kurzweil,hit,agreed,D16,,
kurzweil-1999-045,kurzweil,hit,agreed,D16,,
kurzweil-1999-046,kurzweil,miss,adjudicated,D16,"The only measured quantity is formal learning time: about 32 hours per employee per year around 2009-2011, about 1.6% of a 2,000-hour year, and flat, not growing. No source shows learning as a significant share of work time in most jobs, by 2009 or by 2014. B's test (share of workers who get some training) measures a different claim (see 047). Informal learning is not measured, so it cannot support a hit or partial.",
kurzweil-1999-047,kurzweil,hit,adjudicated,D16,"Routine-use test (20% of the relevant population). In 2004-05, 27% of US adults took work-related courses in one year, the most common adult-education activity. Employers delivered about 32 formal learning hours per employee every year, and many licensed professions required continuing education. Recurring training reached well over 20% of workers. 'Most careers' is not directly measured, but the rule's mainstream threshold is met.",
kurzweil-1999-048,kurzweil,miss,agreed,D16,,
kurzweil-1999-049,kurzweil,partial,agreed,D16,,
kurzweil-1999-050,kurzweil,partial,agreed,D16,,
kurzweil-1999-051,kurzweil,hit,agreed,D16,,
kurzweil-1999-052,kurzweil,hit,adjudicated,D16,"The verb is 'have been introduced'. Talking GPS devices for blind travellers were on sale: Trekker (reviewed 2003), BrailleNote GPS, and Trekker Breeze ($895, reviewed March 2009), which announced streets and intersections and guided users back to route. In the sentence, GPS attaches most naturally to 'finding their way around'; separate electronic obstacle aids also existed. GPS did not detect obstacles, which is a weakness in wording, not a failure of the main claim.",
kurzweil-1999-053,kurzweil,partial,agreed,D16,,
kurzweil-1999-054,kurzweil,miss,agreed,D16,,
kurzweil-1999-055,kurzweil,miss,adjudicated,D16,"No real-time speech translation was in common use in 2009, so the share was under 5% at the placed year. Google Translate added speech input in 2010 and an experimental English-Spanish conversation mode in January 2011; use stayed far below 20% through 2014. Neither partial condition holds: no 5% share by 2009, and no mainstream use in 2012-2014. B's partial rests on 'likely above 5% of smartphone users trying it', which is not a D16 condition.",
kurzweil-1999-056,kurzweil,hit,agreed,D16,,
kurzweil-1999-057,kurzweil,miss,agreed,D16,,
kurzweil-1999-058,kurzweil,miss,agreed,D16,,
kurzweil-1999-059,kurzweil,hit,agreed,D16,,
kurzweil-1999-060,kurzweil,hit,agreed,D16,,
kurzweil-1999-061,kurzweil,partial,agreed,D16,,
kurzweil-1999-062,kurzweil,hit,agreed,D16,,
kurzweil-1999-063,kurzweil,hit,agreed,D16,,
kurzweil-1999-064,kurzweil,hit,adjudicated,D16,"User test (20% of target users in major markets). By April 2009, 56% of US adults had gone online wirelessly (Wi-Fi or mobile), and Kindle and iPhone delivered books, music and apps over the air. A used mobile broadband subscriptions worldwide (13%), which excludes Wi-Fi and averages in non-major markets. 'Ever-present, high-bandwidth' overstates 2009 coverage, but wireless delivery was mainstream in major markets.",
kurzweil-1999-065,kurzweil,hit,agreed,D16,,
kurzweil-1999-066,kurzweil,partial,agreed,D16,,
kurzweil-1999-067,kurzweil,miss,agreed,D16,,
kurzweil-1999-068,kurzweil,hit,agreed,D16,,
kurzweil-1999-069,kurzweil,hit,agreed,D16,,
kurzweil-1999-070,kurzweil,hit,agreed,D16,,
kurzweil-1999-071,kurzweil,miss,agreed,D16,,
kurzweil-1999-072,kurzweil,hit,agreed,D16,,
kurzweil-1999-073,kurzweil,miss,agreed,D16,,
kurzweil-1999-074,kurzweil,hit,adjudicated,D16,"The book itself places this as a non-mainstream practice, so the mainstream test does not apply; the test is presence at a measurable level. Remote sexual activity was practised in 2009: webcam sex, cybersex, and avatar sex in Second Life adult regions (peak 88,200 concurrent users in 2009). In 2012, 6% of US adult cell owners had sent and 15% had received a sext. A's VR-mainstream reading contradicts the author's own next sentence.",
kurzweil-1999-075,kurzweil,hit,agreed,D16,,
kurzweil-1999-076,kurzweil,miss,adjudicated,D16,"Popular means mainstream here. No source shows virtual-partner use at 5% or more of adults in major markets by 2009 or by 2014. LovePlus (Japan only, September 2009) and adult areas of Second Life were niches. Both graders agree use was niche; B gives partial without a 5% figure, and D16 partial needs a measurable share of at least 5%.",
kurzweil-1999-077,kurzweil,partial,agreed,D16,,
kurzweil-1999-078,kurzweil,miss,agreed,D16,,
kurzweil-1999-079,kurzweil,miss,agreed,D16,,
kurzweil-1999-080,kurzweil,miss,audited,D16,,
kurzweil-1999-081,kurzweil,hit,audited,D16,,
kurzweil-1999-082,kurzweil,hit,adjudicated,D16,"The observable part has a dominant reading and data: a 2007 Duke/Berkeley study found a foreign-born key founder in 25.3% of US engineering and technology companies founded 1995-2005, with $52bn in 2005 sales. The 'ideal heritage' explanation is opinion and cannot be tested, but an untestable explanation does not give a different verdict; no faithful reading of the text gives a miss. D16 allows unfalsifiable only when readings give different verdicts.",
kurzweil-1999-083,kurzweil,hit,audited,D16,,
kurzweil-1999-084,kurzweil,partial,adjudicated,D16,"Mixed. OECD 2009 data name Israel, Sweden, Switzerland, the UK and the US as the developed venture-capital markets; Japan is not among them and only 2% of Japanese start-ups got VC, so Europe ahead of Japan holds. Korea is a counterexample: OECD ranks it among the leading countries in VC as a share of GDP. Venture capital stayed under 0.05% of GDP in most countries in 2009, so 'popular throughout the world' is only partly true, though VC and employee share schemes existed in many countries. One comparison holds, one fails: partial.",
kurzweil-1999-085,kurzweil,miss,audited,D16,,
kurzweil-1999-086,kurzweil,miss,audited,D16,,
kurzweil-1999-087,kurzweil,partial,audited,D16,,
kurzweil-1999-088,kurzweil,hit,adjudicated,D16,"Mainstream test (20% of target users). By 2009 the iTunes Store was the largest US music vendor (from April 2008), had previews and secure checkout, and was on iPhone over Wi-Fi and 3G from 2007; the App Store passed 1 billion downloads in April 2009. Download over home Wi-Fi to laptops was common (56% of US adults online wirelessly in 2009). A's own test, 35% smartphone ownership in May 2011, is within 2 years and above 20%, which D16 grades as a hit.",
kurzweil-1999-089,kurzweil,hit,audited,D16,,
kurzweil-1999-090,kurzweil,hit,audited,D16,,
kurzweil-1999-091,kurzweil,hit,audited,D16,,
kurzweil-1999-092,kurzweil,hit,audited,D16,,
kurzweil-1999-093,kurzweil,contested,contested,D16,"Computerworld (28 Aug 2000) gives about 60 embedded processors per US household, and Turley (2002, found by search) gives 40-50; no source measures the 2009 figure. Both graders chose partial without an actual value, so the D16 quantitative band cannot be applied.",partial
kurzweil-1999-094,kurzweil,hit,audited,D16,,
kurzweil-1999-095,kurzweil,miss,audited,D16,,
kurzweil-1999-096,kurzweil,miss,audited,D16,,
kurzweil-1999-097,kurzweil,partial,agreed,D16,,
kurzweil-1999-098,kurzweil,hit,audited,D16,,
kurzweil-1999-099,kurzweil,hit,audited,D16,,
kurzweil-1999-100,kurzweil,partial,agreed,D16,,
kurzweil-1999-101,kurzweil,miss,agreed,D16,,
kurzweil-1999-102,kurzweil,unfalsifiable,adjudicated,D16,"The sentence depends on claim 101 (a growing neo-Luddite movement), which did not appear in measurable form. The predicate 'influence is limited' is true; the presupposed movement and the causal mechanism fail or cannot be tested. Neither reading is more faithful to the text: the sentence asserts the limit and presupposes the movement equally. The readings give hit and miss. D16 gives unfalsifiable.",
kurzweil-1999-103,kurzweil,partial,agreed,D16,,
kurzweil-1999-104,kurzweil,partial,corrected,D16,"FRED/Census SAIPE confirms poverty 11.9% (1999) and 14.3% (2009); a 'stable' forecast of 11.9% is 16.8% off the actual 14.3%, and the count (32.8M vs 43.6M) is 24.8% off, so both measures fall inside the D16 25% band. Grader B's statement that both exceed 25% is an arithmetic error; 'continuing concern' held.",miss
kurzweil-1999-105,kurzweil,hit,adjudicated,D16,"The observable state held: the poor did not form a significant political movement in 2009-2011, and public assistance expanded (ARRA raised SNAP benefits from April 2009; participation peaked at 47.6 million in 2013). The 2009 recession raised poverty to 14.3%, but US income per head stayed among the highest in the world, so 'generally high level of affluence' is weakened, not false. Occupy (2011) was not an underclass movement. The mechanism cannot be tested, but no faithful reading gives a miss on the observable state. Low-to-medium certainty.",
kurzweil-1999-106,kurzweil,hit,agreed,D16,,
kurzweil-1999-107,kurzweil,miss,audited,D16,,
kurzweil-1999-108,kurzweil,partial,agreed,D16,,
kurzweil-1999-109,kurzweil,partial,adjudicated,D16,"Auto-accompaniment was in wide amateur use: arranger keyboards follow the chords a player enters live and generate a backing band, and Band-in-a-Box (since 1990) generates backing and solos. That is a basic 'cybernetic musician' that responds to the player's chords, and its use by amateur keyboard players is a measurable share. Responsive improvising partners stayed in research labs, so 'routinely jam' with responsive musicians was not mainstream by 2014. Measurable but below mainstream gives partial. No usage statistics exist, so certainty is low.",
kurzweil-1999-110,kurzweil,hit,agreed,D16,,
kurzweil-1999-111,kurzweil,hit,agreed,D16,,
kurzweil-1999-112,kurzweil,partial,adjudicated,D16,"The software existed by 2009: Band-in-a-Box, GarageBand with Magic GarageBand (bundled with every Mac), and Microsoft Songsmith (early 2009), which generates accompaniment for a sung melody. Under D16 the claim reads as mainstream use, and no source shows 20% of non-musician music lovers creating music with such software by 2011. Products on sale and bundled at scale, with thousands of shared user songs, show measurable use below mainstream. B's availability reading ignores the D16 frame.",
kurzweil-1999-113,kurzweil,miss,agreed,D16,,
kurzweil-1999-114,kurzweil,hit,agreed,D16,,
kurzweil-1999-115,kurzweil,partial,agreed,D16,,
kurzweil-1999-116,kurzweil,hit,agreed,D16,,
kurzweil-1999-117,kurzweil,miss,audited,D16,,
kurzweil-1999-118,kurzweil,partial,agreed,D16,,
kurzweil-1999-119,kurzweil,partial,agreed,D16,,
kurzweil-1999-120,kurzweil,partial,audited,D16,,
kurzweil-1999-121,kurzweil,hit,adjudicated,D16,"Machine translation was in mass use by 2009-2011: Google Translate (2006; about 23 languages by January 2009), Babel Fish, Bing Translator and Chrome's built-in page translation (2010). Google Translate served over 200 million people a day by May 2013. Casual use by internet users reading foreign-language text meets the mainstream test. B's narrower reading (publication-grade translation of books) adds a restriction the text does not state. Medium certainty: no retrieved figure for 2009-2011 exactly.",
kurzweil-1999-122,kurzweil,hit,audited,D16,,
kurzweil-1999-123,kurzweil,hit,adjudicated,D16,"In the book's 2009 chapter, virtual environments are screen and eyeglass based (claims 010, 017, 073); immersive direct-eye VR is placed in the 2019 chapter. So the dominant 2009 reading is interactive environments as software, which covers games and simulations. In 2008, 53% of US adults and 97% of teens played video games, and World of Warcraft had over 10 million subscribers. That clears the 20% mainstream test. The rafting and movie-star examples are illustrative; the movie-star example did not occur.",
kurzweil-1999-124,kurzweil,hit,audited,D16,,
kurzweil-1999-125,kurzweil,hit,adjudicated,D16,"The sentence is mainly a statement of limit, and the limit held: consumer haptics in 2009 were controller rumble and force-feedback wheels and joysticks. The audiovisual part holds under the same reading as claim 123: 3D game environments with surround sound were a mass entertainment form in 2009. A graded 'compelling VR' as consumer head-mounted VR, which the book places in 2019, not 2009.",
kurzweil-1999-126,kurzweil,miss,corrected,D16,"Wikipedia confirms Cyber Command was ordered 23 Jun 2009 as a sub-unified command and elevated only in 2017; GAO-11-695R puts DoD cybersecurity budget estimates at $2.3-3.2B for FY2012, under 1% of the DoD budget. The claimed 'primary focus' did not occur by 2014, and no D16 branch gives partial.",partial
kurzweil-1999-127,kurzweil,miss,audited,D16,,
kurzweil-1999-128,kurzweil,partial,adjudicated,D16,"Dominance was not reached: in 2009 the wars were fought mainly by about 186,000 US ground troops and manned aircraft, and drones were remotely piloted, not autonomous. But unmanned aircraft had a large measurable share: DoD inventory grew from 167 in 2002 to nearly 7,500 in 2010, and the unmanned share of DoD aircraft rose from 5% in 2005 to about 41% by 2010-2012. A measurable share well above 5% but short of dominance by the placed year gives partial.",
kurzweil-1999-129,kurzweil,miss,audited,D16,,
kurzweil-1999-130,kurzweil,hit,agreed,D16,,
kurzweil-1999-131,kurzweil,hit,agreed,D16,,
kurzweil-1999-132,kurzweil,miss,agreed,D16,,
kurzweil-1999-133,kurzweil,hit,agreed,D16,,
kurzweil-1999-134,kurzweil,hit,agreed,D16,,
kurzweil-1999-135,kurzweil,miss,agreed,D16,,
kurzweil-1999-136,kurzweil,hit,agreed,D16,,
kurzweil-1999-137,kurzweil,hit,agreed,D16,,
kurzweil-1999-138,kurzweil,miss,agreed,D16,,
kurzweil-1999-139,kurzweil,partial,agreed,D16,,
kurzweil-1999-140,kurzweil,partial,adjudicated,D16,"Computerised records were mainstream among office physicians by 2011 (57% any EMR, 34% basic), so the loose reading is a hit. But the text says lifetime records. Longitudinal lifetime records existed only in integrated systems (VA, Kaiser) and some small national systems; records elsewhere stayed fragmented across providers through 2014. A measurable share (more than 5% of US patients in VA and Kaiser alone is near the line) below mainstream gives partial. B's reading drops the word that makes the claim a forecast.",
kurzweil-1999-141,kurzweil,hit,audited,D16,,
kurzweil-1999-142,kurzweil,partial,audited,D16,,
kurzweil-1999-143,kurzweil,hit,audited,D16,,
kurzweil-1999-144,kurzweil,hit,adjudicated,D16,"Attention rose around 2008-2009. Springer published 'Parsing the Turing Test' (January 2008), a 518-page multi-author volume with a Dennett foreword. The 2008 Loebner Prize at the University of Reading, where programs fooled 3 of 12 judges, drew wide press coverage. The 2012 centenary was larger, but 'renewed interest' needs a visible rise, not a peak, and the rise is dated 2008. Medium certainty: no attention index was retrieved.",
kurzweil-1999-145,kurzweil,unfalsifiable,adjudicated,D16,"The first clause (computers still fail) is true. The forecast is the trend in confidence, and the text does not say whose. The only survey (AGI-09, self-selected optimists) supports reading 1; mainstream AI opinion of the period was more sceptical, and the 2002 Kapor-Kurzweil bet framed the question as open. No series measures a change in confidence between 1999 and 2009. Neither reading dominates, the readings point to different verdicts, and the trend itself has no measure.",
kurzweil-1999-146,kurzweil,hit,audited,D16,,
kurzweil-1999-148,kurzweil,partial,agreed,D16,,
kurzweil-1999-149,kurzweil,miss,agreed,D16,,
kurzweil-1999-150,kurzweil,miss,agreed,D16,,
kurzweil-1999-151,kurzweil,partial,agreed,D16,,
kurzweil-1999-152,kurzweil,hit,agreed,D16,,
kurzweil-1999-153,kurzweil,miss,agreed,D16,,
kurzweil-1999-154,kurzweil,partial,agreed,D16,,
kurzweil-1999-155,kurzweil,partial,agreed,D16,,
kurzweil-1999-156,kurzweil,partial,agreed,D16,,
kurzweil-1999-157,kurzweil,partial,agreed,D16,,
kurzweil-1999-158,kurzweil,hit,agreed,D16,,
kurzweil-1999-159,kurzweil,partial,adjudicated,D16,"Compound claim. The communication half held strongly (93% of world population within 3G+ reach, 95% mobile-broadband coverage by 2021; 4G speeds orders above 1999 dial-up). The 'computing embedded everywhere' half (ubiquitous computing in objects) was only partly realised by 2021 (see the separate 148 claim). One half mainstream, one half below it = partly true. Partial.",
kurzweil-1999-160,kurzweil,partial,agreed,D16,,
kurzweil-1999-161,kurzweil,miss,audited,D16,,
kurzweil-1999-162,kurzweil,miss,audited,D16,,
kurzweil-1999-163,kurzweil,miss,audited,D16,,
kurzweil-1999-164,kurzweil,miss,audited,D16,,
kurzweil-1999-165,kurzweil,miss,adjudicated,D16,"Grader A called it ungradable for want of a direct workload-share series, but the claim is a 'majority' (>50%) threshold that bounding evidence clearly falsifies: in 2019-2024 the overwhelming bulk of executed compute ran conventional software (OS, web, databases, business apps), AI-accelerated servers were a minority even of data-centre growth, and genetic algorithms are marginal. A threshold this far from met does not need a precise series to be graded, so D22 ungradable does not apply. Miss.",
kurzweil-1999-166,kurzweil,hit,agreed,D16,,
kurzweil-1999-167,kurzweil,hit,agreed,D16,,
kurzweil-1999-168,kurzweil,hit,agreed,D16,,
kurzweil-1999-169,kurzweil,hit,agreed,D16,,
kurzweil-1999-170,kurzweil,miss,audited,D16,,
kurzweil-1999-171,kurzweil,miss,audited,D16,,
kurzweil-1999-172,kurzweil,partial,agreed,D16,,
kurzweil-1999-173,kurzweil,miss,audited,D16,,
kurzweil-1999-174,kurzweil,miss,audited,D16,,
kurzweil-1999-175,kurzweil,hit,agreed,D16,,
kurzweil-1999-176,kurzweil,partial,adjudicated,D16,"The sentence predicts two modes: reading on hand-held screens and, as the more common mode, direct-eye displays. Hand-held reading became routine and mainstream (phones, tablets, e-readers carried the majority of reading). The 'more commonly direct-eye' mode failed (AR/retinal eyewear stayed niche). One named mode held at mainstream, the dominant mode failed = partly true. Grader A graded only the failed direct-eye mode; the hand-held clause is part of the forecast and held. Partial.",
kurzweil-1999-177,kurzweil,miss,audited,D16,,
kurzweil-1999-178,kurzweil,partial,audited,D16,,
kurzweil-1999-179,kurzweil,miss,audited,D16,,
kurzweil-1999-180,kurzweil,hit,agreed,D16,,
kurzweil-1999-182,kurzweil,hit,agreed,D16,,
kurzweil-1999-183,kurzweil,hit,agreed,D16,,
kurzweil-1999-184,kurzweil,partial,agreed,D16,,
kurzweil-1999-185,kurzweil,miss,agreed,D16,,
kurzweil-1999-186,kurzweil,miss,agreed,D16,,
kurzweil-1999-187,kurzweil,partial,agreed,D16,,
kurzweil-1999-188,kurzweil,miss,agreed,D16,,
kurzweil-1999-189,kurzweil,partial,agreed,D16,,
kurzweil-1999-190,kurzweil,partial,agreed,D16,,
kurzweil-1999-191,kurzweil,hit,agreed,D16,,
kurzweil-1999-192,kurzweil,miss,agreed,D16,,
kurzweil-1999-193,kurzweil,hit,agreed,D16,,
kurzweil-1999-194,kurzweil,hit,adjudicated,D16,"The claim's wording is 'very effective and widely used', not 'used by a majority of candidates'. Both parts held: implants are the established, highly effective standard of care for severe-to-profound deafness, with ~736,900 registered worldwide by December 2019 (over 1 million by 2022) and routine deployment across all major markets, including the majority of eligible children in developed countries. Grader B's 20%-of-all-candidates test reads in a penetration threshold the claim does not state. Hit.",
kurzweil-1999-195,kurzweil,miss,agreed,D16,,
kurzweil-1999-196,kurzweil,miss,agreed,D16,,
kurzweil-1999-197,kurzweil,partial,agreed,D16,,
kurzweil-1999-198,kurzweil,miss,agreed,D16,,
kurzweil-1999-199,kurzweil,hit,adjudicated,D16,"The verb is 'have emerged' - an existence/appearance claim, not a mainstream-adoption claim. Commercial glasses-free 'holographic' light-field displays existed by 2018 (Looking Glass shipped December 2018), satisfying emergence. Grader B graded down because true diffraction holograms remained prototypes, but that imposes a stricter definition than the label's 'emerged'. The dominant reading of the claim is met. Hit.",
kurzweil-1999-200,kurzweil,miss,audited,D16,,
kurzweil-1999-201,kurzweil,miss,audited,D16,,
kurzweil-1999-202,kurzweil,miss,audited,D16,,
kurzweil-1999-203,kurzweil,hit,adjudicated,D16,"Under the decade-chapter rule (hit if true by target_year + 2 = 2021), the claim held: by 2020-2021 meetings moved online at scale (Zoom to >300 million daily participants April 2020; 67% of US white-collar workers remote in part by September 2021), so most meetings did not require physical proximity. The rule grades the outcome inside the window; the pandemic cause and the later partial reversal do not disqualify a within-window hit. Grader A's requirement of a durable majority of all meetings is stricter than D16's window test. Hit.",
kurzweil-1999-204,kurzweil,hit,audited,D16,,
kurzweil-1999-205,kurzweil,partial,adjudicated,D16,"Two components. The 'all done through the ever-present web' component held near-universally (streaming, web-delivered media and calls were ubiquitous by 2019). The 'via worn/direct-eye devices' delivery mechanism failed (media ran on phones/PCs/TVs; AR/VR headsets 11.2M shipments in 2021, far below any share threshold; 3D calls niche). One component true at mainstream, the specific delivery mechanism below 5% = partly true. Grader A graded only the worn-device mechanism; the web-delivery of these activities is real and massive. Partial.",
kurzweil-1999-206,kurzweil,miss,audited,D16,,
kurzweil-1999-207,kurzweil,miss,audited,D16,,
kurzweil-1999-208,kurzweil,miss,audited,D16,,
kurzweil-1999-209,kurzweil,miss,audited,D16,,
kurzweil-1999-210,kurzweil,miss,audited,D16,,
kurzweil-1999-211,kurzweil,partial,agreed,D16,,
kurzweil-1999-212,kurzweil,miss,agreed,D16,,
kurzweil-1999-213,kurzweil,miss,agreed,D16,,
kurzweil-1999-214,kurzweil,miss,audited,D16,,
kurzweil-1999-215,kurzweil,partial,agreed,D16,,
kurzweil-1999-216,kurzweil,miss,audited,D16,,
kurzweil-1999-217,kurzweil,miss,audited,D16,,
kurzweil-1999-218,kurzweil,partial,agreed,D16,,
kurzweil-1999-219,kurzweil,miss,agreed,D16,,
kurzweil-1999-220,kurzweil,hit,agreed,D16,,
kurzweil-1999-221,kurzweil,hit,adjudicated,D16,"The claim is modest ('superior in SOME ways, such as...') and names two specific advantages: very reliable memory and programmable personalities. Both held by 2019-2021: assistants and companion apps (Replika, voice assistants used by ~1 billion people) had exact recall of stored data and configurable, scripted personas. Grader A graded down on conversational-memory limits, but the claim's 'very reliable memories' points to stored-data recall, which digital systems trivially have. The stated narrow superiorities held. Hit.",
kurzweil-1999-222,kurzweil,hit,adjudicated,D16,"First clause held throughout 2019-2021 (chatbots widely seen as far less subtle than humans). The second clause only requires that 'there is disagreement', a low bar met by 2019-2021: companion-app users (Replika) treated bots as partners, a visible minority dissent, later sharpened by the June 2022 LaMDA episode. Grader A set the bar at a prominent public controversy and so dated it to 2022; the claim's wording ('there is disagreement') was already satisfied within the 2019+2 window. Hit.",
kurzweil-1999-223,kurzweil,hit,agreed,D16,,
kurzweil-1999-224,kurzweil,partial,audited,D16,,
kurzweil-1999-225,kurzweil,hit,audited,D16,,
kurzweil-1999-226,kurzweil,hit,audited,D16,,
kurzweil-1999-227,kurzweil,partial,audited,D16,,
kurzweil-1999-228,kurzweil,partial,audited,D16,,
kurzweil-1999-229,kurzweil,hit,audited,D16,,
kurzweil-1999-230,kurzweil,hit,audited,D16,,
kurzweil-1999-231,kurzweil,partial,adjudicated,D16,"The dominant reading of 'sufficient prosperity to provide' is a capacity claim, not a claim that necessities are universally provided, so this is not a case of two equally faithful readings diverging - D16 unfalsifiable does not apply, and Grader B's call is set aside. Under the dominant (capacity) reading: the controversies-persist clause held (welfare/responsibility debates continued), and aggregate world output could cover basic necessities at modest cost; but necessities were in fact not secured for ~700 million people in extreme poverty, so the implied state of affairs was only partly realised. Partly true. Partial.",
kurzweil-1999-232,kurzweil,ungradable,adjudicated,D16,"The claim states a specific quantity: the share of working time (across most jobs) spent on the employee's own learning, and that it is growing. No public series measures this. Grader A graded partial off adult-learning participation rates (share of adults who take any training), which is a different quantity - a proxy, not a measure of the stated share of work time. Under D23 a proxy of another quantity is not a measure. Ungradable (looked for: share of working time spent learning across employment; ATD State-of-the-Industry hours-per-employee and OECD/Eurostat adult-learning participation measure neither the share of work time nor its trend).",
kurzweil-1999-234,kurzweil,partial,adjudicated,D16,"By 2018-2019 AI artists were emerging and taken seriously in visual art (Edmond de Belamy sold at Christie's for $432,500, 2018) and music (AIVA recognised by SACEM, 2016), but critics largely treated these as novelty, and 'all of the arts' (literature and others) lagged. Wide serious engagement across the arts arrived with the 2022-2024 generative-AI wave (within the 3-5-year window). The claim's qualifiers ('all', 'taken seriously') were only partly met by 2021. Grader A's hit undervalues those qualifiers. Partial.",
kurzweil-1999-235,kurzweil,hit,audited,D16,,
kurzweil-1999-236,kurzweil,partial,audited,D16,,
kurzweil-1999-237,kurzweil,contested,contested,D16,"Cited sources (Wikipedia 'Midjourney', 'Theatre D'opera Spatial', 'AIVA') are anecdotes with no share of working artists using AI, in 2019 or 2022-2024, so neither the >=5% nor the mainstream-in-3-5-years branch is shown. Readings also split: machine-intelligence features in standard tools (auto-tune, content-aware fill) were typical in 2019, which would read as hit.",partial
kurzweil-1999-238,kurzweil,partial,adjudicated,D16,"Video games clearly surpassed film and recorded music by revenue (US games matched US film at ~$43bn in 2018; global games ~$179bn 2020, ~$191bn 2021, roughly double film). But the claim is 'the type ... in greatest demand ... continues to be', i.e. the single largest over all entertainment, and television/video (pay-TV plus advertising plus streaming) remains a larger aggregate that neither grader shows smaller. Games is the largest discrete interactive product but not clearly the single greatest entertainment product overall. Partly true. Partial.",
kurzweil-1999-239,kurzweil,miss,audited,D16,,
kurzweil-1999-240,kurzweil,partial,audited,D16,,
kurzweil-1999-241,kurzweil,miss,audited,D16,,
kurzweil-1999-242,kurzweil,partial,audited,D16,,
kurzweil-1999-243,kurzweil,contested,contested,D16,"World Bank SP.DYN.LE00.IN 2019 vs 100 years (D16 numeric, error relative to actual): World 72.9 (37%, miss), US 78.8 (27%, miss), but EU 81.3 (23%), OECD 80.2 (24.6%), high income 80.2 (24.7%) and Japan 84.4 (18.5%) are within 25%, i.e. partial. The industrial-revolution frame points to developed countries, which sit at the partial/miss boundary; A misapplied the band (miss at 15%) and B wrongly said the developed-country reading is a miss.",miss
kurzweil-1999-244,kurzweil,hit,audited,D16,,
kurzweil-1999-245,kurzweil,partial,adjudicated,D16,"The 2017 horsepox synthesis (~$100,000, mail-order DNA, a funded university team) shows the capability had descended to a modestly resourced lab and drew expert alarm - but it required ~$100k, specialised tacit skill and controls, which is above the claim's specific 'typical graduate student' threshold. Grader A equates 'academic lab/team' with 'typical graduate student'; the claim names the latter. Capability trending toward but not yet at the stated level = partly true. Partial.",
kurzweil-1999-246,kurzweil,partial,adjudicated,D16,"The claim has checkable components, so D22 ungradable (Grader B) does not apply. The 'major focus of international security agencies' component is falsifiable and largely failed pre-COVID (the 2018 US National Defense Strategy centred on great-power competition, not biothreats); bioengineered countermeasures did advance (mRNA design in days; first authorisation Dec 2020) but were not recognised as a 'comparable' offset and biosecurity was not the agencies' major focus in 2019. Part true, part false. Partial.",
kurzweil-1999-247,kurzweil,partial,audited,D16,,
kurzweil-1999-248,kurzweil,partial,audited,D16,,
kurzweil-1999-249,kurzweil,partial,adjudicated,D16,"The 'do not meet expert criteria' clause held strongly (Eugene Goostman's 2014 'pass' widely rejected by experts). But the 'prevalent reports' clause was not met by 2019: Turing-pass reports were occasional (Goostman and a few chatbot claims), not prevalent, until the generative-AI wave of 2022-2023, 3-4 years after target (within the 3-5-year window). Grader A's hit understates 'prevalent'. Partly true. Partial.",
kurzweil-1999-250,kurzweil,partial,adjudicated,D16,"The consensus clause ('not yet passed') held firmly through 2019-2021. The 'growing controversy' clause, read as a genuine live dispute over whether machines had passed a valid test, materialised with large language models in 2022-2024 (LaMDA sentience claim June 2022; 'ChatGPT broke the Turing test' 2023; GPT-4/GPT-4.5 pass studies 2024-2025), 3-5 years after target. In 2019-2021 the matter was relatively settled among experts. Partly true (consensus held; the growing controversy came in the 3-5-year window). Partial.",
kurzweil-1999-251,kurzweil,partial,audited,D16,,
kurzweil-1999-252,kurzweil,hit,audited,D16,,
kurzweil-2005-001,kurzweil,miss,audited,D16,,
kurzweil-2005-002,kurzweil,hit,adjudicated,D16,"The dominant reading - devices tapping vast remote compute and memory over high-speed links - was realised by 2010-2012 via cloud computing (AWS 2006, Azure 2010) plus mobile broadband, with mobile apps routinely offloading to the cloud. The parenthetical 'mesh' (every device becoming a web server in a peer supercomputer) is Kurzweil's gloss on the architecture and did not form, but the substantive claim held. Grader B weights the failed peer-mesh detail over the realised substance. Hit.",
kurzweil-2005-003,kurzweil,partial,adjudicated,D16,"Always-on wireless Internet was arriving (3G smartphones gave constant connectivity, LTE launched Dec 2009), satisfying 'at all times'. But 'very high-bandwidth' is the load-bearing qualifier: around 2010-2012 most mobile data still ran on 3G (a few Mbps), and very-high-bandwidth 4G/LTE did not reach mainstream (~20% of users in major markets) until ~2013-2014 - mainstream 3-5 years after the placed year. Grader A counts the LTE launch but it was not widespread by 2012. Partly true. Partial.",
kurzweil-2005-004,kurzweil,miss,agreed,D16,,
kurzweil-2005-005,kurzweil,miss,adjudicated,D16,"Read in context (items 004-007 describe tiny displays projecting images, AR overlays and augmented perception), 'project auditory environments' means immersive/spatial soundscapes, not ordinary stereo earphones. Immersive spatial audio in tiny earbuds arrived ~2020 (AirPods Pro spatial audio), ten years late and beyond the 5-year window. The trivial 'personal audio' reading that Grader B uses treats the prediction as the already-mundane earphone, which is not the dominant contextual reading. Miss.",
kurzweil-2005-006,kurzweil,miss,audited,D16,,
kurzweil-2005-007,kurzweil,miss,adjudicated,D16,"Around 2010 AR existed only as niche smartphone apps (Layar/Wikitude 2009, Word Lens Dec 2010), well below the D16 5% partial floor, and mass AR use (Pokemon Go) did not arrive until July 2016 - six years later, outside the 3-5-year mainstream window. Neither D16 partial condition is met (no >=5% share by 2010-2012; mainstream not reached within 3-5 years). Grader B granted partial on the mere existence of AR apps without a 5% share. Miss.",
kurzweil-2005-008,kurzweil,partial,agreed,D16,,
kurzweil-2005-009,kurzweil,hit,agreed,D16,,
kurzweil-2005-010,kurzweil,partial,agreed,D16,,
kurzweil-2005-011,kurzweil,hit,agreed,D16,,
kurzweil-2005-012,kurzweil,miss,agreed,D16,,
kurzweil-2005-013,kurzweil,miss,adjudicated,D16,"The claim's mechanism is brain scanning contributing to the model. By 2025-2026 it has not: the effective AI systems of the period (LLMs/GPT-4) are trained on text, not derived from brain scans, and connectomics remains at fruit-fly / ~1 mm3-mouse scale with no scan-derived model of human intelligence. Grader A graded partial by crediting LLMs, but LLMs do not satisfy 'brain scanning contributes'. The stated route did not deliver; a reversal by 2027-2030 is not supported by current connectomics. Miss (window nominally open to 2030, but the brain-scanning mechanism shows no sign of delivering).",
kurzweil-2010-001,kurzweil,partial,audited,D16,,
mckinsey-tech-trends-2022-018,mckinsey-tech-trends,contested,contested,D16,"Quote and footnote confirmed (2022 PDF p.96) and Gartner (Jul 2025) security services 2025 = $83.8bn (+21%, partial), but Precedence Research puts 2025 cybersecurity services (professional incl. integration, support, consulting + managed) at $177.3bn (-43%, miss); estimates of the same quantity span >2x, so under D23 the claim is ungradable, not partial. Graders used one estimate only.",partial
mckinsey-tech-trends-2023-005,mckinsey-tech-trends,hit,audited,D16,,
mckinsey-tech-trends-2023-006,mckinsey-tech-trends,hit,audited,D16,,
mckinsey-tech-trends-2023-014,mckinsey-tech-trends,hit,audited,D16,,
mckinsey-tech-trends-2023-026,mckinsey-tech-trends,partial,audited,D16,,
mckinsey-tech-trends-2024-002,mckinsey-tech-trends,hit,audited,D16,,
mckinsey-tech-trends-2024-011,mckinsey-tech-trends,hit,audited,D16,,
mckinsey-tech-trends-2024-015,mckinsey-tech-trends,hit,adjudicated,D16,"Third-party question (D30): the edition (p. text checked in the archived PDF) states the figure in McKinsey's own voice ('are expected to open by 2025') with no footnote or attribution; the match to DOE's Dec-2021 list of 13 new gigafactories is grader A's inference, and the edition's frame (13 of ~30, incl. already-operational plants) is not the DOE frame (13 new plants). So it is the publisher's forecast, not a quoted figure. Measure (D23): the Dallas Fed (2026-03-03) counts the same quantity for the same scope - US battery gigafactories of the recent build-out: 12 operating and 23 under construction (35 total, consistent with the edition's ~30 frame). Different vintage/method of the same quantity is gradable under D23; only one public tally found, so no range test applies. Grader A's 'no public tally found' is superseded by this source, which grader B cited. Arithmetic: 13 forecast vs 12 actual, error 1/12 = 8.3% (B's '+8%' is correct) -> within 10% -> hit. Grader B's alternative DOE-list reading (miss) is less faithful because the edition does not cite or reproduce that list. Uncertainty: the Dallas Fed count is dated March 2026 rather than 31 Dec 2025 and does not state whether pre-2021 plants (e.g. Panasonic Nevada, AESC Smyrna, LGES Holland) are included; if they were added the operating count would be ~15 and the verdict would drop to partial (13 vs 15 = 13%).",
mit-tr-10-breakthrough-2017-003,mit-tr-10-breakthrough,partial,adjudicated,D16,"Test: 20% of target users, measured as China's mobile-payment users who pay by face. Both graders cite about 118 million face-payment users in 2019 against more than 700 million mobile-payment users, about 17%: below 20% at placed year + 2, so not a hit. That share is well above 5% inside the window, so the verdict is partial whether the later figure (about 495 million in 2021, mainstream 4 years after) holds or not. Grader A reached hit by adding iPhone Face ID to Chinese face payment; that sums two different populations and measures, and A itself notes face payment alone was under 20%. Face ID hardware on new iPhones is not 50% of new smartphones, so the device-feature test does not rescue a hit either. The 120 million in the article are Alipay users, not face-payment users.",
mit-tr-10-breakthrough-2017-004,mit-tr-10-breakthrough,miss,audited,D16,,
mit-tr-10-breakthrough-2017-005,mit-tr-10-breakthrough,miss,audited,D16,,
mit-tr-10-breakthrough-2017-007,mit-tr-10-breakthrough,contested,contested,D16,"FDA list confirms Luxturna, Zolgensma, Hemgenix, Elevidys, Casgevy (59 products listed, not 66). The hit rests on an approval event test that D16 does not provide; no grader shows 20% (or even 5%) of patients with targeted inherited disorders treated, and uptake of several (e.g. hemophilia) gene therapies is known to be low.",hit
mit-tr-10-breakthrough-2017-008,mit-tr-10-breakthrough,partial,audited,D16,,
mit-tr-10-breakthrough-2017-009,mit-tr-10-breakthrough,hit,audited,D16,,
mit-tr-10-breakthrough-2017-010,mit-tr-10-breakthrough,partial,audited,D16,,
mit-tr-10-breakthrough-2018-001,mit-tr-10-breakthrough,ungradable,adjudicated,D16,"Test: routine use by 20% of the relevant industry (manufacturers of metal parts), 5% floor. Every survey found samples firms that already use additive manufacturing (Stratasys Direct 2019, AMFG 2019 '49% of companies use metal AM', Jabil 2019 '40% use 3-D printing for production'), not manufacturers at large, and none gives metal AM in routine production as a share of manufacturers. Grader B's partial asserts a share above 5% and below 20% without a measure of either bound: its cited 12% and 49% are shares of AM users, a different population. Market-size figures (AMPOWER) are a different quantity. No public measure exists for the stated quantity (D22).",
mit-tr-10-breakthrough-2018-002,mit-tr-10-breakthrough,hit,adjudicated,D16,"The claim names embryo-like structures, which existed at publication (Cambridge 2017-18). Within placed year + 2 several labs published stem-cell embryo models: mouse gastruloids (Beccari et al., Nature, Oct 2018), trunk-like structures (Veenvliet et al., Science, 2020), and human gastruloids (Moris et al., Nature, June 2020). That is routine research use, mouse and human, by 2020: hit. Grader B raised the bar to 'complete' embryo models (2022 mouse, 2023 human), which the claim does not state; that is a reading error. Grader A's hit is right but its evidence (2022, 2023) falls outside the hit window. No share-of-labs measure exists; the call rests on the shared lab-method test both graders used.",
mit-tr-10-breakthrough-2018-004,mit-tr-10-breakthrough,partial,audited,D16,,
mit-tr-10-breakthrough-2018-005,mit-tr-10-breakthrough,hit,audited,D16,,
mit-tr-10-breakthrough-2018-006,mit-tr-10-breakthrough,ungradable,adjudicated,D16,"Test: 20% of earbud users using in-ear live translation (5% floor), or 50% of new earbuds shipping with it. No public figure exists for Pixel Buds sales, for use of Google's interpreter through earbuds, or for the share of earbuds supporting it. Google extended the feature to all Assistant-optimised headphones in 2018, and phone-side conversation mode works with any earbuds, so feature support cannot be bounded by vendor share either. Grader B's 'below 5% through 2023' is inferred from the absence of adoption data and from Apple (2025) and Samsung (2024) adding the feature late; that dates the arrival of the feature at two vendors, not the share of users. Ungradable (D22): looked for Pixel Buds sales, Translate conversation-mode usage, surveys of earbud translation use.",
mit-tr-10-breakthrough-2018-007,mit-tr-10-breakthrough,miss,audited,D16,,
mit-tr-10-breakthrough-2018-008,mit-tr-10-breakthrough,miss,audited,D16,,
mit-tr-10-breakthrough-2018-009,mit-tr-10-breakthrough,miss,adjudicated,D16,"Test: 20% of adults in major markets receiving a genome-based polygenic risk prediction; 5% floor within 2018-2023. Clinical PRS stayed in research trials (not standard of care as of 2021). The consumer channel: 23andMe first issued polygenic reports in 2019. Grader A's 'roughly 5% at most' divides 23andMe's 14 million customers (Feb 2024, outside the window, worldwide, and including ancestry-only customers) by US adults; that is an upper bound of a larger population, not the measured share. Health-report customers within the window are a smaller subset, and against adults in all major markets the share is far below 5%. Miss; window closed 2023.",
mit-tr-10-breakthrough-2019-001,mit-tr-10-breakthrough,miss,adjudicated,D16,"Test: routine use by 20% of the relevant industry (warehouse and fulfilment operations using learned robotic piece picking); partial needs 5% by 2024. Interact Analysis counts just over 3,000 picking robots shipped worldwide in 2024 outside Amazon; a cumulative fleet of that order cannot reach 5% of the world's warehouses. Amazon's arms (Sparrow, Robin, Vulcan) are one operator with no disclosed share of picks. Grader A's ungradable is defensible for a precise share, but the shipment count bounds the share well below 5%, which is enough for a miss. Provisional miss, window closes 2029. Note: the Interact Analysis page was blocked (captcha) on re-fetch; the figure is taken from Grader B's search summary.",
mit-tr-10-breakthrough-2019-003,mit-tr-10-breakthrough,miss,audited,D16,,
mit-tr-10-breakthrough-2019-004,mit-tr-10-breakthrough,miss,audited,D16,,
mit-tr-10-breakthrough-2019-009,mit-tr-10-breakthrough,miss,audited,D16,,
mit-tr-10-breakthrough-2019-010,mit-tr-10-breakthrough,partial,audited,D16,,
mit-tr-10-breakthrough-2020-001,mit-tr-10-breakthrough,miss,audited,D16,,
mit-tr-10-breakthrough-2020-002,mit-tr-10-breakthrough,miss,audited,D16,,
mit-tr-10-breakthrough-2020-003,mit-tr-10-breakthrough,miss,adjudicated,D16,"Test: 20% of target users (consumers in launch markets) paying with the new digital currency; 5% floor within 2020-2025. Libra/Diem never launched and was sold in 2022. e-CNY counted 261 million wallets by end-2021, but wallets were opened in a trial pushed with more than RMB 150 million of giveaways, and total transactions were US$13.8 billion, about US$53 per wallet over the trial; WeChat Pay and Alipay kept more than 90% of electronic payments. A wallet opened is not use of the money. Grader A graded wallet counts as users; that measures accounts, not payment. No public figure shows 5% of consumers paying with e-CNY. Miss, window closed 2025. Least certain: on wallet counts the verdict would be partial.",
mit-tr-10-breakthrough-2020-004,mit-tr-10-breakthrough,miss,audited,D16,,
mit-tr-10-breakthrough-2020-005,mit-tr-10-breakthrough,hit,adjudicated,D16,"The entry says scientists have already used AI to discover drug-like compounds, and its 'why it matters' names the difficulty of finding promising molecules as the cost driver. What becomes available in 3-5 years is therefore the discovery method in practice, not a share of approved drugs; Grader A's reading (b), share of clinical candidates, is less faithful to the text, so the dominant reading is graded (D16) and unfalsifiable does not apply. Test: routine use by 20% of the industry. ICON/GlobalData found 49% of pharma and biotech R&D professionals using AI/Big Data in R&D in 2024 (39% in 2019); 16 of the top 20 pharmas' executives call AI an immediate priority; AI-discovered candidates are in phase 2 and 3 trials. Mainstream by 2027: hit. Note the surveys sample professionals and executives, not firms.",
mit-tr-10-breakthrough-2020-006,mit-tr-10-breakthrough,partial,adjudicated,D16,"Test: 20% of target users, i.e. households and sites lacking terrestrial broadband, with the US as the measured major market. Starlink had about 1 million subscribers worldwide in Dec 2022 and about 1.4 million in the US by Aug 2024, against about 7 to 7.5 million unserved US locations in 2024 (about 19%); 2.7 million US subscribers by mid-2026. Mainstream arrives around 2025, 5 years after the placed year, and the share passed 5% by about 2022: partial either way. Grader B measured share of the satellite-broadband market (already a small niche of users), which tests whether Starlink beat GEO providers, not adoption by target users; B itself notes the household reading gives a lower verdict. Not every Starlink subscriber sits at an unserved location, which makes this an upper bound and does not lift it to a hit.",
mit-tr-10-breakthrough-2020-008,mit-tr-10-breakthrough,hit,audited,D16,,
mit-tr-10-breakthrough-2020-009,mit-tr-10-breakthrough,hit,audited,D16,,
mit-tr-10-breakthrough-2020-010,mit-tr-10-breakthrough,hit,audited,D16,,
mit-tr-10-breakthrough-2021-001,mit-tr-10-breakthrough,hit,audited,D16,,
mit-tr-10-breakthrough-2021-002,mit-tr-10-breakthrough,hit,adjudicated,D16,"Both graders agree on the facts: US adults who had used ChatGPT were 18% in July 2023 (Pew), below 20%, and 34% by Feb-Mar 2025. The dispute is the base. The entry's own framing is a developer platform (API, apps built on it, code generation), so routine use by the relevant industry is the dominant D16 test. Stack Overflow 2023 (survey May 2023): 44% of respondents already use AI tools in their development process (26% more plan to), and 83% of AI-search users used ChatGPT, 55% of AI-dev-tool users Copilot (both GPT-family). That is above 20% of the industry within the +2 window: hit. Grader B cited the 70% 'use or plan to use' figure; the currently-using figure (44%, Stack Overflow blog) is the right one and still clears the bar. Grader A's general-public base is a valid secondary test and is borderline rather than clearly late (Pew's next reading, Feb 2024, was 23%), so it does not dominate.",
mit-tr-10-breakthrough-2021-003,mit-tr-10-breakthrough,hit,audited,D16,,
mit-tr-10-breakthrough-2021-004,mit-tr-10-breakthrough,miss,audited,D16,,
mit-tr-10-breakthrough-2021-005,mit-tr-10-breakthrough,miss,audited,D16,,
mit-tr-10-breakthrough-2021-006,mit-tr-10-breakthrough,miss,audited,D16,,
mit-tr-10-breakthrough-2021-007,mit-tr-10-breakthrough,hit,audited,D16,,
mit-tr-10-breakthrough-2021-008,mit-tr-10-breakthrough,hit,audited,D16,,
mit-tr-10-breakthrough-2021-009,mit-tr-10-breakthrough,hit,audited,D16,,
mit-tr-10-breakthrough-2021-010,mit-tr-10-breakthrough,partial,audited,D16,,
mit-tr-10-breakthrough-2022-001,mit-tr-10-breakthrough,hit,audited,D16,,
mit-tr-10-breakthrough-2022-002,mit-tr-10-breakthrough,hit,audited,D16,,
mit-tr-10-breakthrough-2022-003,mit-tr-10-breakthrough,miss,audited,D16,,
mit-tr-10-breakthrough-2022-004,mit-tr-10-breakthrough,hit,audited,D16,,
mit-tr-10-breakthrough-2022-005,mit-tr-10-breakthrough,partial,audited,D16,,
mit-tr-10-breakthrough-2022-006,mit-tr-10-breakthrough,hit,audited,D16,,
mit-tr-10-breakthrough-2022-007,mit-tr-10-breakthrough,partial,audited,D16,,
mit-tr-10-breakthrough-2022-009,mit-tr-10-breakthrough,contested,contested,D16,"Only evidence is one Wikipedia sentence that synthetic data 'has become a core component of the post-training pipeline' for LLMs, with no adoption figures; that is a practice of a few frontier labs, not a measured 20% of organisations training AI, and the claim's framing (privacy- and bias-safe data sold by vendors) is untested. Too weak for hit or any other verdict.",hit
mit-tr-10-breakthrough-2022-010,mit-tr-10-breakthrough,miss,audited,D16,,
mit-tr-10-breakthrough-2023-002,mit-tr-10-breakthrough,hit,audited,D16,,
mit-tr-10-breakthrough-2023-003,mit-tr-10-breakthrough,partial,audited,D16,,
mit-tr-10-breakthrough-2023-004,mit-tr-10-breakthrough,hit,audited,D16,,
mit-tr-10-breakthrough-2023-005,mit-tr-10-breakthrough,hit,audited,D16,,
mit-tr-10-breakthrough-2023-007,mit-tr-10-breakthrough,hit,audited,D16,,
mit-tr-10-breakthrough-2023-008,mit-tr-10-breakthrough,hit,audited,D16,,
mit-tr-10-breakthrough-2023-009,mit-tr-10-breakthrough,hit,adjudicated,D16,"Grader B is right that no survey gives the share of archaeology projects using ancient DNA (one search for a bibliometric share found none). But D22 applies when no public measure of what the claim states exists, and this claim states a capability in routine use, which is measured: the Allen Ancient DNA Resource records about 10 individuals per year with genome-wide data in 2010-2014, about 200 per year in 2015-2017 and thousands per year since 2018, passing 10,000 by end-2022; the entry itself gives 5 (2010) to 5,550 (2020) whole-genome individuals. In the relevant field, studies of ancient human population history, genome-wide aDNA is the standard method at the placed year, the same routine-use-in-its-community test the consensus applied to JWST and Rubin. Hit; least certain call, as the share of the wider archaeology field is unmeasured.",
mit-tr-10-breakthrough-2023-010,mit-tr-10-breakthrough,hit,audited,D16,,
mit-tr-10-breakthrough-2024-001,mit-tr-10-breakthrough,hit,audited,D16,,
mit-tr-10-breakthrough-2024-003,mit-tr-10-breakthrough,miss,audited,D16,,
mit-tr-10-breakthrough-2024-004,mit-tr-10-breakthrough,hit,audited,D16,,
mit-tr-10-breakthrough-2024-006,mit-tr-10-breakthrough,hit,audited,D16,,
mit-tr-10-breakthrough-2024-007,mit-tr-10-breakthrough,miss,audited,D16,,
mit-tr-10-breakthrough-2024-008,mit-tr-10-breakthrough,hit,audited,D16,,
mit-tr-10-breakthrough-2024-009,mit-tr-10-breakthrough,hit,audited,D16,,
mit-tr-10-breakthrough-2024-010,mit-tr-10-breakthrough,partial,audited,D16,,
mit-tr-10-breakthrough-2025-001,mit-tr-10-breakthrough,hit,audited,D16,,
mit-tr-10-breakthrough-2025-002,mit-tr-10-breakthrough,hit,audited,D16,,
mit-tr-10-breakthrough-2025-003,mit-tr-10-breakthrough,contested,contested,D16,"Device reading checks out (Counterpoint: GenAI phones ~1/3 of 2025 shipments; IDC: 18% in 2024), giving partial. But the entry names cloud small models (GPT-4o mini, Claude Haiku) as much as on-device ones, and Wikipedia 'GPT-4o' shows GPT-4o mini replaced GPT-3.5 Turbo as ChatGPT's free-tier model in July 2024, which on a usage reading would put a small model in front of >20% of US adults (Pew 34%) and give hit. Two faithful readings, different verdicts; neither grader tested the cloud one.",partial
mit-tr-10-breakthrough-2025-004,mit-tr-10-breakthrough,miss,audited,D16,,
mit-tr-10-breakthrough-2025-005,mit-tr-10-breakthrough,miss,audited,D16,,
mit-tr-10-breakthrough-2025-006,mit-tr-10-breakthrough,miss,audited,D16,,
nic-global-trends-1997-001,nic-global-trends,hit,agreed,D16,,
nic-global-trends-1997-002,nic-global-trends,hit,agreed,D16,,
nic-global-trends-1997-003,nic-global-trends,miss,audited,D16,,
nic-global-trends-1997-004,nic-global-trends,hit,audited,D16,,
nic-global-trends-1997-005,nic-global-trends,partial,audited,D16,,
nic-global-trends-1997-006,nic-global-trends,partial,audited,D16,,
nic-global-trends-1997-007,nic-global-trends,miss,audited,D16,,
nic-global-trends-1997-008,nic-global-trends,hit,audited,D16,,
nic-global-trends-1997-009,nic-global-trends,hit,audited,D16,,
nic-global-trends-1997-010,nic-global-trends,hit,agreed,D16,,
nic-global-trends-1997-011,nic-global-trends,partial,agreed,D16,,
nic-global-trends-1997-012,nic-global-trends,hit,agreed,D16,,
nic-global-trends-1997-013,nic-global-trends,partial,adjudicated,D16,"D30 state of affairs over 1997-2010. The source context defines weakness as a lack of economic resources for great-power status, not as stagnation. Held in part: 1998 default and collapse (GDP $196 bn in 1999), 2009 contraction of 7.8%, and in 2010 Russia was about 2.3% of world GDP, about a tenth of the US, and still commodity-dependent. Failed in part: 1999-2008 growth of 5-10% a year, dollar GDP up from $405 bn to $1.66 tn, large reserves, debt repaid, and enough resources to fund military revival (Georgia 2008). Grader B graded a growth/stagnation reading that is narrower than the source's capability framing; B's 'high-income on 2012 data' falls outside the target. No arithmetic errors found.",
nic-global-trends-1997-014,nic-global-trends,hit,agreed,D16,,
nic-global-trends-1997-015,nic-global-trends,hit,agreed,D16,,
nic-global-trends-1997-016,nic-global-trends,hit,agreed,D16,,
nic-global-trends-1997-017,nic-global-trends,miss,audited,D16,,
nic-global-trends-1997-018,nic-global-trends,hit,audited,D16,,
nic-global-trends-1997-019,nic-global-trends,hit,audited,D16,,
nic-global-trends-1997-020,nic-global-trends,hit,audited,D16,,
nic-global-trends-1997-021,nic-global-trends,miss,audited,D16,,
nic-global-trends-1997-022,nic-global-trends,hit,audited,D16,,
nic-global-trends-1997-023,nic-global-trends,hit,audited,D16,,
nic-global-trends-1997-024,nic-global-trends,hit,audited,D16,,
nic-global-trends-1997-025,nic-global-trends,partial,audited,D16,,
nic-global-trends-1997-026,nic-global-trends,hit,audited,D16,,
nic-global-trends-1997-027,nic-global-trends,hit,audited,D16,,
nic-global-trends-1997-028,nic-global-trends,miss,audited,D16,,
nic-global-trends-2000-002,nic-global-trends,hit,audited,D16,,
nic-global-trends-2000-003,nic-global-trends,partial,corrected,D16,"OWID/UN WPP 2024 population CSV: world +1,298.8 m 2000-2015, UN more developed regions (Europe, Northern America, Japan, Australia, NZ) +71.6 m, so the developing share is 94.49%, 0.51 pp from 95%: outside the D18 0.5 pp hit band, inside 1.0 pp. The World Bank income-group reading (about 91%) is further off. Graders rounded to 0.5.",hit
nic-global-trends-2000-004,nic-global-trends,hit,audited,D16,,
nic-global-trends-2000-005,nic-global-trends,hit,adjudicated,D16,"A percent change is a level forecast (implied level 1.5x base), graded under the D16 numeric rule, not D18 points. Energy Institute via OWID: 105,981 TWh (2000) to 145,500 TWh (2015), ratio 1.373; forecast 1.5 is 9.3% above actual (hit). IEA TES as cited by B gives about 1.36 (10.3%, partial); D23 median of the two is about 1.366, 9.8% off: hit, but close to the edge. If the NIC's unstated base were 1997 rather than 2000, actual growth is larger and the hit is firmer. Sufficiency held: no lasting physical shortage through 2015. Grader A applied D18 percentage points to a level change (rule error); A's '8.5% under' also measures error against the forecast rather than the actual (D16 measures against the actual: 9.3%), though both are inside 10%. The IEA figure is B's and was not re-fetched.",
nic-global-trends-2000-006,nic-global-trends,hit,audited,D16,,
nic-global-trends-2000-007,nic-global-trends,miss,audited,D16,,
nic-global-trends-2000-008,nic-global-trends,partial,audited,D16,,
nic-global-trends-2000-009,nic-global-trends,hit,audited,D16,,
nic-global-trends-2000-010,nic-global-trends,hit,agreed,D16,,
nic-global-trends-2000-011,nic-global-trends,hit,agreed,D16,,
nic-global-trends-2000-012,nic-global-trends,hit,agreed,D16,,
nic-global-trends-2000-014,nic-global-trends,partial,agreed,D16,,
nic-global-trends-2000-015,nic-global-trends,hit,agreed,D16,,
nic-global-trends-2004-001,nic-global-trends,hit,audited,D16,,
nic-global-trends-2004-002,nic-global-trends,hit,audited,D16,,
nic-global-trends-2004-003,nic-global-trends,hit,audited,D16,,
nic-global-trends-2004-005,nic-global-trends,hit,audited,D16,,
nic-global-trends-2004-006,nic-global-trends,hit,adjudicated,D16,"D16 numeric level rule; measure not stated, so under D23 the market-rate and PPP real series are treated as estimates of the same quantity by different methods and graded on their median. GDP: 1.711 (market) and 1.876 (PPP), median 1.79 vs 1.80: hit. Per capita: 1.342 (market) and 1.472 (PPP), median 1.407; 1.5 is 6.6% above: hit. On market rates alone per capita is 11.8% off (partial), which is why B scored partial: B's arithmetic is correct, but B used one method where D23 requires the median. A's '6% off' for per capita is computed against the forecast; against the actual median it is 6.6%, still a hit. 2020 is the COVID trough; with 2019 the forecast is closer still.",
nic-global-trends-2004-007,nic-global-trends,partial,audited,D16,,
nic-global-trends-2004-008,nic-global-trends,hit,audited,D16,,
nic-global-trends-2004-010,nic-global-trends,hit,audited,D16,,
nic-global-trends-2004-011,nic-global-trends,hit,audited,D16,,
nic-global-trends-2004-012,nic-global-trends,hit,audited,D16,,
nic-global-trends-2004-013,nic-global-trends,hit,audited,D16,,
nic-global-trends-2004-018,nic-global-trends,partial,audited,D16,,
nic-global-trends-2004-019,nic-global-trends,hit,audited,D16,,
nic-global-trends-2008-001,nic-global-trends,partial,adjudicated,D16,"The source context settles the reading: the line is the likely impact of 'a global multipolar system is emerging' and of the rising power of nonstate actors, and it continues 'Power will be more dispersed... traditional Western alliances will weaken'. A literal institutional reading (UN membership persists) is not equally faithful, so unfalsifiable does not apply (D16, D20). Under the context reading, held in part by 2025: rival blocs (expanded BRICS), Russia-West war, sanctions regimes, US withdrawal from several international bodies and strain on Western alliances. But the state-based multilateral system still functions (193 UN members, UNSC and UNGA operating), so 'will no longer exist' did not hold in full.",
nic-global-trends-2008-002,nic-global-trends,hit,audited,D16,,
nic-global-trends-2008-003,nic-global-trends,partial,audited,D16,,
nic-global-trends-2008-004,nic-global-trends,hit,audited,D16,,
nic-global-trends-2008-005,nic-global-trends,partial,audited,D16,,
nic-global-trends-2008-007,nic-global-trends,hit,audited,D16,,
nic-global-trends-2008-008,nic-global-trends,hit,audited,D16,,
nic-global-trends-2008-009,nic-global-trends,hit,adjudicated,D16,"'Lag behind' is read as a level comparison with the countries that 'will have become middle income powers'; the next sentence uses 'lag behind' in the same level sense (Latin America vs Asia). Brazil, Mexico, Argentina, Colombia and Peru are upper-middle, Chile and Uruguay high income. Venezuela's real GDP per capita fell 68% (2008-2024) and it is lower-middle; Bolivia is lower-middle, at about a third of the regional real GDP per capita (3,046 vs 8,872 in 2024), and in a currency and fuel crisis by 2023-25. Haiti's real GDP per capita fell from 1,357 to 1,155, with gangs controlling most of Port-au-Prince. Grader A graded Bolivia's growth rate against the regional trend (it grew faster, +28% vs +12%), a narrower reading than the text supports. Grader B's 'Haiti low income' is wrong: the World Bank classes Haiti lower-middle income; the 'poorer' part holds on real GDP per capita, not on income group.",
nic-global-trends-2008-012,nic-global-trends,miss,audited,D16,,
nic-global-trends-2008-014,nic-global-trends,miss,audited,D16,,
nic-global-trends-2012-013,nic-global-trends,hit,audited,D16,,
nic-global-trends-2012-014,nic-global-trends,hit,audited,D16,,
nic-global-trends-2017-001,nic-global-trends,hit,audited,D16,,
nic-global-trends-2017-003,nic-global-trends,hit,audited,D16,,
pew-elon-imagining-2005-001,pew-elon-imagining,miss,audited,D16,,
pew-elon-imagining-2005-002,pew-elon-imagining,hit,audited,D16,,
pew-elon-imagining-2005-003,pew-elon-imagining,miss,audited,D16,,
pew-elon-imagining-2005-004,pew-elon-imagining,partial,adjudicated,D16,"The view is not only a value judgment: telework expansion and work spilling into non-work time are measured. Both moved in the stated direction but modestly: ATUS share doing some work at home on workdays rose 19% (2003) to 23% (2014), and Pew 2014 found 35% of online workers say technology increased their hours. A real but minority blurring, not a significant erosion; 'sharply alter family dynamics' has no measure and is not graded. Held in part. Grader A's ungradable discards the measurable half.",
pew-elon-imagining-2005-005,pew-elon-imagining,hit,audited,D16,,
pew-elon-imagining-2005-006,pew-elon-imagining,partial,audited,D16,,
pew-elon-imagining-2005-007,pew-elon-imagining,miss,audited,D16,,
pew-elon-imagining-2005-008,pew-elon-imagining,hit,audited,D16,,
pew-elon-imagining-2005-009,pew-elon-imagining,hit,adjudicated,D16,"The statement has no geographic limit, so the global reading dominates. RAND (2014) counted Salafi-jihadist groups rising 58% (31 to 49) 2010-2013 with fighters more than doubling, and ISIS drew tens of thousands of foreign fighters largely via online propaganda by 2014-15. Grader B's SPLC count of US hate groups (784 in 2014) is a US formal-group measure; SPLC itself attributes the drop to migration online, which fits the 'networks flourish online' clause rather than refuting growth.",
pew-elon-imagining-2005-010,pew-elon-imagining,miss,audited,D16,,
pew-elon-imagining-2005-011,pew-elon-imagining,miss,audited,D16,,
pew-elon-imagining-2005-012,pew-elon-imagining,miss,adjudicated,D16,"The forecast's payoff, and the reason the statement exists, is higher social trust; network growth is the stated mechanism. Trust fell: GSS 'most people can be trusted' about 34% in 2018-2024, below mid-2000s GSS levels, and 71% of Americans in 2019 said interpersonal trust had declined. The consequence failed, so the view misses. Grader B's baseline is a reading error: the 44-45% figure for 2006 is from Pew's own 2006 survey, not the GSS, so the 44%-to-34% drop compares two different surveys (direction still holds on GSS alone).",
pew-elon-imagining-2005-013,pew-elon-imagining,partial,adjudicated,D16,The statement's headline is further polarization; filtering is its mechanism. The majority's rejection held on filtering: only about 21% of Americans were consistent ideologues with insulated media diets in 2014. It failed on polarization: partisan antipathy more than doubled 1994-2014 and the most polarized were also the most filtered. Grader A's hit grades only the 'most people filter' clause and drops the polarization clause the respondents also rejected.,
pew-elon-imagining-2005-014,pew-elon-imagining,hit,audited,D16,,
pew-elon-imagining-2006-001,pew-elon-imagining,partial,audited,D16,,
pew-elon-imagining-2006-002,pew-elon-imagining,hit,audited,D16,,
pew-elon-imagining-2006-003,pew-elon-imagining,ungradable,adjudicated,D16,"The defining content of the rejected scenario is dangers 'not recognized until it is impossible to reverse them', which has no public measure. Grader B graded a narrower proxy (autonomous weapons) that the text does not name; for the named activities, fully automated pipelines did exist by 2020 (algorithmic mass surveillance, automated trading and content filtering), so even the proxy does not clearly support a hit. Looked for incident databases; they record recognized harms only.",
pew-elon-imagining-2006-005,pew-elon-imagining,miss,audited,D16,,
pew-elon-imagining-2006-006,pew-elon-imagining,miss,audited,D16,,
pew-elon-imagining-2006-007,pew-elon-imagining,partial,audited,D16,,
pew-elon-imagining-2008-001,pew-elon-imagining,partial,adjudicated,D16,"Text says 'the only one for a majority of the people across the world'. Primary held: 92% of 4.54B internet users connected via mobile and mobile broadband (75 per 100) far exceeded fixed (about 15 per 100). 'Only one for a majority of the world' did not: only about 51-58% of the world was online at all, and three-quarters of users 16-64 also used computers, so mobile-only users were well under half the world's population. Grader A's reading drops the 'only one' clause.",
pew-elon-imagining-2008-002,pew-elon-imagining,hit,audited,D16,,
pew-elon-imagining-2008-003,pew-elon-imagining,hit,audited,D16,,
pew-elon-imagining-2008-004,pew-elon-imagining,partial,audited,D16,,
pew-elon-imagining-2008-005,pew-elon-imagining,partial,audited,D16,,
pew-elon-imagining-2008-006,pew-elon-imagining,partial,audited,D16,,
pew-elon-imagining-2008-007,pew-elon-imagining,hit,audited,D16,,
pew-elon-imagining-2008-008,pew-elon-imagining,partial,adjudicated,D16,"The boundary claim is measurable even though 'net positive' is not (not graded). In 2020, 71% of telework-capable US workers worked from home all or most of the time and 49% of new teleworkers had more freedom over hours, so boundaries blurred widely; but it was pandemic-forced, not willing, only 38% found work-life balance easier, and right-to-disconnect laws (France 2017 onward) show boundaries were being restored, not erased. Held in part. Same treatment as 2005-004.",
pew-elon-imagining-2010-02-002,pew-elon-imagining,ungradable,adjudicated,D16,"A causal judgment about the internet's net effect on three things; no public measure isolates it. Indicators point both ways: NAEP reading scores declined from 2015 (against), while the volume of writing and open reference works such as Wikipedia grew (for 'rendering of knowledge'). Grader B graded only test-score literacy and dropped 'rendering of knowledge'; NAEP cannot attribute the decline to internet use. Looked for NAEP and literacy trend data.",
pew-elon-imagining-2010-02-003,pew-elon-imagining,ungradable,adjudicated,D16,"Both graders agree no verdict is possible; the question is which non-verdict. D16 unfalsifiable requires readings that each give a verdict. Here neither the product reading nor the category reading can be scored, because no public record exists of what 2010's 'savviest innovators' anticipated, and 'often' has no count. That is D22 ungradable. Looked for: a record of 2010 innovator expectations against 2020 hit products.",
pew-elon-imagining-2010-02-004,pew-elon-imagining,partial,audited,D16,,
pew-elon-imagining-2010-02-005,pew-elon-imagining,hit,audited,D16,,
pew-elon-imagining-2010-05-001,pew-elon-imagining,hit,audited,D16,,
pew-elon-imagining-2010-06-001,pew-elon-imagining,partial,audited,D16,,
pew-elon-imagining-2010-07-002,pew-elon-imagining,hit,audited,D16,,
pew-elon-imagining-2012-02-001,pew-elon-imagining,miss,adjudicated,D16,"Not only a value judgment: the scenario makes a specific factual claim ('they do not suffer notable cognitive shortcomings as they multitask'), and the research record by 2018 went against it: heavy media multitaskers perform worse in several cognitive domains (Ophir 2009; Uncapher and Wagner 2018 review), consistent with option B's 'distracted, do not retain'. The review calls causation inconclusive, but the claim concerns shortcomings, not their cause. 'Wired differently' and 'positive overall' are not graded. Low confidence.",
pew-elon-imagining-2012-03-001,pew-elon-imagining,miss,audited,D16,,
pew-elon-imagining-2012-04-001,pew-elon-imagining,partial,adjudicated,D16,"An adoption claim under D16 plus a displacement state. Mobile payment reached a measurable share: 46% of US consumers made at least one mobile payment in the 12 months to Oct 2020 (38% in 2019). The displacement failed: cash, debit and credit still made about three-quarters of US payments (19%, 28%, 27%). Adoption grew well past 5% while the stated end-state did not arrive, which is a partial, not a miss. Grader A's 'roughly a quarter' adoption figure was unsourced; the Fed figure is 46% for any mobile payment.",
pew-elon-imagining-2012-05-001,pew-elon-imagining,hit,audited,D16,,
pew-elon-imagining-2012-06-001,pew-elon-imagining,partial,audited,D16,,
pew-elon-imagining-2012-07-001,pew-elon-imagining,miss,audited,D16,,
pew-elon-imagining-2012-07-002,pew-elon-imagining,hit,adjudicated,D16,"Both graders agree the measurable clause held: central banks routinely publish big-data nowcasts (Atlanta Fed GDPNow from 2014, NY Fed nowcast) with alternative-data and ML inputs. Under D22/D27 an unmeasurable clause is not graded; it cannot count against the view. Grader A downgraded to partial for the ungraded value clause, which mixes the two rules. Note: the factual clause is shared by option B, so the hit says little about the panel's real split.",
pew-elon-imagining-2012-07-003,pew-elon-imagining,hit,audited,D16,,
pew-elon-imagining-2014-05-001,pew-elon-imagining,hit,audited,D16,,
pew-elon-imagining-2014-07-001,pew-elon-imagining,miss,audited,D16,,
pew-elon-imagining-2014-08-001,pew-elon-imagining,contested,contested,D16,"BLS chart confirms US unemployment 4.0-4.4% Jan-Sep 2025, but aggregate unemployment does not measure jobs displaced vs created by AI and robots; no public series measures that balance, so the evidence is a proxy of another quantity (D22/D23) and supports neither hit nor miss.",hit
pew-elon-imagining-2014-10-001,pew-elon-imagining,hit,adjudicated,D16,"Read 'at the levels of tens of billions' as an order of magnitude, the dominant reading of a definitional threshold. NotPetya (2017), a Russian military operation, disabled Ukrainian ministries, banks, metro, energy and telecoms and caused over $10B in damage per the White House. That meets both the national-security and the scale test, at the lower edge. Grader B's partial rests on reading 'tens' as at least $20B; defensible but the narrower reading.",
pew-elon-imagining-2014-12-001,pew-elon-imagining,hit,audited,D16,,
pew-elon-imagining-2021-02-001,pew-elon-imagining,miss,adjudicated,D16,"The option is an explicit comparison with early 2020, not a counterfactual (the counterfactual is the third option), so it is measurable on population-level wellbeing. Global HDI hit a record high in 2023 and kept rising; Gallup's 2024 global thriving median (33%) is higher than before the pandemic and suffering (7%) matches the record low. Life was not mostly worse for most people. Uneven recovery in about half of LDCs affects a minority of people.",
